2020-12-07 09:20:22,645 INFO org.apache.commons.logging.impl.Jdk14Logger [main] Refreshing org.springframework.context.annotation.AnnotationConfigApplicationContext@77f80c04: startup date [Mon Dec 07 09:20:22 IST 2020]; root of context hierarchy
2020-12-07 09:20:22,886 INFO org.apache.commons.logging.impl.Jdk14Logger [main] JSR-330 'javax.inject.Inject' annotation found and supported for autowiring
2020-12-07 09:20:22,942 INFO org.apache.commons.logging.impl.Jdk14Logger [main] Bean 'configurationPropertiesRebinderAutoConfiguration' of type [org.springframework.cloud.autoconfigure.ConfigurationPropertiesRebinderAutoConfiguration$$EnhancerBySpringCGLIB$$386fab5b] is not eligible for getting processed by all BeanPostProcessors (for example: not eligible for auto-proxying)
2020-12-07 09:20:33,208 INFO org.apache.commons.logging.impl.Jdk14Logger [main] No active profile set, falling back to default profiles: default
2020-12-07 09:20:33,232 INFO org.apache.commons.logging.impl.Jdk14Logger [main] Refreshing org.springframework.boot.web.servlet.context.AnnotationConfigServletWebServerApplicationContext@b4711e2: startup date [Mon Dec 07 09:20:33 IST 2020]; parent: org.springframework.context.annotation.AnnotationConfigApplicationContext@77f80c04
2020-12-07 09:20:35,170 INFO org.apache.commons.logging.impl.Jdk14Logger [main] Overriding bean definition for bean 'counterFactory' with a different definition: replacing [Root bean: class [null]; scope=; abstract=false; lazyInit=false; autowireMode=3; dependencyCheck=0; autowireCandidate=true; primary=false; factoryBeanName=org.springframework.cloud.netflix.zuul.ZuulServerAutoConfiguration$ZuulMetricsConfiguration; factoryMethodName=counterFactory; initMethodName=null; destroyMethodName=(inferred); defined in class path resource [org/springframework/cloud/netflix/zuul/ZuulServerAutoConfiguration$ZuulMetricsConfiguration.class]] with [Root bean: class [null]; scope=; abstract=false; lazyInit=false; autowireMode=3; dependencyCheck=0; autowireCandidate=true; primary=false; factoryBeanName=org.springframework.cloud.netflix.zuul.ZuulServerAutoConfiguration$ZuulCounterFactoryConfiguration; factoryMethodName=counterFactory; initMethodName=null; destroyMethodName=(inferred); defined in class path resource [org/springframework/cloud/netflix/zuul/ZuulServerAutoConfiguration$ZuulCounterFactoryConfiguration.class]]
2020-12-07 09:20:35,289 INFO org.apache.commons.logging.impl.Jdk14Logger [main] Overriding bean definition for bean 'dataSource' with a different definition: replacing [Root bean: class [null]; scope=refresh; abstract=false; lazyInit=false; autowireMode=3; dependencyCheck=0; autowireCandidate=false; primary=false; factoryBeanName=org.springframework.boot.autoconfigure.jdbc.DataSourceConfiguration$Hikari; factoryMethodName=dataSource; initMethodName=null; destroyMethodName=(inferred); defined in class path resource [org/springframework/boot/autoconfigure/jdbc/DataSourceConfiguration$Hikari.class]] with [Root bean: class [org.springframework.aop.scope.ScopedProxyFactoryBean]; scope=; abstract=false; lazyInit=false; autowireMode=0; dependencyCheck=0; autowireCandidate=true; primary=false; factoryBeanName=null; factoryMethodName=null; initMethodName=null; destroyMethodName=null; defined in BeanDefinition defined in class path resource [org/springframework/boot/autoconfigure/jdbc/DataSourceConfiguration$Hikari.class]]
2020-12-07 09:20:35,630 INFO org.apache.commons.logging.impl.Jdk14Logger [main] BeanFactory id=bb8b181d-0340-3c55-a426-ad88a035fa76
2020-12-07 09:20:35,679 INFO org.apache.commons.logging.impl.Jdk14Logger [main] JSR-330 'javax.inject.Inject' annotation found and supported for autowiring
2020-12-07 09:20:35,850 INFO org.apache.commons.logging.impl.Jdk14Logger [main] Bean 'org.springframework.ws.config.annotation.DelegatingWsConfiguration' of type [org.springframework.ws.config.annotation.DelegatingWsConfiguration$$EnhancerBySpringCGLIB$$c0ed6d5d] is not eligible for getting processed by all BeanPostProcessors (for example: not eligible for auto-proxying)
2020-12-07 09:20:35,933 INFO org.apache.commons.logging.impl.Jdk14Logger [main] Supporting [WS-Addressing August 2004, WS-Addressing 1.0]
2020-12-07 09:20:36,099 INFO org.apache.commons.logging.impl.Jdk14Logger [main] Bean 'org.springframework.transaction.annotation.ProxyTransactionManagementConfiguration' of type [org.springframework.transaction.annotation.ProxyTransactionManagementConfiguration$$EnhancerBySpringCGLIB$$1c55a85e] is not eligible for getting processed by all BeanPostProcessors (for example: not eligible for auto-proxying)
2020-12-07 09:20:36,363 INFO org.apache.commons.logging.impl.Jdk14Logger [main] Bean 'org.springframework.security.config.annotation.configuration.ObjectPostProcessorConfiguration' of type [org.springframework.security.config.annotation.configuration.ObjectPostProcessorConfiguration$$EnhancerBySpringCGLIB$$b5037098] is not eligible for getting processed by all BeanPostProcessors (for example: not eligible for auto-proxying)
2020-12-07 09:20:36,377 INFO org.apache.commons.logging.impl.Jdk14Logger [main] Bean 'objectPostProcessor' of type [org.springframework.security.config.annotation.configuration.AutowireBeanFactoryObjectPostProcessor] is not eligible for getting processed by all BeanPostProcessors (for example: not eligible for auto-proxying)
2020-12-07 09:20:36,383 INFO org.apache.commons.logging.impl.Jdk14Logger [main] Bean 'org.springframework.security.access.expression.method.DefaultMethodSecurityExpressionHandler@18f55704' of type [org.springframework.security.access.expression.method.DefaultMethodSecurityExpressionHandler] is not eligible for getting processed by all BeanPostProcessors (for example: not eligible for auto-proxying)
2020-12-07 09:20:36,394 INFO org.apache.commons.logging.impl.Jdk14Logger [main] Bean 'org.springframework.security.config.annotation.method.configuration.GlobalMethodSecurityConfiguration' of type [org.springframework.security.config.annotation.method.configuration.GlobalMethodSecurityConfiguration$$EnhancerBySpringCGLIB$$d9d8134a] is not eligible for getting processed by all BeanPostProcessors (for example: not eligible for auto-proxying)
2020-12-07 09:20:36,417 INFO org.apache.commons.logging.impl.Jdk14Logger [main] Bean 'methodSecurityMetadataSource' of type [org.springframework.security.access.method.DelegatingMethodSecurityMetadataSource] is not eligible for getting processed by all BeanPostProcessors (for example: not eligible for auto-proxying)
2020-12-07 09:20:36,473 INFO org.apache.commons.logging.impl.Jdk14Logger [main] Bean 'org.springframework.cloud.autoconfigure.ConfigurationPropertiesRebinderAutoConfiguration' of type [org.springframework.cloud.autoconfigure.ConfigurationPropertiesRebinderAutoConfiguration$$EnhancerBySpringCGLIB$$386fab5b] is not eligible for getting processed by all BeanPostProcessors (for example: not eligible for auto-proxying)
2020-12-07 09:20:37,340 INFO org.apache.commons.logging.impl.Jdk14Logger [main] Tomcat initialized with port(s): 8080 (http)
2020-12-07 09:20:37,365 INFO org.apache.juli.logging.DirectJDKLog [main] Initializing ProtocolHandler ["http-nio-8080"]
2020-12-07 09:20:37,383 INFO org.apache.juli.logging.DirectJDKLog [main] Starting service [Tomcat]
2020-12-07 09:20:37,384 INFO org.apache.juli.logging.DirectJDKLog [main] Starting Servlet Engine: Apache Tomcat/8.5.34
2020-12-07 09:20:37,392 INFO org.apache.juli.logging.DirectJDKLog [localhost-startStop-1] The APR based Apache Tomcat Native library which allows optimal performance in production environments was not found on the java.library.path: [/Users/bsridharpatnaik/Library/Java/Extensions:/Library/Java/Extensions:/Network/Library/Java/Extensions:/System/Library/Java/Extensions:/usr/lib/java:.]
2020-12-07 09:20:37,565 INFO org.apache.juli.logging.DirectJDKLog [localhost-startStop-1] Initializing Spring embedded WebApplicationContext
2020-12-07 09:20:37,567 INFO org.apache.commons.logging.impl.Jdk14Logger [localhost-startStop-1] Root WebApplicationContext: initialization completed in 4334 ms
2020-12-07 09:20:37,888 WARN com.netflix.config.sources.URLConfigurationSource [localhost-startStop-1] No URLs will be polled as dynamic configuration sources.
2020-12-07 09:20:37,889 INFO com.netflix.config.sources.URLConfigurationSource [localhost-startStop-1] To enable URLs as dynamic configuration sources, define System property archaius.configurationSource.additionalUrls or make config.properties available on classpath.
2020-12-07 09:20:37,913 INFO com.netflix.config.DynamicPropertyFactory [localhost-startStop-1] DynamicPropertyFactory is initialized with configuration sources: com.netflix.config.ConcurrentCompositeConfiguration@22b3ecbb
2020-12-07 09:20:39,731 INFO com.zaxxer.hikari.HikariDataSource [localhost-startStop-1] HikariPool-1 - Starting...
2020-12-07 09:20:40,047 INFO com.zaxxer.hikari.HikariDataSource [localhost-startStop-1] HikariPool-1 - Start completed.
2020-12-07 09:20:40,134 INFO org.apache.commons.logging.impl.Jdk14Logger [localhost-startStop-1] Building JPA container EntityManagerFactory for persistence unit 'default'
2020-12-07 09:20:40,152 INFO org.hibernate.jpa.internal.util.LogHelper [localhost-startStop-1] HHH000204: Processing PersistenceUnitInfo [name: default]
2020-12-07 09:20:40,297 INFO org.hibernate.Version [localhost-startStop-1] HHH000412: Hibernate ORM core version 5.4.22.Final
2020-12-07 09:20:40,472 INFO org.hibernate.annotations.common.reflection.java.JavaReflectionManager [localhost-startStop-1] HCANN000001: Hibernate Commons Annotations {5.1.0.Final}
2020-12-07 09:20:40,734 INFO org.hibernate.dialect.Dialect [localhost-startStop-1] HHH000400: Using dialect: org.hibernate.dialect.MySQL5InnoDBDialect
2020-12-07 09:20:40,809 INFO org.hibernate.envers.boot.internal.EnversServiceImpl [localhost-startStop-1] Envers integration enabled? : true
2020-12-07 09:20:42,138 INFO org.hibernate.engine.transaction.jta.platform.internal.JtaPlatformInitiator [localhost-startStop-1] HHH000490: Using JtaPlatform implementation: [org.hibernate.engine.transaction.jta.platform.internal.NoJtaPlatform]
2020-12-07 09:20:42,149 INFO org.apache.commons.logging.impl.Jdk14Logger [localhost-startStop-1] Initialized JPA EntityManagerFactory for persistence unit 'default'
2020-12-07 09:20:43,221 INFO org.apache.commons.logging.impl.Jdk14Logger [localhost-startStop-1] Mapping filter: 'characterEncodingFilter' to: [/*]
2020-12-07 09:20:43,222 INFO org.apache.commons.logging.impl.Jdk14Logger [localhost-startStop-1] Mapping filter: 'webMvcMetricsFilter' to: [/*]
2020-12-07 09:20:43,223 INFO org.apache.commons.logging.impl.Jdk14Logger [localhost-startStop-1] Mapping filter: 'springSecurityFilterChain' to: [/*]
2020-12-07 09:20:43,224 INFO org.apache.commons.logging.impl.Jdk14Logger [localhost-startStop-1] Mapping filter: 'httpTraceFilter' to: [/*]
2020-12-07 09:20:43,224 INFO org.apache.commons.logging.impl.Jdk14Logger [localhost-startStop-1] Mapping filter: 'jwtRequestFilter' to: [/*]
2020-12-07 09:20:43,224 INFO org.apache.commons.logging.impl.Jdk14Logger [localhost-startStop-1] Mapping filter: 'logFilter' to: [/*]
2020-12-07 09:20:43,225 INFO org.apache.commons.logging.impl.Jdk14Logger [localhost-startStop-1] Mapping filter: 'requestLoggingFilter' to: [/*]
2020-12-07 09:20:43,225 INFO org.apache.commons.logging.impl.Jdk14Logger [localhost-startStop-1] Servlet dispatcherServlet mapped to [/]
2020-12-07 09:20:43,227 INFO org.apache.commons.logging.impl.Jdk14Logger [localhost-startStop-1] Servlet messageDispatcherServlet mapped to [/services/*]
2020-12-07 09:20:43,228 INFO org.apache.commons.logging.impl.Jdk14Logger [localhost-startStop-1] Servlet zuulServlet mapped to [/zuul/*]
2020-12-07 09:20:43,250 DEBUG org.apache.commons.logging.impl.Jdk14Logger [localhost-startStop-1] Initializing filter 'requestLoggingFilter'
2020-12-07 09:20:43,251 DEBUG org.apache.commons.logging.impl.Jdk14Logger [localhost-startStop-1] Filter 'requestLoggingFilter' configured successfully
2020-12-07 09:20:43,252 DEBUG org.apache.commons.logging.impl.Jdk14Logger [localhost-startStop-1] Initializing filter 'logFilter'
2020-12-07 09:20:43,253 DEBUG org.apache.commons.logging.impl.Jdk14Logger [localhost-startStop-1] Filter 'logFilter' configured successfully
2020-12-07 09:20:44,395 WARN org.apache.commons.logging.impl.Jdk14Logger [main] spring.jpa.open-in-view is enabled by default. Therefore, database queries may be performed during view rendering. Explicitly configure spring.jpa.open-in-view to disable this warning
2020-12-07 09:20:44,475 INFO org.apache.commons.logging.impl.Jdk14Logger [main] Mapped "{[/notification/send],methods=[POST]}" onto public java.lang.String com.ec.common.Controller.AndroidNotificationController.sendPnsToDevice(com.ec.common.Data.LANotificationRequestDto) throws java.lang.Exception
2020-12-07 09:20:44,484 INFO org.apache.commons.logging.impl.Jdk14Logger [main] Mapped "{[/contact],methods=[GET],produces=[application/json || text/json]}" onto public com.ec.common.Data.ContactsWithTypeAhead com.ec.common.Controller.ContactController.returnAllContacts(java.lang.Integer,org.springframework.data.domain.Pageable)
2020-12-07 09:20:44,486 INFO org.apache.commons.logging.impl.Jdk14Logger [main] Mapped "{[/contact],methods=[POST],produces=[application/json || text/json]}" onto public com.ec.common.Data.ContactsWithTypeAhead com.ec.common.Controller.ContactController.returnFilteredContacts(com.ec.common.Filters.FilterDataList,org.springframework.data.domain.Pageable)
2020-12-07 09:20:44,489 INFO org.apache.commons.logging.impl.Jdk14Logger [main] Mapped "{[/contact/{id}],methods=[GET],produces=[application/json || text/json]}" onto public com.ec.common.Model.ContactAllInfo com.ec.common.Controller.ContactController.findContactbyvehicleNoContacts(long) throws java.lang.Exception
2020-12-07 09:20:44,490 INFO org.apache.commons.logging.impl.Jdk14Logger [main] Mapped "{[/contact/{id}],methods=[DELETE],produces=[application/json || text/json]}" onto public org.springframework.http.ResponseEntity<?> com.ec.common.Controller.ContactController.deleteContact(java.lang.Long) throws java.lang.Exception
2020-12-07 09:20:44,491 INFO org.apache.commons.logging.impl.Jdk14Logger [main] Mapped "{[/contact/create],methods=[POST],produces=[application/json || text/json]}" onto public com.ec.common.Model.ContactAllInfo com.ec.common.Controller.ContactController.createContact(com.ec.common.Model.ContactAllInfo) throws java.lang.Exception
2020-12-07 09:20:44,492 INFO org.apache.commons.logging.impl.Jdk14Logger [main] Mapped "{[/contact/{id}],methods=[PUT],produces=[application/json || text/json]}" onto public com.ec.common.Model.ContactAllInfo com.ec.common.Controller.ContactController.updateContact(java.lang.Long,com.ec.common.Model.ContactAllInfo) throws java.lang.Exception
2020-12-07 09:20:44,493 INFO org.apache.commons.logging.impl.Jdk14Logger [main] Mapped "{[/contact/iscontactused/{id}],methods=[GET],produces=[application/json || text/json]}" onto public java.lang.Boolean com.ec.common.Controller.ContactController.checkIfContactUsed(long) throws java.lang.Exception
2020-12-07 09:20:44,494 INFO org.apache.commons.logging.impl.Jdk14Logger [main] Mapped "{[/emailconfig],methods=[GET],produces=[application/json || text/json]}" onto public com.ec.common.Data.EmailConfigData com.ec.common.Controller.EmailController.returnEmailConfig()
2020-12-07 09:20:44,495 INFO org.apache.commons.logging.impl.Jdk14Logger [main] Mapped "{[/ec/login],methods=[POST],produces=[application/json || text/json]}" onto public org.springframework.http.ResponseEntity<?> com.ec.common.Controller.LoginController.login(com.ec.common.Data.UserSignInData) throws java.lang.Exception
2020-12-07 09:20:44,497 INFO org.apache.commons.logging.impl.Jdk14Logger [main] Mapped "{[/role],methods=[GET],produces=[application/json || text/json]}" onto public org.springframework.data.domain.Page<com.ec.common.Model.Role> com.ec.common.Controller.RoleController.returnAllRoles(org.springframework.data.domain.Pageable)
2020-12-07 09:20:44,499 INFO org.apache.commons.logging.impl.Jdk14Logger [main] Mapped "{[/role/create],methods=[POST],produces=[application/json || text/json]}" onto public com.ec.common.Model.Role com.ec.common.Controller.RoleController.createRole(com.ec.common.Model.Role) throws java.lang.Exception
2020-12-07 09:20:44,501 INFO org.apache.commons.logging.impl.Jdk14Logger [main] Mapped "{[/token],methods=[PUT],produces=[application/json || text/json]}" onto public void com.ec.common.Controller.TokenController.updateTokenForUser(com.ec.common.Data.TokenData) throws java.lang.Exception
2020-12-07 09:20:44,502 INFO org.apache.commons.logging.impl.Jdk14Logger [main] Mapped "{[/token],methods=[GET],produces=[application/json || text/json]}" onto public java.util.List<com.ec.common.Data.AndroidTokenDetailsDTO> com.ec.common.Controller.TokenController.getAllTokens()
2020-12-07 09:20:44,504 INFO org.apache.commons.logging.impl.Jdk14Logger [main] Mapped "{[/token],methods=[DELETE],produces=[application/json || text/json]}" onto public void com.ec.common.Controller.TokenController.DeleteToken() throws java.lang.Exception
2020-12-07 09:20:44,510 INFO org.apache.commons.logging.impl.Jdk14Logger [main] Mapped "{[/user],methods=[GET],produces=[application/json || text/json]}" onto public com.ec.common.Data.UserListWithTypeAheadData com.ec.common.Controller.UserController.returnAllUsers(org.springframework.data.domain.Pageable)
2020-12-07 09:20:44,511 INFO org.apache.commons.logging.impl.Jdk14Logger [main] Mapped "{[/user/create],methods=[POST],produces=[application/json || text/json]}" onto public com.ec.common.Model.User com.ec.common.Controller.UserController.createUser(com.ec.common.Data.CreateUserData) throws java.lang.Exception
2020-12-07 09:20:44,512 INFO org.apache.commons.logging.impl.Jdk14Logger [main] Mapped "{[/user/updatepassword],methods=[POST],produces=[application/json || text/json]}" onto public com.ec.common.Model.User com.ec.common.Controller.UserController.updateUser(com.ec.common.Data.ResetPasswordData) throws java.lang.Exception
2020-12-07 09:20:44,514 INFO org.apache.commons.logging.impl.Jdk14Logger [main] Mapped "{[/user/{id}],methods=[PUT],produces=[application/json || text/json]}" onto public com.ec.common.Model.User com.ec.common.Controller.UserController.updateUser(java.lang.Long,com.ec.common.Data.CreateUserData) throws java.lang.Exception
2020-12-07 09:20:44,515 INFO org.apache.commons.logging.impl.Jdk14Logger [main] Mapped "{[/user/{id}],methods=[GET],produces=[application/json || text/json]}" onto public com.ec.common.Model.User com.ec.common.Controller.UserController.findUserByID(long) throws java.lang.Exception
2020-12-07 09:20:44,516 INFO org.apache.commons.logging.impl.Jdk14Logger [main] Mapped "{[/user/byid/{id}],methods=[GET],produces=[application/json || text/json]}" onto public com.ec.common.Data.UserReturnData com.ec.common.Controller.UserController.findLimitedDetailsForUserByID(long) throws java.lang.Exception
2020-12-07 09:20:44,517 INFO org.apache.commons.logging.impl.Jdk14Logger [main] Mapped "{[/user/list],methods=[GET],produces=[application/json || text/json]}" onto public java.util.List<com.ec.common.Data.UserReturnData> com.ec.common.Controller.UserController.findLimitedDetailsForUserByID() throws java.lang.Exception
2020-12-07 09:20:44,518 INFO org.apache.commons.logging.impl.Jdk14Logger [main] Mapped "{[/user/byname/{name}],methods=[GET],produces=[application/json || text/json]}" onto public com.ec.common.Data.UserReturnData com.ec.common.Controller.UserController.findLimitedDetailsForUserByID(java.lang.String) throws java.lang.Exception
2020-12-07 09:20:44,519 INFO org.apache.commons.logging.impl.Jdk14Logger [main] Mapped "{[/user/updateroles],methods=[POST],produces=[application/json || text/json]}" onto public com.ec.common.Model.User com.ec.common.Controller.UserController.updateRolesForUser(com.ec.common.Data.UpdateRolesForUserData) throws java.lang.Exception
2020-12-07 09:20:44,520 INFO org.apache.commons.logging.impl.Jdk14Logger [main] Mapped "{[/user/me],methods=[GET],produces=[application/json]}" onto public com.ec.common.Data.UserReturnData com.ec.common.Controller.UserController.returnUserName()
2020-12-07 09:20:44,521 INFO org.apache.commons.logging.impl.Jdk14Logger [main] Mapped "{[/user],methods=[POST],produces=[application/json || text/json]}" onto public com.ec.common.Data.UserListWithTypeAheadData com.ec.common.Controller.UserController.returnFilteredContacts(com.ec.common.Filters.FilterDataList,org.springframework.data.domain.Pageable)
2020-12-07 09:20:44,525 INFO org.apache.commons.logging.impl.Jdk14Logger [main] Mapped "{[/error]}" onto public org.springframework.http.ResponseEntity<java.util.Map<java.lang.String, java.lang.Object>> org.springframework.boot.autoconfigure.web.servlet.error.BasicErrorController.error(javax.servlet.http.HttpServletRequest)
2020-12-07 09:20:44,526 INFO org.apache.commons.logging.impl.Jdk14Logger [main] Mapped "{[/error],produces=[text/html]}" onto public org.springframework.web.servlet.ModelAndView org.springframework.boot.autoconfigure.web.servlet.error.BasicErrorController.errorHtml(javax.servlet.http.HttpServletRequest,javax.servlet.http.HttpServletResponse)
2020-12-07 09:20:44,630 INFO org.apache.commons.logging.impl.Jdk14Logger [main] Mapped URL path [/eureka/**] onto handler of type [class org.springframework.web.servlet.resource.ResourceHttpRequestHandler]
2020-12-07 09:20:44,971 INFO org.apache.commons.logging.impl.Jdk14Logger [main] Looking for @ControllerAdvice: org.springframework.boot.web.servlet.context.AnnotationConfigServletWebServerApplicationContext@b4711e2: startup date [Mon Dec 07 09:20:33 IST 2020]; parent: org.springframework.context.annotation.AnnotationConfigApplicationContext@77f80c04
2020-12-07 09:20:45,232 INFO org.apache.commons.logging.impl.Jdk14Logger [main] Creating filter chain: Ant [pattern='/*/'], []
2020-12-07 09:20:45,233 INFO org.apache.commons.logging.impl.Jdk14Logger [main] Creating filter chain: Ant [pattern='/eureka/**.**'], []
2020-12-07 09:20:45,233 INFO org.apache.commons.logging.impl.Jdk14Logger [main] Creating filter chain: Ant [pattern='/eureka/**'], []
2020-12-07 09:20:45,234 INFO org.apache.commons.logging.impl.Jdk14Logger [main] Creating filter chain: Ant [pattern='**/scripts/**.js'], []
2020-12-07 09:20:45,235 INFO org.apache.commons.logging.impl.Jdk14Logger [main] Creating filter chain: Ant [pattern='/**.jpg'], []
2020-12-07 09:20:45,235 INFO org.apache.commons.logging.impl.Jdk14Logger [main] Creating filter chain: Ant [pattern='/**.ico'], []
2020-12-07 09:20:45,236 INFO org.apache.commons.logging.impl.Jdk14Logger [main] Creating filter chain: Ant [pattern='/**.html'], []
2020-12-07 09:20:45,236 INFO org.apache.commons.logging.impl.Jdk14Logger [main] Creating filter chain: Ant [pattern='/header.html'], []
2020-12-07 09:20:45,237 INFO org.apache.commons.logging.impl.Jdk14Logger [main] Creating filter chain: Ant [pattern='**.html'], []
2020-12-07 09:20:45,237 INFO org.apache.commons.logging.impl.Jdk14Logger [main] Creating filter chain: Ant [pattern='/**.css'], []
2020-12-07 09:20:45,237 INFO org.apache.commons.logging.impl.Jdk14Logger [main] Creating filter chain: Ant [pattern='/**.js'], []
2020-12-07 09:20:45,238 INFO org.apache.commons.logging.impl.Jdk14Logger [main] Creating filter chain: Ant [pattern='/eureka/**/**'], []
2020-12-07 09:20:45,238 INFO org.apache.commons.logging.impl.Jdk14Logger [main] Creating filter chain: Ant [pattern='/**', OPTIONS], []
2020-12-07 09:20:45,401 INFO org.apache.commons.logging.impl.Jdk14Logger [main] Creating filter chain: org.springframework.security.web.util.matcher.AnyRequestMatcher@1, [org.springframework.security.web.context.request.async.WebAsyncManagerIntegrationFilter@7a04f730, org.springframework.security.web.context.SecurityContextPersistenceFilter@26457986, org.springframework.security.web.header.HeaderWriterFilter@269222ae, org.springframework.web.filter.CorsFilter@3b11620a, org.springframework.security.web.authentication.logout.LogoutFilter@4966bab1, com.ec.common.JWTUtils.JwtRequestFilter@2c1dccdb, org.springframework.security.web.savedrequest.RequestCacheAwareFilter@53a50b0a, org.springframework.security.web.servletapi.SecurityContextHolderAwareRequestFilter@b379bc6, org.springframework.security.web.authentication.AnonymousAuthenticationFilter@2fd1ad8a, org.springframework.security.web.session.SessionManagementFilter@1f129467, org.springframework.security.web.access.ExceptionTranslationFilter@56a4abd0, org.springframework.security.web.access.intercept.FilterSecurityInterceptor@11c88cca]
2020-12-07 09:20:45,517 WARN com.netflix.config.sources.URLConfigurationSource [main] No URLs will be polled as dynamic configuration sources.
2020-12-07 09:20:45,518 INFO com.netflix.config.sources.URLConfigurationSource [main] To enable URLs as dynamic configuration sources, define System property archaius.configurationSource.additionalUrls or make config.properties available on classpath.
2020-12-07 09:20:46,702 INFO org.apache.commons.logging.impl.Jdk14Logger [main] Exposing 2 endpoint(s) beneath base path '/actuator'
2020-12-07 09:20:46,732 INFO org.apache.commons.logging.impl.Jdk14Logger [main] Mapped "{[/actuator/health],methods=[GET],produces=[application/vnd.spring-boot.actuator.v2+json || application/json]}" onto public java.lang.Object org.springframework.boot.actuate.endpoint.web.servlet.AbstractWebMvcEndpointHandlerMapping$OperationHandler.handle(javax.servlet.http.HttpServletRequest,java.util.Map<java.lang.String, java.lang.String>)
2020-12-07 09:20:46,735 INFO org.apache.commons.logging.impl.Jdk14Logger [main] Mapped "{[/actuator/info],methods=[GET],produces=[application/vnd.spring-boot.actuator.v2+json || application/json]}" onto public java.lang.Object org.springframework.boot.actuate.endpoint.web.servlet.AbstractWebMvcEndpointHandlerMapping$OperationHandler.handle(javax.servlet.http.HttpServletRequest,java.util.Map<java.lang.String, java.lang.String>)
2020-12-07 09:20:46,737 INFO org.apache.commons.logging.impl.Jdk14Logger [main] Mapped "{[/actuator],methods=[GET],produces=[application/vnd.spring-boot.actuator.v2+json || application/json]}" onto protected java.util.Map<java.lang.String, java.util.Map<java.lang.String, org.springframework.boot.actuate.endpoint.web.Link>> org.springframework.boot.actuate.endpoint.web.servlet.WebMvcEndpointHandlerMapping.links(javax.servlet.http.HttpServletRequest,javax.servlet.http.HttpServletResponse)
2020-12-07 09:20:47,590 INFO org.apache.commons.logging.impl.Jdk14Logger [main] Starting filter initializer
2020-12-07 09:20:47,675 INFO org.apache.commons.logging.impl.Jdk14Logger [main] Registering beans for JMX exposure on startup
2020-12-07 09:20:47,679 INFO org.apache.commons.logging.impl.Jdk14Logger [main] Bean with name 'dataSource' has been autodetected for JMX exposure
2020-12-07 09:20:47,697 INFO org.apache.commons.logging.impl.Jdk14Logger [main] Bean with name 'environmentManager' has been autodetected for JMX exposure
2020-12-07 09:20:47,700 INFO org.apache.commons.logging.impl.Jdk14Logger [main] Bean with name 'refreshScope' has been autodetected for JMX exposure
2020-12-07 09:20:47,707 INFO org.apache.commons.logging.impl.Jdk14Logger [main] Bean with name 'configurationPropertiesRebinder' has been autodetected for JMX exposure
2020-12-07 09:20:47,713 INFO org.apache.commons.logging.impl.Jdk14Logger [main] Located managed bean 'environmentManager': registering with JMX server as MBean [gateway:name=environmentManager,type=EnvironmentManager]
2020-12-07 09:20:47,731 INFO org.apache.commons.logging.impl.Jdk14Logger [main] Located managed bean 'refreshScope': registering with JMX server as MBean [gateway:name=refreshScope,type=RefreshScope]
2020-12-07 09:20:47,751 INFO org.apache.commons.logging.impl.Jdk14Logger [main] Located managed bean 'configurationPropertiesRebinder': registering with JMX server as MBean [gateway:name=configurationPropertiesRebinder,context=b4711e2,type=ConfigurationPropertiesRebinder]
2020-12-07 09:20:47,764 INFO org.apache.commons.logging.impl.Jdk14Logger [main] Located MBean 'dataSource': registering with JMX server as MBean [gateway:name=dataSource,type=HikariDataSource]
2020-12-07 09:20:47,813 INFO org.apache.juli.logging.DirectJDKLog [main] Starting ProtocolHandler ["http-nio-8080"]
2020-12-07 09:20:47,837 INFO org.apache.juli.logging.DirectJDKLog [main] Using a shared selector for servlet write/read
2020-12-07 09:20:47,867 INFO org.apache.commons.logging.impl.Jdk14Logger [main] Tomcat started on port(s): 8080 (http) with context path ''
2020-12-07 09:20:47,873 INFO org.apache.commons.logging.impl.Jdk14Logger [main] Started GatewayApplication in 35.896 seconds (JVM running for 41.656)
2020-12-07 09:21:25,852 INFO org.apache.juli.logging.DirectJDKLog [http-nio-8080-exec-1] Initializing Spring FrameworkServlet 'dispatcherServlet'
2020-12-07 09:21:25,861 INFO org.apache.commons.logging.impl.Jdk14Logger [http-nio-8080-exec-1] FrameworkServlet 'dispatcherServlet': initialization started
2020-12-07 09:21:26,006 INFO org.apache.commons.logging.impl.Jdk14Logger [http-nio-8080-exec-1] FrameworkServlet 'dispatcherServlet': initialization completed in 143 ms
2020-12-07 09:21:26,037 INFO org.apache.commons.logging.impl.Jdk14Logger [http-nio-8080-exec-1] Mapped URL path [/api/inventory/**] onto handler of type [class org.springframework.cloud.netflix.zuul.web.ZuulController]
2020-12-07 09:21:26,038 INFO org.apache.commons.logging.impl.Jdk14Logger [http-nio-8080-exec-1] Mapped URL path [/api/crm/**] onto handler of type [class org.springframework.cloud.netflix.zuul.web.ZuulController]
2020-12-07 09:21:30,702 WARN org.apache.commons.logging.impl.Jdk14Logger [http-nio-8080-exec-3] JWT Token does not begin with 	Bearer String
2020-12-07 09:21:30,713 DEBUG org.apache.commons.logging.impl.Jdk14Logger [http-nio-8080-exec-3] Before request [uri=/ec/login]
2020-12-07 09:21:30,714 DEBUG org.apache.commons.logging.impl.Jdk14Logger [http-nio-8080-exec-3] Before request [uri=/ec/login;client=0:0:0:0:0:0:0:1]
2020-12-07 09:21:31,155 DEBUG org.apache.commons.logging.impl.Jdk14Logger [http-nio-8080-exec-3] After request [uri=/ec/login;client=0:0:0:0:0:0:0:1;payload={
	"userName":"sridhar",
	"password":"Test@123"
}]
2020-12-07 09:21:31,158 DEBUG org.apache.commons.logging.impl.Jdk14Logger [http-nio-8080-exec-3] REQUEST DATA : uri=/ec/login;payload={
	"userName":"sridhar",
	"password":"Test@123"
}]
2020-12-07 09:21:33,534 DEBUG org.apache.commons.logging.impl.Jdk14Logger [http-nio-8080-exec-4] Before request [uri=/notification/send]
2020-12-07 09:21:33,537 DEBUG org.apache.commons.logging.impl.Jdk14Logger [http-nio-8080-exec-4] Before request [uri=/notification/send;client=0:0:0:0:0:0:0:1;user=sridhar]
2020-12-07 09:21:33,647 DEBUG org.apache.commons.logging.impl.Jdk14Logger [http-nio-8080-exec-4] After request [uri=/notification/send;client=0:0:0:0:0:0:0:1;user=sridhar;payload={
    "targetUserId":"10001",
    "title":"test",
    "body":"dsd"
}]
2020-12-07 09:21:33,648 DEBUG org.apache.commons.logging.impl.Jdk14Logger [http-nio-8080-exec-4] REQUEST DATA : uri=/notification/send;payload={
    "targetUserId":"10001",
    "title":"test",
    "body":"dsd"
}]
2020-12-07 09:21:33,653 ERROR org.apache.juli.logging.DirectJDKLog [http-nio-8080-exec-4] Servlet.service() for servlet [dispatcherServlet] in context with path [] threw exception [Request processing failed; nested exception is java.lang.Exception: More than one token record found for user.] with root cause
java.lang.Exception: More than one token record found for user.
	at com.ec.common.Service.AndroidTokenDetailsService.findTokenForUser(AndroidTokenDetailsService.java:85)
	at com.ec.common.Service.LeadActivityNotificationService.sendPnsToDevice(LeadActivityNotificationService.java:61)
	at com.ec.common.Controller.AndroidNotificationController.sendPnsToDevice(AndroidNotificationController.java:22)
	at sun.reflect.NativeMethodAccessorImpl.invoke0(Native Method)
	at sun.reflect.NativeMethodAccessorImpl.invoke(NativeMethodAccessorImpl.java:62)
	at sun.reflect.DelegatingMethodAccessorImpl.invoke(DelegatingMethodAccessorImpl.java:43)
	at java.lang.reflect.Method.invoke(Method.java:498)
	at org.springframework.web.method.support.InvocableHandlerMethod.doInvoke(InvocableHandlerMethod.java:209)
	at org.springframework.web.method.support.InvocableHandlerMethod.invokeForRequest(InvocableHandlerMethod.java:136)
	at org.springframework.web.servlet.mvc.method.annotation.ServletInvocableHandlerMethod.invokeAndHandle(ServletInvocableHandlerMethod.java:102)
	at org.springframework.web.servlet.mvc.method.annotation.RequestMappingHandlerAdapter.invokeHandlerMethod(RequestMappingHandlerAdapter.java:891)
	at org.springframework.web.servlet.mvc.method.annotation.RequestMappingHandlerAdapter.handleInternal(RequestMappingHandlerAdapter.java:797)
	at org.springframework.web.servlet.mvc.method.AbstractHandlerMethodAdapter.handle(AbstractHandlerMethodAdapter.java:87)
	at org.springframework.web.servlet.DispatcherServlet.doDispatch(DispatcherServlet.java:991)
	at org.springframework.web.servlet.DispatcherServlet.doService(DispatcherServlet.java:925)
	at org.springframework.web.servlet.FrameworkServlet.processRequest(FrameworkServlet.java:974)
	at org.springframework.web.servlet.FrameworkServlet.doPost(FrameworkServlet.java:877)
	at javax.servlet.http.HttpServlet.service(HttpServlet.java:661)
	at org.springframework.web.servlet.FrameworkServlet.service(FrameworkServlet.java:851)
	at javax.servlet.http.HttpServlet.service(HttpServlet.java:742)
	at org.apache.catalina.core.ApplicationFilterChain.internalDoFilter(ApplicationFilterChain.java:231)
	at org.apache.catalina.core.ApplicationFilterChain.doFilter(ApplicationFilterChain.java:166)
	at org.apache.tomcat.websocket.server.WsFilter.doFilter(WsFilter.java:52)
	at org.apache.catalina.core.ApplicationFilterChain.internalDoFilter(ApplicationFilterChain.java:193)
	at org.apache.catalina.core.ApplicationFilterChain.doFilter(ApplicationFilterChain.java:166)
	at org.springframework.web.filter.AbstractRequestLoggingFilter.doFilterInternal(AbstractRequestLoggingFilter.java:246)
	at org.springframework.web.filter.OncePerRequestFilter.doFilter(OncePerRequestFilter.java:107)
	at org.apache.catalina.core.ApplicationFilterChain.internalDoFilter(ApplicationFilterChain.java:193)
	at org.apache.catalina.core.ApplicationFilterChain.doFilter(ApplicationFilterChain.java:166)
	at org.springframework.web.filter.AbstractRequestLoggingFilter.doFilterInternal(AbstractRequestLoggingFilter.java:246)
	at org.springframework.web.filter.OncePerRequestFilter.doFilter(OncePerRequestFilter.java:107)
	at org.apache.catalina.core.ApplicationFilterChain.internalDoFilter(ApplicationFilterChain.java:193)
	at org.apache.catalina.core.ApplicationFilterChain.doFilter(ApplicationFilterChain.java:166)
	at org.springframework.web.filter.OncePerRequestFilter.doFilter(OncePerRequestFilter.java:101)
	at org.apache.catalina.core.ApplicationFilterChain.internalDoFilter(ApplicationFilterChain.java:193)
	at org.apache.catalina.core.ApplicationFilterChain.doFilter(ApplicationFilterChain.java:166)
	at org.springframework.boot.actuate.web.trace.servlet.HttpTraceFilter.doFilterInternal(HttpTraceFilter.java:90)
	at org.springframework.web.filter.OncePerRequestFilter.doFilter(OncePerRequestFilter.java:107)
	at org.apache.catalina.core.ApplicationFilterChain.internalDoFilter(ApplicationFilterChain.java:193)
	at org.apache.catalina.core.ApplicationFilterChain.doFilter(ApplicationFilterChain.java:166)
	at org.springframework.security.web.FilterChainProxy$VirtualFilterChain.doFilter(FilterChainProxy.java:320)
	at org.springframework.security.web.access.intercept.FilterSecurityInterceptor.invoke(FilterSecurityInterceptor.java:127)
	at org.springframework.security.web.access.intercept.FilterSecurityInterceptor.doFilter(FilterSecurityInterceptor.java:91)
	at org.springframework.security.web.FilterChainProxy$VirtualFilterChain.doFilter(FilterChainProxy.java:334)
	at org.springframework.security.web.access.ExceptionTranslationFilter.doFilter(ExceptionTranslationFilter.java:119)
	at org.springframework.security.web.FilterChainProxy$VirtualFilterChain.doFilter(FilterChainProxy.java:334)
	at org.springframework.security.web.session.SessionManagementFilter.doFilter(SessionManagementFilter.java:137)
	at org.springframework.security.web.FilterChainProxy$VirtualFilterChain.doFilter(FilterChainProxy.java:334)
	at org.springframework.security.web.authentication.AnonymousAuthenticationFilter.doFilter(AnonymousAuthenticationFilter.java:111)
	at org.springframework.security.web.FilterChainProxy$VirtualFilterChain.doFilter(FilterChainProxy.java:334)
	at org.springframework.security.web.servletapi.SecurityContextHolderAwareRequestFilter.doFilter(SecurityContextHolderAwareRequestFilter.java:170)
	at org.springframework.security.web.FilterChainProxy$VirtualFilterChain.doFilter(FilterChainProxy.java:334)
	at org.springframework.security.web.savedrequest.RequestCacheAwareFilter.doFilter(RequestCacheAwareFilter.java:63)
	at org.springframework.security.web.FilterChainProxy$VirtualFilterChain.doFilter(FilterChainProxy.java:334)
	at com.ec.common.JWTUtils.JwtRequestFilter.doFilterInternal(JwtRequestFilter.java:60)
	at org.springframework.web.filter.OncePerRequestFilter.doFilter(OncePerRequestFilter.java:107)
	at org.springframework.security.web.FilterChainProxy$VirtualFilterChain.doFilter(FilterChainProxy.java:334)
	at org.springframework.security.web.authentication.logout.LogoutFilter.doFilter(LogoutFilter.java:116)
	at org.springframework.security.web.FilterChainProxy$VirtualFilterChain.doFilter(FilterChainProxy.java:334)
	at org.springframework.web.filter.CorsFilter.doFilterInternal(CorsFilter.java:96)
	at org.springframework.web.filter.OncePerRequestFilter.doFilter(OncePerRequestFilter.java:107)
	at org.springframework.security.web.FilterChainProxy$VirtualFilterChain.doFilter(FilterChainProxy.java:334)
	at org.springframework.security.web.header.HeaderWriterFilter.doFilterInternal(HeaderWriterFilter.java:66)
	at org.springframework.web.filter.OncePerRequestFilter.doFilter(OncePerRequestFilter.java:107)
	at org.springframework.security.web.FilterChainProxy$VirtualFilterChain.doFilter(FilterChainProxy.java:334)
	at org.springframework.security.web.context.SecurityContextPersistenceFilter.doFilter(SecurityContextPersistenceFilter.java:105)
	at org.springframework.security.web.FilterChainProxy$VirtualFilterChain.doFilter(FilterChainProxy.java:334)
	at org.springframework.security.web.context.request.async.WebAsyncManagerIntegrationFilter.doFilterInternal(WebAsyncManagerIntegrationFilter.java:56)
	at org.springframework.web.filter.OncePerRequestFilter.doFilter(OncePerRequestFilter.java:107)
	at org.springframework.security.web.FilterChainProxy$VirtualFilterChain.doFilter(FilterChainProxy.java:334)
	at org.springframework.security.web.FilterChainProxy.doFilterInternal(FilterChainProxy.java:215)
	at org.springframework.security.web.FilterChainProxy.doFilter(FilterChainProxy.java:178)
	at org.springframework.web.filter.DelegatingFilterProxy.invokeDelegate(DelegatingFilterProxy.java:357)
	at org.springframework.web.filter.DelegatingFilterProxy.doFilter(DelegatingFilterProxy.java:270)
	at org.apache.catalina.core.ApplicationFilterChain.internalDoFilter(ApplicationFilterChain.java:193)
	at org.apache.catalina.core.ApplicationFilterChain.doFilter(ApplicationFilterChain.java:166)
	at org.springframework.boot.actuate.metrics.web.servlet.WebMvcMetricsFilter.filterAndRecordMetrics(WebMvcMetricsFilter.java:155)
	at org.springframework.boot.actuate.metrics.web.servlet.WebMvcMetricsFilter.filterAndRecordMetrics(WebMvcMetricsFilter.java:123)
	at org.springframework.boot.actuate.metrics.web.servlet.WebMvcMetricsFilter.doFilterInternal(WebMvcMetricsFilter.java:108)
	at org.springframework.web.filter.OncePerRequestFilter.doFilter(OncePerRequestFilter.java:107)
	at org.apache.catalina.core.ApplicationFilterChain.internalDoFilter(ApplicationFilterChain.java:193)
	at org.apache.catalina.core.ApplicationFilterChain.doFilter(ApplicationFilterChain.java:166)
	at org.springframework.web.filter.CharacterEncodingFilter.doFilterInternal(CharacterEncodingFilter.java:200)
	at org.springframework.web.filter.OncePerRequestFilter.doFilter(OncePerRequestFilter.java:107)
	at org.apache.catalina.core.ApplicationFilterChain.internalDoFilter(ApplicationFilterChain.java:193)
	at org.apache.catalina.core.ApplicationFilterChain.doFilter(ApplicationFilterChain.java:166)
	at org.apache.catalina.core.StandardWrapperValve.invoke(StandardWrapperValve.java:198)
	at org.apache.catalina.core.StandardContextValve.invoke(StandardContextValve.java:96)
	at org.apache.catalina.authenticator.AuthenticatorBase.invoke(AuthenticatorBase.java:493)
	at org.apache.catalina.core.StandardHostValve.invoke(StandardHostValve.java:140)
	at org.apache.catalina.valves.ErrorReportValve.invoke(ErrorReportValve.java:81)
	at org.apache.catalina.core.StandardEngineValve.invoke(StandardEngineValve.java:87)
	at org.apache.catalina.connector.CoyoteAdapter.service(CoyoteAdapter.java:342)
	at org.apache.coyote.http11.Http11Processor.service(Http11Processor.java:800)
	at org.apache.coyote.AbstractProcessorLight.process(AbstractProcessorLight.java:66)
	at org.apache.coyote.AbstractProtocol$ConnectionHandler.process(AbstractProtocol.java:806)
	at org.apache.tomcat.util.net.NioEndpoint$SocketProcessor.doRun(NioEndpoint.java:1498)
	at org.apache.tomcat.util.net.SocketProcessorBase.run(SocketProcessorBase.java:49)
	at java.util.concurrent.ThreadPoolExecutor.runWorker(ThreadPoolExecutor.java:1149)
	at java.util.concurrent.ThreadPoolExecutor$Worker.run(ThreadPoolExecutor.java:624)
	at org.apache.tomcat.util.threads.TaskThread$WrappingRunnable.run(TaskThread.java:61)
	at java.lang.Thread.run(Thread.java:748)
2020-12-07 09:23:12,406 INFO org.apache.commons.logging.impl.Jdk14Logger [RMI TCP Connection(6)-127.0.0.1] Application shutdown requested.
2020-12-07 09:23:12,408 INFO org.apache.commons.logging.impl.Jdk14Logger [RMI TCP Connection(6)-127.0.0.1] Closing org.springframework.boot.web.servlet.context.AnnotationConfigServletWebServerApplicationContext@b4711e2: startup date [Mon Dec 07 09:20:33 IST 2020]; parent: org.springframework.context.annotation.AnnotationConfigApplicationContext@77f80c04
2020-12-07 09:23:12,413 INFO org.apache.commons.logging.impl.Jdk14Logger [RMI TCP Connection(6)-127.0.0.1] Stopping filter initializer
2020-12-07 09:23:12,418 INFO org.apache.commons.logging.impl.Jdk14Logger [RMI TCP Connection(6)-127.0.0.1] Unregistering JMX-exposed beans on shutdown
2020-12-07 09:23:12,420 INFO org.apache.commons.logging.impl.Jdk14Logger [RMI TCP Connection(6)-127.0.0.1] Unregistering JMX-exposed beans
2020-12-07 09:23:12,447 INFO org.apache.commons.logging.impl.Jdk14Logger [RMI TCP Connection(6)-127.0.0.1] Closing JPA EntityManagerFactory for persistence unit 'default'
2020-12-07 09:23:12,452 INFO com.zaxxer.hikari.HikariDataSource [RMI TCP Connection(6)-127.0.0.1] HikariPool-1 - Shutdown initiated...
2020-12-07 09:23:12,470 INFO com.zaxxer.hikari.HikariDataSource [RMI TCP Connection(6)-127.0.0.1] HikariPool-1 - Shutdown completed.
2020-12-07 09:23:12,472 INFO org.apache.juli.logging.DirectJDKLog [RMI TCP Connection(6)-127.0.0.1] Pausing ProtocolHandler ["http-nio-8080"]
2020-12-07 09:23:12,527 INFO org.apache.juli.logging.DirectJDKLog [RMI TCP Connection(6)-127.0.0.1] Stopping service [Tomcat]
2020-12-07 09:23:12,531 INFO org.apache.juli.logging.DirectJDKLog [localhost-startStop-2] Destroying Spring FrameworkServlet 'dispatcherServlet'
2020-12-07 09:23:12,537 WARN org.apache.juli.logging.DirectJDKLog [localhost-startStop-2] The web application [ROOT] appears to have started a thread named [RxIoScheduler-1 (Evictor)] but has failed to stop it. This is very likely to create a memory leak. Stack trace of thread:
 sun.misc.Unsafe.park(Native Method)
 java.util.concurrent.locks.LockSupport.parkNanos(LockSupport.java:215)
 java.util.concurrent.locks.AbstractQueuedSynchronizer$ConditionObject.awaitNanos(AbstractQueuedSynchronizer.java:2078)
 java.util.concurrent.ScheduledThreadPoolExecutor$DelayedWorkQueue.take(ScheduledThreadPoolExecutor.java:1093)
 java.util.concurrent.ScheduledThreadPoolExecutor$DelayedWorkQueue.take(ScheduledThreadPoolExecutor.java:809)
 java.util.concurrent.ThreadPoolExecutor.getTask(ThreadPoolExecutor.java:1074)
 java.util.concurrent.ThreadPoolExecutor.runWorker(ThreadPoolExecutor.java:1134)
 java.util.concurrent.ThreadPoolExecutor$Worker.run(ThreadPoolExecutor.java:624)
 java.lang.Thread.run(Thread.java:748)
2020-12-07 09:23:12,541 INFO org.apache.juli.logging.DirectJDKLog [RMI TCP Connection(6)-127.0.0.1] Stopping ProtocolHandler ["http-nio-8080"]
2020-12-07 09:23:12,546 INFO org.apache.juli.logging.DirectJDKLog [RMI TCP Connection(6)-127.0.0.1] Destroying ProtocolHandler ["http-nio-8080"]
2020-12-07 14:52:35,452 INFO org.apache.commons.logging.impl.Jdk14Logger [main] Refreshing org.springframework.context.annotation.AnnotationConfigApplicationContext@2766ca9d: startup date [Mon Dec 07 14:52:35 IST 2020]; root of context hierarchy
2020-12-07 14:52:35,737 INFO org.apache.commons.logging.impl.Jdk14Logger [main] JSR-330 'javax.inject.Inject' annotation found and supported for autowiring
2020-12-07 14:52:35,823 INFO org.apache.commons.logging.impl.Jdk14Logger [main] Bean 'configurationPropertiesRebinderAutoConfiguration' of type [org.springframework.cloud.autoconfigure.ConfigurationPropertiesRebinderAutoConfiguration$$EnhancerBySpringCGLIB$$275662c7] is not eligible for getting processed by all BeanPostProcessors (for example: not eligible for auto-proxying)
2020-12-07 14:52:46,149 INFO org.apache.commons.logging.impl.Jdk14Logger [main] No active profile set, falling back to default profiles: default
2020-12-07 14:52:46,167 INFO org.apache.commons.logging.impl.Jdk14Logger [main] Refreshing org.springframework.boot.web.servlet.context.AnnotationConfigServletWebServerApplicationContext@c8b96ec: startup date [Mon Dec 07 14:52:46 IST 2020]; parent: org.springframework.context.annotation.AnnotationConfigApplicationContext@2766ca9d
2020-12-07 14:52:47,781 INFO org.apache.commons.logging.impl.Jdk14Logger [main] Overriding bean definition for bean 'counterFactory' with a different definition: replacing [Root bean: class [null]; scope=; abstract=false; lazyInit=false; autowireMode=3; dependencyCheck=0; autowireCandidate=true; primary=false; factoryBeanName=org.springframework.cloud.netflix.zuul.ZuulServerAutoConfiguration$ZuulMetricsConfiguration; factoryMethodName=counterFactory; initMethodName=null; destroyMethodName=(inferred); defined in class path resource [org/springframework/cloud/netflix/zuul/ZuulServerAutoConfiguration$ZuulMetricsConfiguration.class]] with [Root bean: class [null]; scope=; abstract=false; lazyInit=false; autowireMode=3; dependencyCheck=0; autowireCandidate=true; primary=false; factoryBeanName=org.springframework.cloud.netflix.zuul.ZuulServerAutoConfiguration$ZuulCounterFactoryConfiguration; factoryMethodName=counterFactory; initMethodName=null; destroyMethodName=(inferred); defined in class path resource [org/springframework/cloud/netflix/zuul/ZuulServerAutoConfiguration$ZuulCounterFactoryConfiguration.class]]
2020-12-07 14:52:47,879 INFO org.apache.commons.logging.impl.Jdk14Logger [main] Overriding bean definition for bean 'dataSource' with a different definition: replacing [Root bean: class [null]; scope=refresh; abstract=false; lazyInit=false; autowireMode=3; dependencyCheck=0; autowireCandidate=false; primary=false; factoryBeanName=org.springframework.boot.autoconfigure.jdbc.DataSourceConfiguration$Hikari; factoryMethodName=dataSource; initMethodName=null; destroyMethodName=(inferred); defined in class path resource [org/springframework/boot/autoconfigure/jdbc/DataSourceConfiguration$Hikari.class]] with [Root bean: class [org.springframework.aop.scope.ScopedProxyFactoryBean]; scope=; abstract=false; lazyInit=false; autowireMode=0; dependencyCheck=0; autowireCandidate=true; primary=false; factoryBeanName=null; factoryMethodName=null; initMethodName=null; destroyMethodName=null; defined in BeanDefinition defined in class path resource [org/springframework/boot/autoconfigure/jdbc/DataSourceConfiguration$Hikari.class]]
2020-12-07 14:52:48,151 INFO org.apache.commons.logging.impl.Jdk14Logger [main] BeanFactory id=b4f24e58-3858-3ca6-a361-4ffb85feed58
2020-12-07 14:52:48,192 INFO org.apache.commons.logging.impl.Jdk14Logger [main] JSR-330 'javax.inject.Inject' annotation found and supported for autowiring
2020-12-07 14:52:48,443 INFO org.apache.commons.logging.impl.Jdk14Logger [main] Bean 'org.springframework.ws.config.annotation.DelegatingWsConfiguration' of type [org.springframework.ws.config.annotation.DelegatingWsConfiguration$$EnhancerBySpringCGLIB$$afd424c9] is not eligible for getting processed by all BeanPostProcessors (for example: not eligible for auto-proxying)
2020-12-07 14:52:48,500 INFO org.apache.commons.logging.impl.Jdk14Logger [main] Supporting [WS-Addressing August 2004, WS-Addressing 1.0]
2020-12-07 14:52:48,654 INFO org.apache.commons.logging.impl.Jdk14Logger [main] Bean 'org.springframework.transaction.annotation.ProxyTransactionManagementConfiguration' of type [org.springframework.transaction.annotation.ProxyTransactionManagementConfiguration$$EnhancerBySpringCGLIB$$b3c5fca] is not eligible for getting processed by all BeanPostProcessors (for example: not eligible for auto-proxying)
2020-12-07 14:52:48,914 INFO org.apache.commons.logging.impl.Jdk14Logger [main] Bean 'org.springframework.security.config.annotation.configuration.ObjectPostProcessorConfiguration' of type [org.springframework.security.config.annotation.configuration.ObjectPostProcessorConfiguration$$EnhancerBySpringCGLIB$$a3ea2804] is not eligible for getting processed by all BeanPostProcessors (for example: not eligible for auto-proxying)
2020-12-07 14:52:48,938 INFO org.apache.commons.logging.impl.Jdk14Logger [main] Bean 'objectPostProcessor' of type [org.springframework.security.config.annotation.configuration.AutowireBeanFactoryObjectPostProcessor] is not eligible for getting processed by all BeanPostProcessors (for example: not eligible for auto-proxying)
2020-12-07 14:52:48,944 INFO org.apache.commons.logging.impl.Jdk14Logger [main] Bean 'org.springframework.security.access.expression.method.DefaultMethodSecurityExpressionHandler@3b97907c' of type [org.springframework.security.access.expression.method.DefaultMethodSecurityExpressionHandler] is not eligible for getting processed by all BeanPostProcessors (for example: not eligible for auto-proxying)
2020-12-07 14:52:48,971 INFO org.apache.commons.logging.impl.Jdk14Logger [main] Bean 'org.springframework.security.config.annotation.method.configuration.GlobalMethodSecurityConfiguration' of type [org.springframework.security.config.annotation.method.configuration.GlobalMethodSecurityConfiguration$$EnhancerBySpringCGLIB$$c8becab6] is not eligible for getting processed by all BeanPostProcessors (for example: not eligible for auto-proxying)
2020-12-07 14:52:48,995 INFO org.apache.commons.logging.impl.Jdk14Logger [main] Bean 'methodSecurityMetadataSource' of type [org.springframework.security.access.method.DelegatingMethodSecurityMetadataSource] is not eligible for getting processed by all BeanPostProcessors (for example: not eligible for auto-proxying)
2020-12-07 14:52:49,055 INFO org.apache.commons.logging.impl.Jdk14Logger [main] Bean 'org.springframework.cloud.autoconfigure.ConfigurationPropertiesRebinderAutoConfiguration' of type [org.springframework.cloud.autoconfigure.ConfigurationPropertiesRebinderAutoConfiguration$$EnhancerBySpringCGLIB$$275662c7] is not eligible for getting processed by all BeanPostProcessors (for example: not eligible for auto-proxying)
2020-12-07 14:52:49,818 INFO org.apache.commons.logging.impl.Jdk14Logger [main] Tomcat initialized with port(s): 8080 (http)
2020-12-07 14:52:49,836 INFO org.apache.juli.logging.DirectJDKLog [main] Initializing ProtocolHandler ["http-nio-8080"]
2020-12-07 14:52:49,850 INFO org.apache.juli.logging.DirectJDKLog [main] Starting service [Tomcat]
2020-12-07 14:52:49,851 INFO org.apache.juli.logging.DirectJDKLog [main] Starting Servlet Engine: Apache Tomcat/8.5.34
2020-12-07 14:52:49,858 INFO org.apache.juli.logging.DirectJDKLog [localhost-startStop-1] The APR based Apache Tomcat Native library which allows optimal performance in production environments was not found on the java.library.path: [/Users/bsridharpatnaik/Library/Java/Extensions:/Library/Java/Extensions:/Network/Library/Java/Extensions:/System/Library/Java/Extensions:/usr/lib/java:.]
2020-12-07 14:52:50,021 INFO org.apache.juli.logging.DirectJDKLog [localhost-startStop-1] Initializing Spring embedded WebApplicationContext
2020-12-07 14:52:50,022 INFO org.apache.commons.logging.impl.Jdk14Logger [localhost-startStop-1] Root WebApplicationContext: initialization completed in 3855 ms
2020-12-07 14:52:50,337 WARN com.netflix.config.sources.URLConfigurationSource [localhost-startStop-1] No URLs will be polled as dynamic configuration sources.
2020-12-07 14:52:50,337 INFO com.netflix.config.sources.URLConfigurationSource [localhost-startStop-1] To enable URLs as dynamic configuration sources, define System property archaius.configurationSource.additionalUrls or make config.properties available on classpath.
2020-12-07 14:52:50,351 INFO com.netflix.config.DynamicPropertyFactory [localhost-startStop-1] DynamicPropertyFactory is initialized with configuration sources: com.netflix.config.ConcurrentCompositeConfiguration@72ff58d
2020-12-07 14:52:52,064 INFO com.zaxxer.hikari.HikariDataSource [localhost-startStop-1] HikariPool-1 - Starting...
2020-12-07 14:52:52,328 INFO com.zaxxer.hikari.HikariDataSource [localhost-startStop-1] HikariPool-1 - Start completed.
2020-12-07 14:52:52,414 INFO org.apache.commons.logging.impl.Jdk14Logger [localhost-startStop-1] Building JPA container EntityManagerFactory for persistence unit 'default'
2020-12-07 14:52:52,442 INFO org.hibernate.jpa.internal.util.LogHelper [localhost-startStop-1] HHH000204: Processing PersistenceUnitInfo [name: default]
2020-12-07 14:52:52,632 INFO org.hibernate.Version [localhost-startStop-1] HHH000412: Hibernate ORM core version 5.4.22.Final
2020-12-07 14:52:52,808 INFO org.hibernate.annotations.common.reflection.java.JavaReflectionManager [localhost-startStop-1] HCANN000001: Hibernate Commons Annotations {5.1.0.Final}
2020-12-07 14:52:53,155 INFO org.hibernate.dialect.Dialect [localhost-startStop-1] HHH000400: Using dialect: org.hibernate.dialect.MySQL5InnoDBDialect
2020-12-07 14:52:53,224 INFO org.hibernate.envers.boot.internal.EnversServiceImpl [localhost-startStop-1] Envers integration enabled? : true
2020-12-07 14:52:54,700 INFO org.hibernate.engine.transaction.jta.platform.internal.JtaPlatformInitiator [localhost-startStop-1] HHH000490: Using JtaPlatform implementation: [org.hibernate.engine.transaction.jta.platform.internal.NoJtaPlatform]
2020-12-07 14:52:54,726 INFO org.apache.commons.logging.impl.Jdk14Logger [localhost-startStop-1] Initialized JPA EntityManagerFactory for persistence unit 'default'
2020-12-07 14:52:56,161 INFO org.apache.commons.logging.impl.Jdk14Logger [localhost-startStop-1] Mapping filter: 'characterEncodingFilter' to: [/*]
2020-12-07 14:52:56,162 INFO org.apache.commons.logging.impl.Jdk14Logger [localhost-startStop-1] Mapping filter: 'webMvcMetricsFilter' to: [/*]
2020-12-07 14:52:56,164 INFO org.apache.commons.logging.impl.Jdk14Logger [localhost-startStop-1] Mapping filter: 'springSecurityFilterChain' to: [/*]
2020-12-07 14:52:56,164 INFO org.apache.commons.logging.impl.Jdk14Logger [localhost-startStop-1] Mapping filter: 'httpTraceFilter' to: [/*]
2020-12-07 14:52:56,165 INFO org.apache.commons.logging.impl.Jdk14Logger [localhost-startStop-1] Mapping filter: 'jwtRequestFilter' to: [/*]
2020-12-07 14:52:56,166 INFO org.apache.commons.logging.impl.Jdk14Logger [localhost-startStop-1] Mapping filter: 'logFilter' to: [/*]
2020-12-07 14:52:56,169 INFO org.apache.commons.logging.impl.Jdk14Logger [localhost-startStop-1] Mapping filter: 'requestLoggingFilter' to: [/*]
2020-12-07 14:52:56,171 INFO org.apache.commons.logging.impl.Jdk14Logger [localhost-startStop-1] Servlet dispatcherServlet mapped to [/]
2020-12-07 14:52:56,173 INFO org.apache.commons.logging.impl.Jdk14Logger [localhost-startStop-1] Servlet messageDispatcherServlet mapped to [/services/*]
2020-12-07 14:52:56,174 INFO org.apache.commons.logging.impl.Jdk14Logger [localhost-startStop-1] Servlet zuulServlet mapped to [/zuul/*]
2020-12-07 14:52:56,202 DEBUG org.apache.commons.logging.impl.Jdk14Logger [localhost-startStop-1] Initializing filter 'requestLoggingFilter'
2020-12-07 14:52:56,203 DEBUG org.apache.commons.logging.impl.Jdk14Logger [localhost-startStop-1] Filter 'requestLoggingFilter' configured successfully
2020-12-07 14:52:56,204 DEBUG org.apache.commons.logging.impl.Jdk14Logger [localhost-startStop-1] Initializing filter 'logFilter'
2020-12-07 14:52:56,205 DEBUG org.apache.commons.logging.impl.Jdk14Logger [localhost-startStop-1] Filter 'logFilter' configured successfully
2020-12-07 14:52:57,325 WARN org.apache.commons.logging.impl.Jdk14Logger [main] spring.jpa.open-in-view is enabled by default. Therefore, database queries may be performed during view rendering. Explicitly configure spring.jpa.open-in-view to disable this warning
2020-12-07 14:52:57,423 INFO org.apache.commons.logging.impl.Jdk14Logger [main] Mapped "{[/notification/send],methods=[POST]}" onto public java.lang.String com.ec.common.Controller.AndroidNotificationController.sendPnsToDevice(com.ec.common.Data.NotificationRequestDto) throws java.lang.Exception
2020-12-07 14:52:57,431 INFO org.apache.commons.logging.impl.Jdk14Logger [main] Mapped "{[/contact],methods=[GET],produces=[application/json || text/json]}" onto public com.ec.common.Data.ContactsWithTypeAhead com.ec.common.Controller.ContactController.returnAllContacts(java.lang.Integer,org.springframework.data.domain.Pageable)
2020-12-07 14:52:57,432 INFO org.apache.commons.logging.impl.Jdk14Logger [main] Mapped "{[/contact],methods=[POST],produces=[application/json || text/json]}" onto public com.ec.common.Data.ContactsWithTypeAhead com.ec.common.Controller.ContactController.returnFilteredContacts(com.ec.common.Filters.FilterDataList,org.springframework.data.domain.Pageable)
2020-12-07 14:52:57,433 INFO org.apache.commons.logging.impl.Jdk14Logger [main] Mapped "{[/contact/{id}],methods=[GET],produces=[application/json || text/json]}" onto public com.ec.common.Model.ContactAllInfo com.ec.common.Controller.ContactController.findContactbyvehicleNoContacts(long) throws java.lang.Exception
2020-12-07 14:52:57,434 INFO org.apache.commons.logging.impl.Jdk14Logger [main] Mapped "{[/contact/{id}],methods=[DELETE],produces=[application/json || text/json]}" onto public org.springframework.http.ResponseEntity<?> com.ec.common.Controller.ContactController.deleteContact(java.lang.Long) throws java.lang.Exception
2020-12-07 14:52:57,435 INFO org.apache.commons.logging.impl.Jdk14Logger [main] Mapped "{[/contact/create],methods=[POST],produces=[application/json || text/json]}" onto public com.ec.common.Model.ContactAllInfo com.ec.common.Controller.ContactController.createContact(com.ec.common.Model.ContactAllInfo) throws java.lang.Exception
2020-12-07 14:52:57,436 INFO org.apache.commons.logging.impl.Jdk14Logger [main] Mapped "{[/contact/{id}],methods=[PUT],produces=[application/json || text/json]}" onto public com.ec.common.Model.ContactAllInfo com.ec.common.Controller.ContactController.updateContact(java.lang.Long,com.ec.common.Model.ContactAllInfo) throws java.lang.Exception
2020-12-07 14:52:57,437 INFO org.apache.commons.logging.impl.Jdk14Logger [main] Mapped "{[/contact/iscontactused/{id}],methods=[GET],produces=[application/json || text/json]}" onto public java.lang.Boolean com.ec.common.Controller.ContactController.checkIfContactUsed(long) throws java.lang.Exception
2020-12-07 14:52:57,439 INFO org.apache.commons.logging.impl.Jdk14Logger [main] Mapped "{[/emailconfig],methods=[GET],produces=[application/json || text/json]}" onto public com.ec.common.Data.EmailConfigData com.ec.common.Controller.EmailController.returnEmailConfig()
2020-12-07 14:52:57,440 INFO org.apache.commons.logging.impl.Jdk14Logger [main] Mapped "{[/ec/login],methods=[POST],produces=[application/json || text/json]}" onto public org.springframework.http.ResponseEntity<?> com.ec.common.Controller.LoginController.login(com.ec.common.Data.UserSignInData) throws java.lang.Exception
2020-12-07 14:52:57,442 INFO org.apache.commons.logging.impl.Jdk14Logger [main] Mapped "{[/role],methods=[GET],produces=[application/json || text/json]}" onto public org.springframework.data.domain.Page<com.ec.common.Model.Role> com.ec.common.Controller.RoleController.returnAllRoles(org.springframework.data.domain.Pageable)
2020-12-07 14:52:57,443 INFO org.apache.commons.logging.impl.Jdk14Logger [main] Mapped "{[/role/create],methods=[POST],produces=[application/json || text/json]}" onto public com.ec.common.Model.Role com.ec.common.Controller.RoleController.createRole(com.ec.common.Model.Role) throws java.lang.Exception
2020-12-07 14:52:57,446 INFO org.apache.commons.logging.impl.Jdk14Logger [main] Mapped "{[/token],methods=[PUT],produces=[application/json || text/json]}" onto public void com.ec.common.Controller.TokenController.updateTokenForUser(com.ec.common.Data.TokenData) throws java.lang.Exception
2020-12-07 14:52:57,448 INFO org.apache.commons.logging.impl.Jdk14Logger [main] Mapped "{[/token],methods=[GET],produces=[application/json || text/json]}" onto public java.util.List<com.ec.common.Data.AndroidTokenDetailsDTO> com.ec.common.Controller.TokenController.getAllTokens()
2020-12-07 14:52:57,449 INFO org.apache.commons.logging.impl.Jdk14Logger [main] Mapped "{[/token],methods=[DELETE],produces=[application/json || text/json]}" onto public void com.ec.common.Controller.TokenController.DeleteToken() throws java.lang.Exception
2020-12-07 14:52:57,457 INFO org.apache.commons.logging.impl.Jdk14Logger [main] Mapped "{[/user],methods=[POST],produces=[application/json || text/json]}" onto public com.ec.common.Data.UserListWithTypeAheadData com.ec.common.Controller.UserController.returnFilteredContacts(com.ec.common.Filters.FilterDataList,org.springframework.data.domain.Pageable)
2020-12-07 14:52:57,458 INFO org.apache.commons.logging.impl.Jdk14Logger [main] Mapped "{[/user],methods=[GET],produces=[application/json || text/json]}" onto public com.ec.common.Data.UserListWithTypeAheadData com.ec.common.Controller.UserController.returnAllUsers(org.springframework.data.domain.Pageable)
2020-12-07 14:52:57,459 INFO org.apache.commons.logging.impl.Jdk14Logger [main] Mapped "{[/user/create],methods=[POST],produces=[application/json || text/json]}" onto public com.ec.common.Model.User com.ec.common.Controller.UserController.createUser(com.ec.common.Data.CreateUserData) throws java.lang.Exception
2020-12-07 14:52:57,461 INFO org.apache.commons.logging.impl.Jdk14Logger [main] Mapped "{[/user/{id}],methods=[PUT],produces=[application/json || text/json]}" onto public com.ec.common.Model.User com.ec.common.Controller.UserController.updateUser(java.lang.Long,com.ec.common.Data.CreateUserData) throws java.lang.Exception
2020-12-07 14:52:57,462 INFO org.apache.commons.logging.impl.Jdk14Logger [main] Mapped "{[/user/updatepassword],methods=[POST],produces=[application/json || text/json]}" onto public com.ec.common.Model.User com.ec.common.Controller.UserController.updateUser(com.ec.common.Data.ResetPasswordData) throws java.lang.Exception
2020-12-07 14:52:57,462 INFO org.apache.commons.logging.impl.Jdk14Logger [main] Mapped "{[/user/{id}],methods=[GET],produces=[application/json || text/json]}" onto public com.ec.common.Model.User com.ec.common.Controller.UserController.findUserByID(long) throws java.lang.Exception
2020-12-07 14:52:57,463 INFO org.apache.commons.logging.impl.Jdk14Logger [main] Mapped "{[/user/list],methods=[GET],produces=[application/json || text/json]}" onto public java.util.List<com.ec.common.Data.UserReturnData> com.ec.common.Controller.UserController.findLimitedDetailsForUserByID() throws java.lang.Exception
2020-12-07 14:52:57,464 INFO org.apache.commons.logging.impl.Jdk14Logger [main] Mapped "{[/user/byid/{id}],methods=[GET],produces=[application/json || text/json]}" onto public com.ec.common.Data.UserReturnData com.ec.common.Controller.UserController.findLimitedDetailsForUserByID(long) throws java.lang.Exception
2020-12-07 14:52:57,464 INFO org.apache.commons.logging.impl.Jdk14Logger [main] Mapped "{[/user/byname/{name}],methods=[GET],produces=[application/json || text/json]}" onto public com.ec.common.Data.UserReturnData com.ec.common.Controller.UserController.findLimitedDetailsForUserByID(java.lang.String) throws java.lang.Exception
2020-12-07 14:52:57,465 INFO org.apache.commons.logging.impl.Jdk14Logger [main] Mapped "{[/user/updateroles],methods=[POST],produces=[application/json || text/json]}" onto public com.ec.common.Model.User com.ec.common.Controller.UserController.updateRolesForUser(com.ec.common.Data.UpdateRolesForUserData) throws java.lang.Exception
2020-12-07 14:52:57,466 INFO org.apache.commons.logging.impl.Jdk14Logger [main] Mapped "{[/user/me],methods=[GET],produces=[application/json]}" onto public com.ec.common.Data.UserReturnData com.ec.common.Controller.UserController.returnUserName()
2020-12-07 14:52:57,470 INFO org.apache.commons.logging.impl.Jdk14Logger [main] Mapped "{[/error]}" onto public org.springframework.http.ResponseEntity<java.util.Map<java.lang.String, java.lang.Object>> org.springframework.boot.autoconfigure.web.servlet.error.BasicErrorController.error(javax.servlet.http.HttpServletRequest)
2020-12-07 14:52:57,472 INFO org.apache.commons.logging.impl.Jdk14Logger [main] Mapped "{[/error],produces=[text/html]}" onto public org.springframework.web.servlet.ModelAndView org.springframework.boot.autoconfigure.web.servlet.error.BasicErrorController.errorHtml(javax.servlet.http.HttpServletRequest,javax.servlet.http.HttpServletResponse)
2020-12-07 14:52:57,589 INFO org.apache.commons.logging.impl.Jdk14Logger [main] Mapped URL path [/eureka/**] onto handler of type [class org.springframework.web.servlet.resource.ResourceHttpRequestHandler]
2020-12-07 14:52:57,964 INFO org.apache.commons.logging.impl.Jdk14Logger [main] Looking for @ControllerAdvice: org.springframework.boot.web.servlet.context.AnnotationConfigServletWebServerApplicationContext@c8b96ec: startup date [Mon Dec 07 14:52:46 IST 2020]; parent: org.springframework.context.annotation.AnnotationConfigApplicationContext@2766ca9d
2020-12-07 14:52:58,239 INFO org.apache.commons.logging.impl.Jdk14Logger [main] Creating filter chain: Ant [pattern='/*/'], []
2020-12-07 14:52:58,240 INFO org.apache.commons.logging.impl.Jdk14Logger [main] Creating filter chain: Ant [pattern='/eureka/**.**'], []
2020-12-07 14:52:58,240 INFO org.apache.commons.logging.impl.Jdk14Logger [main] Creating filter chain: Ant [pattern='/eureka/**'], []
2020-12-07 14:52:58,241 INFO org.apache.commons.logging.impl.Jdk14Logger [main] Creating filter chain: Ant [pattern='**/scripts/**.js'], []
2020-12-07 14:52:58,241 INFO org.apache.commons.logging.impl.Jdk14Logger [main] Creating filter chain: Ant [pattern='/**.jpg'], []
2020-12-07 14:52:58,242 INFO org.apache.commons.logging.impl.Jdk14Logger [main] Creating filter chain: Ant [pattern='/**.ico'], []
2020-12-07 14:52:58,242 INFO org.apache.commons.logging.impl.Jdk14Logger [main] Creating filter chain: Ant [pattern='/**.html'], []
2020-12-07 14:52:58,242 INFO org.apache.commons.logging.impl.Jdk14Logger [main] Creating filter chain: Ant [pattern='/header.html'], []
2020-12-07 14:52:58,242 INFO org.apache.commons.logging.impl.Jdk14Logger [main] Creating filter chain: Ant [pattern='**.html'], []
2020-12-07 14:52:58,243 INFO org.apache.commons.logging.impl.Jdk14Logger [main] Creating filter chain: Ant [pattern='/**.css'], []
2020-12-07 14:52:58,243 INFO org.apache.commons.logging.impl.Jdk14Logger [main] Creating filter chain: Ant [pattern='/**.js'], []
2020-12-07 14:52:58,243 INFO org.apache.commons.logging.impl.Jdk14Logger [main] Creating filter chain: Ant [pattern='/eureka/**/**'], []
2020-12-07 14:52:58,244 INFO org.apache.commons.logging.impl.Jdk14Logger [main] Creating filter chain: Ant [pattern='/**', OPTIONS], []
2020-12-07 14:52:58,413 INFO org.apache.commons.logging.impl.Jdk14Logger [main] Creating filter chain: org.springframework.security.web.util.matcher.AnyRequestMatcher@1, [org.springframework.security.web.context.request.async.WebAsyncManagerIntegrationFilter@702f4124, org.springframework.security.web.context.SecurityContextPersistenceFilter@44aeae34, org.springframework.security.web.header.HeaderWriterFilter@4404a6b, org.springframework.web.filter.CorsFilter@10166230, org.springframework.security.web.authentication.logout.LogoutFilter@1958c0d9, com.ec.common.JWTUtils.JwtRequestFilter@2815ad24, org.springframework.security.web.savedrequest.RequestCacheAwareFilter@2da5fdc, org.springframework.security.web.servletapi.SecurityContextHolderAwareRequestFilter@33f349ae, org.springframework.security.web.authentication.AnonymousAuthenticationFilter@7221539, org.springframework.security.web.session.SessionManagementFilter@478530cb, org.springframework.security.web.access.ExceptionTranslationFilter@6cc8da1c, org.springframework.security.web.access.intercept.FilterSecurityInterceptor@1805ec96]
2020-12-07 14:52:58,532 WARN com.netflix.config.sources.URLConfigurationSource [main] No URLs will be polled as dynamic configuration sources.
2020-12-07 14:52:58,532 INFO com.netflix.config.sources.URLConfigurationSource [main] To enable URLs as dynamic configuration sources, define System property archaius.configurationSource.additionalUrls or make config.properties available on classpath.
2020-12-07 14:52:59,575 INFO org.apache.commons.logging.impl.Jdk14Logger [main] Exposing 2 endpoint(s) beneath base path '/actuator'
2020-12-07 14:52:59,596 INFO org.apache.commons.logging.impl.Jdk14Logger [main] Mapped "{[/actuator/health],methods=[GET],produces=[application/vnd.spring-boot.actuator.v2+json || application/json]}" onto public java.lang.Object org.springframework.boot.actuate.endpoint.web.servlet.AbstractWebMvcEndpointHandlerMapping$OperationHandler.handle(javax.servlet.http.HttpServletRequest,java.util.Map<java.lang.String, java.lang.String>)
2020-12-07 14:52:59,597 INFO org.apache.commons.logging.impl.Jdk14Logger [main] Mapped "{[/actuator/info],methods=[GET],produces=[application/vnd.spring-boot.actuator.v2+json || application/json]}" onto public java.lang.Object org.springframework.boot.actuate.endpoint.web.servlet.AbstractWebMvcEndpointHandlerMapping$OperationHandler.handle(javax.servlet.http.HttpServletRequest,java.util.Map<java.lang.String, java.lang.String>)
2020-12-07 14:52:59,599 INFO org.apache.commons.logging.impl.Jdk14Logger [main] Mapped "{[/actuator],methods=[GET],produces=[application/vnd.spring-boot.actuator.v2+json || application/json]}" onto protected java.util.Map<java.lang.String, java.util.Map<java.lang.String, org.springframework.boot.actuate.endpoint.web.Link>> org.springframework.boot.actuate.endpoint.web.servlet.WebMvcEndpointHandlerMapping.links(javax.servlet.http.HttpServletRequest,javax.servlet.http.HttpServletResponse)
2020-12-07 14:53:00,508 INFO org.apache.commons.logging.impl.Jdk14Logger [main] Starting filter initializer
2020-12-07 14:53:00,589 INFO org.apache.commons.logging.impl.Jdk14Logger [main] Registering beans for JMX exposure on startup
2020-12-07 14:53:00,592 INFO org.apache.commons.logging.impl.Jdk14Logger [main] Bean with name 'dataSource' has been autodetected for JMX exposure
2020-12-07 14:53:00,606 INFO org.apache.commons.logging.impl.Jdk14Logger [main] Bean with name 'environmentManager' has been autodetected for JMX exposure
2020-12-07 14:53:00,607 INFO org.apache.commons.logging.impl.Jdk14Logger [main] Bean with name 'refreshScope' has been autodetected for JMX exposure
2020-12-07 14:53:00,611 INFO org.apache.commons.logging.impl.Jdk14Logger [main] Bean with name 'configurationPropertiesRebinder' has been autodetected for JMX exposure
2020-12-07 14:53:00,617 INFO org.apache.commons.logging.impl.Jdk14Logger [main] Located managed bean 'environmentManager': registering with JMX server as MBean [gateway:name=environmentManager,type=EnvironmentManager]
2020-12-07 14:53:00,628 INFO org.apache.commons.logging.impl.Jdk14Logger [main] Located managed bean 'refreshScope': registering with JMX server as MBean [gateway:name=refreshScope,type=RefreshScope]
2020-12-07 14:53:00,646 INFO org.apache.commons.logging.impl.Jdk14Logger [main] Located managed bean 'configurationPropertiesRebinder': registering with JMX server as MBean [gateway:name=configurationPropertiesRebinder,context=c8b96ec,type=ConfigurationPropertiesRebinder]
2020-12-07 14:53:00,655 INFO org.apache.commons.logging.impl.Jdk14Logger [main] Located MBean 'dataSource': registering with JMX server as MBean [gateway:name=dataSource,type=HikariDataSource]
2020-12-07 14:53:00,685 INFO org.apache.juli.logging.DirectJDKLog [main] Starting ProtocolHandler ["http-nio-8080"]
2020-12-07 14:53:00,707 INFO org.apache.juli.logging.DirectJDKLog [main] Using a shared selector for servlet write/read
2020-12-07 14:53:00,748 INFO org.apache.commons.logging.impl.Jdk14Logger [main] Tomcat started on port(s): 8080 (http) with context path ''
2020-12-07 14:53:00,753 INFO org.apache.commons.logging.impl.Jdk14Logger [main] Started GatewayApplication in 36.325 seconds (JVM running for 42.353)
2020-12-07 14:55:51,941 INFO org.apache.juli.logging.DirectJDKLog [http-nio-8080-exec-1] Initializing Spring FrameworkServlet 'dispatcherServlet'
2020-12-07 14:55:51,945 INFO org.apache.commons.logging.impl.Jdk14Logger [http-nio-8080-exec-1] FrameworkServlet 'dispatcherServlet': initialization started
2020-12-07 14:55:52,204 INFO org.apache.commons.logging.impl.Jdk14Logger [http-nio-8080-exec-1] FrameworkServlet 'dispatcherServlet': initialization completed in 255 ms
2020-12-07 14:55:52,244 INFO org.apache.commons.logging.impl.Jdk14Logger [http-nio-8080-exec-1] Mapped URL path [/api/inventory/**] onto handler of type [class org.springframework.cloud.netflix.zuul.web.ZuulController]
2020-12-07 14:55:52,245 INFO org.apache.commons.logging.impl.Jdk14Logger [http-nio-8080-exec-1] Mapped URL path [/api/crm/**] onto handler of type [class org.springframework.cloud.netflix.zuul.web.ZuulController]
2020-12-07 14:55:56,785 WARN org.apache.commons.logging.impl.Jdk14Logger [http-nio-8080-exec-3] JWT Token does not begin with 	Bearer String
2020-12-07 14:55:56,814 DEBUG org.apache.commons.logging.impl.Jdk14Logger [http-nio-8080-exec-3] Before request [uri=/ec/login]
2020-12-07 14:55:56,815 DEBUG org.apache.commons.logging.impl.Jdk14Logger [http-nio-8080-exec-3] Before request [uri=/ec/login;client=0:0:0:0:0:0:0:1]
2020-12-07 14:55:57,644 DEBUG org.apache.commons.logging.impl.Jdk14Logger [http-nio-8080-exec-3] After request [uri=/ec/login;client=0:0:0:0:0:0:0:1;payload={
	"userName":"sridhar",
	"password":"Test@123"
}]
2020-12-07 14:55:57,645 DEBUG org.apache.commons.logging.impl.Jdk14Logger [http-nio-8080-exec-3] REQUEST DATA : uri=/ec/login;payload={
	"userName":"sridhar",
	"password":"Test@123"
}]
2020-12-07 14:56:09,659 DEBUG org.apache.commons.logging.impl.Jdk14Logger [http-nio-8080-exec-4] Before request [uri=/notification/send]
2020-12-07 14:56:09,661 DEBUG org.apache.commons.logging.impl.Jdk14Logger [http-nio-8080-exec-4] Before request [uri=/notification/send;client=0:0:0:0:0:0:0:1;user=sridhar]
2020-12-07 14:56:29,043 DEBUG org.apache.commons.logging.impl.Jdk14Logger [http-nio-8080-exec-4] After request [uri=/notification/send;client=0:0:0:0:0:0:0:1;user=sridhar;payload={
    "targetUserId":"10001",
    "title":"test",
    "body":"dsd"
}]
2020-12-07 14:56:29,045 DEBUG org.apache.commons.logging.impl.Jdk14Logger [http-nio-8080-exec-4] REQUEST DATA : uri=/notification/send;payload={
    "targetUserId":"10001",
    "title":"test",
    "body":"dsd"
}]
2020-12-07 14:56:29,062 ERROR org.apache.juli.logging.DirectJDKLog [http-nio-8080-exec-4] Servlet.service() for servlet [dispatcherServlet] in context with path [] threw exception [Request processing failed; nested exception is java.lang.Exception: More than one token record found for user.] with root cause
java.lang.Exception: More than one token record found for user.
	at com.ec.common.Service.AndroidTokenDetailsService.findTokenForUser(AndroidTokenDetailsService.java:85)
	at com.ec.common.Service.GatewayNotificationService.sendPnsToDevice(GatewayNotificationService.java:61)
	at com.ec.common.Controller.AndroidNotificationController.sendPnsToDevice(AndroidNotificationController.java:22)
	at sun.reflect.NativeMethodAccessorImpl.invoke0(Native Method)
	at sun.reflect.NativeMethodAccessorImpl.invoke(NativeMethodAccessorImpl.java:62)
	at sun.reflect.DelegatingMethodAccessorImpl.invoke(DelegatingMethodAccessorImpl.java:43)
	at java.lang.reflect.Method.invoke(Method.java:498)
	at org.springframework.web.method.support.InvocableHandlerMethod.doInvoke(InvocableHandlerMethod.java:209)
	at org.springframework.web.method.support.InvocableHandlerMethod.invokeForRequest(InvocableHandlerMethod.java:136)
	at org.springframework.web.servlet.mvc.method.annotation.ServletInvocableHandlerMethod.invokeAndHandle(ServletInvocableHandlerMethod.java:102)
	at org.springframework.web.servlet.mvc.method.annotation.RequestMappingHandlerAdapter.invokeHandlerMethod(RequestMappingHandlerAdapter.java:891)
	at org.springframework.web.servlet.mvc.method.annotation.RequestMappingHandlerAdapter.handleInternal(RequestMappingHandlerAdapter.java:797)
	at org.springframework.web.servlet.mvc.method.AbstractHandlerMethodAdapter.handle(AbstractHandlerMethodAdapter.java:87)
	at org.springframework.web.servlet.DispatcherServlet.doDispatch(DispatcherServlet.java:991)
	at org.springframework.web.servlet.DispatcherServlet.doService(DispatcherServlet.java:925)
	at org.springframework.web.servlet.FrameworkServlet.processRequest(FrameworkServlet.java:974)
	at org.springframework.web.servlet.FrameworkServlet.doPost(FrameworkServlet.java:877)
	at javax.servlet.http.HttpServlet.service(HttpServlet.java:661)
	at org.springframework.web.servlet.FrameworkServlet.service(FrameworkServlet.java:851)
	at javax.servlet.http.HttpServlet.service(HttpServlet.java:742)
	at org.apache.catalina.core.ApplicationFilterChain.internalDoFilter(ApplicationFilterChain.java:231)
	at org.apache.catalina.core.ApplicationFilterChain.doFilter(ApplicationFilterChain.java:166)
	at org.apache.tomcat.websocket.server.WsFilter.doFilter(WsFilter.java:52)
	at org.apache.catalina.core.ApplicationFilterChain.internalDoFilter(ApplicationFilterChain.java:193)
	at org.apache.catalina.core.ApplicationFilterChain.doFilter(ApplicationFilterChain.java:166)
	at org.springframework.web.filter.AbstractRequestLoggingFilter.doFilterInternal(AbstractRequestLoggingFilter.java:246)
	at org.springframework.web.filter.OncePerRequestFilter.doFilter(OncePerRequestFilter.java:107)
	at org.apache.catalina.core.ApplicationFilterChain.internalDoFilter(ApplicationFilterChain.java:193)
	at org.apache.catalina.core.ApplicationFilterChain.doFilter(ApplicationFilterChain.java:166)
	at org.springframework.web.filter.AbstractRequestLoggingFilter.doFilterInternal(AbstractRequestLoggingFilter.java:246)
	at org.springframework.web.filter.OncePerRequestFilter.doFilter(OncePerRequestFilter.java:107)
	at org.apache.catalina.core.ApplicationFilterChain.internalDoFilter(ApplicationFilterChain.java:193)
	at org.apache.catalina.core.ApplicationFilterChain.doFilter(ApplicationFilterChain.java:166)
	at org.springframework.web.filter.OncePerRequestFilter.doFilter(OncePerRequestFilter.java:101)
	at org.apache.catalina.core.ApplicationFilterChain.internalDoFilter(ApplicationFilterChain.java:193)
	at org.apache.catalina.core.ApplicationFilterChain.doFilter(ApplicationFilterChain.java:166)
	at org.springframework.boot.actuate.web.trace.servlet.HttpTraceFilter.doFilterInternal(HttpTraceFilter.java:90)
	at org.springframework.web.filter.OncePerRequestFilter.doFilter(OncePerRequestFilter.java:107)
	at org.apache.catalina.core.ApplicationFilterChain.internalDoFilter(ApplicationFilterChain.java:193)
	at org.apache.catalina.core.ApplicationFilterChain.doFilter(ApplicationFilterChain.java:166)
	at org.springframework.security.web.FilterChainProxy$VirtualFilterChain.doFilter(FilterChainProxy.java:320)
	at org.springframework.security.web.access.intercept.FilterSecurityInterceptor.invoke(FilterSecurityInterceptor.java:127)
	at org.springframework.security.web.access.intercept.FilterSecurityInterceptor.doFilter(FilterSecurityInterceptor.java:91)
	at org.springframework.security.web.FilterChainProxy$VirtualFilterChain.doFilter(FilterChainProxy.java:334)
	at org.springframework.security.web.access.ExceptionTranslationFilter.doFilter(ExceptionTranslationFilter.java:119)
	at org.springframework.security.web.FilterChainProxy$VirtualFilterChain.doFilter(FilterChainProxy.java:334)
	at org.springframework.security.web.session.SessionManagementFilter.doFilter(SessionManagementFilter.java:137)
	at org.springframework.security.web.FilterChainProxy$VirtualFilterChain.doFilter(FilterChainProxy.java:334)
	at org.springframework.security.web.authentication.AnonymousAuthenticationFilter.doFilter(AnonymousAuthenticationFilter.java:111)
	at org.springframework.security.web.FilterChainProxy$VirtualFilterChain.doFilter(FilterChainProxy.java:334)
	at org.springframework.security.web.servletapi.SecurityContextHolderAwareRequestFilter.doFilter(SecurityContextHolderAwareRequestFilter.java:170)
	at org.springframework.security.web.FilterChainProxy$VirtualFilterChain.doFilter(FilterChainProxy.java:334)
	at org.springframework.security.web.savedrequest.RequestCacheAwareFilter.doFilter(RequestCacheAwareFilter.java:63)
	at org.springframework.security.web.FilterChainProxy$VirtualFilterChain.doFilter(FilterChainProxy.java:334)
	at com.ec.common.JWTUtils.JwtRequestFilter.doFilterInternal(JwtRequestFilter.java:60)
	at org.springframework.web.filter.OncePerRequestFilter.doFilter(OncePerRequestFilter.java:107)
	at org.springframework.security.web.FilterChainProxy$VirtualFilterChain.doFilter(FilterChainProxy.java:334)
	at org.springframework.security.web.authentication.logout.LogoutFilter.doFilter(LogoutFilter.java:116)
	at org.springframework.security.web.FilterChainProxy$VirtualFilterChain.doFilter(FilterChainProxy.java:334)
	at org.springframework.web.filter.CorsFilter.doFilterInternal(CorsFilter.java:96)
	at org.springframework.web.filter.OncePerRequestFilter.doFilter(OncePerRequestFilter.java:107)
	at org.springframework.security.web.FilterChainProxy$VirtualFilterChain.doFilter(FilterChainProxy.java:334)
	at org.springframework.security.web.header.HeaderWriterFilter.doFilterInternal(HeaderWriterFilter.java:66)
	at org.springframework.web.filter.OncePerRequestFilter.doFilter(OncePerRequestFilter.java:107)
	at org.springframework.security.web.FilterChainProxy$VirtualFilterChain.doFilter(FilterChainProxy.java:334)
	at org.springframework.security.web.context.SecurityContextPersistenceFilter.doFilter(SecurityContextPersistenceFilter.java:105)
	at org.springframework.security.web.FilterChainProxy$VirtualFilterChain.doFilter(FilterChainProxy.java:334)
	at org.springframework.security.web.context.request.async.WebAsyncManagerIntegrationFilter.doFilterInternal(WebAsyncManagerIntegrationFilter.java:56)
	at org.springframework.web.filter.OncePerRequestFilter.doFilter(OncePerRequestFilter.java:107)
	at org.springframework.security.web.FilterChainProxy$VirtualFilterChain.doFilter(FilterChainProxy.java:334)
	at org.springframework.security.web.FilterChainProxy.doFilterInternal(FilterChainProxy.java:215)
	at org.springframework.security.web.FilterChainProxy.doFilter(FilterChainProxy.java:178)
	at org.springframework.web.filter.DelegatingFilterProxy.invokeDelegate(DelegatingFilterProxy.java:357)
	at org.springframework.web.filter.DelegatingFilterProxy.doFilter(DelegatingFilterProxy.java:270)
	at org.apache.catalina.core.ApplicationFilterChain.internalDoFilter(ApplicationFilterChain.java:193)
	at org.apache.catalina.core.ApplicationFilterChain.doFilter(ApplicationFilterChain.java:166)
	at org.springframework.boot.actuate.metrics.web.servlet.WebMvcMetricsFilter.filterAndRecordMetrics(WebMvcMetricsFilter.java:155)
	at org.springframework.boot.actuate.metrics.web.servlet.WebMvcMetricsFilter.filterAndRecordMetrics(WebMvcMetricsFilter.java:123)
	at org.springframework.boot.actuate.metrics.web.servlet.WebMvcMetricsFilter.doFilterInternal(WebMvcMetricsFilter.java:108)
	at org.springframework.web.filter.OncePerRequestFilter.doFilter(OncePerRequestFilter.java:107)
	at org.apache.catalina.core.ApplicationFilterChain.internalDoFilter(ApplicationFilterChain.java:193)
	at org.apache.catalina.core.ApplicationFilterChain.doFilter(ApplicationFilterChain.java:166)
	at org.springframework.web.filter.CharacterEncodingFilter.doFilterInternal(CharacterEncodingFilter.java:200)
	at org.springframework.web.filter.OncePerRequestFilter.doFilter(OncePerRequestFilter.java:107)
	at org.apache.catalina.core.ApplicationFilterChain.internalDoFilter(ApplicationFilterChain.java:193)
	at org.apache.catalina.core.ApplicationFilterChain.doFilter(ApplicationFilterChain.java:166)
	at org.apache.catalina.core.StandardWrapperValve.invoke(StandardWrapperValve.java:198)
	at org.apache.catalina.core.StandardContextValve.invoke(StandardContextValve.java:96)
	at org.apache.catalina.authenticator.AuthenticatorBase.invoke(AuthenticatorBase.java:493)
	at org.apache.catalina.core.StandardHostValve.invoke(StandardHostValve.java:140)
	at org.apache.catalina.valves.ErrorReportValve.invoke(ErrorReportValve.java:81)
	at org.apache.catalina.core.StandardEngineValve.invoke(StandardEngineValve.java:87)
	at org.apache.catalina.connector.CoyoteAdapter.service(CoyoteAdapter.java:342)
	at org.apache.coyote.http11.Http11Processor.service(Http11Processor.java:800)
	at org.apache.coyote.AbstractProcessorLight.process(AbstractProcessorLight.java:66)
	at org.apache.coyote.AbstractProtocol$ConnectionHandler.process(AbstractProtocol.java:806)
	at org.apache.tomcat.util.net.NioEndpoint$SocketProcessor.doRun(NioEndpoint.java:1498)
	at org.apache.tomcat.util.net.SocketProcessorBase.run(SocketProcessorBase.java:49)
	at java.util.concurrent.ThreadPoolExecutor.runWorker(ThreadPoolExecutor.java:1149)
	at java.util.concurrent.ThreadPoolExecutor$Worker.run(ThreadPoolExecutor.java:624)
	at org.apache.tomcat.util.threads.TaskThread$WrappingRunnable.run(TaskThread.java:61)
	at java.lang.Thread.run(Thread.java:748)
2020-12-07 14:57:37,003 DEBUG org.apache.commons.logging.impl.Jdk14Logger [http-nio-8080-exec-6] Before request [uri=/notification/send]
2020-12-07 14:57:37,006 DEBUG org.apache.commons.logging.impl.Jdk14Logger [http-nio-8080-exec-6] Before request [uri=/notification/send;client=0:0:0:0:0:0:0:1;user=sridhar]
2020-12-07 14:59:10,458 INFO org.apache.commons.logging.impl.Jdk14Logger [main] Refreshing org.springframework.context.annotation.AnnotationConfigApplicationContext@5bf8fa12: startup date [Mon Dec 07 14:59:10 IST 2020]; root of context hierarchy
2020-12-07 14:59:10,716 INFO org.apache.commons.logging.impl.Jdk14Logger [main] JSR-330 'javax.inject.Inject' annotation found and supported for autowiring
2020-12-07 14:59:10,796 INFO org.apache.commons.logging.impl.Jdk14Logger [main] Bean 'configurationPropertiesRebinderAutoConfiguration' of type [org.springframework.cloud.autoconfigure.ConfigurationPropertiesRebinderAutoConfiguration$$EnhancerBySpringCGLIB$$8f69be5c] is not eligible for getting processed by all BeanPostProcessors (for example: not eligible for auto-proxying)
2020-12-07 14:59:21,052 INFO org.apache.commons.logging.impl.Jdk14Logger [main] No active profile set, falling back to default profiles: default
2020-12-07 14:59:21,070 INFO org.apache.commons.logging.impl.Jdk14Logger [main] Refreshing org.springframework.boot.web.servlet.context.AnnotationConfigServletWebServerApplicationContext@581d969c: startup date [Mon Dec 07 14:59:21 IST 2020]; parent: org.springframework.context.annotation.AnnotationConfigApplicationContext@5bf8fa12
2020-12-07 14:59:22,723 INFO org.apache.commons.logging.impl.Jdk14Logger [main] Overriding bean definition for bean 'counterFactory' with a different definition: replacing [Root bean: class [null]; scope=; abstract=false; lazyInit=false; autowireMode=3; dependencyCheck=0; autowireCandidate=true; primary=false; factoryBeanName=org.springframework.cloud.netflix.zuul.ZuulServerAutoConfiguration$ZuulMetricsConfiguration; factoryMethodName=counterFactory; initMethodName=null; destroyMethodName=(inferred); defined in class path resource [org/springframework/cloud/netflix/zuul/ZuulServerAutoConfiguration$ZuulMetricsConfiguration.class]] with [Root bean: class [null]; scope=; abstract=false; lazyInit=false; autowireMode=3; dependencyCheck=0; autowireCandidate=true; primary=false; factoryBeanName=org.springframework.cloud.netflix.zuul.ZuulServerAutoConfiguration$ZuulCounterFactoryConfiguration; factoryMethodName=counterFactory; initMethodName=null; destroyMethodName=(inferred); defined in class path resource [org/springframework/cloud/netflix/zuul/ZuulServerAutoConfiguration$ZuulCounterFactoryConfiguration.class]]
2020-12-07 14:59:22,834 INFO org.apache.commons.logging.impl.Jdk14Logger [main] Overriding bean definition for bean 'dataSource' with a different definition: replacing [Root bean: class [null]; scope=refresh; abstract=false; lazyInit=false; autowireMode=3; dependencyCheck=0; autowireCandidate=false; primary=false; factoryBeanName=org.springframework.boot.autoconfigure.jdbc.DataSourceConfiguration$Hikari; factoryMethodName=dataSource; initMethodName=null; destroyMethodName=(inferred); defined in class path resource [org/springframework/boot/autoconfigure/jdbc/DataSourceConfiguration$Hikari.class]] with [Root bean: class [org.springframework.aop.scope.ScopedProxyFactoryBean]; scope=; abstract=false; lazyInit=false; autowireMode=0; dependencyCheck=0; autowireCandidate=true; primary=false; factoryBeanName=null; factoryMethodName=null; initMethodName=null; destroyMethodName=null; defined in BeanDefinition defined in class path resource [org/springframework/boot/autoconfigure/jdbc/DataSourceConfiguration$Hikari.class]]
2020-12-07 14:59:23,139 INFO org.apache.commons.logging.impl.Jdk14Logger [main] BeanFactory id=b4f24e58-3858-3ca6-a361-4ffb85feed58
2020-12-07 14:59:23,198 INFO org.apache.commons.logging.impl.Jdk14Logger [main] JSR-330 'javax.inject.Inject' annotation found and supported for autowiring
2020-12-07 14:59:23,413 INFO org.apache.commons.logging.impl.Jdk14Logger [main] Bean 'org.springframework.ws.config.annotation.DelegatingWsConfiguration' of type [org.springframework.ws.config.annotation.DelegatingWsConfiguration$$EnhancerBySpringCGLIB$$17e7805e] is not eligible for getting processed by all BeanPostProcessors (for example: not eligible for auto-proxying)
2020-12-07 14:59:23,456 INFO org.apache.commons.logging.impl.Jdk14Logger [main] Supporting [WS-Addressing August 2004, WS-Addressing 1.0]
2020-12-07 14:59:23,564 INFO org.apache.commons.logging.impl.Jdk14Logger [main] Bean 'org.springframework.transaction.annotation.ProxyTransactionManagementConfiguration' of type [org.springframework.transaction.annotation.ProxyTransactionManagementConfiguration$$EnhancerBySpringCGLIB$$734fbb5f] is not eligible for getting processed by all BeanPostProcessors (for example: not eligible for auto-proxying)
2020-12-07 14:59:23,782 INFO org.apache.commons.logging.impl.Jdk14Logger [main] Bean 'org.springframework.security.config.annotation.configuration.ObjectPostProcessorConfiguration' of type [org.springframework.security.config.annotation.configuration.ObjectPostProcessorConfiguration$$EnhancerBySpringCGLIB$$bfd8399] is not eligible for getting processed by all BeanPostProcessors (for example: not eligible for auto-proxying)
2020-12-07 14:59:23,795 INFO org.apache.commons.logging.impl.Jdk14Logger [main] Bean 'objectPostProcessor' of type [org.springframework.security.config.annotation.configuration.AutowireBeanFactoryObjectPostProcessor] is not eligible for getting processed by all BeanPostProcessors (for example: not eligible for auto-proxying)
2020-12-07 14:59:23,800 INFO org.apache.commons.logging.impl.Jdk14Logger [main] Bean 'org.springframework.security.access.expression.method.DefaultMethodSecurityExpressionHandler@6371cf2f' of type [org.springframework.security.access.expression.method.DefaultMethodSecurityExpressionHandler] is not eligible for getting processed by all BeanPostProcessors (for example: not eligible for auto-proxying)
2020-12-07 14:59:23,815 INFO org.apache.commons.logging.impl.Jdk14Logger [main] Bean 'org.springframework.security.config.annotation.method.configuration.GlobalMethodSecurityConfiguration' of type [org.springframework.security.config.annotation.method.configuration.GlobalMethodSecurityConfiguration$$EnhancerBySpringCGLIB$$30d2264b] is not eligible for getting processed by all BeanPostProcessors (for example: not eligible for auto-proxying)
2020-12-07 14:59:23,832 INFO org.apache.commons.logging.impl.Jdk14Logger [main] Bean 'methodSecurityMetadataSource' of type [org.springframework.security.access.method.DelegatingMethodSecurityMetadataSource] is not eligible for getting processed by all BeanPostProcessors (for example: not eligible for auto-proxying)
2020-12-07 14:59:23,907 INFO org.apache.commons.logging.impl.Jdk14Logger [main] Bean 'org.springframework.cloud.autoconfigure.ConfigurationPropertiesRebinderAutoConfiguration' of type [org.springframework.cloud.autoconfigure.ConfigurationPropertiesRebinderAutoConfiguration$$EnhancerBySpringCGLIB$$8f69be5c] is not eligible for getting processed by all BeanPostProcessors (for example: not eligible for auto-proxying)
2020-12-07 14:59:24,552 INFO org.apache.commons.logging.impl.Jdk14Logger [main] Tomcat initialized with port(s): 8080 (http)
2020-12-07 14:59:24,576 INFO org.apache.juli.logging.DirectJDKLog [main] Initializing ProtocolHandler ["http-nio-8080"]
2020-12-07 14:59:24,598 INFO org.apache.juli.logging.DirectJDKLog [main] Starting service [Tomcat]
2020-12-07 14:59:24,598 INFO org.apache.juli.logging.DirectJDKLog [main] Starting Servlet Engine: Apache Tomcat/8.5.34
2020-12-07 14:59:24,613 INFO org.apache.juli.logging.DirectJDKLog [localhost-startStop-1] The APR based Apache Tomcat Native library which allows optimal performance in production environments was not found on the java.library.path: [/Users/bsridharpatnaik/Library/Java/Extensions:/Library/Java/Extensions:/Network/Library/Java/Extensions:/System/Library/Java/Extensions:/usr/lib/java:.]
2020-12-07 14:59:24,865 INFO org.apache.juli.logging.DirectJDKLog [localhost-startStop-1] Initializing Spring embedded WebApplicationContext
2020-12-07 14:59:24,866 INFO org.apache.commons.logging.impl.Jdk14Logger [localhost-startStop-1] Root WebApplicationContext: initialization completed in 3796 ms
2020-12-07 14:59:25,182 WARN com.netflix.config.sources.URLConfigurationSource [localhost-startStop-1] No URLs will be polled as dynamic configuration sources.
2020-12-07 14:59:25,182 INFO com.netflix.config.sources.URLConfigurationSource [localhost-startStop-1] To enable URLs as dynamic configuration sources, define System property archaius.configurationSource.additionalUrls or make config.properties available on classpath.
2020-12-07 14:59:25,195 INFO com.netflix.config.DynamicPropertyFactory [localhost-startStop-1] DynamicPropertyFactory is initialized with configuration sources: com.netflix.config.ConcurrentCompositeConfiguration@fadbec4
2020-12-07 14:59:26,912 INFO com.zaxxer.hikari.HikariDataSource [localhost-startStop-1] HikariPool-1 - Starting...
2020-12-07 14:59:27,240 INFO com.zaxxer.hikari.HikariDataSource [localhost-startStop-1] HikariPool-1 - Start completed.
2020-12-07 14:59:27,312 INFO org.apache.commons.logging.impl.Jdk14Logger [localhost-startStop-1] Building JPA container EntityManagerFactory for persistence unit 'default'
2020-12-07 14:59:27,330 INFO org.hibernate.jpa.internal.util.LogHelper [localhost-startStop-1] HHH000204: Processing PersistenceUnitInfo [name: default]
2020-12-07 14:59:27,460 INFO org.hibernate.Version [localhost-startStop-1] HHH000412: Hibernate ORM core version 5.4.22.Final
2020-12-07 14:59:27,678 INFO org.hibernate.annotations.common.reflection.java.JavaReflectionManager [localhost-startStop-1] HCANN000001: Hibernate Commons Annotations {5.1.0.Final}
2020-12-07 14:59:27,920 INFO org.hibernate.dialect.Dialect [localhost-startStop-1] HHH000400: Using dialect: org.hibernate.dialect.MySQL5InnoDBDialect
2020-12-07 14:59:27,984 INFO org.hibernate.envers.boot.internal.EnversServiceImpl [localhost-startStop-1] Envers integration enabled? : true
2020-12-07 14:59:29,627 INFO org.hibernate.engine.transaction.jta.platform.internal.JtaPlatformInitiator [localhost-startStop-1] HHH000490: Using JtaPlatform implementation: [org.hibernate.engine.transaction.jta.platform.internal.NoJtaPlatform]
2020-12-07 14:59:29,640 INFO org.apache.commons.logging.impl.Jdk14Logger [localhost-startStop-1] Initialized JPA EntityManagerFactory for persistence unit 'default'
2020-12-07 14:59:30,487 INFO org.apache.commons.logging.impl.Jdk14Logger [localhost-startStop-1] Mapping filter: 'characterEncodingFilter' to: [/*]
2020-12-07 14:59:30,487 INFO org.apache.commons.logging.impl.Jdk14Logger [localhost-startStop-1] Mapping filter: 'webMvcMetricsFilter' to: [/*]
2020-12-07 14:59:30,488 INFO org.apache.commons.logging.impl.Jdk14Logger [localhost-startStop-1] Mapping filter: 'springSecurityFilterChain' to: [/*]
2020-12-07 14:59:30,489 INFO org.apache.commons.logging.impl.Jdk14Logger [localhost-startStop-1] Mapping filter: 'httpTraceFilter' to: [/*]
2020-12-07 14:59:30,489 INFO org.apache.commons.logging.impl.Jdk14Logger [localhost-startStop-1] Mapping filter: 'jwtRequestFilter' to: [/*]
2020-12-07 14:59:30,489 INFO org.apache.commons.logging.impl.Jdk14Logger [localhost-startStop-1] Mapping filter: 'logFilter' to: [/*]
2020-12-07 14:59:30,489 INFO org.apache.commons.logging.impl.Jdk14Logger [localhost-startStop-1] Mapping filter: 'requestLoggingFilter' to: [/*]
2020-12-07 14:59:30,490 INFO org.apache.commons.logging.impl.Jdk14Logger [localhost-startStop-1] Servlet dispatcherServlet mapped to [/]
2020-12-07 14:59:30,491 INFO org.apache.commons.logging.impl.Jdk14Logger [localhost-startStop-1] Servlet messageDispatcherServlet mapped to [/services/*]
2020-12-07 14:59:30,492 INFO org.apache.commons.logging.impl.Jdk14Logger [localhost-startStop-1] Servlet zuulServlet mapped to [/zuul/*]
2020-12-07 14:59:30,509 DEBUG org.apache.commons.logging.impl.Jdk14Logger [localhost-startStop-1] Initializing filter 'requestLoggingFilter'
2020-12-07 14:59:30,510 DEBUG org.apache.commons.logging.impl.Jdk14Logger [localhost-startStop-1] Filter 'requestLoggingFilter' configured successfully
2020-12-07 14:59:30,511 DEBUG org.apache.commons.logging.impl.Jdk14Logger [localhost-startStop-1] Initializing filter 'logFilter'
2020-12-07 14:59:30,511 DEBUG org.apache.commons.logging.impl.Jdk14Logger [localhost-startStop-1] Filter 'logFilter' configured successfully
2020-12-07 14:59:31,464 WARN org.apache.commons.logging.impl.Jdk14Logger [main] spring.jpa.open-in-view is enabled by default. Therefore, database queries may be performed during view rendering. Explicitly configure spring.jpa.open-in-view to disable this warning
2020-12-07 14:59:31,553 INFO org.apache.commons.logging.impl.Jdk14Logger [main] Mapped "{[/notification/send],methods=[POST]}" onto public java.lang.String com.ec.common.Controller.AndroidNotificationController.sendPnsToDevice(com.ec.common.Data.NotificationRequestDto) throws java.lang.Exception
2020-12-07 14:59:31,559 INFO org.apache.commons.logging.impl.Jdk14Logger [main] Mapped "{[/contact],methods=[GET],produces=[application/json || text/json]}" onto public com.ec.common.Data.ContactsWithTypeAhead com.ec.common.Controller.ContactController.returnAllContacts(java.lang.Integer,org.springframework.data.domain.Pageable)
2020-12-07 14:59:31,560 INFO org.apache.commons.logging.impl.Jdk14Logger [main] Mapped "{[/contact],methods=[POST],produces=[application/json || text/json]}" onto public com.ec.common.Data.ContactsWithTypeAhead com.ec.common.Controller.ContactController.returnFilteredContacts(com.ec.common.Filters.FilterDataList,org.springframework.data.domain.Pageable)
2020-12-07 14:59:31,561 INFO org.apache.commons.logging.impl.Jdk14Logger [main] Mapped "{[/contact/{id}],methods=[GET],produces=[application/json || text/json]}" onto public com.ec.common.Model.ContactAllInfo com.ec.common.Controller.ContactController.findContactbyvehicleNoContacts(long) throws java.lang.Exception
2020-12-07 14:59:31,562 INFO org.apache.commons.logging.impl.Jdk14Logger [main] Mapped "{[/contact/{id}],methods=[DELETE],produces=[application/json || text/json]}" onto public org.springframework.http.ResponseEntity<?> com.ec.common.Controller.ContactController.deleteContact(java.lang.Long) throws java.lang.Exception
2020-12-07 14:59:31,562 INFO org.apache.commons.logging.impl.Jdk14Logger [main] Mapped "{[/contact/create],methods=[POST],produces=[application/json || text/json]}" onto public com.ec.common.Model.ContactAllInfo com.ec.common.Controller.ContactController.createContact(com.ec.common.Model.ContactAllInfo) throws java.lang.Exception
2020-12-07 14:59:31,563 INFO org.apache.commons.logging.impl.Jdk14Logger [main] Mapped "{[/contact/{id}],methods=[PUT],produces=[application/json || text/json]}" onto public com.ec.common.Model.ContactAllInfo com.ec.common.Controller.ContactController.updateContact(java.lang.Long,com.ec.common.Model.ContactAllInfo) throws java.lang.Exception
2020-12-07 14:59:31,564 INFO org.apache.commons.logging.impl.Jdk14Logger [main] Mapped "{[/contact/iscontactused/{id}],methods=[GET],produces=[application/json || text/json]}" onto public java.lang.Boolean com.ec.common.Controller.ContactController.checkIfContactUsed(long) throws java.lang.Exception
2020-12-07 14:59:31,565 INFO org.apache.commons.logging.impl.Jdk14Logger [main] Mapped "{[/emailconfig],methods=[GET],produces=[application/json || text/json]}" onto public com.ec.common.Data.EmailConfigData com.ec.common.Controller.EmailController.returnEmailConfig()
2020-12-07 14:59:31,565 INFO org.apache.commons.logging.impl.Jdk14Logger [main] Mapped "{[/ec/login],methods=[POST],produces=[application/json || text/json]}" onto public org.springframework.http.ResponseEntity<?> com.ec.common.Controller.LoginController.login(com.ec.common.Data.UserSignInData) throws java.lang.Exception
2020-12-07 14:59:31,567 INFO org.apache.commons.logging.impl.Jdk14Logger [main] Mapped "{[/role],methods=[GET],produces=[application/json || text/json]}" onto public org.springframework.data.domain.Page<com.ec.common.Model.Role> com.ec.common.Controller.RoleController.returnAllRoles(org.springframework.data.domain.Pageable)
2020-12-07 14:59:31,568 INFO org.apache.commons.logging.impl.Jdk14Logger [main] Mapped "{[/role/create],methods=[POST],produces=[application/json || text/json]}" onto public com.ec.common.Model.Role com.ec.common.Controller.RoleController.createRole(com.ec.common.Model.Role) throws java.lang.Exception
2020-12-07 14:59:31,570 INFO org.apache.commons.logging.impl.Jdk14Logger [main] Mapped "{[/token],methods=[PUT],produces=[application/json || text/json]}" onto public void com.ec.common.Controller.TokenController.updateTokenForUser(com.ec.common.Data.TokenData) throws java.lang.Exception
2020-12-07 14:59:31,571 INFO org.apache.commons.logging.impl.Jdk14Logger [main] Mapped "{[/token],methods=[GET],produces=[application/json || text/json]}" onto public java.util.List<com.ec.common.Data.AndroidTokenDetailsDTO> com.ec.common.Controller.TokenController.getAllTokens()
2020-12-07 14:59:31,571 INFO org.apache.commons.logging.impl.Jdk14Logger [main] Mapped "{[/token],methods=[DELETE],produces=[application/json || text/json]}" onto public void com.ec.common.Controller.TokenController.DeleteToken() throws java.lang.Exception
2020-12-07 14:59:31,579 INFO org.apache.commons.logging.impl.Jdk14Logger [main] Mapped "{[/user/{id}],methods=[GET],produces=[application/json || text/json]}" onto public com.ec.common.Model.User com.ec.common.Controller.UserController.findUserByID(long) throws java.lang.Exception
2020-12-07 14:59:31,580 INFO org.apache.commons.logging.impl.Jdk14Logger [main] Mapped "{[/user/byid/{id}],methods=[GET],produces=[application/json || text/json]}" onto public com.ec.common.Data.UserReturnData com.ec.common.Controller.UserController.findLimitedDetailsForUserByID(long) throws java.lang.Exception
2020-12-07 14:59:31,581 INFO org.apache.commons.logging.impl.Jdk14Logger [main] Mapped "{[/user/byname/{name}],methods=[GET],produces=[application/json || text/json]}" onto public com.ec.common.Data.UserReturnData com.ec.common.Controller.UserController.findLimitedDetailsForUserByID(java.lang.String) throws java.lang.Exception
2020-12-07 14:59:31,582 INFO org.apache.commons.logging.impl.Jdk14Logger [main] Mapped "{[/user/list],methods=[GET],produces=[application/json || text/json]}" onto public java.util.List<com.ec.common.Data.UserReturnData> com.ec.common.Controller.UserController.findLimitedDetailsForUserByID() throws java.lang.Exception
2020-12-07 14:59:31,583 INFO org.apache.commons.logging.impl.Jdk14Logger [main] Mapped "{[/user/create],methods=[POST],produces=[application/json || text/json]}" onto public com.ec.common.Model.User com.ec.common.Controller.UserController.createUser(com.ec.common.Data.CreateUserData) throws java.lang.Exception
2020-12-07 14:59:31,584 INFO org.apache.commons.logging.impl.Jdk14Logger [main] Mapped "{[/user/{id}],methods=[PUT],produces=[application/json || text/json]}" onto public com.ec.common.Model.User com.ec.common.Controller.UserController.updateUser(java.lang.Long,com.ec.common.Data.CreateUserData) throws java.lang.Exception
2020-12-07 14:59:31,585 INFO org.apache.commons.logging.impl.Jdk14Logger [main] Mapped "{[/user/updatepassword],methods=[POST],produces=[application/json || text/json]}" onto public com.ec.common.Model.User com.ec.common.Controller.UserController.updateUser(com.ec.common.Data.ResetPasswordData) throws java.lang.Exception
2020-12-07 14:59:31,586 INFO org.apache.commons.logging.impl.Jdk14Logger [main] Mapped "{[/user],methods=[GET],produces=[application/json || text/json]}" onto public com.ec.common.Data.UserListWithTypeAheadData com.ec.common.Controller.UserController.returnAllUsers(org.springframework.data.domain.Pageable)
2020-12-07 14:59:31,587 INFO org.apache.commons.logging.impl.Jdk14Logger [main] Mapped "{[/user/updateroles],methods=[POST],produces=[application/json || text/json]}" onto public com.ec.common.Model.User com.ec.common.Controller.UserController.updateRolesForUser(com.ec.common.Data.UpdateRolesForUserData) throws java.lang.Exception
2020-12-07 14:59:31,588 INFO org.apache.commons.logging.impl.Jdk14Logger [main] Mapped "{[/user/me],methods=[GET],produces=[application/json]}" onto public com.ec.common.Data.UserReturnData com.ec.common.Controller.UserController.returnUserName()
2020-12-07 14:59:31,588 INFO org.apache.commons.logging.impl.Jdk14Logger [main] Mapped "{[/user],methods=[POST],produces=[application/json || text/json]}" onto public com.ec.common.Data.UserListWithTypeAheadData com.ec.common.Controller.UserController.returnFilteredContacts(com.ec.common.Filters.FilterDataList,org.springframework.data.domain.Pageable)
2020-12-07 14:59:31,592 INFO org.apache.commons.logging.impl.Jdk14Logger [main] Mapped "{[/error]}" onto public org.springframework.http.ResponseEntity<java.util.Map<java.lang.String, java.lang.Object>> org.springframework.boot.autoconfigure.web.servlet.error.BasicErrorController.error(javax.servlet.http.HttpServletRequest)
2020-12-07 14:59:31,593 INFO org.apache.commons.logging.impl.Jdk14Logger [main] Mapped "{[/error],produces=[text/html]}" onto public org.springframework.web.servlet.ModelAndView org.springframework.boot.autoconfigure.web.servlet.error.BasicErrorController.errorHtml(javax.servlet.http.HttpServletRequest,javax.servlet.http.HttpServletResponse)
2020-12-07 14:59:31,695 INFO org.apache.commons.logging.impl.Jdk14Logger [main] Mapped URL path [/eureka/**] onto handler of type [class org.springframework.web.servlet.resource.ResourceHttpRequestHandler]
2020-12-07 14:59:32,015 INFO org.apache.commons.logging.impl.Jdk14Logger [main] Looking for @ControllerAdvice: org.springframework.boot.web.servlet.context.AnnotationConfigServletWebServerApplicationContext@581d969c: startup date [Mon Dec 07 14:59:21 IST 2020]; parent: org.springframework.context.annotation.AnnotationConfigApplicationContext@5bf8fa12
2020-12-07 14:59:32,238 INFO org.apache.commons.logging.impl.Jdk14Logger [main] Creating filter chain: Ant [pattern='/*/'], []
2020-12-07 14:59:32,239 INFO org.apache.commons.logging.impl.Jdk14Logger [main] Creating filter chain: Ant [pattern='/eureka/**.**'], []
2020-12-07 14:59:32,239 INFO org.apache.commons.logging.impl.Jdk14Logger [main] Creating filter chain: Ant [pattern='/eureka/**'], []
2020-12-07 14:59:32,240 INFO org.apache.commons.logging.impl.Jdk14Logger [main] Creating filter chain: Ant [pattern='**/scripts/**.js'], []
2020-12-07 14:59:32,240 INFO org.apache.commons.logging.impl.Jdk14Logger [main] Creating filter chain: Ant [pattern='/**.jpg'], []
2020-12-07 14:59:32,240 INFO org.apache.commons.logging.impl.Jdk14Logger [main] Creating filter chain: Ant [pattern='/**.ico'], []
2020-12-07 14:59:32,240 INFO org.apache.commons.logging.impl.Jdk14Logger [main] Creating filter chain: Ant [pattern='/**.html'], []
2020-12-07 14:59:32,241 INFO org.apache.commons.logging.impl.Jdk14Logger [main] Creating filter chain: Ant [pattern='/header.html'], []
2020-12-07 14:59:32,241 INFO org.apache.commons.logging.impl.Jdk14Logger [main] Creating filter chain: Ant [pattern='**.html'], []
2020-12-07 14:59:32,241 INFO org.apache.commons.logging.impl.Jdk14Logger [main] Creating filter chain: Ant [pattern='/**.css'], []
2020-12-07 14:59:32,241 INFO org.apache.commons.logging.impl.Jdk14Logger [main] Creating filter chain: Ant [pattern='/**.js'], []
2020-12-07 14:59:32,242 INFO org.apache.commons.logging.impl.Jdk14Logger [main] Creating filter chain: Ant [pattern='/eureka/**/**'], []
2020-12-07 14:59:32,242 INFO org.apache.commons.logging.impl.Jdk14Logger [main] Creating filter chain: Ant [pattern='/**', OPTIONS], []
2020-12-07 14:59:32,426 INFO org.apache.commons.logging.impl.Jdk14Logger [main] Creating filter chain: org.springframework.security.web.util.matcher.AnyRequestMatcher@1, [org.springframework.security.web.context.request.async.WebAsyncManagerIntegrationFilter@780129bc, org.springframework.security.web.context.SecurityContextPersistenceFilter@177ddd24, org.springframework.security.web.header.HeaderWriterFilter@6e7e0259, org.springframework.web.filter.CorsFilter@3e2c4d4b, org.springframework.security.web.authentication.logout.LogoutFilter@79ba0285, com.ec.common.JWTUtils.JwtRequestFilter@4bfe28a5, org.springframework.security.web.savedrequest.RequestCacheAwareFilter@76db9048, org.springframework.security.web.servletapi.SecurityContextHolderAwareRequestFilter@2487e20, org.springframework.security.web.authentication.AnonymousAuthenticationFilter@44de8e00, org.springframework.security.web.session.SessionManagementFilter@40a8a26f, org.springframework.security.web.access.ExceptionTranslationFilter@4d2f9e3c, org.springframework.security.web.access.intercept.FilterSecurityInterceptor@5d96d434]
2020-12-07 14:59:32,534 WARN com.netflix.config.sources.URLConfigurationSource [main] No URLs will be polled as dynamic configuration sources.
2020-12-07 14:59:32,535 INFO com.netflix.config.sources.URLConfigurationSource [main] To enable URLs as dynamic configuration sources, define System property archaius.configurationSource.additionalUrls or make config.properties available on classpath.
2020-12-07 14:59:33,524 INFO org.apache.commons.logging.impl.Jdk14Logger [main] Exposing 2 endpoint(s) beneath base path '/actuator'
2020-12-07 14:59:33,556 INFO org.apache.commons.logging.impl.Jdk14Logger [main] Mapped "{[/actuator/health],methods=[GET],produces=[application/vnd.spring-boot.actuator.v2+json || application/json]}" onto public java.lang.Object org.springframework.boot.actuate.endpoint.web.servlet.AbstractWebMvcEndpointHandlerMapping$OperationHandler.handle(javax.servlet.http.HttpServletRequest,java.util.Map<java.lang.String, java.lang.String>)
2020-12-07 14:59:33,558 INFO org.apache.commons.logging.impl.Jdk14Logger [main] Mapped "{[/actuator/info],methods=[GET],produces=[application/vnd.spring-boot.actuator.v2+json || application/json]}" onto public java.lang.Object org.springframework.boot.actuate.endpoint.web.servlet.AbstractWebMvcEndpointHandlerMapping$OperationHandler.handle(javax.servlet.http.HttpServletRequest,java.util.Map<java.lang.String, java.lang.String>)
2020-12-07 14:59:33,561 INFO org.apache.commons.logging.impl.Jdk14Logger [main] Mapped "{[/actuator],methods=[GET],produces=[application/vnd.spring-boot.actuator.v2+json || application/json]}" onto protected java.util.Map<java.lang.String, java.util.Map<java.lang.String, org.springframework.boot.actuate.endpoint.web.Link>> org.springframework.boot.actuate.endpoint.web.servlet.WebMvcEndpointHandlerMapping.links(javax.servlet.http.HttpServletRequest,javax.servlet.http.HttpServletResponse)
2020-12-07 14:59:34,379 INFO org.apache.commons.logging.impl.Jdk14Logger [main] Starting filter initializer
2020-12-07 14:59:34,444 INFO org.apache.commons.logging.impl.Jdk14Logger [main] Registering beans for JMX exposure on startup
2020-12-07 14:59:34,449 INFO org.apache.commons.logging.impl.Jdk14Logger [main] Bean with name 'dataSource' has been autodetected for JMX exposure
2020-12-07 14:59:34,460 INFO org.apache.commons.logging.impl.Jdk14Logger [main] Bean with name 'environmentManager' has been autodetected for JMX exposure
2020-12-07 14:59:34,462 INFO org.apache.commons.logging.impl.Jdk14Logger [main] Bean with name 'refreshScope' has been autodetected for JMX exposure
2020-12-07 14:59:34,465 INFO org.apache.commons.logging.impl.Jdk14Logger [main] Bean with name 'configurationPropertiesRebinder' has been autodetected for JMX exposure
2020-12-07 14:59:34,470 INFO org.apache.commons.logging.impl.Jdk14Logger [main] Located managed bean 'environmentManager': registering with JMX server as MBean [gateway:name=environmentManager,type=EnvironmentManager]
2020-12-07 14:59:34,482 INFO org.apache.commons.logging.impl.Jdk14Logger [main] Located managed bean 'refreshScope': registering with JMX server as MBean [gateway:name=refreshScope,type=RefreshScope]
2020-12-07 14:59:34,502 INFO org.apache.commons.logging.impl.Jdk14Logger [main] Located managed bean 'configurationPropertiesRebinder': registering with JMX server as MBean [gateway:name=configurationPropertiesRebinder,context=581d969c,type=ConfigurationPropertiesRebinder]
2020-12-07 14:59:34,516 INFO org.apache.commons.logging.impl.Jdk14Logger [main] Located MBean 'dataSource': registering with JMX server as MBean [gateway:name=dataSource,type=HikariDataSource]
2020-12-07 14:59:34,545 INFO org.apache.juli.logging.DirectJDKLog [main] Starting ProtocolHandler ["http-nio-8080"]
2020-12-07 14:59:34,560 INFO org.apache.juli.logging.DirectJDKLog [main] Using a shared selector for servlet write/read
2020-12-07 14:59:34,598 INFO org.apache.commons.logging.impl.Jdk14Logger [main] Tomcat started on port(s): 8080 (http) with context path ''
2020-12-07 14:59:34,604 INFO org.apache.commons.logging.impl.Jdk14Logger [main] Started GatewayApplication in 35.049 seconds (JVM running for 41.052)
2020-12-07 14:59:39,688 INFO org.apache.juli.logging.DirectJDKLog [http-nio-8080-exec-2] Initializing Spring FrameworkServlet 'dispatcherServlet'
2020-12-07 14:59:39,689 INFO org.apache.commons.logging.impl.Jdk14Logger [http-nio-8080-exec-2] FrameworkServlet 'dispatcherServlet': initialization started
2020-12-07 14:59:39,774 INFO org.apache.commons.logging.impl.Jdk14Logger [http-nio-8080-exec-2] FrameworkServlet 'dispatcherServlet': initialization completed in 84 ms
2020-12-07 14:59:39,794 INFO org.apache.commons.logging.impl.Jdk14Logger [http-nio-8080-exec-2] Mapped URL path [/api/inventory/**] onto handler of type [class org.springframework.cloud.netflix.zuul.web.ZuulController]
2020-12-07 14:59:39,795 INFO org.apache.commons.logging.impl.Jdk14Logger [http-nio-8080-exec-2] Mapped URL path [/api/crm/**] onto handler of type [class org.springframework.cloud.netflix.zuul.web.ZuulController]
2020-12-07 14:59:40,688 DEBUG org.apache.commons.logging.impl.Jdk14Logger [http-nio-8080-exec-2] Before request [uri=/notification/send]
2020-12-07 14:59:40,689 DEBUG org.apache.commons.logging.impl.Jdk14Logger [http-nio-8080-exec-2] Before request [uri=/notification/send;client=0:0:0:0:0:0:0:1;user=sridhar]
2020-12-07 14:59:44,799 DEBUG org.apache.commons.logging.impl.Jdk14Logger [http-nio-8080-exec-2] After request [uri=/notification/send;client=0:0:0:0:0:0:0:1;user=sridhar;payload={
    "targetUserId":"10001",
    "title":"test",
    "body":"dsd"
}]
2020-12-07 14:59:44,800 DEBUG org.apache.commons.logging.impl.Jdk14Logger [http-nio-8080-exec-2] REQUEST DATA : uri=/notification/send;payload={
    "targetUserId":"10001",
    "title":"test",
    "body":"dsd"
}]
2020-12-07 15:02:38,232 DEBUG org.apache.commons.logging.impl.Jdk14Logger [http-nio-8080-exec-4] Before request [uri=/notification/send]
2020-12-07 15:02:38,235 DEBUG org.apache.commons.logging.impl.Jdk14Logger [http-nio-8080-exec-4] Before request [uri=/notification/send;client=0:0:0:0:0:0:0:1;user=sridhar]
2020-12-07 15:02:43,704 DEBUG org.apache.commons.logging.impl.Jdk14Logger [http-nio-8080-exec-4] After request [uri=/notification/send;client=0:0:0:0:0:0:0:1;user=sridhar;payload={
    "targetUserId":"10001",
    "title":"test",
    "body":"dsd"
}]
2020-12-07 15:02:43,706 DEBUG org.apache.commons.logging.impl.Jdk14Logger [http-nio-8080-exec-4] REQUEST DATA : uri=/notification/send;payload={
    "targetUserId":"10001",
    "title":"test",
    "body":"dsd"
}]
2020-12-07 15:04:30,695 DEBUG org.apache.commons.logging.impl.Jdk14Logger [http-nio-8080-exec-8] Before request [uri=/notification/send]
2020-12-07 15:04:30,700 DEBUG org.apache.commons.logging.impl.Jdk14Logger [http-nio-8080-exec-8] Before request [uri=/notification/send;client=0:0:0:0:0:0:0:1;user=sridhar]
2020-12-07 15:04:53,466 DEBUG org.apache.commons.logging.impl.Jdk14Logger [http-nio-8080-exec-8] After request [uri=/notification/send;client=0:0:0:0:0:0:0:1;user=sridhar;payload={
    "targetUserId":"10001",
    "title":"test",
    "body":"dsd"
}]
2020-12-07 15:04:53,467 DEBUG org.apache.commons.logging.impl.Jdk14Logger [http-nio-8080-exec-8] REQUEST DATA : uri=/notification/send;payload={
    "targetUserId":"10001",
    "title":"test",
    "body":"dsd"
}]
2020-12-07 15:05:56,755 DEBUG org.apache.commons.logging.impl.Jdk14Logger [http-nio-8080-exec-1] Before request [uri=/notification/send]
2020-12-07 15:05:56,758 DEBUG org.apache.commons.logging.impl.Jdk14Logger [http-nio-8080-exec-1] Before request [uri=/notification/send;client=0:0:0:0:0:0:0:1;user=sridhar]
2020-12-07 15:06:27,135 DEBUG org.apache.commons.logging.impl.Jdk14Logger [http-nio-8080-exec-1] After request [uri=/notification/send;client=0:0:0:0:0:0:0:1;user=sridhar;payload={
    "targetUserId":"10001",
    "title":"test",
    "body":"dsd"
}]
2020-12-07 15:06:27,141 DEBUG org.apache.commons.logging.impl.Jdk14Logger [http-nio-8080-exec-1] REQUEST DATA : uri=/notification/send;payload={
    "targetUserId":"10001",
    "title":"test",
    "body":"dsd"
}]
2020-12-07 15:07:47,210 INFO org.apache.commons.logging.impl.Jdk14Logger [main] Refreshing org.springframework.context.annotation.AnnotationConfigApplicationContext@36328d33: startup date [Mon Dec 07 15:07:47 IST 2020]; root of context hierarchy
2020-12-07 15:08:05,158 INFO org.apache.commons.logging.impl.Jdk14Logger [main] Refreshing org.springframework.context.annotation.AnnotationConfigApplicationContext@39de3d36: startup date [Mon Dec 07 15:08:05 IST 2020]; root of context hierarchy
2020-12-07 15:08:05,444 INFO org.apache.commons.logging.impl.Jdk14Logger [main] JSR-330 'javax.inject.Inject' annotation found and supported for autowiring
2020-12-07 15:08:05,525 INFO org.apache.commons.logging.impl.Jdk14Logger [main] Bean 'configurationPropertiesRebinderAutoConfiguration' of type [org.springframework.cloud.autoconfigure.ConfigurationPropertiesRebinderAutoConfiguration$$EnhancerBySpringCGLIB$$3705b530] is not eligible for getting processed by all BeanPostProcessors (for example: not eligible for auto-proxying)
2020-12-07 15:08:15,813 INFO org.apache.commons.logging.impl.Jdk14Logger [main] No active profile set, falling back to default profiles: default
2020-12-07 15:08:15,832 INFO org.apache.commons.logging.impl.Jdk14Logger [main] Refreshing org.springframework.boot.web.servlet.context.AnnotationConfigServletWebServerApplicationContext@5ed190be: startup date [Mon Dec 07 15:08:15 IST 2020]; parent: org.springframework.context.annotation.AnnotationConfigApplicationContext@39de3d36
2020-12-07 15:08:17,564 INFO org.apache.commons.logging.impl.Jdk14Logger [main] Overriding bean definition for bean 'counterFactory' with a different definition: replacing [Root bean: class [null]; scope=; abstract=false; lazyInit=false; autowireMode=3; dependencyCheck=0; autowireCandidate=true; primary=false; factoryBeanName=org.springframework.cloud.netflix.zuul.ZuulServerAutoConfiguration$ZuulMetricsConfiguration; factoryMethodName=counterFactory; initMethodName=null; destroyMethodName=(inferred); defined in class path resource [org/springframework/cloud/netflix/zuul/ZuulServerAutoConfiguration$ZuulMetricsConfiguration.class]] with [Root bean: class [null]; scope=; abstract=false; lazyInit=false; autowireMode=3; dependencyCheck=0; autowireCandidate=true; primary=false; factoryBeanName=org.springframework.cloud.netflix.zuul.ZuulServerAutoConfiguration$ZuulCounterFactoryConfiguration; factoryMethodName=counterFactory; initMethodName=null; destroyMethodName=(inferred); defined in class path resource [org/springframework/cloud/netflix/zuul/ZuulServerAutoConfiguration$ZuulCounterFactoryConfiguration.class]]
2020-12-07 15:08:17,681 INFO org.apache.commons.logging.impl.Jdk14Logger [main] Overriding bean definition for bean 'dataSource' with a different definition: replacing [Root bean: class [null]; scope=refresh; abstract=false; lazyInit=false; autowireMode=3; dependencyCheck=0; autowireCandidate=false; primary=false; factoryBeanName=org.springframework.boot.autoconfigure.jdbc.DataSourceConfiguration$Hikari; factoryMethodName=dataSource; initMethodName=null; destroyMethodName=(inferred); defined in class path resource [org/springframework/boot/autoconfigure/jdbc/DataSourceConfiguration$Hikari.class]] with [Root bean: class [org.springframework.aop.scope.ScopedProxyFactoryBean]; scope=; abstract=false; lazyInit=false; autowireMode=0; dependencyCheck=0; autowireCandidate=true; primary=false; factoryBeanName=null; factoryMethodName=null; initMethodName=null; destroyMethodName=null; defined in BeanDefinition defined in class path resource [org/springframework/boot/autoconfigure/jdbc/DataSourceConfiguration$Hikari.class]]
2020-12-07 15:08:17,984 INFO org.apache.commons.logging.impl.Jdk14Logger [main] BeanFactory id=b4f24e58-3858-3ca6-a361-4ffb85feed58
2020-12-07 15:08:18,027 INFO org.apache.commons.logging.impl.Jdk14Logger [main] JSR-330 'javax.inject.Inject' annotation found and supported for autowiring
2020-12-07 15:08:18,202 INFO org.apache.commons.logging.impl.Jdk14Logger [main] Bean 'org.springframework.ws.config.annotation.DelegatingWsConfiguration' of type [org.springframework.ws.config.annotation.DelegatingWsConfiguration$$EnhancerBySpringCGLIB$$bf837732] is not eligible for getting processed by all BeanPostProcessors (for example: not eligible for auto-proxying)
2020-12-07 15:08:18,264 INFO org.apache.commons.logging.impl.Jdk14Logger [main] Supporting [WS-Addressing August 2004, WS-Addressing 1.0]
2020-12-07 15:08:18,457 INFO org.apache.commons.logging.impl.Jdk14Logger [main] Bean 'org.springframework.transaction.annotation.ProxyTransactionManagementConfiguration' of type [org.springframework.transaction.annotation.ProxyTransactionManagementConfiguration$$EnhancerBySpringCGLIB$$1aebb233] is not eligible for getting processed by all BeanPostProcessors (for example: not eligible for auto-proxying)
2020-12-07 15:08:18,699 INFO org.apache.commons.logging.impl.Jdk14Logger [main] Bean 'org.springframework.security.config.annotation.configuration.ObjectPostProcessorConfiguration' of type [org.springframework.security.config.annotation.configuration.ObjectPostProcessorConfiguration$$EnhancerBySpringCGLIB$$b3997a6d] is not eligible for getting processed by all BeanPostProcessors (for example: not eligible for auto-proxying)
2020-12-07 15:08:18,716 INFO org.apache.commons.logging.impl.Jdk14Logger [main] Bean 'objectPostProcessor' of type [org.springframework.security.config.annotation.configuration.AutowireBeanFactoryObjectPostProcessor] is not eligible for getting processed by all BeanPostProcessors (for example: not eligible for auto-proxying)
2020-12-07 15:08:18,721 INFO org.apache.commons.logging.impl.Jdk14Logger [main] Bean 'org.springframework.security.access.expression.method.DefaultMethodSecurityExpressionHandler@6c33da7a' of type [org.springframework.security.access.expression.method.DefaultMethodSecurityExpressionHandler] is not eligible for getting processed by all BeanPostProcessors (for example: not eligible for auto-proxying)
2020-12-07 15:08:18,737 INFO org.apache.commons.logging.impl.Jdk14Logger [main] Bean 'org.springframework.security.config.annotation.method.configuration.GlobalMethodSecurityConfiguration' of type [org.springframework.security.config.annotation.method.configuration.GlobalMethodSecurityConfiguration$$EnhancerBySpringCGLIB$$d86e1d1f] is not eligible for getting processed by all BeanPostProcessors (for example: not eligible for auto-proxying)
2020-12-07 15:08:18,756 INFO org.apache.commons.logging.impl.Jdk14Logger [main] Bean 'methodSecurityMetadataSource' of type [org.springframework.security.access.method.DelegatingMethodSecurityMetadataSource] is not eligible for getting processed by all BeanPostProcessors (for example: not eligible for auto-proxying)
2020-12-07 15:08:18,816 INFO org.apache.commons.logging.impl.Jdk14Logger [main] Bean 'org.springframework.cloud.autoconfigure.ConfigurationPropertiesRebinderAutoConfiguration' of type [org.springframework.cloud.autoconfigure.ConfigurationPropertiesRebinderAutoConfiguration$$EnhancerBySpringCGLIB$$3705b530] is not eligible for getting processed by all BeanPostProcessors (for example: not eligible for auto-proxying)
2020-12-07 15:08:19,677 INFO org.apache.commons.logging.impl.Jdk14Logger [main] Tomcat initialized with port(s): 8080 (http)
2020-12-07 15:08:19,695 INFO org.apache.juli.logging.DirectJDKLog [main] Initializing ProtocolHandler ["http-nio-8080"]
2020-12-07 15:08:19,709 INFO org.apache.juli.logging.DirectJDKLog [main] Starting service [Tomcat]
2020-12-07 15:08:19,710 INFO org.apache.juli.logging.DirectJDKLog [main] Starting Servlet Engine: Apache Tomcat/8.5.34
2020-12-07 15:08:19,718 INFO org.apache.juli.logging.DirectJDKLog [localhost-startStop-1] The APR based Apache Tomcat Native library which allows optimal performance in production environments was not found on the java.library.path: [/Users/bsridharpatnaik/Library/Java/Extensions:/Library/Java/Extensions:/Network/Library/Java/Extensions:/System/Library/Java/Extensions:/usr/lib/java:.]
2020-12-07 15:08:19,902 INFO org.apache.juli.logging.DirectJDKLog [localhost-startStop-1] Initializing Spring embedded WebApplicationContext
2020-12-07 15:08:19,903 INFO org.apache.commons.logging.impl.Jdk14Logger [localhost-startStop-1] Root WebApplicationContext: initialization completed in 4071 ms
2020-12-07 15:08:20,342 WARN com.netflix.config.sources.URLConfigurationSource [localhost-startStop-1] No URLs will be polled as dynamic configuration sources.
2020-12-07 15:08:20,344 INFO com.netflix.config.sources.URLConfigurationSource [localhost-startStop-1] To enable URLs as dynamic configuration sources, define System property archaius.configurationSource.additionalUrls or make config.properties available on classpath.
2020-12-07 15:08:20,369 INFO com.netflix.config.DynamicPropertyFactory [localhost-startStop-1] DynamicPropertyFactory is initialized with configuration sources: com.netflix.config.ConcurrentCompositeConfiguration@43a41bd9
2020-12-07 15:08:22,180 INFO com.zaxxer.hikari.HikariDataSource [localhost-startStop-1] HikariPool-1 - Starting...
2020-12-07 15:08:22,431 INFO com.zaxxer.hikari.HikariDataSource [localhost-startStop-1] HikariPool-1 - Start completed.
2020-12-07 15:08:22,505 INFO org.apache.commons.logging.impl.Jdk14Logger [localhost-startStop-1] Building JPA container EntityManagerFactory for persistence unit 'default'
2020-12-07 15:08:22,522 INFO org.hibernate.jpa.internal.util.LogHelper [localhost-startStop-1] HHH000204: Processing PersistenceUnitInfo [name: default]
2020-12-07 15:08:22,705 INFO org.hibernate.Version [localhost-startStop-1] HHH000412: Hibernate ORM core version 5.4.22.Final
2020-12-07 15:08:22,951 INFO org.hibernate.annotations.common.reflection.java.JavaReflectionManager [localhost-startStop-1] HCANN000001: Hibernate Commons Annotations {5.1.0.Final}
2020-12-07 15:08:23,284 INFO org.hibernate.dialect.Dialect [localhost-startStop-1] HHH000400: Using dialect: org.hibernate.dialect.MySQL5InnoDBDialect
2020-12-07 15:08:23,351 INFO org.hibernate.envers.boot.internal.EnversServiceImpl [localhost-startStop-1] Envers integration enabled? : true
2020-12-07 15:08:24,743 INFO org.hibernate.engine.transaction.jta.platform.internal.JtaPlatformInitiator [localhost-startStop-1] HHH000490: Using JtaPlatform implementation: [org.hibernate.engine.transaction.jta.platform.internal.NoJtaPlatform]
2020-12-07 15:08:24,755 INFO org.apache.commons.logging.impl.Jdk14Logger [localhost-startStop-1] Initialized JPA EntityManagerFactory for persistence unit 'default'
2020-12-07 15:08:25,661 INFO org.apache.commons.logging.impl.Jdk14Logger [localhost-startStop-1] Mapping filter: 'characterEncodingFilter' to: [/*]
2020-12-07 15:08:25,662 INFO org.apache.commons.logging.impl.Jdk14Logger [localhost-startStop-1] Mapping filter: 'webMvcMetricsFilter' to: [/*]
2020-12-07 15:08:25,664 INFO org.apache.commons.logging.impl.Jdk14Logger [localhost-startStop-1] Mapping filter: 'springSecurityFilterChain' to: [/*]
2020-12-07 15:08:25,664 INFO org.apache.commons.logging.impl.Jdk14Logger [localhost-startStop-1] Mapping filter: 'httpTraceFilter' to: [/*]
2020-12-07 15:08:25,664 INFO org.apache.commons.logging.impl.Jdk14Logger [localhost-startStop-1] Mapping filter: 'jwtRequestFilter' to: [/*]
2020-12-07 15:08:25,664 INFO org.apache.commons.logging.impl.Jdk14Logger [localhost-startStop-1] Mapping filter: 'logFilter' to: [/*]
2020-12-07 15:08:25,665 INFO org.apache.commons.logging.impl.Jdk14Logger [localhost-startStop-1] Mapping filter: 'requestLoggingFilter' to: [/*]
2020-12-07 15:08:25,666 INFO org.apache.commons.logging.impl.Jdk14Logger [localhost-startStop-1] Servlet dispatcherServlet mapped to [/]
2020-12-07 15:08:25,667 INFO org.apache.commons.logging.impl.Jdk14Logger [localhost-startStop-1] Servlet messageDispatcherServlet mapped to [/services/*]
2020-12-07 15:08:25,668 INFO org.apache.commons.logging.impl.Jdk14Logger [localhost-startStop-1] Servlet zuulServlet mapped to [/zuul/*]
2020-12-07 15:08:25,687 DEBUG org.apache.commons.logging.impl.Jdk14Logger [localhost-startStop-1] Initializing filter 'requestLoggingFilter'
2020-12-07 15:08:25,687 DEBUG org.apache.commons.logging.impl.Jdk14Logger [localhost-startStop-1] Filter 'requestLoggingFilter' configured successfully
2020-12-07 15:08:25,688 DEBUG org.apache.commons.logging.impl.Jdk14Logger [localhost-startStop-1] Initializing filter 'logFilter'
2020-12-07 15:08:25,689 DEBUG org.apache.commons.logging.impl.Jdk14Logger [localhost-startStop-1] Filter 'logFilter' configured successfully
2020-12-07 15:08:26,728 WARN org.apache.commons.logging.impl.Jdk14Logger [main] spring.jpa.open-in-view is enabled by default. Therefore, database queries may be performed during view rendering. Explicitly configure spring.jpa.open-in-view to disable this warning
2020-12-07 15:08:26,822 INFO org.apache.commons.logging.impl.Jdk14Logger [main] Mapped "{[/notification/send],methods=[POST]}" onto public java.lang.String com.ec.common.Controller.AndroidNotificationController.sendPnsToDevice(com.ec.common.Data.NotificationRequestDto) throws java.lang.Exception
2020-12-07 15:08:26,829 INFO org.apache.commons.logging.impl.Jdk14Logger [main] Mapped "{[/contact],methods=[GET],produces=[application/json || text/json]}" onto public com.ec.common.Data.ContactsWithTypeAhead com.ec.common.Controller.ContactController.returnAllContacts(java.lang.Integer,org.springframework.data.domain.Pageable)
2020-12-07 15:08:26,830 INFO org.apache.commons.logging.impl.Jdk14Logger [main] Mapped "{[/contact],methods=[POST],produces=[application/json || text/json]}" onto public com.ec.common.Data.ContactsWithTypeAhead com.ec.common.Controller.ContactController.returnFilteredContacts(com.ec.common.Filters.FilterDataList,org.springframework.data.domain.Pageable)
2020-12-07 15:08:26,831 INFO org.apache.commons.logging.impl.Jdk14Logger [main] Mapped "{[/contact/{id}],methods=[GET],produces=[application/json || text/json]}" onto public com.ec.common.Model.ContactAllInfo com.ec.common.Controller.ContactController.findContactbyvehicleNoContacts(long) throws java.lang.Exception
2020-12-07 15:08:26,832 INFO org.apache.commons.logging.impl.Jdk14Logger [main] Mapped "{[/contact/{id}],methods=[DELETE],produces=[application/json || text/json]}" onto public org.springframework.http.ResponseEntity<?> com.ec.common.Controller.ContactController.deleteContact(java.lang.Long) throws java.lang.Exception
2020-12-07 15:08:26,833 INFO org.apache.commons.logging.impl.Jdk14Logger [main] Mapped "{[/contact/create],methods=[POST],produces=[application/json || text/json]}" onto public com.ec.common.Model.ContactAllInfo com.ec.common.Controller.ContactController.createContact(com.ec.common.Model.ContactAllInfo) throws java.lang.Exception
2020-12-07 15:08:26,834 INFO org.apache.commons.logging.impl.Jdk14Logger [main] Mapped "{[/contact/{id}],methods=[PUT],produces=[application/json || text/json]}" onto public com.ec.common.Model.ContactAllInfo com.ec.common.Controller.ContactController.updateContact(java.lang.Long,com.ec.common.Model.ContactAllInfo) throws java.lang.Exception
2020-12-07 15:08:26,834 INFO org.apache.commons.logging.impl.Jdk14Logger [main] Mapped "{[/contact/iscontactused/{id}],methods=[GET],produces=[application/json || text/json]}" onto public java.lang.Boolean com.ec.common.Controller.ContactController.checkIfContactUsed(long) throws java.lang.Exception
2020-12-07 15:08:26,836 INFO org.apache.commons.logging.impl.Jdk14Logger [main] Mapped "{[/emailconfig],methods=[GET],produces=[application/json || text/json]}" onto public com.ec.common.Data.EmailConfigData com.ec.common.Controller.EmailController.returnEmailConfig()
2020-12-07 15:08:26,838 INFO org.apache.commons.logging.impl.Jdk14Logger [main] Mapped "{[/ec/login],methods=[POST],produces=[application/json || text/json]}" onto public org.springframework.http.ResponseEntity<?> com.ec.common.Controller.LoginController.login(com.ec.common.Data.UserSignInData) throws java.lang.Exception
2020-12-07 15:08:26,840 INFO org.apache.commons.logging.impl.Jdk14Logger [main] Mapped "{[/role],methods=[GET],produces=[application/json || text/json]}" onto public org.springframework.data.domain.Page<com.ec.common.Model.Role> com.ec.common.Controller.RoleController.returnAllRoles(org.springframework.data.domain.Pageable)
2020-12-07 15:08:26,841 INFO org.apache.commons.logging.impl.Jdk14Logger [main] Mapped "{[/role/create],methods=[POST],produces=[application/json || text/json]}" onto public com.ec.common.Model.Role com.ec.common.Controller.RoleController.createRole(com.ec.common.Model.Role) throws java.lang.Exception
2020-12-07 15:08:26,843 INFO org.apache.commons.logging.impl.Jdk14Logger [main] Mapped "{[/token],methods=[PUT],produces=[application/json || text/json]}" onto public void com.ec.common.Controller.TokenController.updateTokenForUser(com.ec.common.Data.TokenData) throws java.lang.Exception
2020-12-07 15:08:26,844 INFO org.apache.commons.logging.impl.Jdk14Logger [main] Mapped "{[/token],methods=[GET],produces=[application/json || text/json]}" onto public java.util.List<com.ec.common.Data.AndroidTokenDetailsDTO> com.ec.common.Controller.TokenController.getAllTokens()
2020-12-07 15:08:26,844 INFO org.apache.commons.logging.impl.Jdk14Logger [main] Mapped "{[/token],methods=[DELETE],produces=[application/json || text/json]}" onto public void com.ec.common.Controller.TokenController.DeleteToken() throws java.lang.Exception
2020-12-07 15:08:26,852 INFO org.apache.commons.logging.impl.Jdk14Logger [main] Mapped "{[/user],methods=[GET],produces=[application/json || text/json]}" onto public com.ec.common.Data.UserListWithTypeAheadData com.ec.common.Controller.UserController.returnAllUsers(org.springframework.data.domain.Pageable)
2020-12-07 15:08:26,856 INFO org.apache.commons.logging.impl.Jdk14Logger [main] Mapped "{[/user/create],methods=[POST],produces=[application/json || text/json]}" onto public com.ec.common.Model.User com.ec.common.Controller.UserController.createUser(com.ec.common.Data.CreateUserData) throws java.lang.Exception
2020-12-07 15:08:26,857 INFO org.apache.commons.logging.impl.Jdk14Logger [main] Mapped "{[/user/updatepassword],methods=[POST],produces=[application/json || text/json]}" onto public com.ec.common.Model.User com.ec.common.Controller.UserController.updateUser(com.ec.common.Data.ResetPasswordData) throws java.lang.Exception
2020-12-07 15:08:26,859 INFO org.apache.commons.logging.impl.Jdk14Logger [main] Mapped "{[/user/{id}],methods=[PUT],produces=[application/json || text/json]}" onto public com.ec.common.Model.User com.ec.common.Controller.UserController.updateUser(java.lang.Long,com.ec.common.Data.CreateUserData) throws java.lang.Exception
2020-12-07 15:08:26,860 INFO org.apache.commons.logging.impl.Jdk14Logger [main] Mapped "{[/user/{id}],methods=[GET],produces=[application/json || text/json]}" onto public com.ec.common.Model.User com.ec.common.Controller.UserController.findUserByID(long) throws java.lang.Exception
2020-12-07 15:08:26,861 INFO org.apache.commons.logging.impl.Jdk14Logger [main] Mapped "{[/user/byid/{id}],methods=[GET],produces=[application/json || text/json]}" onto public com.ec.common.Data.UserReturnData com.ec.common.Controller.UserController.findLimitedDetailsForUserByID(long) throws java.lang.Exception
2020-12-07 15:08:26,862 INFO org.apache.commons.logging.impl.Jdk14Logger [main] Mapped "{[/user/list],methods=[GET],produces=[application/json || text/json]}" onto public java.util.List<com.ec.common.Data.UserReturnData> com.ec.common.Controller.UserController.findLimitedDetailsForUserByID() throws java.lang.Exception
2020-12-07 15:08:26,863 INFO org.apache.commons.logging.impl.Jdk14Logger [main] Mapped "{[/user/byname/{name}],methods=[GET],produces=[application/json || text/json]}" onto public com.ec.common.Data.UserReturnData com.ec.common.Controller.UserController.findLimitedDetailsForUserByID(java.lang.String) throws java.lang.Exception
2020-12-07 15:08:26,864 INFO org.apache.commons.logging.impl.Jdk14Logger [main] Mapped "{[/user/updateroles],methods=[POST],produces=[application/json || text/json]}" onto public com.ec.common.Model.User com.ec.common.Controller.UserController.updateRolesForUser(com.ec.common.Data.UpdateRolesForUserData) throws java.lang.Exception
2020-12-07 15:08:26,865 INFO org.apache.commons.logging.impl.Jdk14Logger [main] Mapped "{[/user/me],methods=[GET],produces=[application/json]}" onto public com.ec.common.Data.UserReturnData com.ec.common.Controller.UserController.returnUserName()
2020-12-07 15:08:26,866 INFO org.apache.commons.logging.impl.Jdk14Logger [main] Mapped "{[/user],methods=[POST],produces=[application/json || text/json]}" onto public com.ec.common.Data.UserListWithTypeAheadData com.ec.common.Controller.UserController.returnFilteredContacts(com.ec.common.Filters.FilterDataList,org.springframework.data.domain.Pageable)
2020-12-07 15:08:26,871 INFO org.apache.commons.logging.impl.Jdk14Logger [main] Mapped "{[/error]}" onto public org.springframework.http.ResponseEntity<java.util.Map<java.lang.String, java.lang.Object>> org.springframework.boot.autoconfigure.web.servlet.error.BasicErrorController.error(javax.servlet.http.HttpServletRequest)
2020-12-07 15:08:26,872 INFO org.apache.commons.logging.impl.Jdk14Logger [main] Mapped "{[/error],produces=[text/html]}" onto public org.springframework.web.servlet.ModelAndView org.springframework.boot.autoconfigure.web.servlet.error.BasicErrorController.errorHtml(javax.servlet.http.HttpServletRequest,javax.servlet.http.HttpServletResponse)
2020-12-07 15:08:26,975 INFO org.apache.commons.logging.impl.Jdk14Logger [main] Mapped URL path [/eureka/**] onto handler of type [class org.springframework.web.servlet.resource.ResourceHttpRequestHandler]
2020-12-07 15:08:27,313 INFO org.apache.commons.logging.impl.Jdk14Logger [main] Looking for @ControllerAdvice: org.springframework.boot.web.servlet.context.AnnotationConfigServletWebServerApplicationContext@5ed190be: startup date [Mon Dec 07 15:08:15 IST 2020]; parent: org.springframework.context.annotation.AnnotationConfigApplicationContext@39de3d36
2020-12-07 15:08:27,535 INFO org.apache.commons.logging.impl.Jdk14Logger [main] Creating filter chain: Ant [pattern='/*/'], []
2020-12-07 15:08:27,535 INFO org.apache.commons.logging.impl.Jdk14Logger [main] Creating filter chain: Ant [pattern='/eureka/**.**'], []
2020-12-07 15:08:27,536 INFO org.apache.commons.logging.impl.Jdk14Logger [main] Creating filter chain: Ant [pattern='/eureka/**'], []
2020-12-07 15:08:27,536 INFO org.apache.commons.logging.impl.Jdk14Logger [main] Creating filter chain: Ant [pattern='**/scripts/**.js'], []
2020-12-07 15:08:27,536 INFO org.apache.commons.logging.impl.Jdk14Logger [main] Creating filter chain: Ant [pattern='/**.jpg'], []
2020-12-07 15:08:27,537 INFO org.apache.commons.logging.impl.Jdk14Logger [main] Creating filter chain: Ant [pattern='/**.ico'], []
2020-12-07 15:08:27,537 INFO org.apache.commons.logging.impl.Jdk14Logger [main] Creating filter chain: Ant [pattern='/**.html'], []
2020-12-07 15:08:27,537 INFO org.apache.commons.logging.impl.Jdk14Logger [main] Creating filter chain: Ant [pattern='/header.html'], []
2020-12-07 15:08:27,537 INFO org.apache.commons.logging.impl.Jdk14Logger [main] Creating filter chain: Ant [pattern='**.html'], []
2020-12-07 15:08:27,538 INFO org.apache.commons.logging.impl.Jdk14Logger [main] Creating filter chain: Ant [pattern='/**.css'], []
2020-12-07 15:08:27,538 INFO org.apache.commons.logging.impl.Jdk14Logger [main] Creating filter chain: Ant [pattern='/**.js'], []
2020-12-07 15:08:27,538 INFO org.apache.commons.logging.impl.Jdk14Logger [main] Creating filter chain: Ant [pattern='/eureka/**/**'], []
2020-12-07 15:08:27,539 INFO org.apache.commons.logging.impl.Jdk14Logger [main] Creating filter chain: Ant [pattern='/**', OPTIONS], []
2020-12-07 15:08:27,738 INFO org.apache.commons.logging.impl.Jdk14Logger [main] Creating filter chain: org.springframework.security.web.util.matcher.AnyRequestMatcher@1, [org.springframework.security.web.context.request.async.WebAsyncManagerIntegrationFilter@40a8a26f, org.springframework.security.web.context.SecurityContextPersistenceFilter@28b5662d, org.springframework.security.web.header.HeaderWriterFilter@4315fe1b, org.springframework.web.filter.CorsFilter@269308cc, org.springframework.security.web.authentication.logout.LogoutFilter@126a9a3d, com.ec.common.JWTUtils.JwtRequestFilter@1701c24c, org.springframework.security.web.savedrequest.RequestCacheAwareFilter@63bca84d, org.springframework.security.web.servletapi.SecurityContextHolderAwareRequestFilter@3982206a, org.springframework.security.web.authentication.AnonymousAuthenticationFilter@177ddd24, org.springframework.security.web.session.SessionManagementFilter@7717b4a0, org.springframework.security.web.access.ExceptionTranslationFilter@e72fb04, org.springframework.security.web.access.intercept.FilterSecurityInterceptor@478530cb]
2020-12-07 15:08:27,833 WARN com.netflix.config.sources.URLConfigurationSource [main] No URLs will be polled as dynamic configuration sources.
2020-12-07 15:08:27,834 INFO com.netflix.config.sources.URLConfigurationSource [main] To enable URLs as dynamic configuration sources, define System property archaius.configurationSource.additionalUrls or make config.properties available on classpath.
2020-12-07 15:08:29,003 INFO org.apache.commons.logging.impl.Jdk14Logger [main] Exposing 2 endpoint(s) beneath base path '/actuator'
2020-12-07 15:08:29,027 INFO org.apache.commons.logging.impl.Jdk14Logger [main] Mapped "{[/actuator/health],methods=[GET],produces=[application/vnd.spring-boot.actuator.v2+json || application/json]}" onto public java.lang.Object org.springframework.boot.actuate.endpoint.web.servlet.AbstractWebMvcEndpointHandlerMapping$OperationHandler.handle(javax.servlet.http.HttpServletRequest,java.util.Map<java.lang.String, java.lang.String>)
2020-12-07 15:08:29,028 INFO org.apache.commons.logging.impl.Jdk14Logger [main] Mapped "{[/actuator/info],methods=[GET],produces=[application/vnd.spring-boot.actuator.v2+json || application/json]}" onto public java.lang.Object org.springframework.boot.actuate.endpoint.web.servlet.AbstractWebMvcEndpointHandlerMapping$OperationHandler.handle(javax.servlet.http.HttpServletRequest,java.util.Map<java.lang.String, java.lang.String>)
2020-12-07 15:08:29,029 INFO org.apache.commons.logging.impl.Jdk14Logger [main] Mapped "{[/actuator],methods=[GET],produces=[application/vnd.spring-boot.actuator.v2+json || application/json]}" onto protected java.util.Map<java.lang.String, java.util.Map<java.lang.String, org.springframework.boot.actuate.endpoint.web.Link>> org.springframework.boot.actuate.endpoint.web.servlet.WebMvcEndpointHandlerMapping.links(javax.servlet.http.HttpServletRequest,javax.servlet.http.HttpServletResponse)
2020-12-07 15:08:29,862 INFO org.apache.commons.logging.impl.Jdk14Logger [main] Starting filter initializer
2020-12-07 15:08:29,931 INFO org.apache.commons.logging.impl.Jdk14Logger [main] Registering beans for JMX exposure on startup
2020-12-07 15:08:29,936 INFO org.apache.commons.logging.impl.Jdk14Logger [main] Bean with name 'dataSource' has been autodetected for JMX exposure
2020-12-07 15:08:29,948 INFO org.apache.commons.logging.impl.Jdk14Logger [main] Bean with name 'environmentManager' has been autodetected for JMX exposure
2020-12-07 15:08:29,951 INFO org.apache.commons.logging.impl.Jdk14Logger [main] Bean with name 'refreshScope' has been autodetected for JMX exposure
2020-12-07 15:08:29,954 INFO org.apache.commons.logging.impl.Jdk14Logger [main] Bean with name 'configurationPropertiesRebinder' has been autodetected for JMX exposure
2020-12-07 15:08:29,960 INFO org.apache.commons.logging.impl.Jdk14Logger [main] Located managed bean 'environmentManager': registering with JMX server as MBean [gateway:name=environmentManager,type=EnvironmentManager]
2020-12-07 15:08:29,972 INFO org.apache.commons.logging.impl.Jdk14Logger [main] Located managed bean 'refreshScope': registering with JMX server as MBean [gateway:name=refreshScope,type=RefreshScope]
2020-12-07 15:08:29,994 INFO org.apache.commons.logging.impl.Jdk14Logger [main] Located managed bean 'configurationPropertiesRebinder': registering with JMX server as MBean [gateway:name=configurationPropertiesRebinder,context=5ed190be,type=ConfigurationPropertiesRebinder]
2020-12-07 15:08:30,009 INFO org.apache.commons.logging.impl.Jdk14Logger [main] Located MBean 'dataSource': registering with JMX server as MBean [gateway:name=dataSource,type=HikariDataSource]
2020-12-07 15:08:30,038 INFO org.apache.juli.logging.DirectJDKLog [main] Starting ProtocolHandler ["http-nio-8080"]
2020-12-07 15:08:30,053 INFO org.apache.juli.logging.DirectJDKLog [main] Using a shared selector for servlet write/read
2020-12-07 15:08:30,106 INFO org.apache.commons.logging.impl.Jdk14Logger [main] Tomcat started on port(s): 8080 (http) with context path ''
2020-12-07 15:08:30,121 INFO org.apache.commons.logging.impl.Jdk14Logger [main] Started GatewayApplication in 35.943 seconds (JVM running for 41.922)
2020-12-07 15:08:42,580 INFO org.apache.juli.logging.DirectJDKLog [http-nio-8080-exec-2] Initializing Spring FrameworkServlet 'dispatcherServlet'
2020-12-07 15:08:42,582 INFO org.apache.commons.logging.impl.Jdk14Logger [http-nio-8080-exec-2] FrameworkServlet 'dispatcherServlet': initialization started
2020-12-07 15:08:42,662 INFO org.apache.commons.logging.impl.Jdk14Logger [http-nio-8080-exec-2] FrameworkServlet 'dispatcherServlet': initialization completed in 78 ms
2020-12-07 15:08:42,731 INFO org.apache.commons.logging.impl.Jdk14Logger [http-nio-8080-exec-2] Mapped URL path [/api/inventory/**] onto handler of type [class org.springframework.cloud.netflix.zuul.web.ZuulController]
2020-12-07 15:08:42,731 INFO org.apache.commons.logging.impl.Jdk14Logger [http-nio-8080-exec-2] Mapped URL path [/api/crm/**] onto handler of type [class org.springframework.cloud.netflix.zuul.web.ZuulController]
2020-12-07 15:08:43,493 DEBUG org.apache.commons.logging.impl.Jdk14Logger [http-nio-8080-exec-2] Before request [uri=/notification/send]
2020-12-07 15:08:43,494 DEBUG org.apache.commons.logging.impl.Jdk14Logger [http-nio-8080-exec-2] Before request [uri=/notification/send;client=0:0:0:0:0:0:0:1;user=sridhar]
2020-12-07 15:08:44,547 DEBUG org.apache.commons.logging.impl.Jdk14Logger [http-nio-8080-exec-2] After request [uri=/notification/send;client=0:0:0:0:0:0:0:1;user=sridhar;payload={
    "targetUserId":"cBxdLUKLSNO0kjQ5-4ltQr:APA91bGD1QU8fYs1u9SmfhrlqGYJgnpueZkf73xewOwIHHCpHYXtrkjpL-N_OkZeNU_aAgXf0Wk_NwwQRh2NTwQPfnVNQqoMeni85Q3iaKxrjbP0Ra4xsN69UQlTaCG9g3LPIZx49BaD",
    "title":"test",
    "body":"dsd"
}]
2020-12-07 15:08:44,547 DEBUG org.apache.commons.logging.impl.Jdk14Logger [http-nio-8080-exec-2] REQUEST DATA : uri=/notification/send;payload={
    "targetUserId":"cBxdLUKLSNO0kjQ5-4ltQr:APA91bGD1QU8fYs1u9SmfhrlqGYJgnpueZkf73xewOwIHHCpHYXtrkjpL-N_OkZeNU_aAgXf0Wk_NwwQRh2NTwQPfnVNQqoMeni85Q3iaKxrjbP0Ra4xsN69UQlTaCG9g3LPIZx49BaD",
    "title":"test",
    "body":"dsd"
}]
2020-12-07 15:09:24,907 DEBUG org.apache.commons.logging.impl.Jdk14Logger [http-nio-8080-exec-3] Before request [uri=/notification/send]
2020-12-07 15:09:24,911 DEBUG org.apache.commons.logging.impl.Jdk14Logger [http-nio-8080-exec-3] Before request [uri=/notification/send;client=0:0:0:0:0:0:0:1;user=sridhar]
2020-12-07 15:09:25,213 DEBUG org.apache.commons.logging.impl.Jdk14Logger [http-nio-8080-exec-3] After request [uri=/notification/send;client=0:0:0:0:0:0:0:1;user=sridhar;payload={
    "targetUserId":"cBxdLUKLSNO0kjQ5-4ltQr:APA91bGD1QU8fYs1u9SmfhrlqGYJgnpueZkf73xewOwIHHCpHYXtrkjpL-N_OkZeNU_aAgXf0Wk_NwwQRh2NTwQPfnVNQqoMeni85Q3iaKxrjbP0Ra4xsN69UQlTaCG9g3LPIZx49BaD",
    "title":"test",
    "body":"dshhd"
}]
2020-12-07 15:09:25,214 DEBUG org.apache.commons.logging.impl.Jdk14Logger [http-nio-8080-exec-3] REQUEST DATA : uri=/notification/send;payload={
    "targetUserId":"cBxdLUKLSNO0kjQ5-4ltQr:APA91bGD1QU8fYs1u9SmfhrlqGYJgnpueZkf73xewOwIHHCpHYXtrkjpL-N_OkZeNU_aAgXf0Wk_NwwQRh2NTwQPfnVNQqoMeni85Q3iaKxrjbP0Ra4xsN69UQlTaCG9g3LPIZx49BaD",
    "title":"test",
    "body":"dshhd"
}]
2020-12-07 15:10:23,152 INFO org.apache.commons.logging.impl.Jdk14Logger [main] Refreshing org.springframework.context.annotation.AnnotationConfigApplicationContext@16c63f5: startup date [Mon Dec 07 15:10:23 IST 2020]; root of context hierarchy
2020-12-07 15:10:23,423 INFO org.apache.commons.logging.impl.Jdk14Logger [main] JSR-330 'javax.inject.Inject' annotation found and supported for autowiring
2020-12-07 15:10:23,505 INFO org.apache.commons.logging.impl.Jdk14Logger [main] Bean 'configurationPropertiesRebinderAutoConfiguration' of type [org.springframework.cloud.autoconfigure.ConfigurationPropertiesRebinderAutoConfiguration$$EnhancerBySpringCGLIB$$f3ff6136] is not eligible for getting processed by all BeanPostProcessors (for example: not eligible for auto-proxying)
2020-12-07 15:10:33,778 INFO org.apache.commons.logging.impl.Jdk14Logger [main] No active profile set, falling back to default profiles: default
2020-12-07 15:10:33,798 INFO org.apache.commons.logging.impl.Jdk14Logger [main] Refreshing org.springframework.boot.web.servlet.context.AnnotationConfigServletWebServerApplicationContext@3ee39da0: startup date [Mon Dec 07 15:10:33 IST 2020]; parent: org.springframework.context.annotation.AnnotationConfigApplicationContext@16c63f5
2020-12-07 15:10:35,400 INFO org.apache.commons.logging.impl.Jdk14Logger [main] Overriding bean definition for bean 'counterFactory' with a different definition: replacing [Root bean: class [null]; scope=; abstract=false; lazyInit=false; autowireMode=3; dependencyCheck=0; autowireCandidate=true; primary=false; factoryBeanName=org.springframework.cloud.netflix.zuul.ZuulServerAutoConfiguration$ZuulMetricsConfiguration; factoryMethodName=counterFactory; initMethodName=null; destroyMethodName=(inferred); defined in class path resource [org/springframework/cloud/netflix/zuul/ZuulServerAutoConfiguration$ZuulMetricsConfiguration.class]] with [Root bean: class [null]; scope=; abstract=false; lazyInit=false; autowireMode=3; dependencyCheck=0; autowireCandidate=true; primary=false; factoryBeanName=org.springframework.cloud.netflix.zuul.ZuulServerAutoConfiguration$ZuulCounterFactoryConfiguration; factoryMethodName=counterFactory; initMethodName=null; destroyMethodName=(inferred); defined in class path resource [org/springframework/cloud/netflix/zuul/ZuulServerAutoConfiguration$ZuulCounterFactoryConfiguration.class]]
2020-12-07 15:10:35,515 INFO org.apache.commons.logging.impl.Jdk14Logger [main] Overriding bean definition for bean 'dataSource' with a different definition: replacing [Root bean: class [null]; scope=refresh; abstract=false; lazyInit=false; autowireMode=3; dependencyCheck=0; autowireCandidate=false; primary=false; factoryBeanName=org.springframework.boot.autoconfigure.jdbc.DataSourceConfiguration$Hikari; factoryMethodName=dataSource; initMethodName=null; destroyMethodName=(inferred); defined in class path resource [org/springframework/boot/autoconfigure/jdbc/DataSourceConfiguration$Hikari.class]] with [Root bean: class [org.springframework.aop.scope.ScopedProxyFactoryBean]; scope=; abstract=false; lazyInit=false; autowireMode=0; dependencyCheck=0; autowireCandidate=true; primary=false; factoryBeanName=null; factoryMethodName=null; initMethodName=null; destroyMethodName=null; defined in BeanDefinition defined in class path resource [org/springframework/boot/autoconfigure/jdbc/DataSourceConfiguration$Hikari.class]]
2020-12-07 15:10:35,834 INFO org.apache.commons.logging.impl.Jdk14Logger [main] BeanFactory id=b4f24e58-3858-3ca6-a361-4ffb85feed58
2020-12-07 15:10:35,879 INFO org.apache.commons.logging.impl.Jdk14Logger [main] JSR-330 'javax.inject.Inject' annotation found and supported for autowiring
2020-12-07 15:10:36,040 INFO org.apache.commons.logging.impl.Jdk14Logger [main] Bean 'org.springframework.ws.config.annotation.DelegatingWsConfiguration' of type [org.springframework.ws.config.annotation.DelegatingWsConfiguration$$EnhancerBySpringCGLIB$$7c7d2338] is not eligible for getting processed by all BeanPostProcessors (for example: not eligible for auto-proxying)
2020-12-07 15:10:36,116 INFO org.apache.commons.logging.impl.Jdk14Logger [main] Supporting [WS-Addressing August 2004, WS-Addressing 1.0]
2020-12-07 15:10:36,300 INFO org.apache.commons.logging.impl.Jdk14Logger [main] Bean 'org.springframework.transaction.annotation.ProxyTransactionManagementConfiguration' of type [org.springframework.transaction.annotation.ProxyTransactionManagementConfiguration$$EnhancerBySpringCGLIB$$d7e55e39] is not eligible for getting processed by all BeanPostProcessors (for example: not eligible for auto-proxying)
2020-12-07 15:10:36,524 INFO org.apache.commons.logging.impl.Jdk14Logger [main] Bean 'org.springframework.security.config.annotation.configuration.ObjectPostProcessorConfiguration' of type [org.springframework.security.config.annotation.configuration.ObjectPostProcessorConfiguration$$EnhancerBySpringCGLIB$$70932673] is not eligible for getting processed by all BeanPostProcessors (for example: not eligible for auto-proxying)
2020-12-07 15:10:36,539 INFO org.apache.commons.logging.impl.Jdk14Logger [main] Bean 'objectPostProcessor' of type [org.springframework.security.config.annotation.configuration.AutowireBeanFactoryObjectPostProcessor] is not eligible for getting processed by all BeanPostProcessors (for example: not eligible for auto-proxying)
2020-12-07 15:10:36,543 INFO org.apache.commons.logging.impl.Jdk14Logger [main] Bean 'org.springframework.security.access.expression.method.DefaultMethodSecurityExpressionHandler@7ce29a2d' of type [org.springframework.security.access.expression.method.DefaultMethodSecurityExpressionHandler] is not eligible for getting processed by all BeanPostProcessors (for example: not eligible for auto-proxying)
2020-12-07 15:10:36,559 INFO org.apache.commons.logging.impl.Jdk14Logger [main] Bean 'org.springframework.security.config.annotation.method.configuration.GlobalMethodSecurityConfiguration' of type [org.springframework.security.config.annotation.method.configuration.GlobalMethodSecurityConfiguration$$EnhancerBySpringCGLIB$$9567c925] is not eligible for getting processed by all BeanPostProcessors (for example: not eligible for auto-proxying)
2020-12-07 15:10:36,575 INFO org.apache.commons.logging.impl.Jdk14Logger [main] Bean 'methodSecurityMetadataSource' of type [org.springframework.security.access.method.DelegatingMethodSecurityMetadataSource] is not eligible for getting processed by all BeanPostProcessors (for example: not eligible for auto-proxying)
2020-12-07 15:10:36,650 INFO org.apache.commons.logging.impl.Jdk14Logger [main] Bean 'org.springframework.cloud.autoconfigure.ConfigurationPropertiesRebinderAutoConfiguration' of type [org.springframework.cloud.autoconfigure.ConfigurationPropertiesRebinderAutoConfiguration$$EnhancerBySpringCGLIB$$f3ff6136] is not eligible for getting processed by all BeanPostProcessors (for example: not eligible for auto-proxying)
2020-12-07 15:10:37,322 INFO org.apache.commons.logging.impl.Jdk14Logger [main] Tomcat initialized with port(s): 8080 (http)
2020-12-07 15:10:37,339 INFO org.apache.juli.logging.DirectJDKLog [main] Initializing ProtocolHandler ["http-nio-8080"]
2020-12-07 15:10:37,353 INFO org.apache.juli.logging.DirectJDKLog [main] Starting service [Tomcat]
2020-12-07 15:10:37,353 INFO org.apache.juli.logging.DirectJDKLog [main] Starting Servlet Engine: Apache Tomcat/8.5.34
2020-12-07 15:10:37,360 INFO org.apache.juli.logging.DirectJDKLog [localhost-startStop-1] The APR based Apache Tomcat Native library which allows optimal performance in production environments was not found on the java.library.path: [/Users/bsridharpatnaik/Library/Java/Extensions:/Library/Java/Extensions:/Network/Library/Java/Extensions:/System/Library/Java/Extensions:/usr/lib/java:.]
2020-12-07 15:10:37,523 INFO org.apache.juli.logging.DirectJDKLog [localhost-startStop-1] Initializing Spring embedded WebApplicationContext
2020-12-07 15:10:37,524 INFO org.apache.commons.logging.impl.Jdk14Logger [localhost-startStop-1] Root WebApplicationContext: initialization completed in 3725 ms
2020-12-07 15:10:37,840 WARN com.netflix.config.sources.URLConfigurationSource [localhost-startStop-1] No URLs will be polled as dynamic configuration sources.
2020-12-07 15:10:37,840 INFO com.netflix.config.sources.URLConfigurationSource [localhost-startStop-1] To enable URLs as dynamic configuration sources, define System property archaius.configurationSource.additionalUrls or make config.properties available on classpath.
2020-12-07 15:10:37,855 INFO com.netflix.config.DynamicPropertyFactory [localhost-startStop-1] DynamicPropertyFactory is initialized with configuration sources: com.netflix.config.ConcurrentCompositeConfiguration@2895ac7
2020-12-07 15:10:39,615 INFO com.zaxxer.hikari.HikariDataSource [localhost-startStop-1] HikariPool-1 - Starting...
2020-12-07 15:10:39,891 INFO com.zaxxer.hikari.HikariDataSource [localhost-startStop-1] HikariPool-1 - Start completed.
2020-12-07 15:10:39,971 INFO org.apache.commons.logging.impl.Jdk14Logger [localhost-startStop-1] Building JPA container EntityManagerFactory for persistence unit 'default'
2020-12-07 15:10:39,988 INFO org.hibernate.jpa.internal.util.LogHelper [localhost-startStop-1] HHH000204: Processing PersistenceUnitInfo [name: default]
2020-12-07 15:10:40,147 INFO org.hibernate.Version [localhost-startStop-1] HHH000412: Hibernate ORM core version 5.4.22.Final
2020-12-07 15:10:40,332 INFO org.hibernate.annotations.common.reflection.java.JavaReflectionManager [localhost-startStop-1] HCANN000001: Hibernate Commons Annotations {5.1.0.Final}
2020-12-07 15:10:40,570 INFO org.hibernate.dialect.Dialect [localhost-startStop-1] HHH000400: Using dialect: org.hibernate.dialect.MySQL5InnoDBDialect
2020-12-07 15:10:40,640 INFO org.hibernate.envers.boot.internal.EnversServiceImpl [localhost-startStop-1] Envers integration enabled? : true
2020-12-07 15:10:42,017 INFO org.hibernate.engine.transaction.jta.platform.internal.JtaPlatformInitiator [localhost-startStop-1] HHH000490: Using JtaPlatform implementation: [org.hibernate.engine.transaction.jta.platform.internal.NoJtaPlatform]
2020-12-07 15:10:42,027 INFO org.apache.commons.logging.impl.Jdk14Logger [localhost-startStop-1] Initialized JPA EntityManagerFactory for persistence unit 'default'
2020-12-07 15:10:42,893 INFO org.apache.commons.logging.impl.Jdk14Logger [localhost-startStop-1] Mapping filter: 'characterEncodingFilter' to: [/*]
2020-12-07 15:10:42,894 INFO org.apache.commons.logging.impl.Jdk14Logger [localhost-startStop-1] Mapping filter: 'webMvcMetricsFilter' to: [/*]
2020-12-07 15:10:42,895 INFO org.apache.commons.logging.impl.Jdk14Logger [localhost-startStop-1] Mapping filter: 'springSecurityFilterChain' to: [/*]
2020-12-07 15:10:42,896 INFO org.apache.commons.logging.impl.Jdk14Logger [localhost-startStop-1] Mapping filter: 'httpTraceFilter' to: [/*]
2020-12-07 15:10:42,896 INFO org.apache.commons.logging.impl.Jdk14Logger [localhost-startStop-1] Mapping filter: 'jwtRequestFilter' to: [/*]
2020-12-07 15:10:42,896 INFO org.apache.commons.logging.impl.Jdk14Logger [localhost-startStop-1] Mapping filter: 'logFilter' to: [/*]
2020-12-07 15:10:42,897 INFO org.apache.commons.logging.impl.Jdk14Logger [localhost-startStop-1] Mapping filter: 'requestLoggingFilter' to: [/*]
2020-12-07 15:10:42,897 INFO org.apache.commons.logging.impl.Jdk14Logger [localhost-startStop-1] Servlet dispatcherServlet mapped to [/]
2020-12-07 15:10:42,899 INFO org.apache.commons.logging.impl.Jdk14Logger [localhost-startStop-1] Servlet messageDispatcherServlet mapped to [/services/*]
2020-12-07 15:10:42,899 INFO org.apache.commons.logging.impl.Jdk14Logger [localhost-startStop-1] Servlet zuulServlet mapped to [/zuul/*]
2020-12-07 15:10:42,919 DEBUG org.apache.commons.logging.impl.Jdk14Logger [localhost-startStop-1] Initializing filter 'requestLoggingFilter'
2020-12-07 15:10:42,919 DEBUG org.apache.commons.logging.impl.Jdk14Logger [localhost-startStop-1] Filter 'requestLoggingFilter' configured successfully
2020-12-07 15:10:42,920 DEBUG org.apache.commons.logging.impl.Jdk14Logger [localhost-startStop-1] Initializing filter 'logFilter'
2020-12-07 15:10:42,920 DEBUG org.apache.commons.logging.impl.Jdk14Logger [localhost-startStop-1] Filter 'logFilter' configured successfully
2020-12-07 15:10:43,870 WARN org.apache.commons.logging.impl.Jdk14Logger [main] spring.jpa.open-in-view is enabled by default. Therefore, database queries may be performed during view rendering. Explicitly configure spring.jpa.open-in-view to disable this warning
2020-12-07 15:10:43,959 INFO org.apache.commons.logging.impl.Jdk14Logger [main] Mapped "{[/notification/send],methods=[POST]}" onto public java.lang.String com.ec.common.Controller.AndroidNotificationController.sendPnsToDevice(com.ec.common.Data.NotificationRequestDto) throws java.lang.Exception
2020-12-07 15:10:43,966 INFO org.apache.commons.logging.impl.Jdk14Logger [main] Mapped "{[/contact],methods=[GET],produces=[application/json || text/json]}" onto public com.ec.common.Data.ContactsWithTypeAhead com.ec.common.Controller.ContactController.returnAllContacts(java.lang.Integer,org.springframework.data.domain.Pageable)
2020-12-07 15:10:43,967 INFO org.apache.commons.logging.impl.Jdk14Logger [main] Mapped "{[/contact],methods=[POST],produces=[application/json || text/json]}" onto public com.ec.common.Data.ContactsWithTypeAhead com.ec.common.Controller.ContactController.returnFilteredContacts(com.ec.common.Filters.FilterDataList,org.springframework.data.domain.Pageable)
2020-12-07 15:10:43,968 INFO org.apache.commons.logging.impl.Jdk14Logger [main] Mapped "{[/contact/{id}],methods=[GET],produces=[application/json || text/json]}" onto public com.ec.common.Model.ContactAllInfo com.ec.common.Controller.ContactController.findContactbyvehicleNoContacts(long) throws java.lang.Exception
2020-12-07 15:10:43,969 INFO org.apache.commons.logging.impl.Jdk14Logger [main] Mapped "{[/contact/{id}],methods=[DELETE],produces=[application/json || text/json]}" onto public org.springframework.http.ResponseEntity<?> com.ec.common.Controller.ContactController.deleteContact(java.lang.Long) throws java.lang.Exception
2020-12-07 15:10:43,970 INFO org.apache.commons.logging.impl.Jdk14Logger [main] Mapped "{[/contact/create],methods=[POST],produces=[application/json || text/json]}" onto public com.ec.common.Model.ContactAllInfo com.ec.common.Controller.ContactController.createContact(com.ec.common.Model.ContactAllInfo) throws java.lang.Exception
2020-12-07 15:10:43,970 INFO org.apache.commons.logging.impl.Jdk14Logger [main] Mapped "{[/contact/{id}],methods=[PUT],produces=[application/json || text/json]}" onto public com.ec.common.Model.ContactAllInfo com.ec.common.Controller.ContactController.updateContact(java.lang.Long,com.ec.common.Model.ContactAllInfo) throws java.lang.Exception
2020-12-07 15:10:43,971 INFO org.apache.commons.logging.impl.Jdk14Logger [main] Mapped "{[/contact/iscontactused/{id}],methods=[GET],produces=[application/json || text/json]}" onto public java.lang.Boolean com.ec.common.Controller.ContactController.checkIfContactUsed(long) throws java.lang.Exception
2020-12-07 15:10:43,972 INFO org.apache.commons.logging.impl.Jdk14Logger [main] Mapped "{[/emailconfig],methods=[GET],produces=[application/json || text/json]}" onto public com.ec.common.Data.EmailConfigData com.ec.common.Controller.EmailController.returnEmailConfig()
2020-12-07 15:10:43,973 INFO org.apache.commons.logging.impl.Jdk14Logger [main] Mapped "{[/ec/login],methods=[POST],produces=[application/json || text/json]}" onto public org.springframework.http.ResponseEntity<?> com.ec.common.Controller.LoginController.login(com.ec.common.Data.UserSignInData) throws java.lang.Exception
2020-12-07 15:10:43,975 INFO org.apache.commons.logging.impl.Jdk14Logger [main] Mapped "{[/role],methods=[GET],produces=[application/json || text/json]}" onto public org.springframework.data.domain.Page<com.ec.common.Model.Role> com.ec.common.Controller.RoleController.returnAllRoles(org.springframework.data.domain.Pageable)
2020-12-07 15:10:43,976 INFO org.apache.commons.logging.impl.Jdk14Logger [main] Mapped "{[/role/create],methods=[POST],produces=[application/json || text/json]}" onto public com.ec.common.Model.Role com.ec.common.Controller.RoleController.createRole(com.ec.common.Model.Role) throws java.lang.Exception
2020-12-07 15:10:43,978 INFO org.apache.commons.logging.impl.Jdk14Logger [main] Mapped "{[/token],methods=[PUT],produces=[application/json || text/json]}" onto public void com.ec.common.Controller.TokenController.updateTokenForUser(com.ec.common.Data.TokenData) throws java.lang.Exception
2020-12-07 15:10:43,978 INFO org.apache.commons.logging.impl.Jdk14Logger [main] Mapped "{[/token],methods=[GET],produces=[application/json || text/json]}" onto public java.util.List<com.ec.common.Data.AndroidTokenDetailsDTO> com.ec.common.Controller.TokenController.getAllTokens()
2020-12-07 15:10:43,979 INFO org.apache.commons.logging.impl.Jdk14Logger [main] Mapped "{[/token],methods=[DELETE],produces=[application/json || text/json]}" onto public void com.ec.common.Controller.TokenController.DeleteToken() throws java.lang.Exception
2020-12-07 15:10:43,985 INFO org.apache.commons.logging.impl.Jdk14Logger [main] Mapped "{[/user],methods=[POST],produces=[application/json || text/json]}" onto public com.ec.common.Data.UserListWithTypeAheadData com.ec.common.Controller.UserController.returnFilteredContacts(com.ec.common.Filters.FilterDataList,org.springframework.data.domain.Pageable)
2020-12-07 15:10:43,985 INFO org.apache.commons.logging.impl.Jdk14Logger [main] Mapped "{[/user],methods=[GET],produces=[application/json || text/json]}" onto public com.ec.common.Data.UserListWithTypeAheadData com.ec.common.Controller.UserController.returnAllUsers(org.springframework.data.domain.Pageable)
2020-12-07 15:10:43,986 INFO org.apache.commons.logging.impl.Jdk14Logger [main] Mapped "{[/user/create],methods=[POST],produces=[application/json || text/json]}" onto public com.ec.common.Model.User com.ec.common.Controller.UserController.createUser(com.ec.common.Data.CreateUserData) throws java.lang.Exception
2020-12-07 15:10:43,988 INFO org.apache.commons.logging.impl.Jdk14Logger [main] Mapped "{[/user/{id}],methods=[PUT],produces=[application/json || text/json]}" onto public com.ec.common.Model.User com.ec.common.Controller.UserController.updateUser(java.lang.Long,com.ec.common.Data.CreateUserData) throws java.lang.Exception
2020-12-07 15:10:43,989 INFO org.apache.commons.logging.impl.Jdk14Logger [main] Mapped "{[/user/updatepassword],methods=[POST],produces=[application/json || text/json]}" onto public com.ec.common.Model.User com.ec.common.Controller.UserController.updateUser(com.ec.common.Data.ResetPasswordData) throws java.lang.Exception
2020-12-07 15:10:43,990 INFO org.apache.commons.logging.impl.Jdk14Logger [main] Mapped "{[/user/{id}],methods=[GET],produces=[application/json || text/json]}" onto public com.ec.common.Model.User com.ec.common.Controller.UserController.findUserByID(long) throws java.lang.Exception
2020-12-07 15:10:43,991 INFO org.apache.commons.logging.impl.Jdk14Logger [main] Mapped "{[/user/list],methods=[GET],produces=[application/json || text/json]}" onto public java.util.List<com.ec.common.Data.UserReturnData> com.ec.common.Controller.UserController.findLimitedDetailsForUserByID() throws java.lang.Exception
2020-12-07 15:10:43,992 INFO org.apache.commons.logging.impl.Jdk14Logger [main] Mapped "{[/user/byid/{id}],methods=[GET],produces=[application/json || text/json]}" onto public com.ec.common.Data.UserReturnData com.ec.common.Controller.UserController.findLimitedDetailsForUserByID(long) throws java.lang.Exception
2020-12-07 15:10:43,993 INFO org.apache.commons.logging.impl.Jdk14Logger [main] Mapped "{[/user/byname/{name}],methods=[GET],produces=[application/json || text/json]}" onto public com.ec.common.Data.UserReturnData com.ec.common.Controller.UserController.findLimitedDetailsForUserByID(java.lang.String) throws java.lang.Exception
2020-12-07 15:10:43,994 INFO org.apache.commons.logging.impl.Jdk14Logger [main] Mapped "{[/user/updateroles],methods=[POST],produces=[application/json || text/json]}" onto public com.ec.common.Model.User com.ec.common.Controller.UserController.updateRolesForUser(com.ec.common.Data.UpdateRolesForUserData) throws java.lang.Exception
2020-12-07 15:10:43,994 INFO org.apache.commons.logging.impl.Jdk14Logger [main] Mapped "{[/user/me],methods=[GET],produces=[application/json]}" onto public com.ec.common.Data.UserReturnData com.ec.common.Controller.UserController.returnUserName()
2020-12-07 15:10:43,998 INFO org.apache.commons.logging.impl.Jdk14Logger [main] Mapped "{[/error]}" onto public org.springframework.http.ResponseEntity<java.util.Map<java.lang.String, java.lang.Object>> org.springframework.boot.autoconfigure.web.servlet.error.BasicErrorController.error(javax.servlet.http.HttpServletRequest)
2020-12-07 15:10:43,999 INFO org.apache.commons.logging.impl.Jdk14Logger [main] Mapped "{[/error],produces=[text/html]}" onto public org.springframework.web.servlet.ModelAndView org.springframework.boot.autoconfigure.web.servlet.error.BasicErrorController.errorHtml(javax.servlet.http.HttpServletRequest,javax.servlet.http.HttpServletResponse)
2020-12-07 15:10:44,100 INFO org.apache.commons.logging.impl.Jdk14Logger [main] Mapped URL path [/eureka/**] onto handler of type [class org.springframework.web.servlet.resource.ResourceHttpRequestHandler]
2020-12-07 15:10:44,449 INFO org.apache.commons.logging.impl.Jdk14Logger [main] Looking for @ControllerAdvice: org.springframework.boot.web.servlet.context.AnnotationConfigServletWebServerApplicationContext@3ee39da0: startup date [Mon Dec 07 15:10:33 IST 2020]; parent: org.springframework.context.annotation.AnnotationConfigApplicationContext@16c63f5
2020-12-07 15:10:44,672 INFO org.apache.commons.logging.impl.Jdk14Logger [main] Creating filter chain: Ant [pattern='/*/'], []
2020-12-07 15:10:44,673 INFO org.apache.commons.logging.impl.Jdk14Logger [main] Creating filter chain: Ant [pattern='/eureka/**.**'], []
2020-12-07 15:10:44,673 INFO org.apache.commons.logging.impl.Jdk14Logger [main] Creating filter chain: Ant [pattern='/eureka/**'], []
2020-12-07 15:10:44,674 INFO org.apache.commons.logging.impl.Jdk14Logger [main] Creating filter chain: Ant [pattern='**/scripts/**.js'], []
2020-12-07 15:10:44,674 INFO org.apache.commons.logging.impl.Jdk14Logger [main] Creating filter chain: Ant [pattern='/**.jpg'], []
2020-12-07 15:10:44,674 INFO org.apache.commons.logging.impl.Jdk14Logger [main] Creating filter chain: Ant [pattern='/**.ico'], []
2020-12-07 15:10:44,674 INFO org.apache.commons.logging.impl.Jdk14Logger [main] Creating filter chain: Ant [pattern='/**.html'], []
2020-12-07 15:10:44,675 INFO org.apache.commons.logging.impl.Jdk14Logger [main] Creating filter chain: Ant [pattern='/header.html'], []
2020-12-07 15:10:44,675 INFO org.apache.commons.logging.impl.Jdk14Logger [main] Creating filter chain: Ant [pattern='**.html'], []
2020-12-07 15:10:44,675 INFO org.apache.commons.logging.impl.Jdk14Logger [main] Creating filter chain: Ant [pattern='/**.css'], []
2020-12-07 15:10:44,676 INFO org.apache.commons.logging.impl.Jdk14Logger [main] Creating filter chain: Ant [pattern='/**.js'], []
2020-12-07 15:10:44,676 INFO org.apache.commons.logging.impl.Jdk14Logger [main] Creating filter chain: Ant [pattern='/eureka/**/**'], []
2020-12-07 15:10:44,676 INFO org.apache.commons.logging.impl.Jdk14Logger [main] Creating filter chain: Ant [pattern='/**', OPTIONS], []
2020-12-07 15:10:44,853 INFO org.apache.commons.logging.impl.Jdk14Logger [main] Creating filter chain: org.springframework.security.web.util.matcher.AnyRequestMatcher@1, [org.springframework.security.web.context.request.async.WebAsyncManagerIntegrationFilter@71a2df1, org.springframework.security.web.context.SecurityContextPersistenceFilter@6e3b2dd3, org.springframework.security.web.header.HeaderWriterFilter@7c956dda, org.springframework.web.filter.CorsFilter@18faaff6, org.springframework.security.web.authentication.logout.LogoutFilter@6e794f53, com.ec.common.JWTUtils.JwtRequestFilter@22a9deda, org.springframework.security.web.savedrequest.RequestCacheAwareFilter@56478522, org.springframework.security.web.servletapi.SecurityContextHolderAwareRequestFilter@1d2046bb, org.springframework.security.web.authentication.AnonymousAuthenticationFilter@2a9e754e, org.springframework.security.web.session.SessionManagementFilter@2fa212df, org.springframework.security.web.access.ExceptionTranslationFilter@986b619, org.springframework.security.web.access.intercept.FilterSecurityInterceptor@3a8fb023]
2020-12-07 15:10:44,954 WARN com.netflix.config.sources.URLConfigurationSource [main] No URLs will be polled as dynamic configuration sources.
2020-12-07 15:10:44,954 INFO com.netflix.config.sources.URLConfigurationSource [main] To enable URLs as dynamic configuration sources, define System property archaius.configurationSource.additionalUrls or make config.properties available on classpath.
2020-12-07 15:10:45,950 INFO org.apache.commons.logging.impl.Jdk14Logger [main] Exposing 2 endpoint(s) beneath base path '/actuator'
2020-12-07 15:10:45,972 INFO org.apache.commons.logging.impl.Jdk14Logger [main] Mapped "{[/actuator/health],methods=[GET],produces=[application/vnd.spring-boot.actuator.v2+json || application/json]}" onto public java.lang.Object org.springframework.boot.actuate.endpoint.web.servlet.AbstractWebMvcEndpointHandlerMapping$OperationHandler.handle(javax.servlet.http.HttpServletRequest,java.util.Map<java.lang.String, java.lang.String>)
2020-12-07 15:10:45,974 INFO org.apache.commons.logging.impl.Jdk14Logger [main] Mapped "{[/actuator/info],methods=[GET],produces=[application/vnd.spring-boot.actuator.v2+json || application/json]}" onto public java.lang.Object org.springframework.boot.actuate.endpoint.web.servlet.AbstractWebMvcEndpointHandlerMapping$OperationHandler.handle(javax.servlet.http.HttpServletRequest,java.util.Map<java.lang.String, java.lang.String>)
2020-12-07 15:10:45,975 INFO org.apache.commons.logging.impl.Jdk14Logger [main] Mapped "{[/actuator],methods=[GET],produces=[application/vnd.spring-boot.actuator.v2+json || application/json]}" onto protected java.util.Map<java.lang.String, java.util.Map<java.lang.String, org.springframework.boot.actuate.endpoint.web.Link>> org.springframework.boot.actuate.endpoint.web.servlet.WebMvcEndpointHandlerMapping.links(javax.servlet.http.HttpServletRequest,javax.servlet.http.HttpServletResponse)
2020-12-07 15:10:46,753 INFO org.apache.commons.logging.impl.Jdk14Logger [main] Starting filter initializer
2020-12-07 15:10:46,836 INFO org.apache.commons.logging.impl.Jdk14Logger [main] Registering beans for JMX exposure on startup
2020-12-07 15:10:46,838 INFO org.apache.commons.logging.impl.Jdk14Logger [main] Bean with name 'dataSource' has been autodetected for JMX exposure
2020-12-07 15:10:46,851 INFO org.apache.commons.logging.impl.Jdk14Logger [main] Bean with name 'environmentManager' has been autodetected for JMX exposure
2020-12-07 15:10:46,853 INFO org.apache.commons.logging.impl.Jdk14Logger [main] Bean with name 'refreshScope' has been autodetected for JMX exposure
2020-12-07 15:10:46,857 INFO org.apache.commons.logging.impl.Jdk14Logger [main] Bean with name 'configurationPropertiesRebinder' has been autodetected for JMX exposure
2020-12-07 15:10:46,862 INFO org.apache.commons.logging.impl.Jdk14Logger [main] Located managed bean 'environmentManager': registering with JMX server as MBean [gateway:name=environmentManager,type=EnvironmentManager]
2020-12-07 15:10:46,876 INFO org.apache.commons.logging.impl.Jdk14Logger [main] Located managed bean 'refreshScope': registering with JMX server as MBean [gateway:name=refreshScope,type=RefreshScope]
2020-12-07 15:10:46,901 INFO org.apache.commons.logging.impl.Jdk14Logger [main] Located managed bean 'configurationPropertiesRebinder': registering with JMX server as MBean [gateway:name=configurationPropertiesRebinder,context=3ee39da0,type=ConfigurationPropertiesRebinder]
2020-12-07 15:10:46,915 INFO org.apache.commons.logging.impl.Jdk14Logger [main] Located MBean 'dataSource': registering with JMX server as MBean [gateway:name=dataSource,type=HikariDataSource]
2020-12-07 15:10:46,940 INFO org.apache.juli.logging.DirectJDKLog [main] Starting ProtocolHandler ["http-nio-8080"]
2020-12-07 15:10:46,956 INFO org.apache.juli.logging.DirectJDKLog [main] Using a shared selector for servlet write/read
2020-12-07 15:10:46,993 INFO org.apache.commons.logging.impl.Jdk14Logger [main] Tomcat started on port(s): 8080 (http) with context path ''
2020-12-07 15:10:46,999 INFO org.apache.commons.logging.impl.Jdk14Logger [main] Started GatewayApplication in 35.109 seconds (JVM running for 41.584)
2020-12-07 15:10:50,784 INFO org.apache.juli.logging.DirectJDKLog [http-nio-8080-exec-2] Initializing Spring FrameworkServlet 'dispatcherServlet'
2020-12-07 15:10:50,788 INFO org.apache.commons.logging.impl.Jdk14Logger [http-nio-8080-exec-2] FrameworkServlet 'dispatcherServlet': initialization started
2020-12-07 15:10:51,003 INFO org.apache.commons.logging.impl.Jdk14Logger [http-nio-8080-exec-2] FrameworkServlet 'dispatcherServlet': initialization completed in 212 ms
2020-12-07 15:10:51,039 INFO org.apache.commons.logging.impl.Jdk14Logger [http-nio-8080-exec-2] Mapped URL path [/api/inventory/**] onto handler of type [class org.springframework.cloud.netflix.zuul.web.ZuulController]
2020-12-07 15:10:51,041 INFO org.apache.commons.logging.impl.Jdk14Logger [http-nio-8080-exec-2] Mapped URL path [/api/crm/**] onto handler of type [class org.springframework.cloud.netflix.zuul.web.ZuulController]
2020-12-07 15:10:52,224 DEBUG org.apache.commons.logging.impl.Jdk14Logger [http-nio-8080-exec-2] Before request [uri=/notification/send]
2020-12-07 15:10:52,225 DEBUG org.apache.commons.logging.impl.Jdk14Logger [http-nio-8080-exec-2] Before request [uri=/notification/send;client=0:0:0:0:0:0:0:1;user=sridhar]
2020-12-07 15:10:53,533 DEBUG org.apache.commons.logging.impl.Jdk14Logger [http-nio-8080-exec-2] After request [uri=/notification/send;client=0:0:0:0:0:0:0:1;user=sridhar;payload={
    "targetUserId":"10001",
    "title":"test",
    "body":"dshhd"
}]
2020-12-07 15:10:53,535 DEBUG org.apache.commons.logging.impl.Jdk14Logger [http-nio-8080-exec-2] REQUEST DATA : uri=/notification/send;payload={
    "targetUserId":"10001",
    "title":"test",
    "body":"dshhd"
}]
2020-12-07 15:19:51,871 INFO org.apache.commons.logging.impl.Jdk14Logger [main] Refreshing org.springframework.context.annotation.AnnotationConfigApplicationContext@487db668: startup date [Mon Dec 07 15:19:51 IST 2020]; root of context hierarchy
2020-12-07 15:19:52,154 INFO org.apache.commons.logging.impl.Jdk14Logger [main] JSR-330 'javax.inject.Inject' annotation found and supported for autowiring
2020-12-07 15:19:52,239 INFO org.apache.commons.logging.impl.Jdk14Logger [main] Bean 'configurationPropertiesRebinderAutoConfiguration' of type [org.springframework.cloud.autoconfigure.ConfigurationPropertiesRebinderAutoConfiguration$$EnhancerBySpringCGLIB$$c236688b] is not eligible for getting processed by all BeanPostProcessors (for example: not eligible for auto-proxying)
2020-12-07 15:20:02,510 INFO org.apache.commons.logging.impl.Jdk14Logger [main] No active profile set, falling back to default profiles: default
2020-12-07 15:20:02,527 INFO org.apache.commons.logging.impl.Jdk14Logger [main] Refreshing org.springframework.boot.web.servlet.context.AnnotationConfigServletWebServerApplicationContext@79c4715d: startup date [Mon Dec 07 15:20:02 IST 2020]; parent: org.springframework.context.annotation.AnnotationConfigApplicationContext@487db668
2020-12-07 15:20:04,019 INFO org.apache.commons.logging.impl.Jdk14Logger [main] Overriding bean definition for bean 'counterFactory' with a different definition: replacing [Root bean: class [null]; scope=; abstract=false; lazyInit=false; autowireMode=3; dependencyCheck=0; autowireCandidate=true; primary=false; factoryBeanName=org.springframework.cloud.netflix.zuul.ZuulServerAutoConfiguration$ZuulMetricsConfiguration; factoryMethodName=counterFactory; initMethodName=null; destroyMethodName=(inferred); defined in class path resource [org/springframework/cloud/netflix/zuul/ZuulServerAutoConfiguration$ZuulMetricsConfiguration.class]] with [Root bean: class [null]; scope=; abstract=false; lazyInit=false; autowireMode=3; dependencyCheck=0; autowireCandidate=true; primary=false; factoryBeanName=org.springframework.cloud.netflix.zuul.ZuulServerAutoConfiguration$ZuulCounterFactoryConfiguration; factoryMethodName=counterFactory; initMethodName=null; destroyMethodName=(inferred); defined in class path resource [org/springframework/cloud/netflix/zuul/ZuulServerAutoConfiguration$ZuulCounterFactoryConfiguration.class]]
2020-12-07 15:20:04,153 INFO org.apache.commons.logging.impl.Jdk14Logger [main] Overriding bean definition for bean 'dataSource' with a different definition: replacing [Root bean: class [null]; scope=refresh; abstract=false; lazyInit=false; autowireMode=3; dependencyCheck=0; autowireCandidate=false; primary=false; factoryBeanName=org.springframework.boot.autoconfigure.jdbc.DataSourceConfiguration$Hikari; factoryMethodName=dataSource; initMethodName=null; destroyMethodName=(inferred); defined in class path resource [org/springframework/boot/autoconfigure/jdbc/DataSourceConfiguration$Hikari.class]] with [Root bean: class [org.springframework.aop.scope.ScopedProxyFactoryBean]; scope=; abstract=false; lazyInit=false; autowireMode=0; dependencyCheck=0; autowireCandidate=true; primary=false; factoryBeanName=null; factoryMethodName=null; initMethodName=null; destroyMethodName=null; defined in BeanDefinition defined in class path resource [org/springframework/boot/autoconfigure/jdbc/DataSourceConfiguration$Hikari.class]]
2020-12-07 15:20:04,405 INFO org.apache.commons.logging.impl.Jdk14Logger [main] BeanFactory id=bb2f75eb-7d1a-3cf1-ad7b-021c4a56a3e5
2020-12-07 15:20:04,444 INFO org.apache.commons.logging.impl.Jdk14Logger [main] JSR-330 'javax.inject.Inject' annotation found and supported for autowiring
2020-12-07 15:20:04,601 INFO org.apache.commons.logging.impl.Jdk14Logger [main] Bean 'org.springframework.ws.config.annotation.DelegatingWsConfiguration' of type [org.springframework.ws.config.annotation.DelegatingWsConfiguration$$EnhancerBySpringCGLIB$$4ab42a8d] is not eligible for getting processed by all BeanPostProcessors (for example: not eligible for auto-proxying)
2020-12-07 15:20:04,643 INFO org.apache.commons.logging.impl.Jdk14Logger [main] Supporting [WS-Addressing August 2004, WS-Addressing 1.0]
2020-12-07 15:20:04,757 INFO org.apache.commons.logging.impl.Jdk14Logger [main] Bean 'org.springframework.transaction.annotation.ProxyTransactionManagementConfiguration' of type [org.springframework.transaction.annotation.ProxyTransactionManagementConfiguration$$EnhancerBySpringCGLIB$$a61c658e] is not eligible for getting processed by all BeanPostProcessors (for example: not eligible for auto-proxying)
2020-12-07 15:20:04,977 INFO org.apache.commons.logging.impl.Jdk14Logger [main] Bean 'org.springframework.security.config.annotation.configuration.ObjectPostProcessorConfiguration' of type [org.springframework.security.config.annotation.configuration.ObjectPostProcessorConfiguration$$EnhancerBySpringCGLIB$$3eca2dc8] is not eligible for getting processed by all BeanPostProcessors (for example: not eligible for auto-proxying)
2020-12-07 15:20:04,991 INFO org.apache.commons.logging.impl.Jdk14Logger [main] Bean 'objectPostProcessor' of type [org.springframework.security.config.annotation.configuration.AutowireBeanFactoryObjectPostProcessor] is not eligible for getting processed by all BeanPostProcessors (for example: not eligible for auto-proxying)
2020-12-07 15:20:04,995 INFO org.apache.commons.logging.impl.Jdk14Logger [main] Bean 'org.springframework.security.access.expression.method.DefaultMethodSecurityExpressionHandler@6c3f1658' of type [org.springframework.security.access.expression.method.DefaultMethodSecurityExpressionHandler] is not eligible for getting processed by all BeanPostProcessors (for example: not eligible for auto-proxying)
2020-12-07 15:20:05,011 INFO org.apache.commons.logging.impl.Jdk14Logger [main] Bean 'org.springframework.security.config.annotation.method.configuration.GlobalMethodSecurityConfiguration' of type [org.springframework.security.config.annotation.method.configuration.GlobalMethodSecurityConfiguration$$EnhancerBySpringCGLIB$$639ed07a] is not eligible for getting processed by all BeanPostProcessors (for example: not eligible for auto-proxying)
2020-12-07 15:20:05,027 INFO org.apache.commons.logging.impl.Jdk14Logger [main] Bean 'methodSecurityMetadataSource' of type [org.springframework.security.access.method.DelegatingMethodSecurityMetadataSource] is not eligible for getting processed by all BeanPostProcessors (for example: not eligible for auto-proxying)
2020-12-07 15:20:05,079 INFO org.apache.commons.logging.impl.Jdk14Logger [main] Bean 'org.springframework.cloud.autoconfigure.ConfigurationPropertiesRebinderAutoConfiguration' of type [org.springframework.cloud.autoconfigure.ConfigurationPropertiesRebinderAutoConfiguration$$EnhancerBySpringCGLIB$$c236688b] is not eligible for getting processed by all BeanPostProcessors (for example: not eligible for auto-proxying)
2020-12-07 15:20:05,800 INFO org.apache.commons.logging.impl.Jdk14Logger [main] Tomcat initialized with port(s): 8080 (http)
2020-12-07 15:20:05,817 INFO org.apache.juli.logging.DirectJDKLog [main] Initializing ProtocolHandler ["http-nio-8080"]
2020-12-07 15:20:05,833 INFO org.apache.juli.logging.DirectJDKLog [main] Starting service [Tomcat]
2020-12-07 15:20:05,834 INFO org.apache.juli.logging.DirectJDKLog [main] Starting Servlet Engine: Apache Tomcat/8.5.34
2020-12-07 15:20:05,840 INFO org.apache.juli.logging.DirectJDKLog [localhost-startStop-1] The APR based Apache Tomcat Native library which allows optimal performance in production environments was not found on the java.library.path: [/Users/bsridharpatnaik/Library/Java/Extensions:/Library/Java/Extensions:/Network/Library/Java/Extensions:/System/Library/Java/Extensions:/usr/lib/java:.]
2020-12-07 15:20:05,993 INFO org.apache.juli.logging.DirectJDKLog [localhost-startStop-1] Initializing Spring embedded WebApplicationContext
2020-12-07 15:20:05,994 INFO org.apache.commons.logging.impl.Jdk14Logger [localhost-startStop-1] Root WebApplicationContext: initialization completed in 3466 ms
2020-12-07 15:20:06,304 WARN com.netflix.config.sources.URLConfigurationSource [localhost-startStop-1] No URLs will be polled as dynamic configuration sources.
2020-12-07 15:20:06,305 INFO com.netflix.config.sources.URLConfigurationSource [localhost-startStop-1] To enable URLs as dynamic configuration sources, define System property archaius.configurationSource.additionalUrls or make config.properties available on classpath.
2020-12-07 15:20:06,318 INFO com.netflix.config.DynamicPropertyFactory [localhost-startStop-1] DynamicPropertyFactory is initialized with configuration sources: com.netflix.config.ConcurrentCompositeConfiguration@63084b8f
2020-12-07 15:20:07,900 INFO com.zaxxer.hikari.HikariDataSource [localhost-startStop-1] HikariPool-1 - Starting...
2020-12-07 15:20:08,148 INFO com.zaxxer.hikari.HikariDataSource [localhost-startStop-1] HikariPool-1 - Start completed.
2020-12-07 15:20:08,224 INFO org.apache.commons.logging.impl.Jdk14Logger [localhost-startStop-1] Building JPA container EntityManagerFactory for persistence unit 'default'
2020-12-07 15:20:08,242 INFO org.hibernate.jpa.internal.util.LogHelper [localhost-startStop-1] HHH000204: Processing PersistenceUnitInfo [name: default]
2020-12-07 15:20:08,355 INFO org.hibernate.Version [localhost-startStop-1] HHH000412: Hibernate ORM core version 5.4.22.Final
2020-12-07 15:20:08,572 INFO org.hibernate.annotations.common.reflection.java.JavaReflectionManager [localhost-startStop-1] HCANN000001: Hibernate Commons Annotations {5.1.0.Final}
2020-12-07 15:20:08,804 INFO org.hibernate.dialect.Dialect [localhost-startStop-1] HHH000400: Using dialect: org.hibernate.dialect.MySQL5InnoDBDialect
2020-12-07 15:20:08,867 INFO org.hibernate.envers.boot.internal.EnversServiceImpl [localhost-startStop-1] Envers integration enabled? : true
2020-12-07 15:20:09,041 ERROR org.apache.commons.logging.impl.Jdk14Logger [localhost-startStop-1] Error starting Tomcat context. Exception: org.springframework.beans.factory.UnsatisfiedDependencyException. Message: Error creating bean with name 'jwtRequestFilter': Unsatisfied dependency expressed through field 'jwtUserDetailsService'; nested exception is org.springframework.beans.factory.UnsatisfiedDependencyException: Error creating bean with name 'jwtUserDetailsService': Unsatisfied dependency expressed through field 'userRepo'; nested exception is org.springframework.beans.factory.BeanCreationException: Error creating bean with name 'userRepository': Cannot create inner bean '(inner bean)#56854df6' of type [org.springframework.orm.jpa.SharedEntityManagerCreator] while setting bean property 'entityManager'; nested exception is org.springframework.beans.factory.BeanCreationException: Error creating bean with name '(inner bean)#56854df6': Cannot resolve reference to bean 'entityManagerFactory' while setting constructor argument; nested exception is org.springframework.beans.factory.BeanCreationException: Error creating bean with name 'entityManagerFactory' defined in class path resource [org/springframework/boot/autoconfigure/orm/jpa/HibernateJpaConfiguration.class]: Invocation of init method failed; nested exception is org.hibernate.AnnotationException: No identifier specified for entity: com.ec.common.Model.NotificationHistory
2020-12-07 15:20:09,083 INFO org.apache.juli.logging.DirectJDKLog [main] Stopping service [Tomcat]
2020-12-07 15:20:09,090 WARN org.apache.juli.logging.DirectJDKLog [localhost-startStop-1] The web application [ROOT] appears to have started a thread named [spring.cloud.inetutils] but has failed to stop it. This is very likely to create a memory leak. Stack trace of thread:
 sun.misc.Unsafe.park(Native Method)
 java.util.concurrent.locks.LockSupport.park(LockSupport.java:175)
 java.util.concurrent.locks.AbstractQueuedSynchronizer$ConditionObject.await(AbstractQueuedSynchronizer.java:2039)
 java.util.concurrent.LinkedBlockingQueue.take(LinkedBlockingQueue.java:442)
 java.util.concurrent.ThreadPoolExecutor.getTask(ThreadPoolExecutor.java:1074)
 java.util.concurrent.ThreadPoolExecutor.runWorker(ThreadPoolExecutor.java:1134)
 java.util.concurrent.ThreadPoolExecutor$Worker.run(ThreadPoolExecutor.java:624)
 java.lang.Thread.run(Thread.java:748)
2020-12-07 15:20:09,091 WARN org.apache.juli.logging.DirectJDKLog [localhost-startStop-1] The web application [ROOT] appears to have started a thread named [RxIoScheduler-1 (Evictor)] but has failed to stop it. This is very likely to create a memory leak. Stack trace of thread:
 sun.misc.Unsafe.park(Native Method)
 java.util.concurrent.locks.LockSupport.parkNanos(LockSupport.java:215)
 java.util.concurrent.locks.AbstractQueuedSynchronizer$ConditionObject.awaitNanos(AbstractQueuedSynchronizer.java:2078)
 java.util.concurrent.ScheduledThreadPoolExecutor$DelayedWorkQueue.take(ScheduledThreadPoolExecutor.java:1093)
 java.util.concurrent.ScheduledThreadPoolExecutor$DelayedWorkQueue.take(ScheduledThreadPoolExecutor.java:809)
 java.util.concurrent.ThreadPoolExecutor.getTask(ThreadPoolExecutor.java:1074)
 java.util.concurrent.ThreadPoolExecutor.runWorker(ThreadPoolExecutor.java:1134)
 java.util.concurrent.ThreadPoolExecutor$Worker.run(ThreadPoolExecutor.java:624)
 java.lang.Thread.run(Thread.java:748)
2020-12-07 15:20:09,092 WARN org.apache.juli.logging.DirectJDKLog [localhost-startStop-1] The web application [ROOT] appears to have started a thread named [HikariPool-1 housekeeper] but has failed to stop it. This is very likely to create a memory leak. Stack trace of thread:
 sun.misc.Unsafe.park(Native Method)
 java.util.concurrent.locks.LockSupport.parkNanos(LockSupport.java:215)
 java.util.concurrent.locks.AbstractQueuedSynchronizer$ConditionObject.awaitNanos(AbstractQueuedSynchronizer.java:2078)
 java.util.concurrent.ScheduledThreadPoolExecutor$DelayedWorkQueue.take(ScheduledThreadPoolExecutor.java:1093)
 java.util.concurrent.ScheduledThreadPoolExecutor$DelayedWorkQueue.take(ScheduledThreadPoolExecutor.java:809)
 java.util.concurrent.ThreadPoolExecutor.getTask(ThreadPoolExecutor.java:1074)
 java.util.concurrent.ThreadPoolExecutor.runWorker(ThreadPoolExecutor.java:1134)
 java.util.concurrent.ThreadPoolExecutor$Worker.run(ThreadPoolExecutor.java:624)
 java.lang.Thread.run(Thread.java:748)
2020-12-07 15:20:09,093 WARN org.apache.juli.logging.DirectJDKLog [localhost-startStop-1] The web application [ROOT] appears to have started a thread named [HikariPool-1 connection adder] but has failed to stop it. This is very likely to create a memory leak. Stack trace of thread:
 sun.misc.Unsafe.park(Native Method)
 java.util.concurrent.locks.LockSupport.parkNanos(LockSupport.java:215)
 java.util.concurrent.locks.AbstractQueuedSynchronizer$ConditionObject.awaitNanos(AbstractQueuedSynchronizer.java:2078)
 java.util.concurrent.LinkedBlockingQueue.poll(LinkedBlockingQueue.java:467)
 java.util.concurrent.ThreadPoolExecutor.getTask(ThreadPoolExecutor.java:1073)
 java.util.concurrent.ThreadPoolExecutor.runWorker(ThreadPoolExecutor.java:1134)
 java.util.concurrent.ThreadPoolExecutor$Worker.run(ThreadPoolExecutor.java:624)
 java.lang.Thread.run(Thread.java:748)
2020-12-07 15:20:09,097 WARN org.apache.commons.logging.impl.Jdk14Logger [main] Exception encountered during context initialization - cancelling refresh attempt: org.springframework.context.ApplicationContextException: Unable to start web server; nested exception is org.springframework.boot.web.server.WebServerException: Unable to start embedded Tomcat
2020-12-07 15:20:09,101 INFO com.zaxxer.hikari.HikariDataSource [main] HikariPool-1 - Shutdown initiated...
2020-12-07 15:20:09,117 INFO com.zaxxer.hikari.HikariDataSource [main] HikariPool-1 - Shutdown completed.
2020-12-07 15:20:59,668 INFO org.apache.commons.logging.impl.Jdk14Logger [main] Refreshing org.springframework.context.annotation.AnnotationConfigApplicationContext@1a20270e: startup date [Mon Dec 07 15:20:59 IST 2020]; root of context hierarchy
2020-12-07 15:21:00,037 INFO org.apache.commons.logging.impl.Jdk14Logger [main] JSR-330 'javax.inject.Inject' annotation found and supported for autowiring
2020-12-07 15:21:00,120 INFO org.apache.commons.logging.impl.Jdk14Logger [main] Bean 'configurationPropertiesRebinderAutoConfiguration' of type [org.springframework.cloud.autoconfigure.ConfigurationPropertiesRebinderAutoConfiguration$$EnhancerBySpringCGLIB$$6dcded3a] is not eligible for getting processed by all BeanPostProcessors (for example: not eligible for auto-proxying)
2020-12-07 15:21:10,434 INFO org.apache.commons.logging.impl.Jdk14Logger [main] No active profile set, falling back to default profiles: default
2020-12-07 15:21:10,451 INFO org.apache.commons.logging.impl.Jdk14Logger [main] Refreshing org.springframework.boot.web.servlet.context.AnnotationConfigServletWebServerApplicationContext@3caa4757: startup date [Mon Dec 07 15:21:10 IST 2020]; parent: org.springframework.context.annotation.AnnotationConfigApplicationContext@1a20270e
2020-12-07 15:21:12,010 INFO org.apache.commons.logging.impl.Jdk14Logger [main] Overriding bean definition for bean 'counterFactory' with a different definition: replacing [Root bean: class [null]; scope=; abstract=false; lazyInit=false; autowireMode=3; dependencyCheck=0; autowireCandidate=true; primary=false; factoryBeanName=org.springframework.cloud.netflix.zuul.ZuulServerAutoConfiguration$ZuulMetricsConfiguration; factoryMethodName=counterFactory; initMethodName=null; destroyMethodName=(inferred); defined in class path resource [org/springframework/cloud/netflix/zuul/ZuulServerAutoConfiguration$ZuulMetricsConfiguration.class]] with [Root bean: class [null]; scope=; abstract=false; lazyInit=false; autowireMode=3; dependencyCheck=0; autowireCandidate=true; primary=false; factoryBeanName=org.springframework.cloud.netflix.zuul.ZuulServerAutoConfiguration$ZuulCounterFactoryConfiguration; factoryMethodName=counterFactory; initMethodName=null; destroyMethodName=(inferred); defined in class path resource [org/springframework/cloud/netflix/zuul/ZuulServerAutoConfiguration$ZuulCounterFactoryConfiguration.class]]
2020-12-07 15:21:12,120 INFO org.apache.commons.logging.impl.Jdk14Logger [main] Overriding bean definition for bean 'dataSource' with a different definition: replacing [Root bean: class [null]; scope=refresh; abstract=false; lazyInit=false; autowireMode=3; dependencyCheck=0; autowireCandidate=false; primary=false; factoryBeanName=org.springframework.boot.autoconfigure.jdbc.DataSourceConfiguration$Hikari; factoryMethodName=dataSource; initMethodName=null; destroyMethodName=(inferred); defined in class path resource [org/springframework/boot/autoconfigure/jdbc/DataSourceConfiguration$Hikari.class]] with [Root bean: class [org.springframework.aop.scope.ScopedProxyFactoryBean]; scope=; abstract=false; lazyInit=false; autowireMode=0; dependencyCheck=0; autowireCandidate=true; primary=false; factoryBeanName=null; factoryMethodName=null; initMethodName=null; destroyMethodName=null; defined in BeanDefinition defined in class path resource [org/springframework/boot/autoconfigure/jdbc/DataSourceConfiguration$Hikari.class]]
2020-12-07 15:21:12,384 INFO org.apache.commons.logging.impl.Jdk14Logger [main] BeanFactory id=bb2f75eb-7d1a-3cf1-ad7b-021c4a56a3e5
2020-12-07 15:21:12,440 INFO org.apache.commons.logging.impl.Jdk14Logger [main] JSR-330 'javax.inject.Inject' annotation found and supported for autowiring
2020-12-07 15:21:12,627 INFO org.apache.commons.logging.impl.Jdk14Logger [main] Bean 'org.springframework.ws.config.annotation.DelegatingWsConfiguration' of type [org.springframework.ws.config.annotation.DelegatingWsConfiguration$$EnhancerBySpringCGLIB$$f64baf3c] is not eligible for getting processed by all BeanPostProcessors (for example: not eligible for auto-proxying)
2020-12-07 15:21:12,671 INFO org.apache.commons.logging.impl.Jdk14Logger [main] Supporting [WS-Addressing August 2004, WS-Addressing 1.0]
2020-12-07 15:21:12,783 INFO org.apache.commons.logging.impl.Jdk14Logger [main] Bean 'org.springframework.transaction.annotation.ProxyTransactionManagementConfiguration' of type [org.springframework.transaction.annotation.ProxyTransactionManagementConfiguration$$EnhancerBySpringCGLIB$$51b3ea3d] is not eligible for getting processed by all BeanPostProcessors (for example: not eligible for auto-proxying)
2020-12-07 15:21:13,005 INFO org.apache.commons.logging.impl.Jdk14Logger [main] Bean 'org.springframework.security.config.annotation.configuration.ObjectPostProcessorConfiguration' of type [org.springframework.security.config.annotation.configuration.ObjectPostProcessorConfiguration$$EnhancerBySpringCGLIB$$ea61b277] is not eligible for getting processed by all BeanPostProcessors (for example: not eligible for auto-proxying)
2020-12-07 15:21:13,019 INFO org.apache.commons.logging.impl.Jdk14Logger [main] Bean 'objectPostProcessor' of type [org.springframework.security.config.annotation.configuration.AutowireBeanFactoryObjectPostProcessor] is not eligible for getting processed by all BeanPostProcessors (for example: not eligible for auto-proxying)
2020-12-07 15:21:13,023 INFO org.apache.commons.logging.impl.Jdk14Logger [main] Bean 'org.springframework.security.access.expression.method.DefaultMethodSecurityExpressionHandler@1f7cec93' of type [org.springframework.security.access.expression.method.DefaultMethodSecurityExpressionHandler] is not eligible for getting processed by all BeanPostProcessors (for example: not eligible for auto-proxying)
2020-12-07 15:21:13,038 INFO org.apache.commons.logging.impl.Jdk14Logger [main] Bean 'org.springframework.security.config.annotation.method.configuration.GlobalMethodSecurityConfiguration' of type [org.springframework.security.config.annotation.method.configuration.GlobalMethodSecurityConfiguration$$EnhancerBySpringCGLIB$$f365529] is not eligible for getting processed by all BeanPostProcessors (for example: not eligible for auto-proxying)
2020-12-07 15:21:13,054 INFO org.apache.commons.logging.impl.Jdk14Logger [main] Bean 'methodSecurityMetadataSource' of type [org.springframework.security.access.method.DelegatingMethodSecurityMetadataSource] is not eligible for getting processed by all BeanPostProcessors (for example: not eligible for auto-proxying)
2020-12-07 15:21:13,102 INFO org.apache.commons.logging.impl.Jdk14Logger [main] Bean 'org.springframework.cloud.autoconfigure.ConfigurationPropertiesRebinderAutoConfiguration' of type [org.springframework.cloud.autoconfigure.ConfigurationPropertiesRebinderAutoConfiguration$$EnhancerBySpringCGLIB$$6dcded3a] is not eligible for getting processed by all BeanPostProcessors (for example: not eligible for auto-proxying)
2020-12-07 15:21:13,780 INFO org.apache.commons.logging.impl.Jdk14Logger [main] Tomcat initialized with port(s): 8080 (http)
2020-12-07 15:21:13,797 INFO org.apache.juli.logging.DirectJDKLog [main] Initializing ProtocolHandler ["http-nio-8080"]
2020-12-07 15:21:13,811 INFO org.apache.juli.logging.DirectJDKLog [main] Starting service [Tomcat]
2020-12-07 15:21:13,811 INFO org.apache.juli.logging.DirectJDKLog [main] Starting Servlet Engine: Apache Tomcat/8.5.34
2020-12-07 15:21:13,817 INFO org.apache.juli.logging.DirectJDKLog [localhost-startStop-1] The APR based Apache Tomcat Native library which allows optimal performance in production environments was not found on the java.library.path: [/Users/bsridharpatnaik/Library/Java/Extensions:/Library/Java/Extensions:/Network/Library/Java/Extensions:/System/Library/Java/Extensions:/usr/lib/java:.]
2020-12-07 15:21:13,972 INFO org.apache.juli.logging.DirectJDKLog [localhost-startStop-1] Initializing Spring embedded WebApplicationContext
2020-12-07 15:21:13,972 INFO org.apache.commons.logging.impl.Jdk14Logger [localhost-startStop-1] Root WebApplicationContext: initialization completed in 3521 ms
2020-12-07 15:21:14,276 WARN com.netflix.config.sources.URLConfigurationSource [localhost-startStop-1] No URLs will be polled as dynamic configuration sources.
2020-12-07 15:21:14,276 INFO com.netflix.config.sources.URLConfigurationSource [localhost-startStop-1] To enable URLs as dynamic configuration sources, define System property archaius.configurationSource.additionalUrls or make config.properties available on classpath.
2020-12-07 15:21:14,291 INFO com.netflix.config.DynamicPropertyFactory [localhost-startStop-1] DynamicPropertyFactory is initialized with configuration sources: com.netflix.config.ConcurrentCompositeConfiguration@1f0bdad1
2020-12-07 15:21:15,967 INFO com.zaxxer.hikari.HikariDataSource [localhost-startStop-1] HikariPool-1 - Starting...
2020-12-07 15:21:16,279 INFO com.zaxxer.hikari.HikariDataSource [localhost-startStop-1] HikariPool-1 - Start completed.
2020-12-07 15:21:16,428 INFO org.apache.commons.logging.impl.Jdk14Logger [localhost-startStop-1] Building JPA container EntityManagerFactory for persistence unit 'default'
2020-12-07 15:21:16,465 INFO org.hibernate.jpa.internal.util.LogHelper [localhost-startStop-1] HHH000204: Processing PersistenceUnitInfo [name: default]
2020-12-07 15:21:16,620 INFO org.hibernate.Version [localhost-startStop-1] HHH000412: Hibernate ORM core version 5.4.22.Final
2020-12-07 15:21:16,780 INFO org.hibernate.annotations.common.reflection.java.JavaReflectionManager [localhost-startStop-1] HCANN000001: Hibernate Commons Annotations {5.1.0.Final}
2020-12-07 15:21:17,031 INFO org.hibernate.dialect.Dialect [localhost-startStop-1] HHH000400: Using dialect: org.hibernate.dialect.MySQL5InnoDBDialect
2020-12-07 15:21:17,102 INFO org.hibernate.envers.boot.internal.EnversServiceImpl [localhost-startStop-1] Envers integration enabled? : true
2020-12-07 15:21:17,280 ERROR org.apache.commons.logging.impl.Jdk14Logger [localhost-startStop-1] Error starting Tomcat context. Exception: org.springframework.beans.factory.UnsatisfiedDependencyException. Message: Error creating bean with name 'jwtRequestFilter': Unsatisfied dependency expressed through field 'jwtUserDetailsService'; nested exception is org.springframework.beans.factory.UnsatisfiedDependencyException: Error creating bean with name 'jwtUserDetailsService': Unsatisfied dependency expressed through field 'userRepo'; nested exception is org.springframework.beans.factory.BeanCreationException: Error creating bean with name 'userRepository': Cannot create inner bean '(inner bean)#5683c1c5' of type [org.springframework.orm.jpa.SharedEntityManagerCreator] while setting bean property 'entityManager'; nested exception is org.springframework.beans.factory.BeanCreationException: Error creating bean with name '(inner bean)#5683c1c5': Cannot resolve reference to bean 'entityManagerFactory' while setting constructor argument; nested exception is org.springframework.beans.factory.BeanCreationException: Error creating bean with name 'entityManagerFactory' defined in class path resource [org/springframework/boot/autoconfigure/orm/jpa/HibernateJpaConfiguration.class]: Invocation of init method failed; nested exception is org.hibernate.AnnotationException: No identifier specified for entity: com.ec.common.Model.NotificationHistory
2020-12-07 15:21:17,313 INFO org.apache.juli.logging.DirectJDKLog [main] Stopping service [Tomcat]
2020-12-07 15:21:17,319 WARN org.apache.juli.logging.DirectJDKLog [localhost-startStop-1] The web application [ROOT] appears to have started a thread named [spring.cloud.inetutils] but has failed to stop it. This is very likely to create a memory leak. Stack trace of thread:
 sun.misc.Unsafe.park(Native Method)
 java.util.concurrent.locks.LockSupport.park(LockSupport.java:175)
 java.util.concurrent.locks.AbstractQueuedSynchronizer$ConditionObject.await(AbstractQueuedSynchronizer.java:2039)
 java.util.concurrent.LinkedBlockingQueue.take(LinkedBlockingQueue.java:442)
 java.util.concurrent.ThreadPoolExecutor.getTask(ThreadPoolExecutor.java:1074)
 java.util.concurrent.ThreadPoolExecutor.runWorker(ThreadPoolExecutor.java:1134)
 java.util.concurrent.ThreadPoolExecutor$Worker.run(ThreadPoolExecutor.java:624)
 java.lang.Thread.run(Thread.java:748)
2020-12-07 15:21:17,320 WARN org.apache.juli.logging.DirectJDKLog [localhost-startStop-1] The web application [ROOT] appears to have started a thread named [RxIoScheduler-1 (Evictor)] but has failed to stop it. This is very likely to create a memory leak. Stack trace of thread:
 sun.misc.Unsafe.park(Native Method)
 java.util.concurrent.locks.LockSupport.parkNanos(LockSupport.java:215)
 java.util.concurrent.locks.AbstractQueuedSynchronizer$ConditionObject.awaitNanos(AbstractQueuedSynchronizer.java:2078)
 java.util.concurrent.ScheduledThreadPoolExecutor$DelayedWorkQueue.take(ScheduledThreadPoolExecutor.java:1093)
 java.util.concurrent.ScheduledThreadPoolExecutor$DelayedWorkQueue.take(ScheduledThreadPoolExecutor.java:809)
 java.util.concurrent.ThreadPoolExecutor.getTask(ThreadPoolExecutor.java:1074)
 java.util.concurrent.ThreadPoolExecutor.runWorker(ThreadPoolExecutor.java:1134)
 java.util.concurrent.ThreadPoolExecutor$Worker.run(ThreadPoolExecutor.java:624)
 java.lang.Thread.run(Thread.java:748)
2020-12-07 15:21:17,321 WARN org.apache.juli.logging.DirectJDKLog [localhost-startStop-1] The web application [ROOT] appears to have started a thread named [HikariPool-1 housekeeper] but has failed to stop it. This is very likely to create a memory leak. Stack trace of thread:
 sun.misc.Unsafe.park(Native Method)
 java.util.concurrent.locks.LockSupport.parkNanos(LockSupport.java:215)
 java.util.concurrent.locks.AbstractQueuedSynchronizer$ConditionObject.awaitNanos(AbstractQueuedSynchronizer.java:2078)
 java.util.concurrent.ScheduledThreadPoolExecutor$DelayedWorkQueue.take(ScheduledThreadPoolExecutor.java:1093)
 java.util.concurrent.ScheduledThreadPoolExecutor$DelayedWorkQueue.take(ScheduledThreadPoolExecutor.java:809)
 java.util.concurrent.ThreadPoolExecutor.getTask(ThreadPoolExecutor.java:1074)
 java.util.concurrent.ThreadPoolExecutor.runWorker(ThreadPoolExecutor.java:1134)
 java.util.concurrent.ThreadPoolExecutor$Worker.run(ThreadPoolExecutor.java:624)
 java.lang.Thread.run(Thread.java:748)
2020-12-07 15:21:17,321 WARN org.apache.juli.logging.DirectJDKLog [localhost-startStop-1] The web application [ROOT] appears to have started a thread named [HikariPool-1 connection adder] but has failed to stop it. This is very likely to create a memory leak. Stack trace of thread:
 sun.misc.Unsafe.park(Native Method)
 java.util.concurrent.locks.LockSupport.parkNanos(LockSupport.java:215)
 java.util.concurrent.locks.AbstractQueuedSynchronizer$ConditionObject.awaitNanos(AbstractQueuedSynchronizer.java:2078)
 java.util.concurrent.LinkedBlockingQueue.poll(LinkedBlockingQueue.java:467)
 java.util.concurrent.ThreadPoolExecutor.getTask(ThreadPoolExecutor.java:1073)
 java.util.concurrent.ThreadPoolExecutor.runWorker(ThreadPoolExecutor.java:1134)
 java.util.concurrent.ThreadPoolExecutor$Worker.run(ThreadPoolExecutor.java:624)
 java.lang.Thread.run(Thread.java:748)
2020-12-07 15:21:17,326 WARN org.apache.commons.logging.impl.Jdk14Logger [main] Exception encountered during context initialization - cancelling refresh attempt: org.springframework.context.ApplicationContextException: Unable to start web server; nested exception is org.springframework.boot.web.server.WebServerException: Unable to start embedded Tomcat
2020-12-07 15:21:17,329 INFO com.zaxxer.hikari.HikariDataSource [main] HikariPool-1 - Shutdown initiated...
2020-12-07 15:21:17,345 INFO com.zaxxer.hikari.HikariDataSource [main] HikariPool-1 - Shutdown completed.
2020-12-07 15:22:47,892 INFO org.apache.commons.logging.impl.Jdk14Logger [main] Refreshing org.springframework.context.annotation.AnnotationConfigApplicationContext@7494f96a: startup date [Mon Dec 07 15:22:47 IST 2020]; root of context hierarchy
2020-12-07 15:22:48,118 INFO org.apache.commons.logging.impl.Jdk14Logger [main] JSR-330 'javax.inject.Inject' annotation found and supported for autowiring
2020-12-07 15:22:48,175 INFO org.apache.commons.logging.impl.Jdk14Logger [main] Bean 'configurationPropertiesRebinderAutoConfiguration' of type [org.springframework.cloud.autoconfigure.ConfigurationPropertiesRebinderAutoConfiguration$$EnhancerBySpringCGLIB$$5240678e] is not eligible for getting processed by all BeanPostProcessors (for example: not eligible for auto-proxying)
2020-12-07 15:22:58,409 INFO org.apache.commons.logging.impl.Jdk14Logger [main] No active profile set, falling back to default profiles: default
2020-12-07 15:22:58,424 INFO org.apache.commons.logging.impl.Jdk14Logger [main] Refreshing org.springframework.boot.web.servlet.context.AnnotationConfigServletWebServerApplicationContext@49c66ade: startup date [Mon Dec 07 15:22:58 IST 2020]; parent: org.springframework.context.annotation.AnnotationConfigApplicationContext@7494f96a
2020-12-07 15:22:59,711 INFO org.apache.commons.logging.impl.Jdk14Logger [main] Overriding bean definition for bean 'counterFactory' with a different definition: replacing [Root bean: class [null]; scope=; abstract=false; lazyInit=false; autowireMode=3; dependencyCheck=0; autowireCandidate=true; primary=false; factoryBeanName=org.springframework.cloud.netflix.zuul.ZuulServerAutoConfiguration$ZuulMetricsConfiguration; factoryMethodName=counterFactory; initMethodName=null; destroyMethodName=(inferred); defined in class path resource [org/springframework/cloud/netflix/zuul/ZuulServerAutoConfiguration$ZuulMetricsConfiguration.class]] with [Root bean: class [null]; scope=; abstract=false; lazyInit=false; autowireMode=3; dependencyCheck=0; autowireCandidate=true; primary=false; factoryBeanName=org.springframework.cloud.netflix.zuul.ZuulServerAutoConfiguration$ZuulCounterFactoryConfiguration; factoryMethodName=counterFactory; initMethodName=null; destroyMethodName=(inferred); defined in class path resource [org/springframework/cloud/netflix/zuul/ZuulServerAutoConfiguration$ZuulCounterFactoryConfiguration.class]]
2020-12-07 15:22:59,796 INFO org.apache.commons.logging.impl.Jdk14Logger [main] Overriding bean definition for bean 'dataSource' with a different definition: replacing [Root bean: class [null]; scope=refresh; abstract=false; lazyInit=false; autowireMode=3; dependencyCheck=0; autowireCandidate=false; primary=false; factoryBeanName=org.springframework.boot.autoconfigure.jdbc.DataSourceConfiguration$Hikari; factoryMethodName=dataSource; initMethodName=null; destroyMethodName=(inferred); defined in class path resource [org/springframework/boot/autoconfigure/jdbc/DataSourceConfiguration$Hikari.class]] with [Root bean: class [org.springframework.aop.scope.ScopedProxyFactoryBean]; scope=; abstract=false; lazyInit=false; autowireMode=0; dependencyCheck=0; autowireCandidate=true; primary=false; factoryBeanName=null; factoryMethodName=null; initMethodName=null; destroyMethodName=null; defined in BeanDefinition defined in class path resource [org/springframework/boot/autoconfigure/jdbc/DataSourceConfiguration$Hikari.class]]
2020-12-07 15:23:00,097 INFO org.apache.commons.logging.impl.Jdk14Logger [main] BeanFactory id=bb2f75eb-7d1a-3cf1-ad7b-021c4a56a3e5
2020-12-07 15:23:00,163 INFO org.apache.commons.logging.impl.Jdk14Logger [main] JSR-330 'javax.inject.Inject' annotation found and supported for autowiring
2020-12-07 15:23:00,333 INFO org.apache.commons.logging.impl.Jdk14Logger [main] Bean 'org.springframework.ws.config.annotation.DelegatingWsConfiguration' of type [org.springframework.ws.config.annotation.DelegatingWsConfiguration$$EnhancerBySpringCGLIB$$dabe2990] is not eligible for getting processed by all BeanPostProcessors (for example: not eligible for auto-proxying)
2020-12-07 15:23:00,386 INFO org.apache.commons.logging.impl.Jdk14Logger [main] Supporting [WS-Addressing August 2004, WS-Addressing 1.0]
2020-12-07 15:23:00,491 INFO org.apache.commons.logging.impl.Jdk14Logger [main] Bean 'org.springframework.transaction.annotation.ProxyTransactionManagementConfiguration' of type [org.springframework.transaction.annotation.ProxyTransactionManagementConfiguration$$EnhancerBySpringCGLIB$$36266491] is not eligible for getting processed by all BeanPostProcessors (for example: not eligible for auto-proxying)
2020-12-07 15:23:00,698 INFO org.apache.commons.logging.impl.Jdk14Logger [main] Bean 'org.springframework.security.config.annotation.configuration.ObjectPostProcessorConfiguration' of type [org.springframework.security.config.annotation.configuration.ObjectPostProcessorConfiguration$$EnhancerBySpringCGLIB$$ced42ccb] is not eligible for getting processed by all BeanPostProcessors (for example: not eligible for auto-proxying)
2020-12-07 15:23:00,711 INFO org.apache.commons.logging.impl.Jdk14Logger [main] Bean 'objectPostProcessor' of type [org.springframework.security.config.annotation.configuration.AutowireBeanFactoryObjectPostProcessor] is not eligible for getting processed by all BeanPostProcessors (for example: not eligible for auto-proxying)
2020-12-07 15:23:00,715 INFO org.apache.commons.logging.impl.Jdk14Logger [main] Bean 'org.springframework.security.access.expression.method.DefaultMethodSecurityExpressionHandler@5fbe155' of type [org.springframework.security.access.expression.method.DefaultMethodSecurityExpressionHandler] is not eligible for getting processed by all BeanPostProcessors (for example: not eligible for auto-proxying)
2020-12-07 15:23:00,728 INFO org.apache.commons.logging.impl.Jdk14Logger [main] Bean 'org.springframework.security.config.annotation.method.configuration.GlobalMethodSecurityConfiguration' of type [org.springframework.security.config.annotation.method.configuration.GlobalMethodSecurityConfiguration$$EnhancerBySpringCGLIB$$f3a8cf7d] is not eligible for getting processed by all BeanPostProcessors (for example: not eligible for auto-proxying)
2020-12-07 15:23:00,742 INFO org.apache.commons.logging.impl.Jdk14Logger [main] Bean 'methodSecurityMetadataSource' of type [org.springframework.security.access.method.DelegatingMethodSecurityMetadataSource] is not eligible for getting processed by all BeanPostProcessors (for example: not eligible for auto-proxying)
2020-12-07 15:23:00,779 INFO org.apache.commons.logging.impl.Jdk14Logger [main] Bean 'org.springframework.cloud.autoconfigure.ConfigurationPropertiesRebinderAutoConfiguration' of type [org.springframework.cloud.autoconfigure.ConfigurationPropertiesRebinderAutoConfiguration$$EnhancerBySpringCGLIB$$5240678e] is not eligible for getting processed by all BeanPostProcessors (for example: not eligible for auto-proxying)
2020-12-07 15:23:01,384 INFO org.apache.commons.logging.impl.Jdk14Logger [main] Tomcat initialized with port(s): 8080 (http)
2020-12-07 15:23:01,401 INFO org.apache.juli.logging.DirectJDKLog [main] Initializing ProtocolHandler ["http-nio-8080"]
2020-12-07 15:23:01,413 INFO org.apache.juli.logging.DirectJDKLog [main] Starting service [Tomcat]
2020-12-07 15:23:01,413 INFO org.apache.juli.logging.DirectJDKLog [main] Starting Servlet Engine: Apache Tomcat/8.5.34
2020-12-07 15:23:01,418 INFO org.apache.juli.logging.DirectJDKLog [localhost-startStop-1] The APR based Apache Tomcat Native library which allows optimal performance in production environments was not found on the java.library.path: [/Users/bsridharpatnaik/Library/Java/Extensions:/Library/Java/Extensions:/Network/Library/Java/Extensions:/System/Library/Java/Extensions:/usr/lib/java:.]
2020-12-07 15:23:01,560 INFO org.apache.juli.logging.DirectJDKLog [localhost-startStop-1] Initializing Spring embedded WebApplicationContext
2020-12-07 15:23:01,561 INFO org.apache.commons.logging.impl.Jdk14Logger [localhost-startStop-1] Root WebApplicationContext: initialization completed in 3137 ms
2020-12-07 15:23:01,815 WARN com.netflix.config.sources.URLConfigurationSource [localhost-startStop-1] No URLs will be polled as dynamic configuration sources.
2020-12-07 15:23:01,815 INFO com.netflix.config.sources.URLConfigurationSource [localhost-startStop-1] To enable URLs as dynamic configuration sources, define System property archaius.configurationSource.additionalUrls or make config.properties available on classpath.
2020-12-07 15:23:01,828 INFO com.netflix.config.DynamicPropertyFactory [localhost-startStop-1] DynamicPropertyFactory is initialized with configuration sources: com.netflix.config.ConcurrentCompositeConfiguration@686effff
2020-12-07 15:23:03,575 INFO com.zaxxer.hikari.HikariDataSource [localhost-startStop-1] HikariPool-1 - Starting...
2020-12-07 15:23:03,818 INFO com.zaxxer.hikari.HikariDataSource [localhost-startStop-1] HikariPool-1 - Start completed.
2020-12-07 15:23:03,886 INFO org.apache.commons.logging.impl.Jdk14Logger [localhost-startStop-1] Building JPA container EntityManagerFactory for persistence unit 'default'
2020-12-07 15:23:03,903 INFO org.hibernate.jpa.internal.util.LogHelper [localhost-startStop-1] HHH000204: Processing PersistenceUnitInfo [name: default]
2020-12-07 15:23:04,009 INFO org.hibernate.Version [localhost-startStop-1] HHH000412: Hibernate ORM core version 5.4.22.Final
2020-12-07 15:23:04,203 INFO org.hibernate.annotations.common.reflection.java.JavaReflectionManager [localhost-startStop-1] HCANN000001: Hibernate Commons Annotations {5.1.0.Final}
2020-12-07 15:23:04,407 INFO org.hibernate.dialect.Dialect [localhost-startStop-1] HHH000400: Using dialect: org.hibernate.dialect.MySQL5InnoDBDialect
2020-12-07 15:23:04,459 INFO org.hibernate.envers.boot.internal.EnversServiceImpl [localhost-startStop-1] Envers integration enabled? : true
2020-12-07 15:23:04,597 ERROR org.apache.commons.logging.impl.Jdk14Logger [localhost-startStop-1] Error starting Tomcat context. Exception: org.springframework.beans.factory.UnsatisfiedDependencyException. Message: Error creating bean with name 'jwtRequestFilter': Unsatisfied dependency expressed through field 'jwtUserDetailsService'; nested exception is org.springframework.beans.factory.UnsatisfiedDependencyException: Error creating bean with name 'jwtUserDetailsService': Unsatisfied dependency expressed through field 'userRepo'; nested exception is org.springframework.beans.factory.BeanCreationException: Error creating bean with name 'userRepository': Cannot create inner bean '(inner bean)#78f99951' of type [org.springframework.orm.jpa.SharedEntityManagerCreator] while setting bean property 'entityManager'; nested exception is org.springframework.beans.factory.BeanCreationException: Error creating bean with name '(inner bean)#78f99951': Cannot resolve reference to bean 'entityManagerFactory' while setting constructor argument; nested exception is org.springframework.beans.factory.BeanCreationException: Error creating bean with name 'entityManagerFactory' defined in class path resource [org/springframework/boot/autoconfigure/orm/jpa/HibernateJpaConfiguration.class]: Invocation of init method failed; nested exception is org.hibernate.AnnotationException: No identifier specified for entity: com.ec.common.Model.NotificationHistory
2020-12-07 15:23:04,621 INFO org.apache.juli.logging.DirectJDKLog [main] Stopping service [Tomcat]
2020-12-07 15:23:04,626 WARN org.apache.juli.logging.DirectJDKLog [localhost-startStop-1] The web application [ROOT] appears to have started a thread named [spring.cloud.inetutils] but has failed to stop it. This is very likely to create a memory leak. Stack trace of thread:
 sun.misc.Unsafe.park(Native Method)
 java.util.concurrent.locks.LockSupport.park(LockSupport.java:175)
 java.util.concurrent.locks.AbstractQueuedSynchronizer$ConditionObject.await(AbstractQueuedSynchronizer.java:2039)
 java.util.concurrent.LinkedBlockingQueue.take(LinkedBlockingQueue.java:442)
 java.util.concurrent.ThreadPoolExecutor.getTask(ThreadPoolExecutor.java:1074)
 java.util.concurrent.ThreadPoolExecutor.runWorker(ThreadPoolExecutor.java:1134)
 java.util.concurrent.ThreadPoolExecutor$Worker.run(ThreadPoolExecutor.java:624)
 java.lang.Thread.run(Thread.java:748)
2020-12-07 15:23:04,627 WARN org.apache.juli.logging.DirectJDKLog [localhost-startStop-1] The web application [ROOT] appears to have started a thread named [RxIoScheduler-1 (Evictor)] but has failed to stop it. This is very likely to create a memory leak. Stack trace of thread:
 sun.misc.Unsafe.park(Native Method)
 java.util.concurrent.locks.LockSupport.parkNanos(LockSupport.java:215)
 java.util.concurrent.locks.AbstractQueuedSynchronizer$ConditionObject.awaitNanos(AbstractQueuedSynchronizer.java:2078)
 java.util.concurrent.ScheduledThreadPoolExecutor$DelayedWorkQueue.take(ScheduledThreadPoolExecutor.java:1093)
 java.util.concurrent.ScheduledThreadPoolExecutor$DelayedWorkQueue.take(ScheduledThreadPoolExecutor.java:809)
 java.util.concurrent.ThreadPoolExecutor.getTask(ThreadPoolExecutor.java:1074)
 java.util.concurrent.ThreadPoolExecutor.runWorker(ThreadPoolExecutor.java:1134)
 java.util.concurrent.ThreadPoolExecutor$Worker.run(ThreadPoolExecutor.java:624)
 java.lang.Thread.run(Thread.java:748)
2020-12-07 15:23:04,628 WARN org.apache.juli.logging.DirectJDKLog [localhost-startStop-1] The web application [ROOT] appears to have started a thread named [HikariPool-1 housekeeper] but has failed to stop it. This is very likely to create a memory leak. Stack trace of thread:
 sun.misc.Unsafe.park(Native Method)
 java.util.concurrent.locks.LockSupport.parkNanos(LockSupport.java:215)
 java.util.concurrent.locks.AbstractQueuedSynchronizer$ConditionObject.awaitNanos(AbstractQueuedSynchronizer.java:2078)
 java.util.concurrent.ScheduledThreadPoolExecutor$DelayedWorkQueue.take(ScheduledThreadPoolExecutor.java:1093)
 java.util.concurrent.ScheduledThreadPoolExecutor$DelayedWorkQueue.take(ScheduledThreadPoolExecutor.java:809)
 java.util.concurrent.ThreadPoolExecutor.getTask(ThreadPoolExecutor.java:1074)
 java.util.concurrent.ThreadPoolExecutor.runWorker(ThreadPoolExecutor.java:1134)
 java.util.concurrent.ThreadPoolExecutor$Worker.run(ThreadPoolExecutor.java:624)
 java.lang.Thread.run(Thread.java:748)
2020-12-07 15:23:04,630 WARN org.apache.juli.logging.DirectJDKLog [localhost-startStop-1] The web application [ROOT] appears to have started a thread named [HikariPool-1 connection adder] but has failed to stop it. This is very likely to create a memory leak. Stack trace of thread:
 sun.misc.Unsafe.park(Native Method)
 java.util.concurrent.locks.LockSupport.parkNanos(LockSupport.java:215)
 java.util.concurrent.locks.AbstractQueuedSynchronizer$ConditionObject.awaitNanos(AbstractQueuedSynchronizer.java:2078)
 java.util.concurrent.LinkedBlockingQueue.poll(LinkedBlockingQueue.java:467)
 java.util.concurrent.ThreadPoolExecutor.getTask(ThreadPoolExecutor.java:1073)
 java.util.concurrent.ThreadPoolExecutor.runWorker(ThreadPoolExecutor.java:1134)
 java.util.concurrent.ThreadPoolExecutor$Worker.run(ThreadPoolExecutor.java:624)
 java.lang.Thread.run(Thread.java:748)
2020-12-07 15:23:04,634 WARN org.apache.commons.logging.impl.Jdk14Logger [main] Exception encountered during context initialization - cancelling refresh attempt: org.springframework.context.ApplicationContextException: Unable to start web server; nested exception is org.springframework.boot.web.server.WebServerException: Unable to start embedded Tomcat
2020-12-07 15:23:04,636 INFO com.zaxxer.hikari.HikariDataSource [main] HikariPool-1 - Shutdown initiated...
2020-12-07 15:23:04,647 INFO com.zaxxer.hikari.HikariDataSource [main] HikariPool-1 - Shutdown completed.
2020-12-07 15:26:48,562 INFO org.apache.commons.logging.impl.Jdk14Logger [main] Refreshing org.springframework.context.annotation.AnnotationConfigApplicationContext@77f80c04: startup date [Mon Dec 07 15:26:48 IST 2020]; root of context hierarchy
2020-12-07 15:26:48,785 INFO org.apache.commons.logging.impl.Jdk14Logger [main] JSR-330 'javax.inject.Inject' annotation found and supported for autowiring
2020-12-07 15:26:48,850 INFO org.apache.commons.logging.impl.Jdk14Logger [main] Bean 'configurationPropertiesRebinderAutoConfiguration' of type [org.springframework.cloud.autoconfigure.ConfigurationPropertiesRebinderAutoConfiguration$$EnhancerBySpringCGLIB$$386fab5b] is not eligible for getting processed by all BeanPostProcessors (for example: not eligible for auto-proxying)
2020-12-07 15:26:59,093 INFO org.apache.commons.logging.impl.Jdk14Logger [main] No active profile set, falling back to default profiles: default
2020-12-07 15:26:59,108 INFO org.apache.commons.logging.impl.Jdk14Logger [main] Refreshing org.springframework.boot.web.servlet.context.AnnotationConfigServletWebServerApplicationContext@b4711e2: startup date [Mon Dec 07 15:26:59 IST 2020]; parent: org.springframework.context.annotation.AnnotationConfigApplicationContext@77f80c04
2020-12-07 15:27:00,545 INFO org.apache.commons.logging.impl.Jdk14Logger [main] Overriding bean definition for bean 'counterFactory' with a different definition: replacing [Root bean: class [null]; scope=; abstract=false; lazyInit=false; autowireMode=3; dependencyCheck=0; autowireCandidate=true; primary=false; factoryBeanName=org.springframework.cloud.netflix.zuul.ZuulServerAutoConfiguration$ZuulMetricsConfiguration; factoryMethodName=counterFactory; initMethodName=null; destroyMethodName=(inferred); defined in class path resource [org/springframework/cloud/netflix/zuul/ZuulServerAutoConfiguration$ZuulMetricsConfiguration.class]] with [Root bean: class [null]; scope=; abstract=false; lazyInit=false; autowireMode=3; dependencyCheck=0; autowireCandidate=true; primary=false; factoryBeanName=org.springframework.cloud.netflix.zuul.ZuulServerAutoConfiguration$ZuulCounterFactoryConfiguration; factoryMethodName=counterFactory; initMethodName=null; destroyMethodName=(inferred); defined in class path resource [org/springframework/cloud/netflix/zuul/ZuulServerAutoConfiguration$ZuulCounterFactoryConfiguration.class]]
2020-12-07 15:27:00,631 INFO org.apache.commons.logging.impl.Jdk14Logger [main] Overriding bean definition for bean 'dataSource' with a different definition: replacing [Root bean: class [null]; scope=refresh; abstract=false; lazyInit=false; autowireMode=3; dependencyCheck=0; autowireCandidate=false; primary=false; factoryBeanName=org.springframework.boot.autoconfigure.jdbc.DataSourceConfiguration$Hikari; factoryMethodName=dataSource; initMethodName=null; destroyMethodName=(inferred); defined in class path resource [org/springframework/boot/autoconfigure/jdbc/DataSourceConfiguration$Hikari.class]] with [Root bean: class [org.springframework.aop.scope.ScopedProxyFactoryBean]; scope=; abstract=false; lazyInit=false; autowireMode=0; dependencyCheck=0; autowireCandidate=true; primary=false; factoryBeanName=null; factoryMethodName=null; initMethodName=null; destroyMethodName=null; defined in BeanDefinition defined in class path resource [org/springframework/boot/autoconfigure/jdbc/DataSourceConfiguration$Hikari.class]]
2020-12-07 15:27:00,866 INFO org.apache.commons.logging.impl.Jdk14Logger [main] BeanFactory id=bb2f75eb-7d1a-3cf1-ad7b-021c4a56a3e5
2020-12-07 15:27:00,901 INFO org.apache.commons.logging.impl.Jdk14Logger [main] JSR-330 'javax.inject.Inject' annotation found and supported for autowiring
2020-12-07 15:27:01,048 INFO org.apache.commons.logging.impl.Jdk14Logger [main] Bean 'org.springframework.ws.config.annotation.DelegatingWsConfiguration' of type [org.springframework.ws.config.annotation.DelegatingWsConfiguration$$EnhancerBySpringCGLIB$$c0ed6d5d] is not eligible for getting processed by all BeanPostProcessors (for example: not eligible for auto-proxying)
2020-12-07 15:27:01,090 INFO org.apache.commons.logging.impl.Jdk14Logger [main] Supporting [WS-Addressing August 2004, WS-Addressing 1.0]
2020-12-07 15:27:01,189 INFO org.apache.commons.logging.impl.Jdk14Logger [main] Bean 'org.springframework.transaction.annotation.ProxyTransactionManagementConfiguration' of type [org.springframework.transaction.annotation.ProxyTransactionManagementConfiguration$$EnhancerBySpringCGLIB$$1c55a85e] is not eligible for getting processed by all BeanPostProcessors (for example: not eligible for auto-proxying)
2020-12-07 15:27:01,384 INFO org.apache.commons.logging.impl.Jdk14Logger [main] Bean 'org.springframework.security.config.annotation.configuration.ObjectPostProcessorConfiguration' of type [org.springframework.security.config.annotation.configuration.ObjectPostProcessorConfiguration$$EnhancerBySpringCGLIB$$b5037098] is not eligible for getting processed by all BeanPostProcessors (for example: not eligible for auto-proxying)
2020-12-07 15:27:01,399 INFO org.apache.commons.logging.impl.Jdk14Logger [main] Bean 'objectPostProcessor' of type [org.springframework.security.config.annotation.configuration.AutowireBeanFactoryObjectPostProcessor] is not eligible for getting processed by all BeanPostProcessors (for example: not eligible for auto-proxying)
2020-12-07 15:27:01,402 INFO org.apache.commons.logging.impl.Jdk14Logger [main] Bean 'org.springframework.security.access.expression.method.DefaultMethodSecurityExpressionHandler@61f6d381' of type [org.springframework.security.access.expression.method.DefaultMethodSecurityExpressionHandler] is not eligible for getting processed by all BeanPostProcessors (for example: not eligible for auto-proxying)
2020-12-07 15:27:01,416 INFO org.apache.commons.logging.impl.Jdk14Logger [main] Bean 'org.springframework.security.config.annotation.method.configuration.GlobalMethodSecurityConfiguration' of type [org.springframework.security.config.annotation.method.configuration.GlobalMethodSecurityConfiguration$$EnhancerBySpringCGLIB$$d9d8134a] is not eligible for getting processed by all BeanPostProcessors (for example: not eligible for auto-proxying)
2020-12-07 15:27:01,432 INFO org.apache.commons.logging.impl.Jdk14Logger [main] Bean 'methodSecurityMetadataSource' of type [org.springframework.security.access.method.DelegatingMethodSecurityMetadataSource] is not eligible for getting processed by all BeanPostProcessors (for example: not eligible for auto-proxying)
2020-12-07 15:27:01,483 INFO org.apache.commons.logging.impl.Jdk14Logger [main] Bean 'org.springframework.cloud.autoconfigure.ConfigurationPropertiesRebinderAutoConfiguration' of type [org.springframework.cloud.autoconfigure.ConfigurationPropertiesRebinderAutoConfiguration$$EnhancerBySpringCGLIB$$386fab5b] is not eligible for getting processed by all BeanPostProcessors (for example: not eligible for auto-proxying)
2020-12-07 15:27:02,125 INFO org.apache.commons.logging.impl.Jdk14Logger [main] Tomcat initialized with port(s): 8080 (http)
2020-12-07 15:27:02,140 INFO org.apache.juli.logging.DirectJDKLog [main] Initializing ProtocolHandler ["http-nio-8080"]
2020-12-07 15:27:02,154 INFO org.apache.juli.logging.DirectJDKLog [main] Starting service [Tomcat]
2020-12-07 15:27:02,155 INFO org.apache.juli.logging.DirectJDKLog [main] Starting Servlet Engine: Apache Tomcat/8.5.34
2020-12-07 15:27:02,160 INFO org.apache.juli.logging.DirectJDKLog [localhost-startStop-1] The APR based Apache Tomcat Native library which allows optimal performance in production environments was not found on the java.library.path: [/Users/bsridharpatnaik/Library/Java/Extensions:/Library/Java/Extensions:/Network/Library/Java/Extensions:/System/Library/Java/Extensions:/usr/lib/java:.]
2020-12-07 15:27:02,305 INFO org.apache.juli.logging.DirectJDKLog [localhost-startStop-1] Initializing Spring embedded WebApplicationContext
2020-12-07 15:27:02,306 INFO org.apache.commons.logging.impl.Jdk14Logger [localhost-startStop-1] Root WebApplicationContext: initialization completed in 3197 ms
2020-12-07 15:27:02,561 WARN com.netflix.config.sources.URLConfigurationSource [localhost-startStop-1] No URLs will be polled as dynamic configuration sources.
2020-12-07 15:27:02,562 INFO com.netflix.config.sources.URLConfigurationSource [localhost-startStop-1] To enable URLs as dynamic configuration sources, define System property archaius.configurationSource.additionalUrls or make config.properties available on classpath.
2020-12-07 15:27:02,573 INFO com.netflix.config.DynamicPropertyFactory [localhost-startStop-1] DynamicPropertyFactory is initialized with configuration sources: com.netflix.config.ConcurrentCompositeConfiguration@423416ee
2020-12-07 15:27:03,961 INFO com.zaxxer.hikari.HikariDataSource [localhost-startStop-1] HikariPool-1 - Starting...
2020-12-07 15:27:04,190 INFO com.zaxxer.hikari.HikariDataSource [localhost-startStop-1] HikariPool-1 - Start completed.
2020-12-07 15:27:04,254 INFO org.apache.commons.logging.impl.Jdk14Logger [localhost-startStop-1] Building JPA container EntityManagerFactory for persistence unit 'default'
2020-12-07 15:27:04,271 INFO org.hibernate.jpa.internal.util.LogHelper [localhost-startStop-1] HHH000204: Processing PersistenceUnitInfo [name: default]
2020-12-07 15:27:04,418 INFO org.hibernate.Version [localhost-startStop-1] HHH000412: Hibernate ORM core version 5.4.22.Final
2020-12-07 15:27:04,578 INFO org.hibernate.annotations.common.reflection.java.JavaReflectionManager [localhost-startStop-1] HCANN000001: Hibernate Commons Annotations {5.1.0.Final}
2020-12-07 15:27:04,788 INFO org.hibernate.dialect.Dialect [localhost-startStop-1] HHH000400: Using dialect: org.hibernate.dialect.MySQL5InnoDBDialect
2020-12-07 15:27:04,843 INFO org.hibernate.envers.boot.internal.EnversServiceImpl [localhost-startStop-1] Envers integration enabled? : true
2020-12-07 15:27:06,149 INFO org.hibernate.engine.transaction.jta.platform.internal.JtaPlatformInitiator [localhost-startStop-1] HHH000490: Using JtaPlatform implementation: [org.hibernate.engine.transaction.jta.platform.internal.NoJtaPlatform]
2020-12-07 15:27:06,158 INFO org.apache.commons.logging.impl.Jdk14Logger [localhost-startStop-1] Initialized JPA EntityManagerFactory for persistence unit 'default'
2020-12-07 15:27:06,984 INFO org.apache.commons.logging.impl.Jdk14Logger [localhost-startStop-1] Mapping filter: 'characterEncodingFilter' to: [/*]
2020-12-07 15:27:06,984 INFO org.apache.commons.logging.impl.Jdk14Logger [localhost-startStop-1] Mapping filter: 'webMvcMetricsFilter' to: [/*]
2020-12-07 15:27:06,985 INFO org.apache.commons.logging.impl.Jdk14Logger [localhost-startStop-1] Mapping filter: 'springSecurityFilterChain' to: [/*]
2020-12-07 15:27:06,986 INFO org.apache.commons.logging.impl.Jdk14Logger [localhost-startStop-1] Mapping filter: 'httpTraceFilter' to: [/*]
2020-12-07 15:27:06,986 INFO org.apache.commons.logging.impl.Jdk14Logger [localhost-startStop-1] Mapping filter: 'jwtRequestFilter' to: [/*]
2020-12-07 15:27:06,986 INFO org.apache.commons.logging.impl.Jdk14Logger [localhost-startStop-1] Mapping filter: 'logFilter' to: [/*]
2020-12-07 15:27:06,986 INFO org.apache.commons.logging.impl.Jdk14Logger [localhost-startStop-1] Mapping filter: 'requestLoggingFilter' to: [/*]
2020-12-07 15:27:06,987 INFO org.apache.commons.logging.impl.Jdk14Logger [localhost-startStop-1] Servlet dispatcherServlet mapped to [/]
2020-12-07 15:27:06,988 INFO org.apache.commons.logging.impl.Jdk14Logger [localhost-startStop-1] Servlet messageDispatcherServlet mapped to [/services/*]
2020-12-07 15:27:06,989 INFO org.apache.commons.logging.impl.Jdk14Logger [localhost-startStop-1] Servlet zuulServlet mapped to [/zuul/*]
2020-12-07 15:27:07,005 DEBUG org.apache.commons.logging.impl.Jdk14Logger [localhost-startStop-1] Initializing filter 'requestLoggingFilter'
2020-12-07 15:27:07,005 DEBUG org.apache.commons.logging.impl.Jdk14Logger [localhost-startStop-1] Filter 'requestLoggingFilter' configured successfully
2020-12-07 15:27:07,006 DEBUG org.apache.commons.logging.impl.Jdk14Logger [localhost-startStop-1] Initializing filter 'logFilter'
2020-12-07 15:27:07,006 DEBUG org.apache.commons.logging.impl.Jdk14Logger [localhost-startStop-1] Filter 'logFilter' configured successfully
2020-12-07 15:27:07,892 WARN org.apache.commons.logging.impl.Jdk14Logger [main] spring.jpa.open-in-view is enabled by default. Therefore, database queries may be performed during view rendering. Explicitly configure spring.jpa.open-in-view to disable this warning
2020-12-07 15:27:07,994 INFO org.apache.commons.logging.impl.Jdk14Logger [main] Mapped "{[/notification/send],methods=[POST]}" onto public java.lang.String com.ec.common.Controller.AndroidNotificationController.sendPnsToDevice(com.ec.common.Data.NotificationRequestDto) throws java.lang.Exception
2020-12-07 15:27:08,003 INFO org.apache.commons.logging.impl.Jdk14Logger [main] Mapped "{[/contact],methods=[GET],produces=[application/json || text/json]}" onto public com.ec.common.Data.ContactsWithTypeAhead com.ec.common.Controller.ContactController.returnAllContacts(java.lang.Integer,org.springframework.data.domain.Pageable)
2020-12-07 15:27:08,005 INFO org.apache.commons.logging.impl.Jdk14Logger [main] Mapped "{[/contact],methods=[POST],produces=[application/json || text/json]}" onto public com.ec.common.Data.ContactsWithTypeAhead com.ec.common.Controller.ContactController.returnFilteredContacts(com.ec.common.Filters.FilterDataList,org.springframework.data.domain.Pageable)
2020-12-07 15:27:08,006 INFO org.apache.commons.logging.impl.Jdk14Logger [main] Mapped "{[/contact/{id}],methods=[GET],produces=[application/json || text/json]}" onto public com.ec.common.Model.ContactAllInfo com.ec.common.Controller.ContactController.findContactbyvehicleNoContacts(long) throws java.lang.Exception
2020-12-07 15:27:08,007 INFO org.apache.commons.logging.impl.Jdk14Logger [main] Mapped "{[/contact/{id}],methods=[DELETE],produces=[application/json || text/json]}" onto public org.springframework.http.ResponseEntity<?> com.ec.common.Controller.ContactController.deleteContact(java.lang.Long) throws java.lang.Exception
2020-12-07 15:27:08,008 INFO org.apache.commons.logging.impl.Jdk14Logger [main] Mapped "{[/contact/create],methods=[POST],produces=[application/json || text/json]}" onto public com.ec.common.Model.ContactAllInfo com.ec.common.Controller.ContactController.createContact(com.ec.common.Model.ContactAllInfo) throws java.lang.Exception
2020-12-07 15:27:08,009 INFO org.apache.commons.logging.impl.Jdk14Logger [main] Mapped "{[/contact/{id}],methods=[PUT],produces=[application/json || text/json]}" onto public com.ec.common.Model.ContactAllInfo com.ec.common.Controller.ContactController.updateContact(java.lang.Long,com.ec.common.Model.ContactAllInfo) throws java.lang.Exception
2020-12-07 15:27:08,010 INFO org.apache.commons.logging.impl.Jdk14Logger [main] Mapped "{[/contact/iscontactused/{id}],methods=[GET],produces=[application/json || text/json]}" onto public java.lang.Boolean com.ec.common.Controller.ContactController.checkIfContactUsed(long) throws java.lang.Exception
2020-12-07 15:27:08,012 INFO org.apache.commons.logging.impl.Jdk14Logger [main] Mapped "{[/emailconfig],methods=[GET],produces=[application/json || text/json]}" onto public com.ec.common.Data.EmailConfigData com.ec.common.Controller.EmailController.returnEmailConfig()
2020-12-07 15:27:08,013 INFO org.apache.commons.logging.impl.Jdk14Logger [main] Mapped "{[/ec/login],methods=[POST],produces=[application/json || text/json]}" onto public org.springframework.http.ResponseEntity<?> com.ec.common.Controller.LoginController.login(com.ec.common.Data.UserSignInData) throws java.lang.Exception
2020-12-07 15:27:08,015 INFO org.apache.commons.logging.impl.Jdk14Logger [main] Mapped "{[/role],methods=[GET],produces=[application/json || text/json]}" onto public org.springframework.data.domain.Page<com.ec.common.Model.Role> com.ec.common.Controller.RoleController.returnAllRoles(org.springframework.data.domain.Pageable)
2020-12-07 15:27:08,016 INFO org.apache.commons.logging.impl.Jdk14Logger [main] Mapped "{[/role/create],methods=[POST],produces=[application/json || text/json]}" onto public com.ec.common.Model.Role com.ec.common.Controller.RoleController.createRole(com.ec.common.Model.Role) throws java.lang.Exception
2020-12-07 15:27:08,017 INFO org.apache.commons.logging.impl.Jdk14Logger [main] Mapped "{[/token],methods=[PUT],produces=[application/json || text/json]}" onto public void com.ec.common.Controller.TokenController.updateTokenForUser(com.ec.common.Data.TokenData) throws java.lang.Exception
2020-12-07 15:27:08,018 INFO org.apache.commons.logging.impl.Jdk14Logger [main] Mapped "{[/token],methods=[GET],produces=[application/json || text/json]}" onto public java.util.List<com.ec.common.Data.AndroidTokenDetailsDTO> com.ec.common.Controller.TokenController.getAllTokens()
2020-12-07 15:27:08,019 INFO org.apache.commons.logging.impl.Jdk14Logger [main] Mapped "{[/token],methods=[DELETE],produces=[application/json || text/json]}" onto public void com.ec.common.Controller.TokenController.DeleteToken() throws java.lang.Exception
2020-12-07 15:27:08,023 INFO org.apache.commons.logging.impl.Jdk14Logger [main] Mapped "{[/user],methods=[POST],produces=[application/json || text/json]}" onto public com.ec.common.Data.UserListWithTypeAheadData com.ec.common.Controller.UserController.returnFilteredContacts(com.ec.common.Filters.FilterDataList,org.springframework.data.domain.Pageable)
2020-12-07 15:27:08,024 INFO org.apache.commons.logging.impl.Jdk14Logger [main] Mapped "{[/user],methods=[GET],produces=[application/json || text/json]}" onto public com.ec.common.Data.UserListWithTypeAheadData com.ec.common.Controller.UserController.returnAllUsers(org.springframework.data.domain.Pageable)
2020-12-07 15:27:08,025 INFO org.apache.commons.logging.impl.Jdk14Logger [main] Mapped "{[/user/create],methods=[POST],produces=[application/json || text/json]}" onto public com.ec.common.Model.User com.ec.common.Controller.UserController.createUser(com.ec.common.Data.CreateUserData) throws java.lang.Exception
2020-12-07 15:27:08,026 INFO org.apache.commons.logging.impl.Jdk14Logger [main] Mapped "{[/user/{id}],methods=[PUT],produces=[application/json || text/json]}" onto public com.ec.common.Model.User com.ec.common.Controller.UserController.updateUser(java.lang.Long,com.ec.common.Data.CreateUserData) throws java.lang.Exception
2020-12-07 15:27:08,027 INFO org.apache.commons.logging.impl.Jdk14Logger [main] Mapped "{[/user/updatepassword],methods=[POST],produces=[application/json || text/json]}" onto public com.ec.common.Model.User com.ec.common.Controller.UserController.updateUser(com.ec.common.Data.ResetPasswordData) throws java.lang.Exception
2020-12-07 15:27:08,030 INFO org.apache.commons.logging.impl.Jdk14Logger [main] Mapped "{[/user/{id}],methods=[GET],produces=[application/json || text/json]}" onto public com.ec.common.Model.User com.ec.common.Controller.UserController.findUserByID(long) throws java.lang.Exception
2020-12-07 15:27:08,031 INFO org.apache.commons.logging.impl.Jdk14Logger [main] Mapped "{[/user/list],methods=[GET],produces=[application/json || text/json]}" onto public java.util.List<com.ec.common.Data.UserReturnData> com.ec.common.Controller.UserController.findLimitedDetailsForUserByID() throws java.lang.Exception
2020-12-07 15:27:08,031 INFO org.apache.commons.logging.impl.Jdk14Logger [main] Mapped "{[/user/byid/{id}],methods=[GET],produces=[application/json || text/json]}" onto public com.ec.common.Data.UserReturnData com.ec.common.Controller.UserController.findLimitedDetailsForUserByID(long) throws java.lang.Exception
2020-12-07 15:27:08,032 INFO org.apache.commons.logging.impl.Jdk14Logger [main] Mapped "{[/user/byname/{name}],methods=[GET],produces=[application/json || text/json]}" onto public com.ec.common.Data.UserReturnData com.ec.common.Controller.UserController.findLimitedDetailsForUserByID(java.lang.String) throws java.lang.Exception
2020-12-07 15:27:08,032 INFO org.apache.commons.logging.impl.Jdk14Logger [main] Mapped "{[/user/updateroles],methods=[POST],produces=[application/json || text/json]}" onto public com.ec.common.Model.User com.ec.common.Controller.UserController.updateRolesForUser(com.ec.common.Data.UpdateRolesForUserData) throws java.lang.Exception
2020-12-07 15:27:08,033 INFO org.apache.commons.logging.impl.Jdk14Logger [main] Mapped "{[/user/me],methods=[GET],produces=[application/json]}" onto public com.ec.common.Data.UserReturnData com.ec.common.Controller.UserController.returnUserName()
2020-12-07 15:27:08,036 INFO org.apache.commons.logging.impl.Jdk14Logger [main] Mapped "{[/error]}" onto public org.springframework.http.ResponseEntity<java.util.Map<java.lang.String, java.lang.Object>> org.springframework.boot.autoconfigure.web.servlet.error.BasicErrorController.error(javax.servlet.http.HttpServletRequest)
2020-12-07 15:27:08,037 INFO org.apache.commons.logging.impl.Jdk14Logger [main] Mapped "{[/error],produces=[text/html]}" onto public org.springframework.web.servlet.ModelAndView org.springframework.boot.autoconfigure.web.servlet.error.BasicErrorController.errorHtml(javax.servlet.http.HttpServletRequest,javax.servlet.http.HttpServletResponse)
2020-12-07 15:27:08,125 INFO org.apache.commons.logging.impl.Jdk14Logger [main] Mapped URL path [/eureka/**] onto handler of type [class org.springframework.web.servlet.resource.ResourceHttpRequestHandler]
2020-12-07 15:27:08,402 INFO org.apache.commons.logging.impl.Jdk14Logger [main] Looking for @ControllerAdvice: org.springframework.boot.web.servlet.context.AnnotationConfigServletWebServerApplicationContext@b4711e2: startup date [Mon Dec 07 15:26:59 IST 2020]; parent: org.springframework.context.annotation.AnnotationConfigApplicationContext@77f80c04
2020-12-07 15:27:08,589 INFO org.apache.commons.logging.impl.Jdk14Logger [main] Creating filter chain: Ant [pattern='/*/'], []
2020-12-07 15:27:08,589 INFO org.apache.commons.logging.impl.Jdk14Logger [main] Creating filter chain: Ant [pattern='/eureka/**.**'], []
2020-12-07 15:27:08,590 INFO org.apache.commons.logging.impl.Jdk14Logger [main] Creating filter chain: Ant [pattern='/eureka/**'], []
2020-12-07 15:27:08,590 INFO org.apache.commons.logging.impl.Jdk14Logger [main] Creating filter chain: Ant [pattern='**/scripts/**.js'], []
2020-12-07 15:27:08,590 INFO org.apache.commons.logging.impl.Jdk14Logger [main] Creating filter chain: Ant [pattern='/**.jpg'], []
2020-12-07 15:27:08,591 INFO org.apache.commons.logging.impl.Jdk14Logger [main] Creating filter chain: Ant [pattern='/**.ico'], []
2020-12-07 15:27:08,591 INFO org.apache.commons.logging.impl.Jdk14Logger [main] Creating filter chain: Ant [pattern='/**.html'], []
2020-12-07 15:27:08,591 INFO org.apache.commons.logging.impl.Jdk14Logger [main] Creating filter chain: Ant [pattern='/header.html'], []
2020-12-07 15:27:08,592 INFO org.apache.commons.logging.impl.Jdk14Logger [main] Creating filter chain: Ant [pattern='**.html'], []
2020-12-07 15:27:08,592 INFO org.apache.commons.logging.impl.Jdk14Logger [main] Creating filter chain: Ant [pattern='/**.css'], []
2020-12-07 15:27:08,592 INFO org.apache.commons.logging.impl.Jdk14Logger [main] Creating filter chain: Ant [pattern='/**.js'], []
2020-12-07 15:27:08,592 INFO org.apache.commons.logging.impl.Jdk14Logger [main] Creating filter chain: Ant [pattern='/eureka/**/**'], []
2020-12-07 15:27:08,593 INFO org.apache.commons.logging.impl.Jdk14Logger [main] Creating filter chain: Ant [pattern='/**', OPTIONS], []
2020-12-07 15:27:08,708 INFO org.apache.commons.logging.impl.Jdk14Logger [main] Creating filter chain: org.springframework.security.web.util.matcher.AnyRequestMatcher@1, [org.springframework.security.web.context.request.async.WebAsyncManagerIntegrationFilter@76cdafa3, org.springframework.security.web.context.SecurityContextPersistenceFilter@79ecc507, org.springframework.security.web.header.HeaderWriterFilter@26e0d39c, org.springframework.web.filter.CorsFilter@6b27b2d0, org.springframework.security.web.authentication.logout.LogoutFilter@8c0a23f, com.ec.common.JWTUtils.JwtRequestFilter@5bba5644, org.springframework.security.web.savedrequest.RequestCacheAwareFilter@6df4af5, org.springframework.security.web.servletapi.SecurityContextHolderAwareRequestFilter@5a05dd30, org.springframework.security.web.authentication.AnonymousAuthenticationFilter@4fb64e14, org.springframework.security.web.session.SessionManagementFilter@72ecbcb3, org.springframework.security.web.access.ExceptionTranslationFilter@74ba6ff5, org.springframework.security.web.access.intercept.FilterSecurityInterceptor@797fcf9]
2020-12-07 15:27:08,814 WARN com.netflix.config.sources.URLConfigurationSource [main] No URLs will be polled as dynamic configuration sources.
2020-12-07 15:27:08,815 INFO com.netflix.config.sources.URLConfigurationSource [main] To enable URLs as dynamic configuration sources, define System property archaius.configurationSource.additionalUrls or make config.properties available on classpath.
2020-12-07 15:27:09,753 INFO org.apache.commons.logging.impl.Jdk14Logger [main] Exposing 2 endpoint(s) beneath base path '/actuator'
2020-12-07 15:27:09,769 INFO org.apache.commons.logging.impl.Jdk14Logger [main] Mapped "{[/actuator/health],methods=[GET],produces=[application/vnd.spring-boot.actuator.v2+json || application/json]}" onto public java.lang.Object org.springframework.boot.actuate.endpoint.web.servlet.AbstractWebMvcEndpointHandlerMapping$OperationHandler.handle(javax.servlet.http.HttpServletRequest,java.util.Map<java.lang.String, java.lang.String>)
2020-12-07 15:27:09,771 INFO org.apache.commons.logging.impl.Jdk14Logger [main] Mapped "{[/actuator/info],methods=[GET],produces=[application/vnd.spring-boot.actuator.v2+json || application/json]}" onto public java.lang.Object org.springframework.boot.actuate.endpoint.web.servlet.AbstractWebMvcEndpointHandlerMapping$OperationHandler.handle(javax.servlet.http.HttpServletRequest,java.util.Map<java.lang.String, java.lang.String>)
2020-12-07 15:27:09,772 INFO org.apache.commons.logging.impl.Jdk14Logger [main] Mapped "{[/actuator],methods=[GET],produces=[application/vnd.spring-boot.actuator.v2+json || application/json]}" onto protected java.util.Map<java.lang.String, java.util.Map<java.lang.String, org.springframework.boot.actuate.endpoint.web.Link>> org.springframework.boot.actuate.endpoint.web.servlet.WebMvcEndpointHandlerMapping.links(javax.servlet.http.HttpServletRequest,javax.servlet.http.HttpServletResponse)
2020-12-07 15:27:10,412 INFO org.apache.commons.logging.impl.Jdk14Logger [main] Starting filter initializer
2020-12-07 15:27:10,465 INFO org.apache.commons.logging.impl.Jdk14Logger [main] Registering beans for JMX exposure on startup
2020-12-07 15:27:10,468 INFO org.apache.commons.logging.impl.Jdk14Logger [main] Bean with name 'dataSource' has been autodetected for JMX exposure
2020-12-07 15:27:10,482 INFO org.apache.commons.logging.impl.Jdk14Logger [main] Bean with name 'environmentManager' has been autodetected for JMX exposure
2020-12-07 15:27:10,484 INFO org.apache.commons.logging.impl.Jdk14Logger [main] Bean with name 'refreshScope' has been autodetected for JMX exposure
2020-12-07 15:27:10,487 INFO org.apache.commons.logging.impl.Jdk14Logger [main] Bean with name 'configurationPropertiesRebinder' has been autodetected for JMX exposure
2020-12-07 15:27:10,491 INFO org.apache.commons.logging.impl.Jdk14Logger [main] Located managed bean 'environmentManager': registering with JMX server as MBean [gateway:name=environmentManager,type=EnvironmentManager]
2020-12-07 15:27:10,502 INFO org.apache.commons.logging.impl.Jdk14Logger [main] Located managed bean 'refreshScope': registering with JMX server as MBean [gateway:name=refreshScope,type=RefreshScope]
2020-12-07 15:27:10,515 INFO org.apache.commons.logging.impl.Jdk14Logger [main] Located managed bean 'configurationPropertiesRebinder': registering with JMX server as MBean [gateway:name=configurationPropertiesRebinder,context=b4711e2,type=ConfigurationPropertiesRebinder]
2020-12-07 15:27:10,523 INFO org.apache.commons.logging.impl.Jdk14Logger [main] Located MBean 'dataSource': registering with JMX server as MBean [gateway:name=dataSource,type=HikariDataSource]
2020-12-07 15:27:10,552 INFO org.apache.juli.logging.DirectJDKLog [main] Starting ProtocolHandler ["http-nio-8080"]
2020-12-07 15:27:10,566 INFO org.apache.juli.logging.DirectJDKLog [main] Using a shared selector for servlet write/read
2020-12-07 15:27:10,586 INFO org.apache.commons.logging.impl.Jdk14Logger [main] Tomcat started on port(s): 8080 (http) with context path ''
2020-12-07 15:27:10,590 INFO org.apache.commons.logging.impl.Jdk14Logger [main] Started GatewayApplication in 32.7 seconds (JVM running for 38.476)
2020-12-07 15:27:31,334 INFO org.apache.juli.logging.DirectJDKLog [http-nio-8080-exec-2] Initializing Spring FrameworkServlet 'dispatcherServlet'
2020-12-07 15:27:31,336 INFO org.apache.commons.logging.impl.Jdk14Logger [http-nio-8080-exec-2] FrameworkServlet 'dispatcherServlet': initialization started
2020-12-07 15:27:31,385 INFO org.apache.commons.logging.impl.Jdk14Logger [http-nio-8080-exec-2] FrameworkServlet 'dispatcherServlet': initialization completed in 49 ms
2020-12-07 15:27:31,532 INFO org.apache.commons.logging.impl.Jdk14Logger [http-nio-8080-exec-2] Mapped URL path [/api/inventory/**] onto handler of type [class org.springframework.cloud.netflix.zuul.web.ZuulController]
2020-12-07 15:27:31,533 INFO org.apache.commons.logging.impl.Jdk14Logger [http-nio-8080-exec-2] Mapped URL path [/api/crm/**] onto handler of type [class org.springframework.cloud.netflix.zuul.web.ZuulController]
2020-12-07 15:27:32,461 DEBUG org.apache.commons.logging.impl.Jdk14Logger [http-nio-8080-exec-2] Before request [uri=/notification/send]
2020-12-07 15:27:32,462 DEBUG org.apache.commons.logging.impl.Jdk14Logger [http-nio-8080-exec-2] Before request [uri=/notification/send;client=0:0:0:0:0:0:0:1;user=sridhar]
2020-12-07 15:27:34,521 DEBUG org.apache.commons.logging.impl.Jdk14Logger [http-nio-8080-exec-2] After request [uri=/notification/send;client=0:0:0:0:0:0:0:1;user=sridhar;payload={
    "targetUserId":"10001",
    "title":"test",
    "body":"dshhd"
}]
2020-12-07 15:27:34,522 DEBUG org.apache.commons.logging.impl.Jdk14Logger [http-nio-8080-exec-2] REQUEST DATA : uri=/notification/send;payload={
    "targetUserId":"10001",
    "title":"test",
    "body":"dshhd"
}]
2020-12-07 15:32:29,713 DEBUG org.apache.commons.logging.impl.Jdk14Logger [http-nio-8080-exec-5] Before request [uri=/notification/send]
2020-12-07 15:32:29,718 DEBUG org.apache.commons.logging.impl.Jdk14Logger [http-nio-8080-exec-5] Before request [uri=/notification/send;client=0:0:0:0:0:0:0:1;user=sridhar]
2020-12-07 15:32:30,110 DEBUG org.apache.commons.logging.impl.Jdk14Logger [http-nio-8080-exec-5] After request [uri=/notification/send;client=0:0:0:0:0:0:0:1;user=sridhar;payload={
    "targetUserId":"10001",
    "title":"test",
    "body":"nnn"
}]
2020-12-07 15:32:30,111 DEBUG org.apache.commons.logging.impl.Jdk14Logger [http-nio-8080-exec-5] REQUEST DATA : uri=/notification/send;payload={
    "targetUserId":"10001",
    "title":"test",
    "body":"nnn"
}]
2020-12-07 16:22:25,289 INFO org.apache.commons.logging.impl.Jdk14Logger [RMI TCP Connection(58)-127.0.0.1] Application shutdown requested.
2020-12-07 16:22:25,297 INFO org.apache.commons.logging.impl.Jdk14Logger [RMI TCP Connection(58)-127.0.0.1] Closing org.springframework.boot.web.servlet.context.AnnotationConfigServletWebServerApplicationContext@b4711e2: startup date [Mon Dec 07 15:26:59 IST 2020]; parent: org.springframework.context.annotation.AnnotationConfigApplicationContext@77f80c04
2020-12-07 16:22:25,328 INFO org.apache.commons.logging.impl.Jdk14Logger [RMI TCP Connection(58)-127.0.0.1] Stopping filter initializer
2020-12-07 16:22:25,341 INFO org.apache.commons.logging.impl.Jdk14Logger [RMI TCP Connection(58)-127.0.0.1] Unregistering JMX-exposed beans on shutdown
2020-12-07 16:22:25,343 INFO org.apache.commons.logging.impl.Jdk14Logger [RMI TCP Connection(58)-127.0.0.1] Unregistering JMX-exposed beans
2020-12-07 16:22:25,384 INFO org.apache.commons.logging.impl.Jdk14Logger [RMI TCP Connection(58)-127.0.0.1] Closing JPA EntityManagerFactory for persistence unit 'default'
2020-12-07 16:22:25,394 INFO com.zaxxer.hikari.HikariDataSource [RMI TCP Connection(58)-127.0.0.1] HikariPool-1 - Shutdown initiated...
2020-12-07 16:22:25,433 INFO com.zaxxer.hikari.HikariDataSource [RMI TCP Connection(58)-127.0.0.1] HikariPool-1 - Shutdown completed.
2020-12-07 16:22:25,446 INFO org.apache.juli.logging.DirectJDKLog [RMI TCP Connection(58)-127.0.0.1] Pausing ProtocolHandler ["http-nio-8080"]
2020-12-07 16:22:25,508 INFO org.apache.juli.logging.DirectJDKLog [RMI TCP Connection(58)-127.0.0.1] Stopping service [Tomcat]
2020-12-07 16:22:25,521 INFO org.apache.juli.logging.DirectJDKLog [localhost-startStop-2] Destroying Spring FrameworkServlet 'dispatcherServlet'
2020-12-07 16:22:25,543 WARN org.apache.juli.logging.DirectJDKLog [localhost-startStop-2] The web application [ROOT] appears to have started a thread named [RxIoScheduler-1 (Evictor)] but has failed to stop it. This is very likely to create a memory leak. Stack trace of thread:
 sun.misc.Unsafe.park(Native Method)
 java.util.concurrent.locks.LockSupport.parkNanos(LockSupport.java:215)
 java.util.concurrent.locks.AbstractQueuedSynchronizer$ConditionObject.awaitNanos(AbstractQueuedSynchronizer.java:2078)
 java.util.concurrent.ScheduledThreadPoolExecutor$DelayedWorkQueue.take(ScheduledThreadPoolExecutor.java:1093)
 java.util.concurrent.ScheduledThreadPoolExecutor$DelayedWorkQueue.take(ScheduledThreadPoolExecutor.java:809)
 java.util.concurrent.ThreadPoolExecutor.getTask(ThreadPoolExecutor.java:1074)
 java.util.concurrent.ThreadPoolExecutor.runWorker(ThreadPoolExecutor.java:1134)
 java.util.concurrent.ThreadPoolExecutor$Worker.run(ThreadPoolExecutor.java:624)
 java.lang.Thread.run(Thread.java:748)
2020-12-07 16:22:25,561 INFO org.apache.juli.logging.DirectJDKLog [RMI TCP Connection(58)-127.0.0.1] Stopping ProtocolHandler ["http-nio-8080"]
2020-12-07 16:22:25,570 INFO org.apache.juli.logging.DirectJDKLog [RMI TCP Connection(58)-127.0.0.1] Destroying ProtocolHandler ["http-nio-8080"]
2020-12-07 16:23:09,253 INFO org.apache.commons.logging.impl.Jdk14Logger [main] Refreshing org.springframework.context.annotation.AnnotationConfigApplicationContext@6ab778a: startup date [Mon Dec 07 16:23:09 IST 2020]; root of context hierarchy
2020-12-07 16:23:09,733 INFO org.apache.commons.logging.impl.Jdk14Logger [main] JSR-330 'javax.inject.Inject' annotation found and supported for autowiring
2020-12-07 16:23:09,842 INFO org.apache.commons.logging.impl.Jdk14Logger [main] Bean 'configurationPropertiesRebinderAutoConfiguration' of type [org.springframework.cloud.autoconfigure.ConfigurationPropertiesRebinderAutoConfiguration$$EnhancerBySpringCGLIB$$100c81af] is not eligible for getting processed by all BeanPostProcessors (for example: not eligible for auto-proxying)
2020-12-07 16:23:20,202 INFO org.apache.commons.logging.impl.Jdk14Logger [main] No active profile set, falling back to default profiles: default
2020-12-07 16:23:20,219 INFO org.apache.commons.logging.impl.Jdk14Logger [main] Refreshing org.springframework.boot.web.servlet.context.AnnotationConfigServletWebServerApplicationContext@2796aeae: startup date [Mon Dec 07 16:23:20 IST 2020]; parent: org.springframework.context.annotation.AnnotationConfigApplicationContext@6ab778a
2020-12-07 16:23:21,838 INFO org.apache.commons.logging.impl.Jdk14Logger [main] Overriding bean definition for bean 'counterFactory' with a different definition: replacing [Root bean: class [null]; scope=; abstract=false; lazyInit=false; autowireMode=3; dependencyCheck=0; autowireCandidate=true; primary=false; factoryBeanName=org.springframework.cloud.netflix.zuul.ZuulServerAutoConfiguration$ZuulMetricsConfiguration; factoryMethodName=counterFactory; initMethodName=null; destroyMethodName=(inferred); defined in class path resource [org/springframework/cloud/netflix/zuul/ZuulServerAutoConfiguration$ZuulMetricsConfiguration.class]] with [Root bean: class [null]; scope=; abstract=false; lazyInit=false; autowireMode=3; dependencyCheck=0; autowireCandidate=true; primary=false; factoryBeanName=org.springframework.cloud.netflix.zuul.ZuulServerAutoConfiguration$ZuulCounterFactoryConfiguration; factoryMethodName=counterFactory; initMethodName=null; destroyMethodName=(inferred); defined in class path resource [org/springframework/cloud/netflix/zuul/ZuulServerAutoConfiguration$ZuulCounterFactoryConfiguration.class]]
2020-12-07 16:23:21,968 INFO org.apache.commons.logging.impl.Jdk14Logger [main] Overriding bean definition for bean 'dataSource' with a different definition: replacing [Root bean: class [null]; scope=refresh; abstract=false; lazyInit=false; autowireMode=3; dependencyCheck=0; autowireCandidate=false; primary=false; factoryBeanName=org.springframework.boot.autoconfigure.jdbc.DataSourceConfiguration$Hikari; factoryMethodName=dataSource; initMethodName=null; destroyMethodName=(inferred); defined in class path resource [org/springframework/boot/autoconfigure/jdbc/DataSourceConfiguration$Hikari.class]] with [Root bean: class [org.springframework.aop.scope.ScopedProxyFactoryBean]; scope=; abstract=false; lazyInit=false; autowireMode=0; dependencyCheck=0; autowireCandidate=true; primary=false; factoryBeanName=null; factoryMethodName=null; initMethodName=null; destroyMethodName=null; defined in BeanDefinition defined in class path resource [org/springframework/boot/autoconfigure/jdbc/DataSourceConfiguration$Hikari.class]]
2020-12-07 16:23:22,283 INFO org.apache.commons.logging.impl.Jdk14Logger [main] BeanFactory id=bb2f75eb-7d1a-3cf1-ad7b-021c4a56a3e5
2020-12-07 16:23:22,317 INFO org.apache.commons.logging.impl.Jdk14Logger [main] JSR-330 'javax.inject.Inject' annotation found and supported for autowiring
2020-12-07 16:23:22,474 INFO org.apache.commons.logging.impl.Jdk14Logger [main] Bean 'org.springframework.ws.config.annotation.DelegatingWsConfiguration' of type [org.springframework.ws.config.annotation.DelegatingWsConfiguration$$EnhancerBySpringCGLIB$$988a43b1] is not eligible for getting processed by all BeanPostProcessors (for example: not eligible for auto-proxying)
2020-12-07 16:23:22,518 INFO org.apache.commons.logging.impl.Jdk14Logger [main] Supporting [WS-Addressing August 2004, WS-Addressing 1.0]
2020-12-07 16:23:22,645 INFO org.apache.commons.logging.impl.Jdk14Logger [main] Bean 'org.springframework.transaction.annotation.ProxyTransactionManagementConfiguration' of type [org.springframework.transaction.annotation.ProxyTransactionManagementConfiguration$$EnhancerBySpringCGLIB$$f3f27eb2] is not eligible for getting processed by all BeanPostProcessors (for example: not eligible for auto-proxying)
2020-12-07 16:23:22,864 INFO org.apache.commons.logging.impl.Jdk14Logger [main] Bean 'org.springframework.security.config.annotation.configuration.ObjectPostProcessorConfiguration' of type [org.springframework.security.config.annotation.configuration.ObjectPostProcessorConfiguration$$EnhancerBySpringCGLIB$$8ca046ec] is not eligible for getting processed by all BeanPostProcessors (for example: not eligible for auto-proxying)
2020-12-07 16:23:22,878 INFO org.apache.commons.logging.impl.Jdk14Logger [main] Bean 'objectPostProcessor' of type [org.springframework.security.config.annotation.configuration.AutowireBeanFactoryObjectPostProcessor] is not eligible for getting processed by all BeanPostProcessors (for example: not eligible for auto-proxying)
2020-12-07 16:23:22,882 INFO org.apache.commons.logging.impl.Jdk14Logger [main] Bean 'org.springframework.security.access.expression.method.DefaultMethodSecurityExpressionHandler@532e27ab' of type [org.springframework.security.access.expression.method.DefaultMethodSecurityExpressionHandler] is not eligible for getting processed by all BeanPostProcessors (for example: not eligible for auto-proxying)
2020-12-07 16:23:22,896 INFO org.apache.commons.logging.impl.Jdk14Logger [main] Bean 'org.springframework.security.config.annotation.method.configuration.GlobalMethodSecurityConfiguration' of type [org.springframework.security.config.annotation.method.configuration.GlobalMethodSecurityConfiguration$$EnhancerBySpringCGLIB$$b174e99e] is not eligible for getting processed by all BeanPostProcessors (for example: not eligible for auto-proxying)
2020-12-07 16:23:22,915 INFO org.apache.commons.logging.impl.Jdk14Logger [main] Bean 'methodSecurityMetadataSource' of type [org.springframework.security.access.method.DelegatingMethodSecurityMetadataSource] is not eligible for getting processed by all BeanPostProcessors (for example: not eligible for auto-proxying)
2020-12-07 16:23:22,960 INFO org.apache.commons.logging.impl.Jdk14Logger [main] Bean 'org.springframework.cloud.autoconfigure.ConfigurationPropertiesRebinderAutoConfiguration' of type [org.springframework.cloud.autoconfigure.ConfigurationPropertiesRebinderAutoConfiguration$$EnhancerBySpringCGLIB$$100c81af] is not eligible for getting processed by all BeanPostProcessors (for example: not eligible for auto-proxying)
2020-12-07 16:23:23,659 INFO org.apache.commons.logging.impl.Jdk14Logger [main] Tomcat initialized with port(s): 8080 (http)
2020-12-07 16:23:23,674 INFO org.apache.juli.logging.DirectJDKLog [main] Initializing ProtocolHandler ["http-nio-8080"]
2020-12-07 16:23:23,685 INFO org.apache.juli.logging.DirectJDKLog [main] Starting service [Tomcat]
2020-12-07 16:23:23,685 INFO org.apache.juli.logging.DirectJDKLog [main] Starting Servlet Engine: Apache Tomcat/8.5.34
2020-12-07 16:23:23,690 INFO org.apache.juli.logging.DirectJDKLog [localhost-startStop-1] The APR based Apache Tomcat Native library which allows optimal performance in production environments was not found on the java.library.path: [/Users/bsridharpatnaik/Library/Java/Extensions:/Library/Java/Extensions:/Network/Library/Java/Extensions:/System/Library/Java/Extensions:/usr/lib/java:.]
2020-12-07 16:23:23,835 INFO org.apache.juli.logging.DirectJDKLog [localhost-startStop-1] Initializing Spring embedded WebApplicationContext
2020-12-07 16:23:23,836 INFO org.apache.commons.logging.impl.Jdk14Logger [localhost-startStop-1] Root WebApplicationContext: initialization completed in 3618 ms
2020-12-07 16:23:24,104 WARN com.netflix.config.sources.URLConfigurationSource [localhost-startStop-1] No URLs will be polled as dynamic configuration sources.
2020-12-07 16:23:24,105 INFO com.netflix.config.sources.URLConfigurationSource [localhost-startStop-1] To enable URLs as dynamic configuration sources, define System property archaius.configurationSource.additionalUrls or make config.properties available on classpath.
2020-12-07 16:23:24,132 INFO com.netflix.config.DynamicPropertyFactory [localhost-startStop-1] DynamicPropertyFactory is initialized with configuration sources: com.netflix.config.ConcurrentCompositeConfiguration@4d2aea49
2020-12-07 16:23:25,850 INFO com.zaxxer.hikari.HikariDataSource [localhost-startStop-1] HikariPool-1 - Starting...
2020-12-07 16:23:26,107 INFO com.zaxxer.hikari.HikariDataSource [localhost-startStop-1] HikariPool-1 - Start completed.
2020-12-07 16:23:26,248 INFO org.apache.commons.logging.impl.Jdk14Logger [localhost-startStop-1] Building JPA container EntityManagerFactory for persistence unit 'default'
2020-12-07 16:23:26,275 INFO org.hibernate.jpa.internal.util.LogHelper [localhost-startStop-1] HHH000204: Processing PersistenceUnitInfo [name: default]
2020-12-07 16:23:26,389 INFO org.hibernate.Version [localhost-startStop-1] HHH000412: Hibernate ORM core version 5.4.22.Final
2020-12-07 16:23:26,597 INFO org.hibernate.annotations.common.reflection.java.JavaReflectionManager [localhost-startStop-1] HCANN000001: Hibernate Commons Annotations {5.1.0.Final}
2020-12-07 16:23:26,898 INFO org.hibernate.dialect.Dialect [localhost-startStop-1] HHH000400: Using dialect: org.hibernate.dialect.MySQL5InnoDBDialect
2020-12-07 16:23:26,952 INFO org.hibernate.envers.boot.internal.EnversServiceImpl [localhost-startStop-1] Envers integration enabled? : true
2020-12-07 16:23:28,284 INFO org.hibernate.engine.transaction.jta.platform.internal.JtaPlatformInitiator [localhost-startStop-1] HHH000490: Using JtaPlatform implementation: [org.hibernate.engine.transaction.jta.platform.internal.NoJtaPlatform]
2020-12-07 16:23:28,299 INFO org.apache.commons.logging.impl.Jdk14Logger [localhost-startStop-1] Initialized JPA EntityManagerFactory for persistence unit 'default'
2020-12-07 16:23:29,157 INFO org.apache.commons.logging.impl.Jdk14Logger [localhost-startStop-1] Mapping filter: 'characterEncodingFilter' to: [/*]
2020-12-07 16:23:29,159 INFO org.apache.commons.logging.impl.Jdk14Logger [localhost-startStop-1] Mapping filter: 'webMvcMetricsFilter' to: [/*]
2020-12-07 16:23:29,160 INFO org.apache.commons.logging.impl.Jdk14Logger [localhost-startStop-1] Mapping filter: 'springSecurityFilterChain' to: [/*]
2020-12-07 16:23:29,160 INFO org.apache.commons.logging.impl.Jdk14Logger [localhost-startStop-1] Mapping filter: 'httpTraceFilter' to: [/*]
2020-12-07 16:23:29,161 INFO org.apache.commons.logging.impl.Jdk14Logger [localhost-startStop-1] Mapping filter: 'jwtRequestFilter' to: [/*]
2020-12-07 16:23:29,161 INFO org.apache.commons.logging.impl.Jdk14Logger [localhost-startStop-1] Mapping filter: 'logFilter' to: [/*]
2020-12-07 16:23:29,161 INFO org.apache.commons.logging.impl.Jdk14Logger [localhost-startStop-1] Mapping filter: 'requestLoggingFilter' to: [/*]
2020-12-07 16:23:29,162 INFO org.apache.commons.logging.impl.Jdk14Logger [localhost-startStop-1] Servlet dispatcherServlet mapped to [/]
2020-12-07 16:23:29,163 INFO org.apache.commons.logging.impl.Jdk14Logger [localhost-startStop-1] Servlet messageDispatcherServlet mapped to [/services/*]
2020-12-07 16:23:29,164 INFO org.apache.commons.logging.impl.Jdk14Logger [localhost-startStop-1] Servlet zuulServlet mapped to [/zuul/*]
2020-12-07 16:23:29,182 DEBUG org.apache.commons.logging.impl.Jdk14Logger [localhost-startStop-1] Initializing filter 'requestLoggingFilter'
2020-12-07 16:23:29,182 DEBUG org.apache.commons.logging.impl.Jdk14Logger [localhost-startStop-1] Filter 'requestLoggingFilter' configured successfully
2020-12-07 16:23:29,183 DEBUG org.apache.commons.logging.impl.Jdk14Logger [localhost-startStop-1] Initializing filter 'logFilter'
2020-12-07 16:23:29,183 DEBUG org.apache.commons.logging.impl.Jdk14Logger [localhost-startStop-1] Filter 'logFilter' configured successfully
2020-12-07 16:23:30,090 WARN org.apache.commons.logging.impl.Jdk14Logger [main] spring.jpa.open-in-view is enabled by default. Therefore, database queries may be performed during view rendering. Explicitly configure spring.jpa.open-in-view to disable this warning
2020-12-07 16:23:30,169 INFO org.apache.commons.logging.impl.Jdk14Logger [main] Mapped "{[/notification/send],methods=[POST]}" onto public java.lang.String com.ec.common.Controller.AndroidNotificationController.sendPnsToDevice(com.ec.common.Data.NotificationRequestDto) throws java.lang.Exception
2020-12-07 16:23:30,177 INFO org.apache.commons.logging.impl.Jdk14Logger [main] Mapped "{[/contact],methods=[GET],produces=[application/json || text/json]}" onto public com.ec.common.Data.ContactsWithTypeAhead com.ec.common.Controller.ContactController.returnAllContacts(java.lang.Integer,org.springframework.data.domain.Pageable)
2020-12-07 16:23:30,178 INFO org.apache.commons.logging.impl.Jdk14Logger [main] Mapped "{[/contact],methods=[POST],produces=[application/json || text/json]}" onto public com.ec.common.Data.ContactsWithTypeAhead com.ec.common.Controller.ContactController.returnFilteredContacts(com.ec.common.Filters.FilterDataList,org.springframework.data.domain.Pageable)
2020-12-07 16:23:30,179 INFO org.apache.commons.logging.impl.Jdk14Logger [main] Mapped "{[/contact/{id}],methods=[GET],produces=[application/json || text/json]}" onto public com.ec.common.Model.ContactAllInfo com.ec.common.Controller.ContactController.findContactbyvehicleNoContacts(long) throws java.lang.Exception
2020-12-07 16:23:30,180 INFO org.apache.commons.logging.impl.Jdk14Logger [main] Mapped "{[/contact/{id}],methods=[DELETE],produces=[application/json || text/json]}" onto public org.springframework.http.ResponseEntity<?> com.ec.common.Controller.ContactController.deleteContact(java.lang.Long) throws java.lang.Exception
2020-12-07 16:23:30,180 INFO org.apache.commons.logging.impl.Jdk14Logger [main] Mapped "{[/contact/create],methods=[POST],produces=[application/json || text/json]}" onto public com.ec.common.Model.ContactAllInfo com.ec.common.Controller.ContactController.createContact(com.ec.common.Model.ContactAllInfo) throws java.lang.Exception
2020-12-07 16:23:30,181 INFO org.apache.commons.logging.impl.Jdk14Logger [main] Mapped "{[/contact/{id}],methods=[PUT],produces=[application/json || text/json]}" onto public com.ec.common.Model.ContactAllInfo com.ec.common.Controller.ContactController.updateContact(java.lang.Long,com.ec.common.Model.ContactAllInfo) throws java.lang.Exception
2020-12-07 16:23:30,182 INFO org.apache.commons.logging.impl.Jdk14Logger [main] Mapped "{[/contact/iscontactused/{id}],methods=[GET],produces=[application/json || text/json]}" onto public java.lang.Boolean com.ec.common.Controller.ContactController.checkIfContactUsed(long) throws java.lang.Exception
2020-12-07 16:23:30,183 INFO org.apache.commons.logging.impl.Jdk14Logger [main] Mapped "{[/emailconfig],methods=[GET],produces=[application/json || text/json]}" onto public com.ec.common.Data.EmailConfigData com.ec.common.Controller.EmailController.returnEmailConfig()
2020-12-07 16:23:30,183 INFO org.apache.commons.logging.impl.Jdk14Logger [main] Mapped "{[/ec/login],methods=[POST],produces=[application/json || text/json]}" onto public org.springframework.http.ResponseEntity<?> com.ec.common.Controller.LoginController.login(com.ec.common.Data.UserSignInData) throws java.lang.Exception
2020-12-07 16:23:30,185 INFO org.apache.commons.logging.impl.Jdk14Logger [main] Mapped "{[/role],methods=[GET],produces=[application/json || text/json]}" onto public org.springframework.data.domain.Page<com.ec.common.Model.Role> com.ec.common.Controller.RoleController.returnAllRoles(org.springframework.data.domain.Pageable)
2020-12-07 16:23:30,185 INFO org.apache.commons.logging.impl.Jdk14Logger [main] Mapped "{[/role/create],methods=[POST],produces=[application/json || text/json]}" onto public com.ec.common.Model.Role com.ec.common.Controller.RoleController.createRole(com.ec.common.Model.Role) throws java.lang.Exception
2020-12-07 16:23:30,187 INFO org.apache.commons.logging.impl.Jdk14Logger [main] Mapped "{[/token],methods=[PUT],produces=[application/json || text/json]}" onto public void com.ec.common.Controller.TokenController.updateTokenForUser(com.ec.common.Data.TokenData) throws java.lang.Exception
2020-12-07 16:23:30,188 INFO org.apache.commons.logging.impl.Jdk14Logger [main] Mapped "{[/token],methods=[GET],produces=[application/json || text/json]}" onto public java.util.List<com.ec.common.Data.AndroidTokenDetailsDTO> com.ec.common.Controller.TokenController.getAllTokens()
2020-12-07 16:23:30,188 INFO org.apache.commons.logging.impl.Jdk14Logger [main] Mapped "{[/token],methods=[DELETE],produces=[application/json || text/json]}" onto public void com.ec.common.Controller.TokenController.DeleteToken() throws java.lang.Exception
2020-12-07 16:23:30,194 INFO org.apache.commons.logging.impl.Jdk14Logger [main] Mapped "{[/user],methods=[GET],produces=[application/json || text/json]}" onto public com.ec.common.Data.UserListWithTypeAheadData com.ec.common.Controller.UserController.returnAllUsers(org.springframework.data.domain.Pageable)
2020-12-07 16:23:30,195 INFO org.apache.commons.logging.impl.Jdk14Logger [main] Mapped "{[/user/create],methods=[POST],produces=[application/json || text/json]}" onto public com.ec.common.Model.User com.ec.common.Controller.UserController.createUser(com.ec.common.Data.CreateUserData) throws java.lang.Exception
2020-12-07 16:23:30,196 INFO org.apache.commons.logging.impl.Jdk14Logger [main] Mapped "{[/user/updatepassword],methods=[POST],produces=[application/json || text/json]}" onto public com.ec.common.Model.User com.ec.common.Controller.UserController.updateUser(com.ec.common.Data.ResetPasswordData) throws java.lang.Exception
2020-12-07 16:23:30,197 INFO org.apache.commons.logging.impl.Jdk14Logger [main] Mapped "{[/user/{id}],methods=[PUT],produces=[application/json || text/json]}" onto public com.ec.common.Model.User com.ec.common.Controller.UserController.updateUser(java.lang.Long,com.ec.common.Data.CreateUserData) throws java.lang.Exception
2020-12-07 16:23:30,198 INFO org.apache.commons.logging.impl.Jdk14Logger [main] Mapped "{[/user/{id}],methods=[GET],produces=[application/json || text/json]}" onto public com.ec.common.Model.User com.ec.common.Controller.UserController.findUserByID(long) throws java.lang.Exception
2020-12-07 16:23:30,199 INFO org.apache.commons.logging.impl.Jdk14Logger [main] Mapped "{[/user/byid/{id}],methods=[GET],produces=[application/json || text/json]}" onto public com.ec.common.Data.UserReturnData com.ec.common.Controller.UserController.findLimitedDetailsForUserByID(long) throws java.lang.Exception
2020-12-07 16:23:30,200 INFO org.apache.commons.logging.impl.Jdk14Logger [main] Mapped "{[/user/list],methods=[GET],produces=[application/json || text/json]}" onto public java.util.List<com.ec.common.Data.UserReturnData> com.ec.common.Controller.UserController.findLimitedDetailsForUserByID() throws java.lang.Exception
2020-12-07 16:23:30,201 INFO org.apache.commons.logging.impl.Jdk14Logger [main] Mapped "{[/user/byname/{name}],methods=[GET],produces=[application/json || text/json]}" onto public com.ec.common.Data.UserReturnData com.ec.common.Controller.UserController.findLimitedDetailsForUserByID(java.lang.String) throws java.lang.Exception
2020-12-07 16:23:30,201 INFO org.apache.commons.logging.impl.Jdk14Logger [main] Mapped "{[/user/updateroles],methods=[POST],produces=[application/json || text/json]}" onto public com.ec.common.Model.User com.ec.common.Controller.UserController.updateRolesForUser(com.ec.common.Data.UpdateRolesForUserData) throws java.lang.Exception
2020-12-07 16:23:30,202 INFO org.apache.commons.logging.impl.Jdk14Logger [main] Mapped "{[/user/me],methods=[GET],produces=[application/json]}" onto public com.ec.common.Data.UserReturnData com.ec.common.Controller.UserController.returnUserName()
2020-12-07 16:23:30,203 INFO org.apache.commons.logging.impl.Jdk14Logger [main] Mapped "{[/user],methods=[POST],produces=[application/json || text/json]}" onto public com.ec.common.Data.UserListWithTypeAheadData com.ec.common.Controller.UserController.returnFilteredContacts(com.ec.common.Filters.FilterDataList,org.springframework.data.domain.Pageable)
2020-12-07 16:23:30,209 INFO org.apache.commons.logging.impl.Jdk14Logger [main] Mapped "{[/error]}" onto public org.springframework.http.ResponseEntity<java.util.Map<java.lang.String, java.lang.Object>> org.springframework.boot.autoconfigure.web.servlet.error.BasicErrorController.error(javax.servlet.http.HttpServletRequest)
2020-12-07 16:23:30,210 INFO org.apache.commons.logging.impl.Jdk14Logger [main] Mapped "{[/error],produces=[text/html]}" onto public org.springframework.web.servlet.ModelAndView org.springframework.boot.autoconfigure.web.servlet.error.BasicErrorController.errorHtml(javax.servlet.http.HttpServletRequest,javax.servlet.http.HttpServletResponse)
2020-12-07 16:23:30,290 INFO org.apache.commons.logging.impl.Jdk14Logger [main] Mapped URL path [/eureka/**] onto handler of type [class org.springframework.web.servlet.resource.ResourceHttpRequestHandler]
2020-12-07 16:23:30,585 INFO org.apache.commons.logging.impl.Jdk14Logger [main] Looking for @ControllerAdvice: org.springframework.boot.web.servlet.context.AnnotationConfigServletWebServerApplicationContext@2796aeae: startup date [Mon Dec 07 16:23:20 IST 2020]; parent: org.springframework.context.annotation.AnnotationConfigApplicationContext@6ab778a
2020-12-07 16:23:30,801 INFO org.apache.commons.logging.impl.Jdk14Logger [main] Creating filter chain: Ant [pattern='/*/'], []
2020-12-07 16:23:30,802 INFO org.apache.commons.logging.impl.Jdk14Logger [main] Creating filter chain: Ant [pattern='/eureka/**.**'], []
2020-12-07 16:23:30,802 INFO org.apache.commons.logging.impl.Jdk14Logger [main] Creating filter chain: Ant [pattern='/eureka/**'], []
2020-12-07 16:23:30,803 INFO org.apache.commons.logging.impl.Jdk14Logger [main] Creating filter chain: Ant [pattern='**/scripts/**.js'], []
2020-12-07 16:23:30,803 INFO org.apache.commons.logging.impl.Jdk14Logger [main] Creating filter chain: Ant [pattern='/**.jpg'], []
2020-12-07 16:23:30,803 INFO org.apache.commons.logging.impl.Jdk14Logger [main] Creating filter chain: Ant [pattern='/**.ico'], []
2020-12-07 16:23:30,804 INFO org.apache.commons.logging.impl.Jdk14Logger [main] Creating filter chain: Ant [pattern='/**.html'], []
2020-12-07 16:23:30,804 INFO org.apache.commons.logging.impl.Jdk14Logger [main] Creating filter chain: Ant [pattern='/header.html'], []
2020-12-07 16:23:30,804 INFO org.apache.commons.logging.impl.Jdk14Logger [main] Creating filter chain: Ant [pattern='**.html'], []
2020-12-07 16:23:30,804 INFO org.apache.commons.logging.impl.Jdk14Logger [main] Creating filter chain: Ant [pattern='/**.css'], []
2020-12-07 16:23:30,805 INFO org.apache.commons.logging.impl.Jdk14Logger [main] Creating filter chain: Ant [pattern='/**.js'], []
2020-12-07 16:23:30,805 INFO org.apache.commons.logging.impl.Jdk14Logger [main] Creating filter chain: Ant [pattern='/eureka/**/**'], []
2020-12-07 16:23:30,805 INFO org.apache.commons.logging.impl.Jdk14Logger [main] Creating filter chain: Ant [pattern='/**', OPTIONS], []
2020-12-07 16:23:30,911 INFO org.apache.commons.logging.impl.Jdk14Logger [main] Creating filter chain: org.springframework.security.web.util.matcher.AnyRequestMatcher@1, [org.springframework.security.web.context.request.async.WebAsyncManagerIntegrationFilter@3c81cd82, org.springframework.security.web.context.SecurityContextPersistenceFilter@17c0274c, org.springframework.security.web.header.HeaderWriterFilter@5e85c21b, org.springframework.web.filter.CorsFilter@111c229c, org.springframework.security.web.authentication.logout.LogoutFilter@1b37fbec, com.ec.common.JWTUtils.JwtRequestFilter@5e325a10, org.springframework.security.web.savedrequest.RequestCacheAwareFilter@1d2fb82, org.springframework.security.web.servletapi.SecurityContextHolderAwareRequestFilter@8c0a23f, org.springframework.security.web.authentication.AnonymousAuthenticationFilter@49cb3881, org.springframework.security.web.session.SessionManagementFilter@25791d40, org.springframework.security.web.access.ExceptionTranslationFilter@3709748f, org.springframework.security.web.access.intercept.FilterSecurityInterceptor@240f350a]
2020-12-07 16:23:31,024 WARN com.netflix.config.sources.URLConfigurationSource [main] No URLs will be polled as dynamic configuration sources.
2020-12-07 16:23:31,024 INFO com.netflix.config.sources.URLConfigurationSource [main] To enable URLs as dynamic configuration sources, define System property archaius.configurationSource.additionalUrls or make config.properties available on classpath.
2020-12-07 16:23:31,980 INFO org.apache.commons.logging.impl.Jdk14Logger [main] Exposing 2 endpoint(s) beneath base path '/actuator'
2020-12-07 16:23:31,996 INFO org.apache.commons.logging.impl.Jdk14Logger [main] Mapped "{[/actuator/health],methods=[GET],produces=[application/vnd.spring-boot.actuator.v2+json || application/json]}" onto public java.lang.Object org.springframework.boot.actuate.endpoint.web.servlet.AbstractWebMvcEndpointHandlerMapping$OperationHandler.handle(javax.servlet.http.HttpServletRequest,java.util.Map<java.lang.String, java.lang.String>)
2020-12-07 16:23:31,998 INFO org.apache.commons.logging.impl.Jdk14Logger [main] Mapped "{[/actuator/info],methods=[GET],produces=[application/vnd.spring-boot.actuator.v2+json || application/json]}" onto public java.lang.Object org.springframework.boot.actuate.endpoint.web.servlet.AbstractWebMvcEndpointHandlerMapping$OperationHandler.handle(javax.servlet.http.HttpServletRequest,java.util.Map<java.lang.String, java.lang.String>)
2020-12-07 16:23:31,999 INFO org.apache.commons.logging.impl.Jdk14Logger [main] Mapped "{[/actuator],methods=[GET],produces=[application/vnd.spring-boot.actuator.v2+json || application/json]}" onto protected java.util.Map<java.lang.String, java.util.Map<java.lang.String, org.springframework.boot.actuate.endpoint.web.Link>> org.springframework.boot.actuate.endpoint.web.servlet.WebMvcEndpointHandlerMapping.links(javax.servlet.http.HttpServletRequest,javax.servlet.http.HttpServletResponse)
2020-12-07 16:23:32,695 INFO org.apache.commons.logging.impl.Jdk14Logger [main] Starting filter initializer
2020-12-07 16:23:32,750 INFO org.apache.commons.logging.impl.Jdk14Logger [main] Registering beans for JMX exposure on startup
2020-12-07 16:23:32,754 INFO org.apache.commons.logging.impl.Jdk14Logger [main] Bean with name 'dataSource' has been autodetected for JMX exposure
2020-12-07 16:23:32,768 INFO org.apache.commons.logging.impl.Jdk14Logger [main] Bean with name 'environmentManager' has been autodetected for JMX exposure
2020-12-07 16:23:32,770 INFO org.apache.commons.logging.impl.Jdk14Logger [main] Bean with name 'refreshScope' has been autodetected for JMX exposure
2020-12-07 16:23:32,774 INFO org.apache.commons.logging.impl.Jdk14Logger [main] Bean with name 'configurationPropertiesRebinder' has been autodetected for JMX exposure
2020-12-07 16:23:32,779 INFO org.apache.commons.logging.impl.Jdk14Logger [main] Located managed bean 'environmentManager': registering with JMX server as MBean [gateway:name=environmentManager,type=EnvironmentManager]
2020-12-07 16:23:32,793 INFO org.apache.commons.logging.impl.Jdk14Logger [main] Located managed bean 'refreshScope': registering with JMX server as MBean [gateway:name=refreshScope,type=RefreshScope]
2020-12-07 16:23:32,806 INFO org.apache.commons.logging.impl.Jdk14Logger [main] Located managed bean 'configurationPropertiesRebinder': registering with JMX server as MBean [gateway:name=configurationPropertiesRebinder,context=2796aeae,type=ConfigurationPropertiesRebinder]
2020-12-07 16:23:32,816 INFO org.apache.commons.logging.impl.Jdk14Logger [main] Located MBean 'dataSource': registering with JMX server as MBean [gateway:name=dataSource,type=HikariDataSource]
2020-12-07 16:23:32,852 INFO org.apache.juli.logging.DirectJDKLog [main] Starting ProtocolHandler ["http-nio-8080"]
2020-12-07 16:23:32,870 INFO org.apache.juli.logging.DirectJDKLog [main] Using a shared selector for servlet write/read
2020-12-07 16:23:32,887 INFO org.apache.commons.logging.impl.Jdk14Logger [main] Tomcat started on port(s): 8080 (http) with context path ''
2020-12-07 16:23:32,892 INFO org.apache.commons.logging.impl.Jdk14Logger [main] Started GatewayApplication in 34.498 seconds (JVM running for 40.268)
2020-12-07 16:28:37,427 INFO org.apache.juli.logging.DirectJDKLog [http-nio-8080-exec-3] Initializing Spring FrameworkServlet 'dispatcherServlet'
2020-12-07 16:28:37,432 INFO org.apache.commons.logging.impl.Jdk14Logger [http-nio-8080-exec-3] FrameworkServlet 'dispatcherServlet': initialization started
2020-12-07 16:28:37,538 INFO org.apache.commons.logging.impl.Jdk14Logger [http-nio-8080-exec-3] FrameworkServlet 'dispatcherServlet': initialization completed in 104 ms
2020-12-07 16:28:37,566 INFO org.apache.commons.logging.impl.Jdk14Logger [http-nio-8080-exec-1] Mapped URL path [/api/inventory/**] onto handler of type [class org.springframework.cloud.netflix.zuul.web.ZuulController]
2020-12-07 16:28:37,567 INFO org.apache.commons.logging.impl.Jdk14Logger [http-nio-8080-exec-1] Mapped URL path [/api/crm/**] onto handler of type [class org.springframework.cloud.netflix.zuul.web.ZuulController]
2020-12-07 16:28:37,611 WARN org.apache.commons.logging.impl.Jdk14Logger [http-nio-8080-exec-5] JWT Token does not begin with 	Bearer String
2020-12-07 16:28:37,612 WARN org.apache.commons.logging.impl.Jdk14Logger [http-nio-8080-exec-1] JWT Token does not begin with 	Bearer String
2020-12-07 16:28:37,613 WARN org.apache.commons.logging.impl.Jdk14Logger [http-nio-8080-exec-6] JWT Token does not begin with 	Bearer String
2020-12-07 16:28:37,618 WARN org.apache.commons.logging.impl.Jdk14Logger [http-nio-8080-exec-2] JWT Token does not begin with 	Bearer String
2020-12-07 16:28:37,619 WARN org.apache.commons.logging.impl.Jdk14Logger [http-nio-8080-exec-4] JWT Token does not begin with 	Bearer String
2020-12-07 16:28:37,626 WARN org.apache.commons.logging.impl.Jdk14Logger [http-nio-8080-exec-3] JWT Token does not begin with 	Bearer String
2020-12-07 16:28:38,006 WARN org.apache.commons.logging.impl.Jdk14Logger [http-nio-8080-exec-7] JWT Token does not begin with 	Bearer String
2020-12-07 16:30:15,445 WARN org.apache.commons.logging.impl.Jdk14Logger [http-nio-8080-exec-8] JWT Token does not begin with 	Bearer String
2020-12-07 16:30:18,823 WARN org.apache.commons.logging.impl.Jdk14Logger [http-nio-8080-exec-9] JWT Token does not begin with 	Bearer String
2020-12-07 16:30:18,846 DEBUG org.apache.commons.logging.impl.Jdk14Logger [http-nio-8080-exec-9] Before request [uri=/ec/login]
2020-12-07 16:30:18,847 DEBUG org.apache.commons.logging.impl.Jdk14Logger [http-nio-8080-exec-9] Before request [uri=/ec/login;client=127.0.0.1]
2020-12-07 16:30:20,007 DEBUG org.apache.commons.logging.impl.Jdk14Logger [http-nio-8080-exec-9] After request [uri=/ec/login;client=127.0.0.1;payload={"userName":"sridhar","password":"Test@123"}]
2020-12-07 16:30:20,008 DEBUG org.apache.commons.logging.impl.Jdk14Logger [http-nio-8080-exec-9] REQUEST DATA : uri=/ec/login;payload={"userName":"sridhar","password":"Test@123"}]
2020-12-07 16:30:20,511 DEBUG org.apache.commons.logging.impl.Jdk14Logger [http-nio-8080-exec-4] Before request [uri=/api/crm/dashboard/customerpipeline]
2020-12-07 16:30:20,514 DEBUG org.apache.commons.logging.impl.Jdk14Logger [http-nio-8080-exec-4] Before request [uri=/api/crm/dashboard/customerpipeline;client=127.0.0.1;user=sridhar]
2020-12-07 16:30:20,523 DEBUG org.apache.commons.logging.impl.Jdk14Logger [http-nio-8080-exec-1] Before request [uri=/api/crm/dashboard/stagnant]
2020-12-07 16:30:20,524 DEBUG org.apache.commons.logging.impl.Jdk14Logger [http-nio-8080-exec-1] Before request [uri=/api/crm/dashboard/stagnant;client=127.0.0.1;user=sridhar]
2020-12-07 16:30:20,534 DEBUG org.apache.commons.logging.impl.Jdk14Logger [http-nio-8080-exec-10] Before request [uri=/api/crm/dashboard/topperformer]
2020-12-07 16:30:20,536 DEBUG org.apache.commons.logging.impl.Jdk14Logger [http-nio-8080-exec-10] Before request [uri=/api/crm/dashboard/topperformer;client=127.0.0.1;user=sridhar]
2020-12-07 16:30:20,541 DEBUG org.apache.commons.logging.impl.Jdk14Logger [http-nio-8080-exec-6] Before request [uri=/api/crm/dashboard/conversionratio]
2020-12-07 16:30:20,542 DEBUG org.apache.commons.logging.impl.Jdk14Logger [http-nio-8080-exec-6] Before request [uri=/api/crm/dashboard/conversionratio;client=127.0.0.1;user=sridhar]
2020-12-07 16:30:20,982 DEBUG org.apache.commons.logging.impl.Jdk14Logger [http-nio-8080-exec-5] Before request [uri=/api/crm/dashboard/customerpipeline]
2020-12-07 16:30:20,985 DEBUG org.apache.commons.logging.impl.Jdk14Logger [http-nio-8080-exec-5] Before request [uri=/api/crm/dashboard/customerpipeline;client=127.0.0.1;user=sridhar]
2020-12-07 16:30:22,021 DEBUG org.apache.commons.logging.impl.Jdk14Logger [http-nio-8080-exec-10] After request [uri=/api/crm/dashboard/topperformer;client=127.0.0.1;user=sridhar]
2020-12-07 16:30:22,023 DEBUG org.apache.commons.logging.impl.Jdk14Logger [http-nio-8080-exec-10] REQUEST DATA : uri=/api/crm/dashboard/topperformer]
2020-12-07 16:30:22,053 DEBUG org.apache.commons.logging.impl.Jdk14Logger [http-nio-8080-exec-3] Before request [uri=/api/crm/dashboard/topperformer]
2020-12-07 16:30:22,054 DEBUG org.apache.commons.logging.impl.Jdk14Logger [http-nio-8080-exec-3] Before request [uri=/api/crm/dashboard/topperformer;client=127.0.0.1;user=sridhar]
2020-12-07 16:30:22,057 DEBUG org.apache.commons.logging.impl.Jdk14Logger [http-nio-8080-exec-6] After request [uri=/api/crm/dashboard/conversionratio;client=127.0.0.1;user=sridhar]
2020-12-07 16:30:22,061 DEBUG org.apache.commons.logging.impl.Jdk14Logger [http-nio-8080-exec-6] REQUEST DATA : uri=/api/crm/dashboard/conversionratio]
2020-12-07 16:30:22,104 DEBUG org.apache.commons.logging.impl.Jdk14Logger [http-nio-8080-exec-2] Before request [uri=/api/crm/dashboard/conversionratio]
2020-12-07 16:30:22,106 DEBUG org.apache.commons.logging.impl.Jdk14Logger [http-nio-8080-exec-2] Before request [uri=/api/crm/dashboard/conversionratio;client=127.0.0.1;user=sridhar]
2020-12-07 16:30:22,172 DEBUG org.apache.commons.logging.impl.Jdk14Logger [http-nio-8080-exec-3] After request [uri=/api/crm/dashboard/topperformer;client=127.0.0.1;user=sridhar]
2020-12-07 16:30:22,173 DEBUG org.apache.commons.logging.impl.Jdk14Logger [http-nio-8080-exec-3] REQUEST DATA : uri=/api/crm/dashboard/topperformer]
2020-12-07 16:30:22,187 DEBUG org.apache.commons.logging.impl.Jdk14Logger [http-nio-8080-exec-1] After request [uri=/api/crm/dashboard/stagnant;client=127.0.0.1;user=sridhar]
2020-12-07 16:30:22,188 DEBUG org.apache.commons.logging.impl.Jdk14Logger [http-nio-8080-exec-1] REQUEST DATA : uri=/api/crm/dashboard/stagnant]
2020-12-07 16:30:22,210 DEBUG org.apache.commons.logging.impl.Jdk14Logger [http-nio-8080-exec-7] Before request [uri=/api/crm/dashboard/stagnant]
2020-12-07 16:30:22,211 DEBUG org.apache.commons.logging.impl.Jdk14Logger [http-nio-8080-exec-7] Before request [uri=/api/crm/dashboard/stagnant;client=127.0.0.1;user=sridhar]
2020-12-07 16:30:22,222 DEBUG org.apache.commons.logging.impl.Jdk14Logger [http-nio-8080-exec-2] After request [uri=/api/crm/dashboard/conversionratio;client=127.0.0.1;user=sridhar]
2020-12-07 16:30:22,223 DEBUG org.apache.commons.logging.impl.Jdk14Logger [http-nio-8080-exec-2] REQUEST DATA : uri=/api/crm/dashboard/conversionratio]
2020-12-07 16:30:22,242 DEBUG org.apache.commons.logging.impl.Jdk14Logger [http-nio-8080-exec-7] After request [uri=/api/crm/dashboard/stagnant;client=127.0.0.1;user=sridhar]
2020-12-07 16:30:22,244 DEBUG org.apache.commons.logging.impl.Jdk14Logger [http-nio-8080-exec-7] REQUEST DATA : uri=/api/crm/dashboard/stagnant]
2020-12-07 16:30:22,330 DEBUG org.apache.commons.logging.impl.Jdk14Logger [http-nio-8080-exec-5] After request [uri=/api/crm/dashboard/customerpipeline;client=127.0.0.1;user=sridhar;payload={"fromDate":"2020-12-01","toDate":"2020-12-31"}]
2020-12-07 16:30:22,331 DEBUG org.apache.commons.logging.impl.Jdk14Logger [http-nio-8080-exec-5] REQUEST DATA : uri=/api/crm/dashboard/customerpipeline;payload={"fromDate":"2020-12-01","toDate":"2020-12-31"}]
2020-12-07 16:30:22,339 DEBUG org.apache.commons.logging.impl.Jdk14Logger [http-nio-8080-exec-4] After request [uri=/api/crm/dashboard/customerpipeline;client=127.0.0.1;user=sridhar;payload={"fromDate":"2020-12-01","toDate":"2020-12-31"}]
2020-12-07 16:30:22,341 DEBUG org.apache.commons.logging.impl.Jdk14Logger [http-nio-8080-exec-4] REQUEST DATA : uri=/api/crm/dashboard/customerpipeline;payload={"fromDate":"2020-12-01","toDate":"2020-12-31"}]
2020-12-07 16:30:25,497 DEBUG org.apache.commons.logging.impl.Jdk14Logger [http-nio-8080-exec-8] Before request [uri=/api/crm/activity/getleadactivitypage?size=12&page=0]
2020-12-07 16:30:25,499 DEBUG org.apache.commons.logging.impl.Jdk14Logger [http-nio-8080-exec-8] Before request [uri=/api/crm/activity/getleadactivitypage?size=12&page=0;client=127.0.0.1;user=sridhar]
2020-12-07 16:30:25,771 DEBUG org.apache.commons.logging.impl.Jdk14Logger [http-nio-8080-exec-9] Before request [uri=/api/crm/activity/getleadactivitypage?size=12&page=0]
2020-12-07 16:30:25,772 DEBUG org.apache.commons.logging.impl.Jdk14Logger [http-nio-8080-exec-9] Before request [uri=/api/crm/activity/getleadactivitypage?size=12&page=0;client=127.0.0.1;user=sridhar]
2020-12-07 16:30:31,931 DEBUG org.apache.commons.logging.impl.Jdk14Logger [http-nio-8080-exec-10] Before request [uri=/user/list]
2020-12-07 16:30:31,932 DEBUG org.apache.commons.logging.impl.Jdk14Logger [http-nio-8080-exec-10] Before request [uri=/user/list;client=127.0.0.1;user=sridhar]
2020-12-07 16:30:31,936 DEBUG org.apache.commons.logging.impl.Jdk14Logger [http-nio-8080-exec-6] Before request [uri=/user/list]
2020-12-07 16:30:31,937 DEBUG org.apache.commons.logging.impl.Jdk14Logger [http-nio-8080-exec-6] Before request [uri=/user/list;client=127.0.0.1;user=sridhar]
2020-12-07 16:30:32,025 DEBUG org.apache.commons.logging.impl.Jdk14Logger [http-nio-8080-exec-6] After request [uri=/user/list;client=127.0.0.1;user=sridhar]
2020-12-07 16:30:32,025 DEBUG org.apache.commons.logging.impl.Jdk14Logger [http-nio-8080-exec-10] After request [uri=/user/list;client=127.0.0.1;user=sridhar]
2020-12-07 16:30:32,026 DEBUG org.apache.commons.logging.impl.Jdk14Logger [http-nio-8080-exec-10] REQUEST DATA : uri=/user/list]
2020-12-07 16:30:32,026 DEBUG org.apache.commons.logging.impl.Jdk14Logger [http-nio-8080-exec-6] REQUEST DATA : uri=/user/list]
2020-12-07 16:30:32,246 DEBUG org.apache.commons.logging.impl.Jdk14Logger [http-nio-8080-exec-8] After request [uri=/api/crm/activity/getleadactivitypage?size=12&page=0;client=127.0.0.1;user=sridhar;payload={"filterData":[{"attrName":"globalSearch","attrValue":[]}]}]
2020-12-07 16:30:32,248 DEBUG org.apache.commons.logging.impl.Jdk14Logger [http-nio-8080-exec-8] REQUEST DATA : uri=/api/crm/activity/getleadactivitypage?size=12&page=0;payload={"filterData":[{"attrName":"globalSearch","attrValue":[]}]}]
2020-12-07 16:30:32,336 DEBUG org.apache.commons.logging.impl.Jdk14Logger [http-nio-8080-exec-9] After request [uri=/api/crm/activity/getleadactivitypage?size=12&page=0;client=127.0.0.1;user=sridhar;payload={"filterData":[{"attrName":"globalSearch","attrValue":[]}]}]
2020-12-07 16:30:32,337 DEBUG org.apache.commons.logging.impl.Jdk14Logger [http-nio-8080-exec-9] REQUEST DATA : uri=/api/crm/activity/getleadactivitypage?size=12&page=0;payload={"filterData":[{"attrName":"globalSearch","attrValue":[]}]}]
2020-12-07 16:30:53,512 DEBUG org.apache.commons.logging.impl.Jdk14Logger [http-nio-8080-exec-3] Before request [uri=/api/crm/lead/create]
2020-12-07 16:30:53,514 DEBUG org.apache.commons.logging.impl.Jdk14Logger [http-nio-8080-exec-3] Before request [uri=/api/crm/lead/create;client=127.0.0.1;user=sridhar]
2020-12-07 16:30:53,610 DEBUG org.apache.commons.logging.impl.Jdk14Logger [http-nio-8080-exec-1] Before request [uri=/user/me]
2020-12-07 16:30:53,611 DEBUG org.apache.commons.logging.impl.Jdk14Logger [http-nio-8080-exec-1] Before request [uri=/user/me;client=127.0.0.1;user=sridhar]
2020-12-07 16:30:53,630 DEBUG org.apache.commons.logging.impl.Jdk14Logger [http-nio-8080-exec-1] After request [uri=/user/me;client=127.0.0.1;user=sridhar]
2020-12-07 16:30:53,631 DEBUG org.apache.commons.logging.impl.Jdk14Logger [http-nio-8080-exec-1] REQUEST DATA : uri=/user/me]
2020-12-07 16:30:53,672 DEBUG org.apache.commons.logging.impl.Jdk14Logger [http-nio-8080-exec-2] Before request [uri=/user/byid/10001]
2020-12-07 16:30:53,673 DEBUG org.apache.commons.logging.impl.Jdk14Logger [http-nio-8080-exec-2] Before request [uri=/user/byid/10001;client=127.0.0.1;user=sridhar]
2020-12-07 16:30:53,706 DEBUG org.apache.commons.logging.impl.Jdk14Logger [http-nio-8080-exec-2] After request [uri=/user/byid/10001;client=127.0.0.1;user=sridhar]
2020-12-07 16:30:53,707 DEBUG org.apache.commons.logging.impl.Jdk14Logger [http-nio-8080-exec-2] REQUEST DATA : uri=/user/byid/10001]
2020-12-07 16:30:53,959 DEBUG org.apache.commons.logging.impl.Jdk14Logger [http-nio-8080-exec-7] Before request [uri=/user/me]
2020-12-07 16:30:53,961 DEBUG org.apache.commons.logging.impl.Jdk14Logger [http-nio-8080-exec-7] Before request [uri=/user/me;client=127.0.0.1;user=sridhar]
2020-12-07 16:30:53,968 DEBUG org.apache.commons.logging.impl.Jdk14Logger [http-nio-8080-exec-7] After request [uri=/user/me;client=127.0.0.1;user=sridhar]
2020-12-07 16:30:53,969 DEBUG org.apache.commons.logging.impl.Jdk14Logger [http-nio-8080-exec-7] REQUEST DATA : uri=/user/me]
2020-12-07 16:30:54,361 DEBUG org.apache.commons.logging.impl.Jdk14Logger [http-nio-8080-exec-3] After request [uri=/api/crm/lead/create;client=127.0.0.1;user=sridhar;payload={"customerName":"NOtif Test","primaryMobile":"2323222134","assigneeId":10001}]
2020-12-07 16:30:54,363 DEBUG org.apache.commons.logging.impl.Jdk14Logger [http-nio-8080-exec-3] REQUEST DATA : uri=/api/crm/lead/create;payload={"customerName":"NOtif Test","primaryMobile":"2323222134","assigneeId":10001}]
2020-12-07 16:30:54,697 DEBUG org.apache.commons.logging.impl.Jdk14Logger [http-nio-8080-exec-5] Before request [uri=/api/crm/activity/getleadactivitypage?size=12&page=0]
2020-12-07 16:30:54,698 DEBUG org.apache.commons.logging.impl.Jdk14Logger [http-nio-8080-exec-5] Before request [uri=/api/crm/activity/getleadactivitypage?size=12&page=0;client=127.0.0.1;user=sridhar]
2020-12-07 16:30:54,767 DEBUG org.apache.commons.logging.impl.Jdk14Logger [http-nio-8080-exec-4] Before request [uri=/user/list]
2020-12-07 16:30:54,768 DEBUG org.apache.commons.logging.impl.Jdk14Logger [http-nio-8080-exec-4] Before request [uri=/user/list;client=127.0.0.1;user=sridhar]
2020-12-07 16:30:54,787 DEBUG org.apache.commons.logging.impl.Jdk14Logger [http-nio-8080-exec-4] After request [uri=/user/list;client=127.0.0.1;user=sridhar]
2020-12-07 16:30:54,788 DEBUG org.apache.commons.logging.impl.Jdk14Logger [http-nio-8080-exec-4] REQUEST DATA : uri=/user/list]
2020-12-07 16:30:54,894 DEBUG org.apache.commons.logging.impl.Jdk14Logger [http-nio-8080-exec-5] After request [uri=/api/crm/activity/getleadactivitypage?size=12&page=0;client=127.0.0.1;user=sridhar;payload={"filterData":[{"attrName":"globalSearch","attrValue":[]}]}]
2020-12-07 16:30:54,896 DEBUG org.apache.commons.logging.impl.Jdk14Logger [http-nio-8080-exec-5] REQUEST DATA : uri=/api/crm/activity/getleadactivitypage?size=12&page=0;payload={"filterData":[{"attrName":"globalSearch","attrValue":[]}]}]
2020-12-07 16:31:16,089 DEBUG org.apache.commons.logging.impl.Jdk14Logger [http-nio-8080-exec-10] Before request [uri=/api/crm/lead/validLeadStatus]
2020-12-07 16:31:16,092 DEBUG org.apache.commons.logging.impl.Jdk14Logger [http-nio-8080-exec-10] Before request [uri=/api/crm/lead/validLeadStatus;client=127.0.0.1;user=sridhar]
2020-12-07 16:31:16,105 DEBUG org.apache.commons.logging.impl.Jdk14Logger [http-nio-8080-exec-10] After request [uri=/api/crm/lead/validLeadStatus;client=127.0.0.1;user=sridhar]
2020-12-07 16:31:16,106 DEBUG org.apache.commons.logging.impl.Jdk14Logger [http-nio-8080-exec-10] REQUEST DATA : uri=/api/crm/lead/validLeadStatus]
2020-12-07 16:31:16,140 DEBUG org.apache.commons.logging.impl.Jdk14Logger [http-nio-8080-exec-6] Before request [uri=/api/crm/lead/validLeadStatus]
2020-12-07 16:31:16,142 DEBUG org.apache.commons.logging.impl.Jdk14Logger [http-nio-8080-exec-6] Before request [uri=/api/crm/lead/validLeadStatus;client=127.0.0.1;user=sridhar]
2020-12-07 16:31:16,156 DEBUG org.apache.commons.logging.impl.Jdk14Logger [http-nio-8080-exec-6] After request [uri=/api/crm/lead/validLeadStatus;client=127.0.0.1;user=sridhar]
2020-12-07 16:31:16,156 DEBUG org.apache.commons.logging.impl.Jdk14Logger [http-nio-8080-exec-6] REQUEST DATA : uri=/api/crm/lead/validLeadStatus]
2020-12-07 16:31:16,168 DEBUG org.apache.commons.logging.impl.Jdk14Logger [http-nio-8080-exec-8] Before request [uri=/api/crm/lead/22005]
2020-12-07 16:31:16,168 DEBUG org.apache.commons.logging.impl.Jdk14Logger [http-nio-8080-exec-8] Before request [uri=/api/crm/lead/22005;client=127.0.0.1;user=sridhar]
2020-12-07 16:31:16,182 DEBUG org.apache.commons.logging.impl.Jdk14Logger [http-nio-8080-exec-9] Before request [uri=/api/crm/lead/getallinfo/22005]
2020-12-07 16:31:16,183 DEBUG org.apache.commons.logging.impl.Jdk14Logger [http-nio-8080-exec-9] Before request [uri=/api/crm/lead/getallinfo/22005;client=127.0.0.1;user=sridhar]
2020-12-07 16:31:16,210 DEBUG org.apache.commons.logging.impl.Jdk14Logger [http-nio-8080-exec-8] After request [uri=/api/crm/lead/22005;client=127.0.0.1;user=sridhar]
2020-12-07 16:31:16,212 DEBUG org.apache.commons.logging.impl.Jdk14Logger [http-nio-8080-exec-8] REQUEST DATA : uri=/api/crm/lead/22005]
2020-12-07 16:31:16,270 DEBUG org.apache.commons.logging.impl.Jdk14Logger [http-nio-8080-exec-1] Before request [uri=/api/crm/lead/22005]
2020-12-07 16:31:16,271 DEBUG org.apache.commons.logging.impl.Jdk14Logger [http-nio-8080-exec-1] Before request [uri=/api/crm/lead/22005;client=127.0.0.1;user=sridhar]
2020-12-07 16:31:16,291 DEBUG org.apache.commons.logging.impl.Jdk14Logger [http-nio-8080-exec-1] After request [uri=/api/crm/lead/22005;client=127.0.0.1;user=sridhar]
2020-12-07 16:31:16,292 DEBUG org.apache.commons.logging.impl.Jdk14Logger [http-nio-8080-exec-1] REQUEST DATA : uri=/api/crm/lead/22005]
2020-12-07 16:31:16,309 DEBUG org.apache.commons.logging.impl.Jdk14Logger [http-nio-8080-exec-9] After request [uri=/api/crm/lead/getallinfo/22005;client=127.0.0.1;user=sridhar]
2020-12-07 16:31:16,310 DEBUG org.apache.commons.logging.impl.Jdk14Logger [http-nio-8080-exec-9] REQUEST DATA : uri=/api/crm/lead/getallinfo/22005]
2020-12-07 16:31:16,341 DEBUG org.apache.commons.logging.impl.Jdk14Logger [http-nio-8080-exec-2] Before request [uri=/api/crm/lead/getallinfo/22005]
2020-12-07 16:31:16,342 DEBUG org.apache.commons.logging.impl.Jdk14Logger [http-nio-8080-exec-2] Before request [uri=/api/crm/lead/getallinfo/22005;client=127.0.0.1;user=sridhar]
2020-12-07 16:31:16,398 DEBUG org.apache.commons.logging.impl.Jdk14Logger [http-nio-8080-exec-2] After request [uri=/api/crm/lead/getallinfo/22005;client=127.0.0.1;user=sridhar]
2020-12-07 16:31:16,400 DEBUG org.apache.commons.logging.impl.Jdk14Logger [http-nio-8080-exec-2] REQUEST DATA : uri=/api/crm/lead/getallinfo/22005]
2020-12-07 16:31:33,937 DEBUG org.apache.commons.logging.impl.Jdk14Logger [http-nio-8080-exec-7] Before request [uri=/api/crm/activity/reschedule/22006]
2020-12-07 16:31:33,939 DEBUG org.apache.commons.logging.impl.Jdk14Logger [http-nio-8080-exec-7] Before request [uri=/api/crm/activity/reschedule/22006;client=127.0.0.1;user=sridhar]
2020-12-07 16:31:33,969 DEBUG org.apache.commons.logging.impl.Jdk14Logger [http-nio-8080-exec-3] Before request [uri=/user/me]
2020-12-07 16:31:33,970 DEBUG org.apache.commons.logging.impl.Jdk14Logger [http-nio-8080-exec-3] Before request [uri=/user/me;client=127.0.0.1;user=sridhar]
2020-12-07 16:31:33,982 DEBUG org.apache.commons.logging.impl.Jdk14Logger [http-nio-8080-exec-3] After request [uri=/user/me;client=127.0.0.1;user=sridhar]
2020-12-07 16:31:33,982 DEBUG org.apache.commons.logging.impl.Jdk14Logger [http-nio-8080-exec-3] REQUEST DATA : uri=/user/me]
2020-12-07 16:31:34,025 DEBUG org.apache.commons.logging.impl.Jdk14Logger [http-nio-8080-exec-4] Before request [uri=/user/me]
2020-12-07 16:31:34,026 DEBUG org.apache.commons.logging.impl.Jdk14Logger [http-nio-8080-exec-4] Before request [uri=/user/me;client=127.0.0.1;user=sridhar]
2020-12-07 16:31:34,030 DEBUG org.apache.commons.logging.impl.Jdk14Logger [http-nio-8080-exec-4] After request [uri=/user/me;client=127.0.0.1;user=sridhar]
2020-12-07 16:31:34,031 DEBUG org.apache.commons.logging.impl.Jdk14Logger [http-nio-8080-exec-4] REQUEST DATA : uri=/user/me]
2020-12-07 16:31:34,065 DEBUG org.apache.commons.logging.impl.Jdk14Logger [http-nio-8080-exec-7] After request [uri=/api/crm/activity/reschedule/22006;client=127.0.0.1;user=sridhar;payload={"closingComment":"sdas","rescheduleDateTime":"2020-12-07 16:33"}]
2020-12-07 16:31:34,068 DEBUG org.apache.commons.logging.impl.Jdk14Logger [http-nio-8080-exec-7] REQUEST DATA : uri=/api/crm/activity/reschedule/22006;payload={"closingComment":"sdas","rescheduleDateTime":"2020-12-07 16:33"}]
2020-12-07 16:31:35,799 DEBUG org.apache.commons.logging.impl.Jdk14Logger [http-nio-8080-exec-5] Before request [uri=/api/crm/lead/validLeadStatus]
2020-12-07 16:31:35,802 DEBUG org.apache.commons.logging.impl.Jdk14Logger [http-nio-8080-exec-5] Before request [uri=/api/crm/lead/validLeadStatus;client=127.0.0.1;user=sridhar]
2020-12-07 16:31:35,811 DEBUG org.apache.commons.logging.impl.Jdk14Logger [http-nio-8080-exec-5] After request [uri=/api/crm/lead/validLeadStatus;client=127.0.0.1;user=sridhar]
2020-12-07 16:31:35,812 DEBUG org.apache.commons.logging.impl.Jdk14Logger [http-nio-8080-exec-5] REQUEST DATA : uri=/api/crm/lead/validLeadStatus]
2020-12-07 16:31:36,377 DEBUG org.apache.commons.logging.impl.Jdk14Logger [http-nio-8080-exec-6] Before request [uri=/api/crm/lead/getallinfo/22005]
2020-12-07 16:31:36,378 DEBUG org.apache.commons.logging.impl.Jdk14Logger [http-nio-8080-exec-6] Before request [uri=/api/crm/lead/getallinfo/22005;client=127.0.0.1;user=sridhar]
2020-12-07 16:31:36,379 DEBUG org.apache.commons.logging.impl.Jdk14Logger [http-nio-8080-exec-10] Before request [uri=/api/crm/lead/22005]
2020-12-07 16:31:36,380 DEBUG org.apache.commons.logging.impl.Jdk14Logger [http-nio-8080-exec-10] Before request [uri=/api/crm/lead/22005;client=127.0.0.1;user=sridhar]
2020-12-07 16:31:36,404 DEBUG org.apache.commons.logging.impl.Jdk14Logger [http-nio-8080-exec-10] After request [uri=/api/crm/lead/22005;client=127.0.0.1;user=sridhar]
2020-12-07 16:31:36,406 DEBUG org.apache.commons.logging.impl.Jdk14Logger [http-nio-8080-exec-10] REQUEST DATA : uri=/api/crm/lead/22005]
2020-12-07 16:31:36,456 DEBUG org.apache.commons.logging.impl.Jdk14Logger [http-nio-8080-exec-6] After request [uri=/api/crm/lead/getallinfo/22005;client=127.0.0.1;user=sridhar]
2020-12-07 16:31:36,456 DEBUG org.apache.commons.logging.impl.Jdk14Logger [http-nio-8080-exec-6] REQUEST DATA : uri=/api/crm/lead/getallinfo/22005]
2020-12-07 16:31:37,285 WARN org.apache.commons.logging.impl.Jdk14Logger [http-nio-8080-exec-8] JWT Token does not begin with 	Bearer String
2020-12-07 16:34:19,134 DEBUG org.apache.commons.logging.impl.Jdk14Logger [http-nio-8080-exec-2] Before request [uri=/api/crm/activity/reschedule/22008]
2020-12-07 16:34:19,139 DEBUG org.apache.commons.logging.impl.Jdk14Logger [http-nio-8080-exec-2] Before request [uri=/api/crm/activity/reschedule/22008;client=127.0.0.1;user=sridhar]
2020-12-07 16:34:24,370 DEBUG org.apache.commons.logging.impl.Jdk14Logger [http-nio-8080-exec-3] Before request [uri=/api/crm/activity/reschedule/22008]
2020-12-07 16:34:24,371 DEBUG org.apache.commons.logging.impl.Jdk14Logger [http-nio-8080-exec-3] Before request [uri=/api/crm/activity/reschedule/22008;client=127.0.0.1;user=sridhar]
2020-12-07 16:34:25,086 DEBUG org.apache.commons.logging.impl.Jdk14Logger [http-nio-8080-exec-4] Before request [uri=/user/me]
2020-12-07 16:34:25,086 DEBUG org.apache.commons.logging.impl.Jdk14Logger [http-nio-8080-exec-7] Before request [uri=/user/me]
2020-12-07 16:34:25,088 DEBUG org.apache.commons.logging.impl.Jdk14Logger [http-nio-8080-exec-4] Before request [uri=/user/me;client=127.0.0.1;user=sridhar]
2020-12-07 16:34:25,088 DEBUG org.apache.commons.logging.impl.Jdk14Logger [http-nio-8080-exec-7] Before request [uri=/user/me;client=127.0.0.1;user=sridhar]
2020-12-07 16:34:25,100 DEBUG org.apache.commons.logging.impl.Jdk14Logger [http-nio-8080-exec-7] After request [uri=/user/me;client=127.0.0.1;user=sridhar]
2020-12-07 16:34:25,100 DEBUG org.apache.commons.logging.impl.Jdk14Logger [http-nio-8080-exec-4] After request [uri=/user/me;client=127.0.0.1;user=sridhar]
2020-12-07 16:34:25,101 DEBUG org.apache.commons.logging.impl.Jdk14Logger [http-nio-8080-exec-7] REQUEST DATA : uri=/user/me]
2020-12-07 16:34:25,101 DEBUG org.apache.commons.logging.impl.Jdk14Logger [http-nio-8080-exec-4] REQUEST DATA : uri=/user/me]
2020-12-07 16:34:25,409 DEBUG org.apache.commons.logging.impl.Jdk14Logger [http-nio-8080-exec-5] Before request [uri=/user/me]
2020-12-07 16:34:25,410 DEBUG org.apache.commons.logging.impl.Jdk14Logger [http-nio-8080-exec-5] Before request [uri=/user/me;client=127.0.0.1;user=sridhar]
2020-12-07 16:34:25,410 DEBUG org.apache.commons.logging.impl.Jdk14Logger [http-nio-8080-exec-10] Before request [uri=/user/me]
2020-12-07 16:34:25,410 DEBUG org.apache.commons.logging.impl.Jdk14Logger [http-nio-8080-exec-10] Before request [uri=/user/me;client=127.0.0.1;user=sridhar]
2020-12-07 16:34:25,416 DEBUG org.apache.commons.logging.impl.Jdk14Logger [http-nio-8080-exec-10] After request [uri=/user/me;client=127.0.0.1;user=sridhar]
2020-12-07 16:34:25,416 DEBUG org.apache.commons.logging.impl.Jdk14Logger [http-nio-8080-exec-5] After request [uri=/user/me;client=127.0.0.1;user=sridhar]
2020-12-07 16:34:25,417 DEBUG org.apache.commons.logging.impl.Jdk14Logger [http-nio-8080-exec-10] REQUEST DATA : uri=/user/me]
2020-12-07 16:34:25,417 DEBUG org.apache.commons.logging.impl.Jdk14Logger [http-nio-8080-exec-5] REQUEST DATA : uri=/user/me]
2020-12-07 16:34:25,604 DEBUG org.apache.commons.logging.impl.Jdk14Logger [http-nio-8080-exec-2] After request [uri=/api/crm/activity/reschedule/22008;client=127.0.0.1;user=sridhar;payload={"closingComment":"dwsa","rescheduleDateTime":"2020-12-07 16:35"}]
2020-12-07 16:34:25,605 DEBUG org.apache.commons.logging.impl.Jdk14Logger [http-nio-8080-exec-2] REQUEST DATA : uri=/api/crm/activity/reschedule/22008;payload={"closingComment":"dwsa","rescheduleDateTime":"2020-12-07 16:35"}]
2020-12-07 16:34:25,609 DEBUG org.apache.commons.logging.impl.Jdk14Logger [http-nio-8080-exec-3] After request [uri=/api/crm/activity/reschedule/22008;client=127.0.0.1;user=sridhar;payload={"closingComment":"dwsa","rescheduleDateTime":"2020-12-07 16:35"}]
2020-12-07 16:34:25,610 DEBUG org.apache.commons.logging.impl.Jdk14Logger [http-nio-8080-exec-3] REQUEST DATA : uri=/api/crm/activity/reschedule/22008;payload={"closingComment":"dwsa","rescheduleDateTime":"2020-12-07 16:35"}]
2020-12-07 16:34:28,266 DEBUG org.apache.commons.logging.impl.Jdk14Logger [http-nio-8080-exec-6] Before request [uri=/api/crm/lead/validLeadStatus]
2020-12-07 16:34:28,267 DEBUG org.apache.commons.logging.impl.Jdk14Logger [http-nio-8080-exec-6] Before request [uri=/api/crm/lead/validLeadStatus;client=127.0.0.1;user=sridhar]
2020-12-07 16:34:28,339 DEBUG org.apache.commons.logging.impl.Jdk14Logger [http-nio-8080-exec-6] After request [uri=/api/crm/lead/validLeadStatus;client=127.0.0.1;user=sridhar]
2020-12-07 16:34:28,340 DEBUG org.apache.commons.logging.impl.Jdk14Logger [http-nio-8080-exec-6] REQUEST DATA : uri=/api/crm/lead/validLeadStatus]
2020-12-07 16:34:28,454 DEBUG org.apache.commons.logging.impl.Jdk14Logger [http-nio-8080-exec-8] Before request [uri=/api/crm/lead/22005]
2020-12-07 16:34:28,456 DEBUG org.apache.commons.logging.impl.Jdk14Logger [http-nio-8080-exec-8] Before request [uri=/api/crm/lead/22005;client=127.0.0.1;user=sridhar]
2020-12-07 16:34:28,553 DEBUG org.apache.commons.logging.impl.Jdk14Logger [http-nio-8080-exec-1] Before request [uri=/api/crm/lead/getallinfo/22005]
2020-12-07 16:34:28,554 DEBUG org.apache.commons.logging.impl.Jdk14Logger [http-nio-8080-exec-1] Before request [uri=/api/crm/lead/getallinfo/22005;client=127.0.0.1;user=sridhar]
2020-12-07 16:34:28,686 WARN org.apache.commons.logging.impl.Jdk14Logger [http-nio-8080-exec-9] JWT Token does not begin with 	Bearer String
2020-12-07 16:34:28,713 DEBUG org.apache.commons.logging.impl.Jdk14Logger [http-nio-8080-exec-8] After request [uri=/api/crm/lead/22005;client=127.0.0.1;user=sridhar]
2020-12-07 16:34:28,714 DEBUG org.apache.commons.logging.impl.Jdk14Logger [http-nio-8080-exec-8] REQUEST DATA : uri=/api/crm/lead/22005]
2020-12-07 16:34:28,881 DEBUG org.apache.commons.logging.impl.Jdk14Logger [http-nio-8080-exec-1] After request [uri=/api/crm/lead/getallinfo/22005;client=127.0.0.1;user=sridhar]
2020-12-07 16:34:28,882 DEBUG org.apache.commons.logging.impl.Jdk14Logger [http-nio-8080-exec-1] REQUEST DATA : uri=/api/crm/lead/getallinfo/22005]
2020-12-07 16:35:20,105 DEBUG org.apache.commons.logging.impl.Jdk14Logger [http-nio-8080-exec-7] Before request [uri=/api/crm/activity/validActivityTypes]
2020-12-07 16:35:20,107 DEBUG org.apache.commons.logging.impl.Jdk14Logger [http-nio-8080-exec-7] Before request [uri=/api/crm/activity/validActivityTypes;client=127.0.0.1;user=sridhar]
2020-12-07 16:35:20,124 DEBUG org.apache.commons.logging.impl.Jdk14Logger [http-nio-8080-exec-7] After request [uri=/api/crm/activity/validActivityTypes;client=127.0.0.1;user=sridhar]
2020-12-07 16:35:20,126 DEBUG org.apache.commons.logging.impl.Jdk14Logger [http-nio-8080-exec-7] REQUEST DATA : uri=/api/crm/activity/validActivityTypes]
2020-12-07 16:35:35,126 DEBUG org.apache.commons.logging.impl.Jdk14Logger [http-nio-8080-exec-10] Before request [uri=/api/crm/activity/create]
2020-12-07 16:35:35,127 DEBUG org.apache.commons.logging.impl.Jdk14Logger [http-nio-8080-exec-10] Before request [uri=/api/crm/activity/create;client=127.0.0.1;user=sridhar]
2020-12-07 16:35:35,233 DEBUG org.apache.commons.logging.impl.Jdk14Logger [http-nio-8080-exec-10] After request [uri=/api/crm/activity/create;client=127.0.0.1;user=sridhar;payload={"title":"asdas","activityDateTime":"2020-12-07 04:36","activityType":"Meeting","description":"sadsad","leadId":"22005"}]
2020-12-07 16:35:35,234 DEBUG org.apache.commons.logging.impl.Jdk14Logger [http-nio-8080-exec-10] REQUEST DATA : uri=/api/crm/activity/create;payload={"title":"asdas","activityDateTime":"2020-12-07 04:36","activityType":"Meeting","description":"sadsad","leadId":"22005"}]
2020-12-07 16:35:40,297 DEBUG org.apache.commons.logging.impl.Jdk14Logger [http-nio-8080-exec-2] Before request [uri=/api/crm/activity/22010]
2020-12-07 16:35:40,300 DEBUG org.apache.commons.logging.impl.Jdk14Logger [http-nio-8080-exec-2] Before request [uri=/api/crm/activity/22010;client=127.0.0.1;user=sridhar]
2020-12-07 16:35:40,350 DEBUG org.apache.commons.logging.impl.Jdk14Logger [http-nio-8080-exec-3] Before request [uri=/user/me]
2020-12-07 16:35:40,351 DEBUG org.apache.commons.logging.impl.Jdk14Logger [http-nio-8080-exec-3] Before request [uri=/user/me;client=127.0.0.1;user=sridhar]
2020-12-07 16:35:40,359 DEBUG org.apache.commons.logging.impl.Jdk14Logger [http-nio-8080-exec-3] After request [uri=/user/me;client=127.0.0.1;user=sridhar]
2020-12-07 16:35:40,360 DEBUG org.apache.commons.logging.impl.Jdk14Logger [http-nio-8080-exec-3] REQUEST DATA : uri=/user/me]
2020-12-07 16:35:40,405 DEBUG org.apache.commons.logging.impl.Jdk14Logger [http-nio-8080-exec-2] After request [uri=/api/crm/activity/22010;client=127.0.0.1;user=sridhar;payload={"closingComment":"sadsa"}]
2020-12-07 16:35:40,406 DEBUG org.apache.commons.logging.impl.Jdk14Logger [http-nio-8080-exec-2] REQUEST DATA : uri=/api/crm/activity/22010;payload={"closingComment":"sadsa"}]
2020-12-07 16:35:42,284 DEBUG org.apache.commons.logging.impl.Jdk14Logger [http-nio-8080-exec-6] Before request [uri=/api/crm/lead/validLeadStatus]
2020-12-07 16:35:42,284 DEBUG org.apache.commons.logging.impl.Jdk14Logger [http-nio-8080-exec-6] Before request [uri=/api/crm/lead/validLeadStatus;client=127.0.0.1;user=sridhar]
2020-12-07 16:35:42,292 DEBUG org.apache.commons.logging.impl.Jdk14Logger [http-nio-8080-exec-6] After request [uri=/api/crm/lead/validLeadStatus;client=127.0.0.1;user=sridhar]
2020-12-07 16:35:42,293 DEBUG org.apache.commons.logging.impl.Jdk14Logger [http-nio-8080-exec-6] REQUEST DATA : uri=/api/crm/lead/validLeadStatus]
2020-12-07 16:35:42,426 DEBUG org.apache.commons.logging.impl.Jdk14Logger [http-nio-8080-exec-9] Before request [uri=/api/crm/lead/22005]
2020-12-07 16:35:42,427 DEBUG org.apache.commons.logging.impl.Jdk14Logger [http-nio-8080-exec-9] Before request [uri=/api/crm/lead/22005;client=127.0.0.1;user=sridhar]
2020-12-07 16:35:42,460 DEBUG org.apache.commons.logging.impl.Jdk14Logger [http-nio-8080-exec-9] After request [uri=/api/crm/lead/22005;client=127.0.0.1;user=sridhar]
2020-12-07 16:35:42,461 DEBUG org.apache.commons.logging.impl.Jdk14Logger [http-nio-8080-exec-9] REQUEST DATA : uri=/api/crm/lead/22005]
2020-12-07 16:35:42,541 DEBUG org.apache.commons.logging.impl.Jdk14Logger [http-nio-8080-exec-8] Before request [uri=/api/crm/lead/getallinfo/22005]
2020-12-07 16:35:42,542 DEBUG org.apache.commons.logging.impl.Jdk14Logger [http-nio-8080-exec-8] Before request [uri=/api/crm/lead/getallinfo/22005;client=127.0.0.1;user=sridhar]
2020-12-07 16:35:42,786 DEBUG org.apache.commons.logging.impl.Jdk14Logger [http-nio-8080-exec-8] After request [uri=/api/crm/lead/getallinfo/22005;client=127.0.0.1;user=sridhar]
2020-12-07 16:35:42,788 DEBUG org.apache.commons.logging.impl.Jdk14Logger [http-nio-8080-exec-8] REQUEST DATA : uri=/api/crm/lead/getallinfo/22005]
2020-12-07 16:35:43,313 WARN org.apache.commons.logging.impl.Jdk14Logger [http-nio-8080-exec-1] JWT Token does not begin with 	Bearer String
2020-12-07 16:35:45,844 DEBUG org.apache.commons.logging.impl.Jdk14Logger [http-nio-8080-exec-7] Before request [uri=/api/crm/activity/22011]
2020-12-07 16:35:45,847 DEBUG org.apache.commons.logging.impl.Jdk14Logger [http-nio-8080-exec-7] Before request [uri=/api/crm/activity/22011;client=127.0.0.1;user=sridhar]
2020-12-07 16:35:45,873 DEBUG org.apache.commons.logging.impl.Jdk14Logger [http-nio-8080-exec-4] Before request [uri=/user/me]
2020-12-07 16:35:45,874 DEBUG org.apache.commons.logging.impl.Jdk14Logger [http-nio-8080-exec-4] Before request [uri=/user/me;client=127.0.0.1;user=sridhar]
2020-12-07 16:35:45,880 DEBUG org.apache.commons.logging.impl.Jdk14Logger [http-nio-8080-exec-4] After request [uri=/user/me;client=127.0.0.1;user=sridhar]
2020-12-07 16:35:45,881 DEBUG org.apache.commons.logging.impl.Jdk14Logger [http-nio-8080-exec-4] REQUEST DATA : uri=/user/me]
2020-12-07 16:35:45,907 DEBUG org.apache.commons.logging.impl.Jdk14Logger [http-nio-8080-exec-7] After request [uri=/api/crm/activity/22011;client=127.0.0.1;user=sridhar;payload={"closingComment":"asds"}]
2020-12-07 16:35:45,908 DEBUG org.apache.commons.logging.impl.Jdk14Logger [http-nio-8080-exec-7] REQUEST DATA : uri=/api/crm/activity/22011;payload={"closingComment":"asds"}]
2020-12-07 16:35:47,403 DEBUG org.apache.commons.logging.impl.Jdk14Logger [http-nio-8080-exec-5] Before request [uri=/api/crm/lead/validLeadStatus]
2020-12-07 16:35:47,404 DEBUG org.apache.commons.logging.impl.Jdk14Logger [http-nio-8080-exec-5] Before request [uri=/api/crm/lead/validLeadStatus;client=127.0.0.1;user=sridhar]
2020-12-07 16:35:47,415 DEBUG org.apache.commons.logging.impl.Jdk14Logger [http-nio-8080-exec-5] After request [uri=/api/crm/lead/validLeadStatus;client=127.0.0.1;user=sridhar]
2020-12-07 16:35:47,416 DEBUG org.apache.commons.logging.impl.Jdk14Logger [http-nio-8080-exec-5] REQUEST DATA : uri=/api/crm/lead/validLeadStatus]
2020-12-07 16:35:47,509 DEBUG org.apache.commons.logging.impl.Jdk14Logger [http-nio-8080-exec-10] Before request [uri=/api/crm/lead/22005]
2020-12-07 16:35:47,510 DEBUG org.apache.commons.logging.impl.Jdk14Logger [http-nio-8080-exec-10] Before request [uri=/api/crm/lead/22005;client=127.0.0.1;user=sridhar]
2020-12-07 16:35:47,549 DEBUG org.apache.commons.logging.impl.Jdk14Logger [http-nio-8080-exec-3] Before request [uri=/api/crm/lead/getallinfo/22005]
2020-12-07 16:35:47,550 DEBUG org.apache.commons.logging.impl.Jdk14Logger [http-nio-8080-exec-3] Before request [uri=/api/crm/lead/getallinfo/22005;client=127.0.0.1;user=sridhar]
2020-12-07 16:35:47,552 DEBUG org.apache.commons.logging.impl.Jdk14Logger [http-nio-8080-exec-10] After request [uri=/api/crm/lead/22005;client=127.0.0.1;user=sridhar]
2020-12-07 16:35:47,553 DEBUG org.apache.commons.logging.impl.Jdk14Logger [http-nio-8080-exec-10] REQUEST DATA : uri=/api/crm/lead/22005]
2020-12-07 16:35:47,636 DEBUG org.apache.commons.logging.impl.Jdk14Logger [http-nio-8080-exec-3] After request [uri=/api/crm/lead/getallinfo/22005;client=127.0.0.1;user=sridhar]
2020-12-07 16:35:47,644 DEBUG org.apache.commons.logging.impl.Jdk14Logger [http-nio-8080-exec-3] REQUEST DATA : uri=/api/crm/lead/getallinfo/22005]
2020-12-07 16:35:48,048 WARN org.apache.commons.logging.impl.Jdk14Logger [http-nio-8080-exec-2] JWT Token does not begin with 	Bearer String
2020-12-07 16:35:49,806 DEBUG org.apache.commons.logging.impl.Jdk14Logger [http-nio-8080-exec-6] Before request [uri=/api/crm/activity/validActivityTypes]
2020-12-07 16:35:49,807 DEBUG org.apache.commons.logging.impl.Jdk14Logger [http-nio-8080-exec-6] Before request [uri=/api/crm/activity/validActivityTypes;client=127.0.0.1;user=sridhar]
2020-12-07 16:35:49,819 DEBUG org.apache.commons.logging.impl.Jdk14Logger [http-nio-8080-exec-6] After request [uri=/api/crm/activity/validActivityTypes;client=127.0.0.1;user=sridhar]
2020-12-07 16:35:49,820 DEBUG org.apache.commons.logging.impl.Jdk14Logger [http-nio-8080-exec-6] REQUEST DATA : uri=/api/crm/activity/validActivityTypes]
2020-12-07 16:36:00,665 DEBUG org.apache.commons.logging.impl.Jdk14Logger [http-nio-8080-exec-9] Before request [uri=/api/crm/activity/create]
2020-12-07 16:36:00,667 DEBUG org.apache.commons.logging.impl.Jdk14Logger [http-nio-8080-exec-9] Before request [uri=/api/crm/activity/create;client=127.0.0.1;user=sridhar]
2020-12-07 16:36:00,709 DEBUG org.apache.commons.logging.impl.Jdk14Logger [http-nio-8080-exec-8] Before request [uri=/user/me]
2020-12-07 16:36:00,710 DEBUG org.apache.commons.logging.impl.Jdk14Logger [http-nio-8080-exec-8] Before request [uri=/user/me;client=127.0.0.1;user=sridhar]
2020-12-07 16:36:00,719 DEBUG org.apache.commons.logging.impl.Jdk14Logger [http-nio-8080-exec-8] After request [uri=/user/me;client=127.0.0.1;user=sridhar]
2020-12-07 16:36:00,720 DEBUG org.apache.commons.logging.impl.Jdk14Logger [http-nio-8080-exec-8] REQUEST DATA : uri=/user/me]
2020-12-07 16:36:00,749 DEBUG org.apache.commons.logging.impl.Jdk14Logger [http-nio-8080-exec-1] Before request [uri=/user/me]
2020-12-07 16:36:00,750 DEBUG org.apache.commons.logging.impl.Jdk14Logger [http-nio-8080-exec-1] Before request [uri=/user/me;client=127.0.0.1;user=sridhar]
2020-12-07 16:36:00,756 DEBUG org.apache.commons.logging.impl.Jdk14Logger [http-nio-8080-exec-1] After request [uri=/user/me;client=127.0.0.1;user=sridhar]
2020-12-07 16:36:00,757 DEBUG org.apache.commons.logging.impl.Jdk14Logger [http-nio-8080-exec-1] REQUEST DATA : uri=/user/me]
2020-12-07 16:36:00,806 DEBUG org.apache.commons.logging.impl.Jdk14Logger [http-nio-8080-exec-9] After request [uri=/api/crm/activity/create;client=127.0.0.1;user=sridhar;payload={"title":"sdsa","activityDateTime":"2020-12-07 04:37","activityType":"Meeting","description":"sadsa","leadId":"22005"}]
2020-12-07 16:36:00,807 DEBUG org.apache.commons.logging.impl.Jdk14Logger [http-nio-8080-exec-9] REQUEST DATA : uri=/api/crm/activity/create;payload={"title":"sdsa","activityDateTime":"2020-12-07 04:37","activityType":"Meeting","description":"sadsa","leadId":"22005"}]
2020-12-07 16:36:02,337 DEBUG org.apache.commons.logging.impl.Jdk14Logger [http-nio-8080-exec-4] Before request [uri=/api/crm/lead/validLeadStatus]
2020-12-07 16:36:02,339 DEBUG org.apache.commons.logging.impl.Jdk14Logger [http-nio-8080-exec-4] Before request [uri=/api/crm/lead/validLeadStatus;client=127.0.0.1;user=sridhar]
2020-12-07 16:36:02,357 DEBUG org.apache.commons.logging.impl.Jdk14Logger [http-nio-8080-exec-4] After request [uri=/api/crm/lead/validLeadStatus;client=127.0.0.1;user=sridhar]
2020-12-07 16:36:02,360 DEBUG org.apache.commons.logging.impl.Jdk14Logger [http-nio-8080-exec-4] REQUEST DATA : uri=/api/crm/lead/validLeadStatus]
2020-12-07 16:36:02,601 DEBUG org.apache.commons.logging.impl.Jdk14Logger [http-nio-8080-exec-7] Before request [uri=/api/crm/lead/22005]
2020-12-07 16:36:02,602 DEBUG org.apache.commons.logging.impl.Jdk14Logger [http-nio-8080-exec-7] Before request [uri=/api/crm/lead/22005;client=127.0.0.1;user=sridhar]
2020-12-07 16:36:02,632 DEBUG org.apache.commons.logging.impl.Jdk14Logger [http-nio-8080-exec-7] After request [uri=/api/crm/lead/22005;client=127.0.0.1;user=sridhar]
2020-12-07 16:36:02,633 DEBUG org.apache.commons.logging.impl.Jdk14Logger [http-nio-8080-exec-7] REQUEST DATA : uri=/api/crm/lead/22005]
2020-12-07 16:36:02,715 DEBUG org.apache.commons.logging.impl.Jdk14Logger [http-nio-8080-exec-5] Before request [uri=/api/crm/lead/getallinfo/22005]
2020-12-07 16:36:02,716 DEBUG org.apache.commons.logging.impl.Jdk14Logger [http-nio-8080-exec-5] Before request [uri=/api/crm/lead/getallinfo/22005;client=127.0.0.1;user=sridhar]
2020-12-07 16:36:02,802 DEBUG org.apache.commons.logging.impl.Jdk14Logger [http-nio-8080-exec-5] After request [uri=/api/crm/lead/getallinfo/22005;client=127.0.0.1;user=sridhar]
2020-12-07 16:36:02,805 DEBUG org.apache.commons.logging.impl.Jdk14Logger [http-nio-8080-exec-5] REQUEST DATA : uri=/api/crm/lead/getallinfo/22005]
2020-12-07 16:36:03,626 WARN org.apache.commons.logging.impl.Jdk14Logger [http-nio-8080-exec-10] JWT Token does not begin with 	Bearer String
2020-12-07 16:37:44,123 DEBUG org.apache.commons.logging.impl.Jdk14Logger [http-nio-8080-exec-2] Before request [uri=/api/crm/activity/validActivityTypes]
2020-12-07 16:37:44,125 DEBUG org.apache.commons.logging.impl.Jdk14Logger [http-nio-8080-exec-2] Before request [uri=/api/crm/activity/validActivityTypes;client=127.0.0.1;user=sridhar]
2020-12-07 16:37:44,139 DEBUG org.apache.commons.logging.impl.Jdk14Logger [http-nio-8080-exec-2] After request [uri=/api/crm/activity/validActivityTypes;client=127.0.0.1;user=sridhar]
2020-12-07 16:37:44,139 DEBUG org.apache.commons.logging.impl.Jdk14Logger [http-nio-8080-exec-2] REQUEST DATA : uri=/api/crm/activity/validActivityTypes]
2020-12-07 16:38:15,716 DEBUG org.apache.commons.logging.impl.Jdk14Logger [http-nio-8080-exec-6] Before request [uri=/api/crm/activity/create]
2020-12-07 16:38:15,718 DEBUG org.apache.commons.logging.impl.Jdk14Logger [http-nio-8080-exec-6] Before request [uri=/api/crm/activity/create;client=127.0.0.1;user=sridhar]
2020-12-07 16:38:15,776 DEBUG org.apache.commons.logging.impl.Jdk14Logger [http-nio-8080-exec-8] Before request [uri=/user/me]
2020-12-07 16:38:15,777 DEBUG org.apache.commons.logging.impl.Jdk14Logger [http-nio-8080-exec-8] Before request [uri=/user/me;client=127.0.0.1;user=sridhar]
2020-12-07 16:38:15,782 DEBUG org.apache.commons.logging.impl.Jdk14Logger [http-nio-8080-exec-8] After request [uri=/user/me;client=127.0.0.1;user=sridhar]
2020-12-07 16:38:15,783 DEBUG org.apache.commons.logging.impl.Jdk14Logger [http-nio-8080-exec-8] REQUEST DATA : uri=/user/me]
2020-12-07 16:38:15,814 DEBUG org.apache.commons.logging.impl.Jdk14Logger [http-nio-8080-exec-1] Before request [uri=/user/me]
2020-12-07 16:38:15,815 DEBUG org.apache.commons.logging.impl.Jdk14Logger [http-nio-8080-exec-1] Before request [uri=/user/me;client=127.0.0.1;user=sridhar]
2020-12-07 16:38:15,821 DEBUG org.apache.commons.logging.impl.Jdk14Logger [http-nio-8080-exec-1] After request [uri=/user/me;client=127.0.0.1;user=sridhar]
2020-12-07 16:38:15,822 DEBUG org.apache.commons.logging.impl.Jdk14Logger [http-nio-8080-exec-1] REQUEST DATA : uri=/user/me]
2020-12-07 16:38:15,890 DEBUG org.apache.commons.logging.impl.Jdk14Logger [http-nio-8080-exec-9] Before request [uri=/user/me]
2020-12-07 16:38:15,891 DEBUG org.apache.commons.logging.impl.Jdk14Logger [http-nio-8080-exec-9] Before request [uri=/user/me;client=127.0.0.1;user=sridhar]
2020-12-07 16:38:15,896 DEBUG org.apache.commons.logging.impl.Jdk14Logger [http-nio-8080-exec-9] After request [uri=/user/me;client=127.0.0.1;user=sridhar]
2020-12-07 16:38:15,897 DEBUG org.apache.commons.logging.impl.Jdk14Logger [http-nio-8080-exec-9] REQUEST DATA : uri=/user/me]
2020-12-07 16:38:15,952 DEBUG org.apache.commons.logging.impl.Jdk14Logger [http-nio-8080-exec-6] After request [uri=/api/crm/activity/create;client=127.0.0.1;user=sridhar;payload={"title":"nm","activityDateTime":"2020-12-07 16:38","activityType":"Property_Visit","description":"nbnn","leadId":"22005"}]
2020-12-07 16:38:15,955 DEBUG org.apache.commons.logging.impl.Jdk14Logger [http-nio-8080-exec-6] REQUEST DATA : uri=/api/crm/activity/create;payload={"title":"nm","activityDateTime":"2020-12-07 16:38","activityType":"Property_Visit","description":"nbnn","leadId":"22005"}]
2020-12-07 16:38:20,984 DEBUG org.apache.commons.logging.impl.Jdk14Logger [http-nio-8080-exec-4] Before request [uri=/api/crm/lead/validLeadStatus]
2020-12-07 16:38:20,989 DEBUG org.apache.commons.logging.impl.Jdk14Logger [http-nio-8080-exec-4] Before request [uri=/api/crm/lead/validLeadStatus;client=127.0.0.1;user=sridhar]
2020-12-07 16:38:21,057 DEBUG org.apache.commons.logging.impl.Jdk14Logger [http-nio-8080-exec-4] After request [uri=/api/crm/lead/validLeadStatus;client=127.0.0.1;user=sridhar]
2020-12-07 16:38:21,063 DEBUG org.apache.commons.logging.impl.Jdk14Logger [http-nio-8080-exec-4] REQUEST DATA : uri=/api/crm/lead/validLeadStatus]
2020-12-07 16:38:21,307 DEBUG org.apache.commons.logging.impl.Jdk14Logger [http-nio-8080-exec-7] Before request [uri=/api/crm/lead/22005]
2020-12-07 16:38:21,308 DEBUG org.apache.commons.logging.impl.Jdk14Logger [http-nio-8080-exec-7] Before request [uri=/api/crm/lead/22005;client=127.0.0.1;user=sridhar]
2020-12-07 16:38:21,313 DEBUG org.apache.commons.logging.impl.Jdk14Logger [http-nio-8080-exec-5] Before request [uri=/api/crm/lead/getallinfo/22005]
2020-12-07 16:38:21,314 DEBUG org.apache.commons.logging.impl.Jdk14Logger [http-nio-8080-exec-5] Before request [uri=/api/crm/lead/getallinfo/22005;client=127.0.0.1;user=sridhar]
2020-12-07 16:38:21,398 DEBUG org.apache.commons.logging.impl.Jdk14Logger [http-nio-8080-exec-7] After request [uri=/api/crm/lead/22005;client=127.0.0.1;user=sridhar]
2020-12-07 16:38:21,402 DEBUG org.apache.commons.logging.impl.Jdk14Logger [http-nio-8080-exec-7] REQUEST DATA : uri=/api/crm/lead/22005]
2020-12-07 16:38:21,470 DEBUG org.apache.commons.logging.impl.Jdk14Logger [http-nio-8080-exec-5] After request [uri=/api/crm/lead/getallinfo/22005;client=127.0.0.1;user=sridhar]
2020-12-07 16:38:21,471 DEBUG org.apache.commons.logging.impl.Jdk14Logger [http-nio-8080-exec-5] REQUEST DATA : uri=/api/crm/lead/getallinfo/22005]
2020-12-07 16:38:22,709 WARN org.apache.commons.logging.impl.Jdk14Logger [http-nio-8080-exec-10] JWT Token does not begin with 	Bearer String
2020-12-07 16:43:58,938 DEBUG org.apache.commons.logging.impl.Jdk14Logger [http-nio-8080-exec-2] Before request [uri=/api/crm/activity/validActivityTypes]
2020-12-07 16:43:58,941 DEBUG org.apache.commons.logging.impl.Jdk14Logger [http-nio-8080-exec-2] Before request [uri=/api/crm/activity/validActivityTypes;client=127.0.0.1;user=sridhar]
2020-12-07 16:43:58,967 DEBUG org.apache.commons.logging.impl.Jdk14Logger [http-nio-8080-exec-2] After request [uri=/api/crm/activity/validActivityTypes;client=127.0.0.1;user=sridhar]
2020-12-07 16:43:58,967 DEBUG org.apache.commons.logging.impl.Jdk14Logger [http-nio-8080-exec-2] REQUEST DATA : uri=/api/crm/activity/validActivityTypes]
2020-12-07 16:44:14,595 DEBUG org.apache.commons.logging.impl.Jdk14Logger [http-nio-8080-exec-8] Before request [uri=/api/crm/activity/create]
2020-12-07 16:44:14,596 DEBUG org.apache.commons.logging.impl.Jdk14Logger [http-nio-8080-exec-8] Before request [uri=/api/crm/activity/create;client=127.0.0.1;user=sridhar]
2020-12-07 16:44:14,627 DEBUG org.apache.commons.logging.impl.Jdk14Logger [http-nio-8080-exec-8] After request [uri=/api/crm/activity/create;client=127.0.0.1;user=sridhar;payload={"title":"sad","activityDateTime":"2020-12-07 16:44","activityType":"Meeting","description":"das","leadId":"22005"}]
2020-12-07 16:44:14,628 DEBUG org.apache.commons.logging.impl.Jdk14Logger [http-nio-8080-exec-8] REQUEST DATA : uri=/api/crm/activity/create;payload={"title":"sad","activityDateTime":"2020-12-07 16:44","activityType":"Meeting","description":"das","leadId":"22005"}]
2020-12-07 16:44:17,480 DEBUG org.apache.commons.logging.impl.Jdk14Logger [http-nio-8080-exec-1] Before request [uri=/api/crm/activity/create]
2020-12-07 16:44:17,481 DEBUG org.apache.commons.logging.impl.Jdk14Logger [http-nio-8080-exec-1] Before request [uri=/api/crm/activity/create;client=127.0.0.1;user=sridhar]
2020-12-07 16:44:17,524 DEBUG org.apache.commons.logging.impl.Jdk14Logger [http-nio-8080-exec-9] Before request [uri=/user/me]
2020-12-07 16:44:17,525 DEBUG org.apache.commons.logging.impl.Jdk14Logger [http-nio-8080-exec-9] Before request [uri=/user/me;client=127.0.0.1;user=sridhar]
2020-12-07 16:44:17,530 DEBUG org.apache.commons.logging.impl.Jdk14Logger [http-nio-8080-exec-9] After request [uri=/user/me;client=127.0.0.1;user=sridhar]
2020-12-07 16:44:17,531 DEBUG org.apache.commons.logging.impl.Jdk14Logger [http-nio-8080-exec-9] REQUEST DATA : uri=/user/me]
2020-12-07 16:44:17,579 DEBUG org.apache.commons.logging.impl.Jdk14Logger [http-nio-8080-exec-6] Before request [uri=/user/me]
2020-12-07 16:44:17,580 DEBUG org.apache.commons.logging.impl.Jdk14Logger [http-nio-8080-exec-6] Before request [uri=/user/me;client=127.0.0.1;user=sridhar]
2020-12-07 16:44:17,595 DEBUG org.apache.commons.logging.impl.Jdk14Logger [http-nio-8080-exec-6] After request [uri=/user/me;client=127.0.0.1;user=sridhar]
2020-12-07 16:44:17,598 DEBUG org.apache.commons.logging.impl.Jdk14Logger [http-nio-8080-exec-6] REQUEST DATA : uri=/user/me]
2020-12-07 16:44:17,641 DEBUG org.apache.commons.logging.impl.Jdk14Logger [http-nio-8080-exec-1] After request [uri=/api/crm/activity/create;client=127.0.0.1;user=sridhar;payload={"title":"sad","activityDateTime":"2020-12-07 16:44","activityType":"Reminder","description":"das","leadId":"22005"}]
2020-12-07 16:44:17,642 DEBUG org.apache.commons.logging.impl.Jdk14Logger [http-nio-8080-exec-1] REQUEST DATA : uri=/api/crm/activity/create;payload={"title":"sad","activityDateTime":"2020-12-07 16:44","activityType":"Reminder","description":"das","leadId":"22005"}]
2020-12-07 16:44:19,212 DEBUG org.apache.commons.logging.impl.Jdk14Logger [http-nio-8080-exec-4] Before request [uri=/api/crm/lead/validLeadStatus]
2020-12-07 16:44:19,221 DEBUG org.apache.commons.logging.impl.Jdk14Logger [http-nio-8080-exec-4] Before request [uri=/api/crm/lead/validLeadStatus;client=127.0.0.1;user=sridhar]
2020-12-07 16:44:19,256 DEBUG org.apache.commons.logging.impl.Jdk14Logger [http-nio-8080-exec-4] After request [uri=/api/crm/lead/validLeadStatus;client=127.0.0.1;user=sridhar]
2020-12-07 16:44:19,257 DEBUG org.apache.commons.logging.impl.Jdk14Logger [http-nio-8080-exec-4] REQUEST DATA : uri=/api/crm/lead/validLeadStatus]
2020-12-07 16:44:19,383 DEBUG org.apache.commons.logging.impl.Jdk14Logger [http-nio-8080-exec-7] Before request [uri=/api/crm/lead/22005]
2020-12-07 16:44:19,384 DEBUG org.apache.commons.logging.impl.Jdk14Logger [http-nio-8080-exec-7] Before request [uri=/api/crm/lead/22005;client=127.0.0.1;user=sridhar]
2020-12-07 16:44:19,405 DEBUG org.apache.commons.logging.impl.Jdk14Logger [http-nio-8080-exec-7] After request [uri=/api/crm/lead/22005;client=127.0.0.1;user=sridhar]
2020-12-07 16:44:19,406 DEBUG org.apache.commons.logging.impl.Jdk14Logger [http-nio-8080-exec-7] REQUEST DATA : uri=/api/crm/lead/22005]
2020-12-07 16:44:19,425 DEBUG org.apache.commons.logging.impl.Jdk14Logger [http-nio-8080-exec-5] Before request [uri=/api/crm/lead/getallinfo/22005]
2020-12-07 16:44:19,425 DEBUG org.apache.commons.logging.impl.Jdk14Logger [http-nio-8080-exec-5] Before request [uri=/api/crm/lead/getallinfo/22005;client=127.0.0.1;user=sridhar]
2020-12-07 16:44:19,485 WARN org.apache.commons.logging.impl.Jdk14Logger [http-nio-8080-exec-10] JWT Token does not begin with 	Bearer String
2020-12-07 16:44:19,517 DEBUG org.apache.commons.logging.impl.Jdk14Logger [http-nio-8080-exec-5] After request [uri=/api/crm/lead/getallinfo/22005;client=127.0.0.1;user=sridhar]
2020-12-07 16:44:19,519 DEBUG org.apache.commons.logging.impl.Jdk14Logger [http-nio-8080-exec-5] REQUEST DATA : uri=/api/crm/lead/getallinfo/22005]
2020-12-07 16:44:54,568 DEBUG org.apache.commons.logging.impl.Jdk14Logger [http-nio-8080-exec-3] Before request [uri=/api/crm/activity/validActivityTypes]
2020-12-07 16:44:54,570 DEBUG org.apache.commons.logging.impl.Jdk14Logger [http-nio-8080-exec-3] Before request [uri=/api/crm/activity/validActivityTypes;client=127.0.0.1;user=sridhar]
2020-12-07 16:44:54,582 DEBUG org.apache.commons.logging.impl.Jdk14Logger [http-nio-8080-exec-3] After request [uri=/api/crm/activity/validActivityTypes;client=127.0.0.1;user=sridhar]
2020-12-07 16:44:54,583 DEBUG org.apache.commons.logging.impl.Jdk14Logger [http-nio-8080-exec-3] REQUEST DATA : uri=/api/crm/activity/validActivityTypes]
2020-12-07 16:45:07,032 DEBUG org.apache.commons.logging.impl.Jdk14Logger [http-nio-8080-exec-2] Before request [uri=/api/crm/activity/create]
2020-12-07 16:45:07,037 DEBUG org.apache.commons.logging.impl.Jdk14Logger [http-nio-8080-exec-2] Before request [uri=/api/crm/activity/create;client=127.0.0.1;user=sridhar]
2020-12-07 16:45:07,087 DEBUG org.apache.commons.logging.impl.Jdk14Logger [http-nio-8080-exec-8] Before request [uri=/user/me]
2020-12-07 16:45:07,088 DEBUG org.apache.commons.logging.impl.Jdk14Logger [http-nio-8080-exec-8] Before request [uri=/user/me;client=127.0.0.1;user=sridhar]
2020-12-07 16:45:07,097 DEBUG org.apache.commons.logging.impl.Jdk14Logger [http-nio-8080-exec-8] After request [uri=/user/me;client=127.0.0.1;user=sridhar]
2020-12-07 16:45:07,098 DEBUG org.apache.commons.logging.impl.Jdk14Logger [http-nio-8080-exec-8] REQUEST DATA : uri=/user/me]
2020-12-07 16:45:07,175 DEBUG org.apache.commons.logging.impl.Jdk14Logger [http-nio-8080-exec-9] Before request [uri=/user/me]
2020-12-07 16:45:07,176 DEBUG org.apache.commons.logging.impl.Jdk14Logger [http-nio-8080-exec-9] Before request [uri=/user/me;client=127.0.0.1;user=sridhar]
2020-12-07 16:45:07,182 DEBUG org.apache.commons.logging.impl.Jdk14Logger [http-nio-8080-exec-9] After request [uri=/user/me;client=127.0.0.1;user=sridhar]
2020-12-07 16:45:07,183 DEBUG org.apache.commons.logging.impl.Jdk14Logger [http-nio-8080-exec-9] REQUEST DATA : uri=/user/me]
2020-12-07 16:45:07,220 DEBUG org.apache.commons.logging.impl.Jdk14Logger [http-nio-8080-exec-2] After request [uri=/api/crm/activity/create;client=127.0.0.1;user=sridhar;payload={"title":"nn","activityDateTime":"2020-12-07 16:47","activityType":"Task","description":"nn","leadId":"22005"}]
2020-12-07 16:45:07,221 DEBUG org.apache.commons.logging.impl.Jdk14Logger [http-nio-8080-exec-2] REQUEST DATA : uri=/api/crm/activity/create;payload={"title":"nn","activityDateTime":"2020-12-07 16:47","activityType":"Task","description":"nn","leadId":"22005"}]
2020-12-07 16:45:09,369 DEBUG org.apache.commons.logging.impl.Jdk14Logger [http-nio-8080-exec-6] Before request [uri=/api/crm/lead/validLeadStatus]
2020-12-07 16:45:09,370 DEBUG org.apache.commons.logging.impl.Jdk14Logger [http-nio-8080-exec-6] Before request [uri=/api/crm/lead/validLeadStatus;client=127.0.0.1;user=sridhar]
2020-12-07 16:45:09,382 DEBUG org.apache.commons.logging.impl.Jdk14Logger [http-nio-8080-exec-6] After request [uri=/api/crm/lead/validLeadStatus;client=127.0.0.1;user=sridhar]
2020-12-07 16:45:09,383 DEBUG org.apache.commons.logging.impl.Jdk14Logger [http-nio-8080-exec-6] REQUEST DATA : uri=/api/crm/lead/validLeadStatus]
2020-12-07 16:45:09,572 DEBUG org.apache.commons.logging.impl.Jdk14Logger [http-nio-8080-exec-1] Before request [uri=/api/crm/lead/22005]
2020-12-07 16:45:09,573 DEBUG org.apache.commons.logging.impl.Jdk14Logger [http-nio-8080-exec-1] Before request [uri=/api/crm/lead/22005;client=127.0.0.1;user=sridhar]
2020-12-07 16:45:09,575 DEBUG org.apache.commons.logging.impl.Jdk14Logger [http-nio-8080-exec-4] Before request [uri=/api/crm/lead/getallinfo/22005]
2020-12-07 16:45:09,576 DEBUG org.apache.commons.logging.impl.Jdk14Logger [http-nio-8080-exec-4] Before request [uri=/api/crm/lead/getallinfo/22005;client=127.0.0.1;user=sridhar]
2020-12-07 16:45:09,601 DEBUG org.apache.commons.logging.impl.Jdk14Logger [http-nio-8080-exec-1] After request [uri=/api/crm/lead/22005;client=127.0.0.1;user=sridhar]
2020-12-07 16:45:09,602 DEBUG org.apache.commons.logging.impl.Jdk14Logger [http-nio-8080-exec-1] REQUEST DATA : uri=/api/crm/lead/22005]
2020-12-07 16:45:09,747 DEBUG org.apache.commons.logging.impl.Jdk14Logger [http-nio-8080-exec-4] After request [uri=/api/crm/lead/getallinfo/22005;client=127.0.0.1;user=sridhar]
2020-12-07 16:45:09,747 DEBUG org.apache.commons.logging.impl.Jdk14Logger [http-nio-8080-exec-4] REQUEST DATA : uri=/api/crm/lead/getallinfo/22005]
2020-12-07 16:45:10,443 WARN org.apache.commons.logging.impl.Jdk14Logger [http-nio-8080-exec-7] JWT Token does not begin with 	Bearer String
2020-12-07 17:02:04,275 WARN com.zaxxer.hikari.pool.HikariPool$HouseKeeper [HikariPool-1 housekeeper] HikariPool-1 - Thread starvation or clock leap detected (housekeeper delta=9m37s876ms).
2020-12-07 17:05:12,912 DEBUG org.apache.commons.logging.impl.Jdk14Logger [http-nio-8080-exec-5] Before request [uri=/api/crm/activity/validActivityTypes]
2020-12-07 17:05:12,916 DEBUG org.apache.commons.logging.impl.Jdk14Logger [http-nio-8080-exec-5] Before request [uri=/api/crm/activity/validActivityTypes;client=127.0.0.1;user=sridhar]
2020-12-07 17:05:13,232 DEBUG org.apache.commons.logging.impl.Jdk14Logger [http-nio-8080-exec-5] After request [uri=/api/crm/activity/validActivityTypes;client=127.0.0.1;user=sridhar]
2020-12-07 17:05:13,233 DEBUG org.apache.commons.logging.impl.Jdk14Logger [http-nio-8080-exec-5] REQUEST DATA : uri=/api/crm/activity/validActivityTypes]
2020-12-07 17:05:17,548 DEBUG org.apache.commons.logging.impl.Jdk14Logger [http-nio-8080-exec-3] Before request [uri=/api/crm/lead/22005]
2020-12-07 17:05:17,549 DEBUG org.apache.commons.logging.impl.Jdk14Logger [http-nio-8080-exec-3] Before request [uri=/api/crm/lead/22005;client=127.0.0.1;user=sridhar]
2020-12-07 17:05:17,555 DEBUG org.apache.commons.logging.impl.Jdk14Logger [http-nio-8080-exec-8] Before request [uri=/api/crm/lead/getallinfo/22005]
2020-12-07 17:05:17,557 DEBUG org.apache.commons.logging.impl.Jdk14Logger [http-nio-8080-exec-8] Before request [uri=/api/crm/lead/getallinfo/22005;client=127.0.0.1;user=sridhar]
2020-12-07 17:05:17,933 DEBUG org.apache.commons.logging.impl.Jdk14Logger [http-nio-8080-exec-9] Before request [uri=/api/crm/activity/getleadactivitypage?size=12&page=0]
2020-12-07 17:05:17,934 DEBUG org.apache.commons.logging.impl.Jdk14Logger [http-nio-8080-exec-9] Before request [uri=/api/crm/activity/getleadactivitypage?size=12&page=0;client=127.0.0.1;user=sridhar]
2020-12-07 17:05:18,153 DEBUG org.apache.commons.logging.impl.Jdk14Logger [http-nio-8080-exec-3] After request [uri=/api/crm/lead/22005;client=127.0.0.1;user=sridhar]
2020-12-07 17:05:18,154 DEBUG org.apache.commons.logging.impl.Jdk14Logger [http-nio-8080-exec-3] REQUEST DATA : uri=/api/crm/lead/22005]
2020-12-07 17:05:18,299 DEBUG org.apache.commons.logging.impl.Jdk14Logger [http-nio-8080-exec-8] After request [uri=/api/crm/lead/getallinfo/22005;client=127.0.0.1;user=sridhar]
2020-12-07 17:05:18,300 DEBUG org.apache.commons.logging.impl.Jdk14Logger [http-nio-8080-exec-8] REQUEST DATA : uri=/api/crm/lead/getallinfo/22005]
2020-12-07 17:05:23,832 DEBUG org.apache.commons.logging.impl.Jdk14Logger [http-nio-8080-exec-2] Before request [uri=/user/list]
2020-12-07 17:05:23,833 DEBUG org.apache.commons.logging.impl.Jdk14Logger [http-nio-8080-exec-2] Before request [uri=/user/list;client=127.0.0.1;user=sridhar]
2020-12-07 17:05:23,850 DEBUG org.apache.commons.logging.impl.Jdk14Logger [http-nio-8080-exec-2] After request [uri=/user/list;client=127.0.0.1;user=sridhar]
2020-12-07 17:05:23,851 DEBUG org.apache.commons.logging.impl.Jdk14Logger [http-nio-8080-exec-2] REQUEST DATA : uri=/user/list]
2020-12-07 17:05:23,975 DEBUG org.apache.commons.logging.impl.Jdk14Logger [http-nio-8080-exec-9] After request [uri=/api/crm/activity/getleadactivitypage?size=12&page=0;client=127.0.0.1;user=sridhar;payload={"filterData":[{"attrName":"globalSearch","attrValue":[]}]}]
2020-12-07 17:05:23,977 DEBUG org.apache.commons.logging.impl.Jdk14Logger [http-nio-8080-exec-9] REQUEST DATA : uri=/api/crm/activity/getleadactivitypage?size=12&page=0;payload={"filterData":[{"attrName":"globalSearch","attrValue":[]}]}]
2020-12-07 17:05:36,904 DEBUG org.apache.commons.logging.impl.Jdk14Logger [http-nio-8080-exec-6] Before request [uri=/api/crm/lead/create]
2020-12-07 17:05:36,906 DEBUG org.apache.commons.logging.impl.Jdk14Logger [http-nio-8080-exec-6] Before request [uri=/api/crm/lead/create;client=127.0.0.1;user=sridhar]
2020-12-07 17:05:37,003 DEBUG org.apache.commons.logging.impl.Jdk14Logger [http-nio-8080-exec-1] Before request [uri=/user/me]
2020-12-07 17:05:37,004 DEBUG org.apache.commons.logging.impl.Jdk14Logger [http-nio-8080-exec-1] Before request [uri=/user/me;client=127.0.0.1;user=sridhar]
2020-12-07 17:05:37,049 DEBUG org.apache.commons.logging.impl.Jdk14Logger [http-nio-8080-exec-1] After request [uri=/user/me;client=127.0.0.1;user=sridhar]
2020-12-07 17:05:37,050 DEBUG org.apache.commons.logging.impl.Jdk14Logger [http-nio-8080-exec-1] REQUEST DATA : uri=/user/me]
2020-12-07 17:05:37,117 DEBUG org.apache.commons.logging.impl.Jdk14Logger [http-nio-8080-exec-4] Before request [uri=/user/byid/10001]
2020-12-07 17:05:37,118 DEBUG org.apache.commons.logging.impl.Jdk14Logger [http-nio-8080-exec-4] Before request [uri=/user/byid/10001;client=127.0.0.1;user=sridhar]
2020-12-07 17:05:37,133 DEBUG org.apache.commons.logging.impl.Jdk14Logger [http-nio-8080-exec-4] After request [uri=/user/byid/10001;client=127.0.0.1;user=sridhar]
2020-12-07 17:05:37,133 DEBUG org.apache.commons.logging.impl.Jdk14Logger [http-nio-8080-exec-4] REQUEST DATA : uri=/user/byid/10001]
2020-12-07 17:05:37,399 DEBUG org.apache.commons.logging.impl.Jdk14Logger [http-nio-8080-exec-7] Before request [uri=/user/me]
2020-12-07 17:05:37,400 DEBUG org.apache.commons.logging.impl.Jdk14Logger [http-nio-8080-exec-7] Before request [uri=/user/me;client=127.0.0.1;user=sridhar]
2020-12-07 17:05:37,409 DEBUG org.apache.commons.logging.impl.Jdk14Logger [http-nio-8080-exec-7] After request [uri=/user/me;client=127.0.0.1;user=sridhar]
2020-12-07 17:05:37,409 DEBUG org.apache.commons.logging.impl.Jdk14Logger [http-nio-8080-exec-7] REQUEST DATA : uri=/user/me]
2020-12-07 17:05:37,479 DEBUG org.apache.commons.logging.impl.Jdk14Logger [http-nio-8080-exec-6] After request [uri=/api/crm/lead/create;client=127.0.0.1;user=sridhar;payload={"customerName":"test2","primaryMobile":"7887281989","assigneeId":10001}]
2020-12-07 17:05:37,480 DEBUG org.apache.commons.logging.impl.Jdk14Logger [http-nio-8080-exec-6] REQUEST DATA : uri=/api/crm/lead/create;payload={"customerName":"test2","primaryMobile":"7887281989","assigneeId":10001}]
2020-12-07 17:05:37,860 DEBUG org.apache.commons.logging.impl.Jdk14Logger [http-nio-8080-exec-10] Before request [uri=/api/crm/activity/getleadactivitypage?size=12&page=0]
2020-12-07 17:05:37,861 DEBUG org.apache.commons.logging.impl.Jdk14Logger [http-nio-8080-exec-10] Before request [uri=/api/crm/activity/getleadactivitypage?size=12&page=0;client=127.0.0.1;user=sridhar]
2020-12-07 17:05:37,933 DEBUG org.apache.commons.logging.impl.Jdk14Logger [http-nio-8080-exec-5] Before request [uri=/user/list]
2020-12-07 17:05:37,933 DEBUG org.apache.commons.logging.impl.Jdk14Logger [http-nio-8080-exec-5] Before request [uri=/user/list;client=127.0.0.1;user=sridhar]
2020-12-07 17:05:37,948 DEBUG org.apache.commons.logging.impl.Jdk14Logger [http-nio-8080-exec-5] After request [uri=/user/list;client=127.0.0.1;user=sridhar]
2020-12-07 17:05:37,949 DEBUG org.apache.commons.logging.impl.Jdk14Logger [http-nio-8080-exec-5] REQUEST DATA : uri=/user/list]
2020-12-07 17:05:37,983 DEBUG org.apache.commons.logging.impl.Jdk14Logger [http-nio-8080-exec-10] After request [uri=/api/crm/activity/getleadactivitypage?size=12&page=0;client=127.0.0.1;user=sridhar;payload={"filterData":[{"attrName":"globalSearch","attrValue":[]}]}]
2020-12-07 17:05:37,983 DEBUG org.apache.commons.logging.impl.Jdk14Logger [http-nio-8080-exec-10] REQUEST DATA : uri=/api/crm/activity/getleadactivitypage?size=12&page=0;payload={"filterData":[{"attrName":"globalSearch","attrValue":[]}]}]
2020-12-07 17:05:42,291 DEBUG org.apache.commons.logging.impl.Jdk14Logger [http-nio-8080-exec-8] Before request [uri=/api/crm/lead/getallinfo/22018]
2020-12-07 17:05:42,293 DEBUG org.apache.commons.logging.impl.Jdk14Logger [http-nio-8080-exec-8] Before request [uri=/api/crm/lead/getallinfo/22018;client=127.0.0.1;user=sridhar]
2020-12-07 17:05:42,294 DEBUG org.apache.commons.logging.impl.Jdk14Logger [http-nio-8080-exec-3] Before request [uri=/api/crm/lead/22018]
2020-12-07 17:05:42,295 DEBUG org.apache.commons.logging.impl.Jdk14Logger [http-nio-8080-exec-3] Before request [uri=/api/crm/lead/22018;client=127.0.0.1;user=sridhar]
2020-12-07 17:05:42,323 DEBUG org.apache.commons.logging.impl.Jdk14Logger [http-nio-8080-exec-3] After request [uri=/api/crm/lead/22018;client=127.0.0.1;user=sridhar]
2020-12-07 17:05:42,323 DEBUG org.apache.commons.logging.impl.Jdk14Logger [http-nio-8080-exec-3] REQUEST DATA : uri=/api/crm/lead/22018]
2020-12-07 17:05:42,338 DEBUG org.apache.commons.logging.impl.Jdk14Logger [http-nio-8080-exec-8] After request [uri=/api/crm/lead/getallinfo/22018;client=127.0.0.1;user=sridhar]
2020-12-07 17:05:42,339 DEBUG org.apache.commons.logging.impl.Jdk14Logger [http-nio-8080-exec-8] REQUEST DATA : uri=/api/crm/lead/getallinfo/22018]
2020-12-07 17:05:42,380 DEBUG org.apache.commons.logging.impl.Jdk14Logger [http-nio-8080-exec-2] Before request [uri=/api/crm/lead/22018]
2020-12-07 17:05:42,381 DEBUG org.apache.commons.logging.impl.Jdk14Logger [http-nio-8080-exec-2] Before request [uri=/api/crm/lead/22018;client=127.0.0.1;user=sridhar]
2020-12-07 17:05:42,385 DEBUG org.apache.commons.logging.impl.Jdk14Logger [http-nio-8080-exec-9] Before request [uri=/api/crm/lead/getallinfo/22018]
2020-12-07 17:05:42,386 DEBUG org.apache.commons.logging.impl.Jdk14Logger [http-nio-8080-exec-9] Before request [uri=/api/crm/lead/getallinfo/22018;client=127.0.0.1;user=sridhar]
2020-12-07 17:05:42,398 DEBUG org.apache.commons.logging.impl.Jdk14Logger [http-nio-8080-exec-2] After request [uri=/api/crm/lead/22018;client=127.0.0.1;user=sridhar]
2020-12-07 17:05:42,399 DEBUG org.apache.commons.logging.impl.Jdk14Logger [http-nio-8080-exec-2] REQUEST DATA : uri=/api/crm/lead/22018]
2020-12-07 17:05:42,425 DEBUG org.apache.commons.logging.impl.Jdk14Logger [http-nio-8080-exec-9] After request [uri=/api/crm/lead/getallinfo/22018;client=127.0.0.1;user=sridhar]
2020-12-07 17:05:42,425 DEBUG org.apache.commons.logging.impl.Jdk14Logger [http-nio-8080-exec-9] REQUEST DATA : uri=/api/crm/lead/getallinfo/22018]
2020-12-07 17:05:45,180 DEBUG org.apache.commons.logging.impl.Jdk14Logger [http-nio-8080-exec-1] Before request [uri=/api/crm/activity/validActivityTypes]
2020-12-07 17:05:45,181 DEBUG org.apache.commons.logging.impl.Jdk14Logger [http-nio-8080-exec-1] Before request [uri=/api/crm/activity/validActivityTypes;client=127.0.0.1;user=sridhar]
2020-12-07 17:05:45,211 DEBUG org.apache.commons.logging.impl.Jdk14Logger [http-nio-8080-exec-1] After request [uri=/api/crm/activity/validActivityTypes;client=127.0.0.1;user=sridhar]
2020-12-07 17:05:45,212 DEBUG org.apache.commons.logging.impl.Jdk14Logger [http-nio-8080-exec-1] REQUEST DATA : uri=/api/crm/activity/validActivityTypes]
2020-12-07 17:05:50,071 DEBUG org.apache.commons.logging.impl.Jdk14Logger [http-nio-8080-exec-4] Before request [uri=/api/crm/activity/22019]
2020-12-07 17:05:50,073 DEBUG org.apache.commons.logging.impl.Jdk14Logger [http-nio-8080-exec-4] Before request [uri=/api/crm/activity/22019;client=127.0.0.1;user=sridhar]
2020-12-07 17:05:50,098 DEBUG org.apache.commons.logging.impl.Jdk14Logger [http-nio-8080-exec-7] Before request [uri=/user/me]
2020-12-07 17:05:50,098 DEBUG org.apache.commons.logging.impl.Jdk14Logger [http-nio-8080-exec-7] Before request [uri=/user/me;client=127.0.0.1;user=sridhar]
2020-12-07 17:05:50,102 DEBUG org.apache.commons.logging.impl.Jdk14Logger [http-nio-8080-exec-7] After request [uri=/user/me;client=127.0.0.1;user=sridhar]
2020-12-07 17:05:50,102 DEBUG org.apache.commons.logging.impl.Jdk14Logger [http-nio-8080-exec-7] REQUEST DATA : uri=/user/me]
2020-12-07 17:05:50,133 DEBUG org.apache.commons.logging.impl.Jdk14Logger [http-nio-8080-exec-4] After request [uri=/api/crm/activity/22019;client=127.0.0.1;user=sridhar;payload={"closingComment":"sdsd"}]
2020-12-07 17:05:50,134 DEBUG org.apache.commons.logging.impl.Jdk14Logger [http-nio-8080-exec-4] REQUEST DATA : uri=/api/crm/activity/22019;payload={"closingComment":"sdsd"}]
2020-12-07 17:05:51,826 DEBUG org.apache.commons.logging.impl.Jdk14Logger [http-nio-8080-exec-6] Before request [uri=/api/crm/lead/validLeadStatus]
2020-12-07 17:05:51,828 DEBUG org.apache.commons.logging.impl.Jdk14Logger [http-nio-8080-exec-6] Before request [uri=/api/crm/lead/validLeadStatus;client=127.0.0.1;user=sridhar]
2020-12-07 17:05:51,840 DEBUG org.apache.commons.logging.impl.Jdk14Logger [http-nio-8080-exec-6] After request [uri=/api/crm/lead/validLeadStatus;client=127.0.0.1;user=sridhar]
2020-12-07 17:05:51,842 DEBUG org.apache.commons.logging.impl.Jdk14Logger [http-nio-8080-exec-6] REQUEST DATA : uri=/api/crm/lead/validLeadStatus]
2020-12-07 17:05:51,924 DEBUG org.apache.commons.logging.impl.Jdk14Logger [http-nio-8080-exec-5] Before request [uri=/api/crm/lead/22018]
2020-12-07 17:05:51,925 DEBUG org.apache.commons.logging.impl.Jdk14Logger [http-nio-8080-exec-5] Before request [uri=/api/crm/lead/22018;client=127.0.0.1;user=sridhar]
2020-12-07 17:05:51,952 DEBUG org.apache.commons.logging.impl.Jdk14Logger [http-nio-8080-exec-10] Before request [uri=/api/crm/lead/getallinfo/22018]
2020-12-07 17:05:51,953 DEBUG org.apache.commons.logging.impl.Jdk14Logger [http-nio-8080-exec-10] Before request [uri=/api/crm/lead/getallinfo/22018;client=127.0.0.1;user=sridhar]
2020-12-07 17:05:51,960 DEBUG org.apache.commons.logging.impl.Jdk14Logger [http-nio-8080-exec-5] After request [uri=/api/crm/lead/22018;client=127.0.0.1;user=sridhar]
2020-12-07 17:05:51,962 DEBUG org.apache.commons.logging.impl.Jdk14Logger [http-nio-8080-exec-5] REQUEST DATA : uri=/api/crm/lead/22018]
2020-12-07 17:05:52,038 DEBUG org.apache.commons.logging.impl.Jdk14Logger [http-nio-8080-exec-10] After request [uri=/api/crm/lead/getallinfo/22018;client=127.0.0.1;user=sridhar]
2020-12-07 17:05:52,038 DEBUG org.apache.commons.logging.impl.Jdk14Logger [http-nio-8080-exec-10] REQUEST DATA : uri=/api/crm/lead/getallinfo/22018]
2020-12-07 17:05:52,574 WARN org.apache.commons.logging.impl.Jdk14Logger [http-nio-8080-exec-3] JWT Token does not begin with 	Bearer String
2020-12-07 17:05:53,853 DEBUG org.apache.commons.logging.impl.Jdk14Logger [http-nio-8080-exec-8] Before request [uri=/api/crm/activity/validActivityTypes]
2020-12-07 17:05:53,855 DEBUG org.apache.commons.logging.impl.Jdk14Logger [http-nio-8080-exec-8] Before request [uri=/api/crm/activity/validActivityTypes;client=127.0.0.1;user=sridhar]
2020-12-07 17:05:53,866 DEBUG org.apache.commons.logging.impl.Jdk14Logger [http-nio-8080-exec-8] After request [uri=/api/crm/activity/validActivityTypes;client=127.0.0.1;user=sridhar]
2020-12-07 17:05:53,867 DEBUG org.apache.commons.logging.impl.Jdk14Logger [http-nio-8080-exec-8] REQUEST DATA : uri=/api/crm/activity/validActivityTypes]
2020-12-07 17:06:08,116 DEBUG org.apache.commons.logging.impl.Jdk14Logger [http-nio-8080-exec-2] Before request [uri=/api/crm/activity/create]
2020-12-07 17:06:08,118 DEBUG org.apache.commons.logging.impl.Jdk14Logger [http-nio-8080-exec-2] Before request [uri=/api/crm/activity/create;client=127.0.0.1;user=sridhar]
2020-12-07 17:06:08,155 DEBUG org.apache.commons.logging.impl.Jdk14Logger [http-nio-8080-exec-9] Before request [uri=/user/me]
2020-12-07 17:06:08,155 DEBUG org.apache.commons.logging.impl.Jdk14Logger [http-nio-8080-exec-9] Before request [uri=/user/me;client=127.0.0.1;user=sridhar]
2020-12-07 17:06:08,160 DEBUG org.apache.commons.logging.impl.Jdk14Logger [http-nio-8080-exec-9] After request [uri=/user/me;client=127.0.0.1;user=sridhar]
2020-12-07 17:06:08,161 DEBUG org.apache.commons.logging.impl.Jdk14Logger [http-nio-8080-exec-9] REQUEST DATA : uri=/user/me]
2020-12-07 17:06:08,185 DEBUG org.apache.commons.logging.impl.Jdk14Logger [http-nio-8080-exec-1] Before request [uri=/user/me]
2020-12-07 17:06:08,186 DEBUG org.apache.commons.logging.impl.Jdk14Logger [http-nio-8080-exec-1] Before request [uri=/user/me;client=127.0.0.1;user=sridhar]
2020-12-07 17:06:08,197 DEBUG org.apache.commons.logging.impl.Jdk14Logger [http-nio-8080-exec-1] After request [uri=/user/me;client=127.0.0.1;user=sridhar]
2020-12-07 17:06:08,198 DEBUG org.apache.commons.logging.impl.Jdk14Logger [http-nio-8080-exec-1] REQUEST DATA : uri=/user/me]
2020-12-07 17:06:08,229 DEBUG org.apache.commons.logging.impl.Jdk14Logger [http-nio-8080-exec-2] After request [uri=/api/crm/activity/create;client=127.0.0.1;user=sridhar;payload={"title":"sds","activityDateTime":"2020-12-07 17:10","activityType":"Meeting","description":"sds","leadId":"22018"}]
2020-12-07 17:06:08,231 DEBUG org.apache.commons.logging.impl.Jdk14Logger [http-nio-8080-exec-2] REQUEST DATA : uri=/api/crm/activity/create;payload={"title":"sds","activityDateTime":"2020-12-07 17:10","activityType":"Meeting","description":"sds","leadId":"22018"}]
2020-12-07 17:06:10,017 DEBUG org.apache.commons.logging.impl.Jdk14Logger [http-nio-8080-exec-7] Before request [uri=/api/crm/lead/validLeadStatus]
2020-12-07 17:06:10,018 DEBUG org.apache.commons.logging.impl.Jdk14Logger [http-nio-8080-exec-7] Before request [uri=/api/crm/lead/validLeadStatus;client=127.0.0.1;user=sridhar]
2020-12-07 17:06:10,030 DEBUG org.apache.commons.logging.impl.Jdk14Logger [http-nio-8080-exec-7] After request [uri=/api/crm/lead/validLeadStatus;client=127.0.0.1;user=sridhar]
2020-12-07 17:06:10,031 DEBUG org.apache.commons.logging.impl.Jdk14Logger [http-nio-8080-exec-7] REQUEST DATA : uri=/api/crm/lead/validLeadStatus]
2020-12-07 17:06:10,244 DEBUG org.apache.commons.logging.impl.Jdk14Logger [http-nio-8080-exec-4] Before request [uri=/api/crm/lead/22018]
2020-12-07 17:06:10,245 DEBUG org.apache.commons.logging.impl.Jdk14Logger [http-nio-8080-exec-4] Before request [uri=/api/crm/lead/22018;client=127.0.0.1;user=sridhar]
2020-12-07 17:06:10,248 DEBUG org.apache.commons.logging.impl.Jdk14Logger [http-nio-8080-exec-6] Before request [uri=/api/crm/lead/getallinfo/22018]
2020-12-07 17:06:10,249 DEBUG org.apache.commons.logging.impl.Jdk14Logger [http-nio-8080-exec-6] Before request [uri=/api/crm/lead/getallinfo/22018;client=127.0.0.1;user=sridhar]
2020-12-07 17:06:10,267 DEBUG org.apache.commons.logging.impl.Jdk14Logger [http-nio-8080-exec-4] After request [uri=/api/crm/lead/22018;client=127.0.0.1;user=sridhar]
2020-12-07 17:06:10,268 DEBUG org.apache.commons.logging.impl.Jdk14Logger [http-nio-8080-exec-4] REQUEST DATA : uri=/api/crm/lead/22018]
2020-12-07 17:06:10,298 DEBUG org.apache.commons.logging.impl.Jdk14Logger [http-nio-8080-exec-6] After request [uri=/api/crm/lead/getallinfo/22018;client=127.0.0.1;user=sridhar]
2020-12-07 17:06:10,299 DEBUG org.apache.commons.logging.impl.Jdk14Logger [http-nio-8080-exec-6] REQUEST DATA : uri=/api/crm/lead/getallinfo/22018]
2020-12-07 17:06:11,014 WARN org.apache.commons.logging.impl.Jdk14Logger [http-nio-8080-exec-5] JWT Token does not begin with 	Bearer String
2020-12-07 17:09:57,247 DEBUG org.apache.commons.logging.impl.Jdk14Logger [http-nio-8080-exec-3] Before request [uri=/api/crm/activity/validActivityTypes]
2020-12-07 17:09:57,251 DEBUG org.apache.commons.logging.impl.Jdk14Logger [http-nio-8080-exec-3] Before request [uri=/api/crm/activity/validActivityTypes;client=127.0.0.1;user=sridhar]
2020-12-07 17:09:57,791 DEBUG org.apache.commons.logging.impl.Jdk14Logger [http-nio-8080-exec-3] After request [uri=/api/crm/activity/validActivityTypes;client=127.0.0.1;user=sridhar]
2020-12-07 17:09:57,792 DEBUG org.apache.commons.logging.impl.Jdk14Logger [http-nio-8080-exec-3] REQUEST DATA : uri=/api/crm/activity/validActivityTypes]
2020-12-07 17:10:08,788 DEBUG org.apache.commons.logging.impl.Jdk14Logger [http-nio-8080-exec-8] Before request [uri=/api/crm/activity/create]
2020-12-07 17:10:08,791 DEBUG org.apache.commons.logging.impl.Jdk14Logger [http-nio-8080-exec-8] Before request [uri=/api/crm/activity/create;client=127.0.0.1;user=sridhar]
2020-12-07 17:10:14,659 DEBUG org.apache.commons.logging.impl.Jdk14Logger [http-nio-8080-exec-9] Before request [uri=/user/me]
2020-12-07 17:10:14,660 DEBUG org.apache.commons.logging.impl.Jdk14Logger [http-nio-8080-exec-9] Before request [uri=/user/me;client=127.0.0.1;user=sridhar]
2020-12-07 17:10:14,672 DEBUG org.apache.commons.logging.impl.Jdk14Logger [http-nio-8080-exec-9] After request [uri=/user/me;client=127.0.0.1;user=sridhar]
2020-12-07 17:10:14,673 DEBUG org.apache.commons.logging.impl.Jdk14Logger [http-nio-8080-exec-9] REQUEST DATA : uri=/user/me]
2020-12-07 17:10:14,775 DEBUG org.apache.commons.logging.impl.Jdk14Logger [http-nio-8080-exec-1] Before request [uri=/user/me]
2020-12-07 17:10:14,775 DEBUG org.apache.commons.logging.impl.Jdk14Logger [http-nio-8080-exec-1] Before request [uri=/user/me;client=127.0.0.1;user=sridhar]
2020-12-07 17:10:14,781 DEBUG org.apache.commons.logging.impl.Jdk14Logger [http-nio-8080-exec-1] After request [uri=/user/me;client=127.0.0.1;user=sridhar]
2020-12-07 17:10:14,782 DEBUG org.apache.commons.logging.impl.Jdk14Logger [http-nio-8080-exec-1] REQUEST DATA : uri=/user/me]
2020-12-07 17:10:14,912 DEBUG org.apache.commons.logging.impl.Jdk14Logger [http-nio-8080-exec-8] After request [uri=/api/crm/activity/create;client=127.0.0.1;user=sridhar;payload={"title":"sdas","activityDateTime":"2020-12-07 17:12","activityType":"Reminder","description":"das","leadId":"22018"}]
2020-12-07 17:10:14,913 DEBUG org.apache.commons.logging.impl.Jdk14Logger [http-nio-8080-exec-8] REQUEST DATA : uri=/api/crm/activity/create;payload={"title":"sdas","activityDateTime":"2020-12-07 17:12","activityType":"Reminder","description":"das","leadId":"22018"}]
2020-12-07 17:10:17,484 DEBUG org.apache.commons.logging.impl.Jdk14Logger [http-nio-8080-exec-2] Before request [uri=/api/crm/lead/validLeadStatus]
2020-12-07 17:10:17,486 DEBUG org.apache.commons.logging.impl.Jdk14Logger [http-nio-8080-exec-2] Before request [uri=/api/crm/lead/validLeadStatus;client=127.0.0.1;user=sridhar]
2020-12-07 17:10:17,769 DEBUG org.apache.commons.logging.impl.Jdk14Logger [http-nio-8080-exec-2] After request [uri=/api/crm/lead/validLeadStatus;client=127.0.0.1;user=sridhar]
2020-12-07 17:10:17,772 DEBUG org.apache.commons.logging.impl.Jdk14Logger [http-nio-8080-exec-2] REQUEST DATA : uri=/api/crm/lead/validLeadStatus]
2020-12-07 17:10:17,875 DEBUG org.apache.commons.logging.impl.Jdk14Logger [http-nio-8080-exec-4] Before request [uri=/api/crm/lead/getallinfo/22018]
2020-12-07 17:10:17,876 DEBUG org.apache.commons.logging.impl.Jdk14Logger [http-nio-8080-exec-4] Before request [uri=/api/crm/lead/getallinfo/22018;client=127.0.0.1;user=sridhar]
2020-12-07 17:10:17,877 DEBUG org.apache.commons.logging.impl.Jdk14Logger [http-nio-8080-exec-7] Before request [uri=/api/crm/lead/22018]
2020-12-07 17:10:17,878 DEBUG org.apache.commons.logging.impl.Jdk14Logger [http-nio-8080-exec-7] Before request [uri=/api/crm/lead/22018;client=127.0.0.1;user=sridhar]
2020-12-07 17:10:17,957 DEBUG org.apache.commons.logging.impl.Jdk14Logger [http-nio-8080-exec-7] After request [uri=/api/crm/lead/22018;client=127.0.0.1;user=sridhar]
2020-12-07 17:10:17,960 DEBUG org.apache.commons.logging.impl.Jdk14Logger [http-nio-8080-exec-7] REQUEST DATA : uri=/api/crm/lead/22018]
2020-12-07 17:10:18,093 DEBUG org.apache.commons.logging.impl.Jdk14Logger [http-nio-8080-exec-4] After request [uri=/api/crm/lead/getallinfo/22018;client=127.0.0.1;user=sridhar]
2020-12-07 17:10:18,094 DEBUG org.apache.commons.logging.impl.Jdk14Logger [http-nio-8080-exec-4] REQUEST DATA : uri=/api/crm/lead/getallinfo/22018]
2020-12-07 17:10:18,831 WARN org.apache.commons.logging.impl.Jdk14Logger [http-nio-8080-exec-6] JWT Token does not begin with 	Bearer String
2020-12-07 17:57:49,142 DEBUG org.apache.commons.logging.impl.Jdk14Logger [http-nio-8080-exec-10] Before request [uri=/api/crm/activity/validActivityTypes]
2020-12-07 17:57:49,149 DEBUG org.apache.commons.logging.impl.Jdk14Logger [http-nio-8080-exec-10] Before request [uri=/api/crm/activity/validActivityTypes;client=127.0.0.1;user=sridhar]
2020-12-07 17:57:49,231 DEBUG org.apache.commons.logging.impl.Jdk14Logger [http-nio-8080-exec-10] After request [uri=/api/crm/activity/validActivityTypes;client=127.0.0.1;user=sridhar]
2020-12-07 17:57:49,232 DEBUG org.apache.commons.logging.impl.Jdk14Logger [http-nio-8080-exec-10] REQUEST DATA : uri=/api/crm/activity/validActivityTypes]
2020-12-07 17:58:01,720 DEBUG org.apache.commons.logging.impl.Jdk14Logger [http-nio-8080-exec-3] Before request [uri=/api/crm/activity/create]
2020-12-07 17:58:01,723 DEBUG org.apache.commons.logging.impl.Jdk14Logger [http-nio-8080-exec-3] Before request [uri=/api/crm/activity/create;client=127.0.0.1;user=sridhar]
2020-12-07 17:58:02,018 DEBUG org.apache.commons.logging.impl.Jdk14Logger [http-nio-8080-exec-3] After request [uri=/api/crm/activity/create;client=127.0.0.1;user=sridhar;payload={"title":"dsfsd","activityDateTime":"2020-12-07 18:00","activityType":"Reminder","description":"dsfsd","leadId":"22018"}]
2020-12-07 17:58:02,018 DEBUG org.apache.commons.logging.impl.Jdk14Logger [http-nio-8080-exec-3] REQUEST DATA : uri=/api/crm/activity/create;payload={"title":"dsfsd","activityDateTime":"2020-12-07 18:00","activityType":"Reminder","description":"dsfsd","leadId":"22018"}]
2020-12-07 17:58:06,283 DEBUG org.apache.commons.logging.impl.Jdk14Logger [http-nio-8080-exec-9] Before request [uri=/api/crm/activity/create]
2020-12-07 17:58:06,285 DEBUG org.apache.commons.logging.impl.Jdk14Logger [http-nio-8080-exec-9] Before request [uri=/api/crm/activity/create;client=127.0.0.1;user=sridhar]
2020-12-07 17:58:06,377 DEBUG org.apache.commons.logging.impl.Jdk14Logger [http-nio-8080-exec-1] Before request [uri=/user/me]
2020-12-07 17:58:06,378 DEBUG org.apache.commons.logging.impl.Jdk14Logger [http-nio-8080-exec-1] Before request [uri=/user/me;client=127.0.0.1;user=sridhar]
2020-12-07 17:58:06,395 DEBUG org.apache.commons.logging.impl.Jdk14Logger [http-nio-8080-exec-1] After request [uri=/user/me;client=127.0.0.1;user=sridhar]
2020-12-07 17:58:06,396 DEBUG org.apache.commons.logging.impl.Jdk14Logger [http-nio-8080-exec-1] REQUEST DATA : uri=/user/me]
2020-12-07 17:58:06,466 DEBUG org.apache.commons.logging.impl.Jdk14Logger [http-nio-8080-exec-8] Before request [uri=/user/me]
2020-12-07 17:58:06,469 DEBUG org.apache.commons.logging.impl.Jdk14Logger [http-nio-8080-exec-8] Before request [uri=/user/me;client=127.0.0.1;user=sridhar]
2020-12-07 17:58:06,474 DEBUG org.apache.commons.logging.impl.Jdk14Logger [http-nio-8080-exec-8] After request [uri=/user/me;client=127.0.0.1;user=sridhar]
2020-12-07 17:58:06,475 DEBUG org.apache.commons.logging.impl.Jdk14Logger [http-nio-8080-exec-8] REQUEST DATA : uri=/user/me]
2020-12-07 17:58:06,518 DEBUG org.apache.commons.logging.impl.Jdk14Logger [http-nio-8080-exec-9] After request [uri=/api/crm/activity/create;client=127.0.0.1;user=sridhar;payload={"title":"dsfsd","activityDateTime":"2020-12-07 18:00","activityType":"Task","description":"dsfsd","leadId":"22018"}]
2020-12-07 17:58:06,518 DEBUG org.apache.commons.logging.impl.Jdk14Logger [http-nio-8080-exec-9] REQUEST DATA : uri=/api/crm/activity/create;payload={"title":"dsfsd","activityDateTime":"2020-12-07 18:00","activityType":"Task","description":"dsfsd","leadId":"22018"}]
2020-12-07 17:58:08,751 DEBUG org.apache.commons.logging.impl.Jdk14Logger [http-nio-8080-exec-2] Before request [uri=/api/crm/lead/validLeadStatus]
2020-12-07 17:58:08,753 DEBUG org.apache.commons.logging.impl.Jdk14Logger [http-nio-8080-exec-2] Before request [uri=/api/crm/lead/validLeadStatus;client=127.0.0.1;user=sridhar]
2020-12-07 17:58:08,764 DEBUG org.apache.commons.logging.impl.Jdk14Logger [http-nio-8080-exec-2] After request [uri=/api/crm/lead/validLeadStatus;client=127.0.0.1;user=sridhar]
2020-12-07 17:58:08,765 DEBUG org.apache.commons.logging.impl.Jdk14Logger [http-nio-8080-exec-2] REQUEST DATA : uri=/api/crm/lead/validLeadStatus]
2020-12-07 17:58:08,928 DEBUG org.apache.commons.logging.impl.Jdk14Logger [http-nio-8080-exec-7] Before request [uri=/api/crm/lead/22018]
2020-12-07 17:58:08,930 DEBUG org.apache.commons.logging.impl.Jdk14Logger [http-nio-8080-exec-7] Before request [uri=/api/crm/lead/22018;client=127.0.0.1;user=sridhar]
2020-12-07 17:58:09,065 DEBUG org.apache.commons.logging.impl.Jdk14Logger [http-nio-8080-exec-7] After request [uri=/api/crm/lead/22018;client=127.0.0.1;user=sridhar]
2020-12-07 17:58:09,067 DEBUG org.apache.commons.logging.impl.Jdk14Logger [http-nio-8080-exec-7] REQUEST DATA : uri=/api/crm/lead/22018]
2020-12-07 17:58:09,136 DEBUG org.apache.commons.logging.impl.Jdk14Logger [http-nio-8080-exec-4] Before request [uri=/api/crm/lead/getallinfo/22018]
2020-12-07 17:58:09,136 DEBUG org.apache.commons.logging.impl.Jdk14Logger [http-nio-8080-exec-4] Before request [uri=/api/crm/lead/getallinfo/22018;client=127.0.0.1;user=sridhar]
2020-12-07 17:58:09,272 DEBUG org.apache.commons.logging.impl.Jdk14Logger [http-nio-8080-exec-4] After request [uri=/api/crm/lead/getallinfo/22018;client=127.0.0.1;user=sridhar]
2020-12-07 17:58:09,273 DEBUG org.apache.commons.logging.impl.Jdk14Logger [http-nio-8080-exec-4] REQUEST DATA : uri=/api/crm/lead/getallinfo/22018]
2020-12-07 17:58:10,278 WARN org.apache.commons.logging.impl.Jdk14Logger [http-nio-8080-exec-6] JWT Token does not begin with 	Bearer String
2020-12-07 19:44:25,227 WARN com.zaxxer.hikari.pool.HikariPool$HouseKeeper [HikariPool-1 housekeeper] HikariPool-1 - Thread starvation or clock leap detected (housekeeper delta=1h43m20s385ms).
2020-12-07 19:44:47,041 INFO org.apache.commons.logging.impl.Jdk14Logger [RMI TCP Connection(93)-127.0.0.1] Application shutdown requested.
2020-12-07 19:44:47,057 INFO org.apache.commons.logging.impl.Jdk14Logger [RMI TCP Connection(93)-127.0.0.1] Closing org.springframework.boot.web.servlet.context.AnnotationConfigServletWebServerApplicationContext@2796aeae: startup date [Mon Dec 07 16:23:20 IST 2020]; parent: org.springframework.context.annotation.AnnotationConfigApplicationContext@6ab778a
2020-12-07 19:44:47,275 INFO org.apache.commons.logging.impl.Jdk14Logger [RMI TCP Connection(93)-127.0.0.1] Stopping filter initializer
2020-12-07 19:44:47,474 INFO org.apache.commons.logging.impl.Jdk14Logger [RMI TCP Connection(93)-127.0.0.1] Unregistering JMX-exposed beans on shutdown
2020-12-07 19:44:47,496 INFO org.apache.commons.logging.impl.Jdk14Logger [RMI TCP Connection(93)-127.0.0.1] Unregistering JMX-exposed beans
2020-12-07 19:44:47,703 INFO org.apache.commons.logging.impl.Jdk14Logger [RMI TCP Connection(93)-127.0.0.1] Closing JPA EntityManagerFactory for persistence unit 'default'
2020-12-07 19:44:47,818 INFO com.zaxxer.hikari.HikariDataSource [RMI TCP Connection(93)-127.0.0.1] HikariPool-1 - Shutdown initiated...
2020-12-07 19:44:47,844 INFO com.zaxxer.hikari.HikariDataSource [RMI TCP Connection(93)-127.0.0.1] HikariPool-1 - Shutdown completed.
2020-12-07 19:44:47,864 INFO org.apache.juli.logging.DirectJDKLog [RMI TCP Connection(93)-127.0.0.1] Pausing ProtocolHandler ["http-nio-8080"]
2020-12-07 19:44:47,932 INFO org.apache.juli.logging.DirectJDKLog [RMI TCP Connection(93)-127.0.0.1] Stopping service [Tomcat]
2020-12-07 19:44:47,976 INFO org.apache.juli.logging.DirectJDKLog [localhost-startStop-2] Destroying Spring FrameworkServlet 'dispatcherServlet'
2020-12-07 19:44:48,022 WARN org.apache.juli.logging.DirectJDKLog [localhost-startStop-2] The web application [ROOT] appears to have started a thread named [RxIoScheduler-1 (Evictor)] but has failed to stop it. This is very likely to create a memory leak. Stack trace of thread:
 sun.misc.Unsafe.park(Native Method)
 java.util.concurrent.locks.LockSupport.parkNanos(LockSupport.java:215)
 java.util.concurrent.locks.AbstractQueuedSynchronizer$ConditionObject.awaitNanos(AbstractQueuedSynchronizer.java:2078)
 java.util.concurrent.ScheduledThreadPoolExecutor$DelayedWorkQueue.take(ScheduledThreadPoolExecutor.java:1093)
 java.util.concurrent.ScheduledThreadPoolExecutor$DelayedWorkQueue.take(ScheduledThreadPoolExecutor.java:809)
 java.util.concurrent.ThreadPoolExecutor.getTask(ThreadPoolExecutor.java:1074)
 java.util.concurrent.ThreadPoolExecutor.runWorker(ThreadPoolExecutor.java:1134)
 java.util.concurrent.ThreadPoolExecutor$Worker.run(ThreadPoolExecutor.java:624)
 java.lang.Thread.run(Thread.java:748)
2020-12-07 19:44:48,025 WARN org.apache.juli.logging.DirectJDKLog [localhost-startStop-2] The web application [ROOT] appears to have started a thread named [expiringMap-0] but has failed to stop it. This is very likely to create a memory leak. Stack trace of thread:
 sun.misc.Unsafe.park(Native Method)
 java.util.concurrent.locks.LockSupport.parkNanos(LockSupport.java:215)
 java.util.concurrent.locks.AbstractQueuedSynchronizer$ConditionObject.awaitNanos(AbstractQueuedSynchronizer.java:2078)
 java.util.concurrent.ScheduledThreadPoolExecutor$DelayedWorkQueue.take(ScheduledThreadPoolExecutor.java:1093)
 java.util.concurrent.ScheduledThreadPoolExecutor$DelayedWorkQueue.take(ScheduledThreadPoolExecutor.java:809)
 java.util.concurrent.ThreadPoolExecutor.getTask(ThreadPoolExecutor.java:1074)
 java.util.concurrent.ThreadPoolExecutor.runWorker(ThreadPoolExecutor.java:1134)
 java.util.concurrent.ThreadPoolExecutor$Worker.run(ThreadPoolExecutor.java:624)
 java.lang.Thread.run(Thread.java:748)
2020-12-07 19:44:48,049 INFO org.apache.juli.logging.DirectJDKLog [RMI TCP Connection(93)-127.0.0.1] Stopping ProtocolHandler ["http-nio-8080"]
2020-12-07 19:44:48,064 INFO org.apache.juli.logging.DirectJDKLog [RMI TCP Connection(93)-127.0.0.1] Destroying ProtocolHandler ["http-nio-8080"]
2020-12-07 19:45:06,635 INFO org.apache.commons.logging.impl.Jdk14Logger [main] Refreshing org.springframework.context.annotation.AnnotationConfigApplicationContext@45b4c3a9: startup date [Mon Dec 07 19:45:06 IST 2020]; root of context hierarchy
2020-12-07 19:45:06,996 INFO org.apache.commons.logging.impl.Jdk14Logger [main] JSR-330 'javax.inject.Inject' annotation found and supported for autowiring
2020-12-07 19:45:07,052 INFO org.apache.commons.logging.impl.Jdk14Logger [main] Bean 'configurationPropertiesRebinderAutoConfiguration' of type [org.springframework.cloud.autoconfigure.ConfigurationPropertiesRebinderAutoConfiguration$$EnhancerBySpringCGLIB$$f22fdd11] is not eligible for getting processed by all BeanPostProcessors (for example: not eligible for auto-proxying)
2020-12-07 19:45:17,334 INFO org.apache.commons.logging.impl.Jdk14Logger [main] No active profile set, falling back to default profiles: default
2020-12-07 19:45:17,366 INFO org.apache.commons.logging.impl.Jdk14Logger [main] Refreshing org.springframework.boot.web.servlet.context.AnnotationConfigServletWebServerApplicationContext@c7ba306: startup date [Mon Dec 07 19:45:17 IST 2020]; parent: org.springframework.context.annotation.AnnotationConfigApplicationContext@45b4c3a9
2020-12-07 19:45:20,341 INFO org.apache.commons.logging.impl.Jdk14Logger [main] Overriding bean definition for bean 'counterFactory' with a different definition: replacing [Root bean: class [null]; scope=; abstract=false; lazyInit=false; autowireMode=3; dependencyCheck=0; autowireCandidate=true; primary=false; factoryBeanName=org.springframework.cloud.netflix.zuul.ZuulServerAutoConfiguration$ZuulMetricsConfiguration; factoryMethodName=counterFactory; initMethodName=null; destroyMethodName=(inferred); defined in class path resource [org/springframework/cloud/netflix/zuul/ZuulServerAutoConfiguration$ZuulMetricsConfiguration.class]] with [Root bean: class [null]; scope=; abstract=false; lazyInit=false; autowireMode=3; dependencyCheck=0; autowireCandidate=true; primary=false; factoryBeanName=org.springframework.cloud.netflix.zuul.ZuulServerAutoConfiguration$ZuulCounterFactoryConfiguration; factoryMethodName=counterFactory; initMethodName=null; destroyMethodName=(inferred); defined in class path resource [org/springframework/cloud/netflix/zuul/ZuulServerAutoConfiguration$ZuulCounterFactoryConfiguration.class]]
2020-12-07 19:45:20,592 INFO org.apache.commons.logging.impl.Jdk14Logger [main] Overriding bean definition for bean 'dataSource' with a different definition: replacing [Root bean: class [null]; scope=refresh; abstract=false; lazyInit=false; autowireMode=3; dependencyCheck=0; autowireCandidate=false; primary=false; factoryBeanName=org.springframework.boot.autoconfigure.jdbc.DataSourceConfiguration$Hikari; factoryMethodName=dataSource; initMethodName=null; destroyMethodName=(inferred); defined in class path resource [org/springframework/boot/autoconfigure/jdbc/DataSourceConfiguration$Hikari.class]] with [Root bean: class [org.springframework.aop.scope.ScopedProxyFactoryBean]; scope=; abstract=false; lazyInit=false; autowireMode=0; dependencyCheck=0; autowireCandidate=true; primary=false; factoryBeanName=null; factoryMethodName=null; initMethodName=null; destroyMethodName=null; defined in BeanDefinition defined in class path resource [org/springframework/boot/autoconfigure/jdbc/DataSourceConfiguration$Hikari.class]]
2020-12-07 19:45:20,992 INFO org.apache.commons.logging.impl.Jdk14Logger [main] BeanFactory id=bb2f75eb-7d1a-3cf1-ad7b-021c4a56a3e5
2020-12-07 19:45:21,048 INFO org.apache.commons.logging.impl.Jdk14Logger [main] JSR-330 'javax.inject.Inject' annotation found and supported for autowiring
2020-12-07 19:45:21,263 INFO org.apache.commons.logging.impl.Jdk14Logger [main] Bean 'org.springframework.ws.config.annotation.DelegatingWsConfiguration' of type [org.springframework.ws.config.annotation.DelegatingWsConfiguration$$EnhancerBySpringCGLIB$$7aad9f13] is not eligible for getting processed by all BeanPostProcessors (for example: not eligible for auto-proxying)
2020-12-07 19:45:21,326 INFO org.apache.commons.logging.impl.Jdk14Logger [main] Supporting [WS-Addressing August 2004, WS-Addressing 1.0]
2020-12-07 19:45:21,496 INFO org.apache.commons.logging.impl.Jdk14Logger [main] Bean 'org.springframework.transaction.annotation.ProxyTransactionManagementConfiguration' of type [org.springframework.transaction.annotation.ProxyTransactionManagementConfiguration$$EnhancerBySpringCGLIB$$d615da14] is not eligible for getting processed by all BeanPostProcessors (for example: not eligible for auto-proxying)
2020-12-07 19:45:21,919 INFO org.apache.commons.logging.impl.Jdk14Logger [main] Bean 'org.springframework.security.config.annotation.configuration.ObjectPostProcessorConfiguration' of type [org.springframework.security.config.annotation.configuration.ObjectPostProcessorConfiguration$$EnhancerBySpringCGLIB$$6ec3a24e] is not eligible for getting processed by all BeanPostProcessors (for example: not eligible for auto-proxying)
2020-12-07 19:45:21,939 INFO org.apache.commons.logging.impl.Jdk14Logger [main] Bean 'objectPostProcessor' of type [org.springframework.security.config.annotation.configuration.AutowireBeanFactoryObjectPostProcessor] is not eligible for getting processed by all BeanPostProcessors (for example: not eligible for auto-proxying)
2020-12-07 19:45:21,946 INFO org.apache.commons.logging.impl.Jdk14Logger [main] Bean 'org.springframework.security.access.expression.method.DefaultMethodSecurityExpressionHandler@18f55704' of type [org.springframework.security.access.expression.method.DefaultMethodSecurityExpressionHandler] is not eligible for getting processed by all BeanPostProcessors (for example: not eligible for auto-proxying)
2020-12-07 19:45:22,027 INFO org.apache.commons.logging.impl.Jdk14Logger [main] Bean 'org.springframework.security.config.annotation.method.configuration.GlobalMethodSecurityConfiguration' of type [org.springframework.security.config.annotation.method.configuration.GlobalMethodSecurityConfiguration$$EnhancerBySpringCGLIB$$93984500] is not eligible for getting processed by all BeanPostProcessors (for example: not eligible for auto-proxying)
2020-12-07 19:45:22,047 INFO org.apache.commons.logging.impl.Jdk14Logger [main] Bean 'methodSecurityMetadataSource' of type [org.springframework.security.access.method.DelegatingMethodSecurityMetadataSource] is not eligible for getting processed by all BeanPostProcessors (for example: not eligible for auto-proxying)
2020-12-07 19:45:22,094 INFO org.apache.commons.logging.impl.Jdk14Logger [main] Bean 'org.springframework.cloud.autoconfigure.ConfigurationPropertiesRebinderAutoConfiguration' of type [org.springframework.cloud.autoconfigure.ConfigurationPropertiesRebinderAutoConfiguration$$EnhancerBySpringCGLIB$$f22fdd11] is not eligible for getting processed by all BeanPostProcessors (for example: not eligible for auto-proxying)
2020-12-07 19:45:23,019 INFO org.apache.commons.logging.impl.Jdk14Logger [main] Tomcat initialized with port(s): 8080 (http)
2020-12-07 19:45:23,059 INFO org.apache.juli.logging.DirectJDKLog [main] Initializing ProtocolHandler ["http-nio-8080"]
2020-12-07 19:45:23,084 INFO org.apache.juli.logging.DirectJDKLog [main] Starting service [Tomcat]
2020-12-07 19:45:23,085 INFO org.apache.juli.logging.DirectJDKLog [main] Starting Servlet Engine: Apache Tomcat/8.5.34
2020-12-07 19:45:23,094 INFO org.apache.juli.logging.DirectJDKLog [localhost-startStop-1] The APR based Apache Tomcat Native library which allows optimal performance in production environments was not found on the java.library.path: [/Users/bsridharpatnaik/Library/Java/Extensions:/Library/Java/Extensions:/Network/Library/Java/Extensions:/System/Library/Java/Extensions:/usr/lib/java:.]
2020-12-07 19:45:23,372 INFO org.apache.juli.logging.DirectJDKLog [localhost-startStop-1] Initializing Spring embedded WebApplicationContext
2020-12-07 19:45:23,375 INFO org.apache.commons.logging.impl.Jdk14Logger [localhost-startStop-1] Root WebApplicationContext: initialization completed in 6007 ms
2020-12-07 19:45:23,861 WARN com.netflix.config.sources.URLConfigurationSource [localhost-startStop-1] No URLs will be polled as dynamic configuration sources.
2020-12-07 19:45:23,861 INFO com.netflix.config.sources.URLConfigurationSource [localhost-startStop-1] To enable URLs as dynamic configuration sources, define System property archaius.configurationSource.additionalUrls or make config.properties available on classpath.
2020-12-07 19:45:23,891 INFO com.netflix.config.DynamicPropertyFactory [localhost-startStop-1] DynamicPropertyFactory is initialized with configuration sources: com.netflix.config.ConcurrentCompositeConfiguration@4d2aea49
2020-12-07 19:45:26,164 INFO com.zaxxer.hikari.HikariDataSource [localhost-startStop-1] HikariPool-1 - Starting...
2020-12-07 19:45:26,565 INFO com.zaxxer.hikari.HikariDataSource [localhost-startStop-1] HikariPool-1 - Start completed.
2020-12-07 19:45:26,660 INFO org.apache.commons.logging.impl.Jdk14Logger [localhost-startStop-1] Building JPA container EntityManagerFactory for persistence unit 'default'
2020-12-07 19:45:26,716 INFO org.hibernate.jpa.internal.util.LogHelper [localhost-startStop-1] HHH000204: Processing PersistenceUnitInfo [name: default]
2020-12-07 19:45:26,941 INFO org.hibernate.Version [localhost-startStop-1] HHH000412: Hibernate ORM core version 5.4.22.Final
2020-12-07 19:45:27,439 INFO org.hibernate.annotations.common.reflection.java.JavaReflectionManager [localhost-startStop-1] HCANN000001: Hibernate Commons Annotations {5.1.0.Final}
2020-12-07 19:45:28,036 INFO org.hibernate.dialect.Dialect [localhost-startStop-1] HHH000400: Using dialect: org.hibernate.dialect.MySQL5InnoDBDialect
2020-12-07 19:45:28,157 INFO org.hibernate.envers.boot.internal.EnversServiceImpl [localhost-startStop-1] Envers integration enabled? : true
2020-12-07 19:45:30,364 INFO org.hibernate.engine.transaction.jta.platform.internal.JtaPlatformInitiator [localhost-startStop-1] HHH000490: Using JtaPlatform implementation: [org.hibernate.engine.transaction.jta.platform.internal.NoJtaPlatform]
2020-12-07 19:45:30,383 INFO org.apache.commons.logging.impl.Jdk14Logger [localhost-startStop-1] Initialized JPA EntityManagerFactory for persistence unit 'default'
2020-12-07 19:45:31,411 INFO org.apache.commons.logging.impl.Jdk14Logger [localhost-startStop-1] Mapping filter: 'characterEncodingFilter' to: [/*]
2020-12-07 19:45:31,412 INFO org.apache.commons.logging.impl.Jdk14Logger [localhost-startStop-1] Mapping filter: 'webMvcMetricsFilter' to: [/*]
2020-12-07 19:45:31,413 INFO org.apache.commons.logging.impl.Jdk14Logger [localhost-startStop-1] Mapping filter: 'springSecurityFilterChain' to: [/*]
2020-12-07 19:45:31,413 INFO org.apache.commons.logging.impl.Jdk14Logger [localhost-startStop-1] Mapping filter: 'httpTraceFilter' to: [/*]
2020-12-07 19:45:31,414 INFO org.apache.commons.logging.impl.Jdk14Logger [localhost-startStop-1] Mapping filter: 'jwtRequestFilter' to: [/*]
2020-12-07 19:45:31,414 INFO org.apache.commons.logging.impl.Jdk14Logger [localhost-startStop-1] Mapping filter: 'logFilter' to: [/*]
2020-12-07 19:45:31,414 INFO org.apache.commons.logging.impl.Jdk14Logger [localhost-startStop-1] Mapping filter: 'requestLoggingFilter' to: [/*]
2020-12-07 19:45:31,415 INFO org.apache.commons.logging.impl.Jdk14Logger [localhost-startStop-1] Servlet dispatcherServlet mapped to [/]
2020-12-07 19:45:31,417 INFO org.apache.commons.logging.impl.Jdk14Logger [localhost-startStop-1] Servlet messageDispatcherServlet mapped to [/services/*]
2020-12-07 19:45:31,418 INFO org.apache.commons.logging.impl.Jdk14Logger [localhost-startStop-1] Servlet zuulServlet mapped to [/zuul/*]
2020-12-07 19:45:31,456 DEBUG org.apache.commons.logging.impl.Jdk14Logger [localhost-startStop-1] Initializing filter 'requestLoggingFilter'
2020-12-07 19:45:31,456 DEBUG org.apache.commons.logging.impl.Jdk14Logger [localhost-startStop-1] Filter 'requestLoggingFilter' configured successfully
2020-12-07 19:45:31,457 DEBUG org.apache.commons.logging.impl.Jdk14Logger [localhost-startStop-1] Initializing filter 'logFilter'
2020-12-07 19:45:31,457 DEBUG org.apache.commons.logging.impl.Jdk14Logger [localhost-startStop-1] Filter 'logFilter' configured successfully
2020-12-07 19:45:32,731 WARN org.apache.commons.logging.impl.Jdk14Logger [main] spring.jpa.open-in-view is enabled by default. Therefore, database queries may be performed during view rendering. Explicitly configure spring.jpa.open-in-view to disable this warning
2020-12-07 19:45:32,847 INFO org.apache.commons.logging.impl.Jdk14Logger [main] Mapped "{[/notification/send],methods=[POST]}" onto public java.lang.String com.ec.common.Controller.AndroidNotificationController.sendPnsToDevice(com.ec.common.Data.NotificationRequestDto) throws java.lang.Exception
2020-12-07 19:45:32,856 INFO org.apache.commons.logging.impl.Jdk14Logger [main] Mapped "{[/contact],methods=[GET],produces=[application/json || text/json]}" onto public com.ec.common.Data.ContactsWithTypeAhead com.ec.common.Controller.ContactController.returnAllContacts(java.lang.Integer,org.springframework.data.domain.Pageable)
2020-12-07 19:45:32,858 INFO org.apache.commons.logging.impl.Jdk14Logger [main] Mapped "{[/contact],methods=[POST],produces=[application/json || text/json]}" onto public com.ec.common.Data.ContactsWithTypeAhead com.ec.common.Controller.ContactController.returnFilteredContacts(com.ec.common.Filters.FilterDataList,org.springframework.data.domain.Pageable)
2020-12-07 19:45:32,860 INFO org.apache.commons.logging.impl.Jdk14Logger [main] Mapped "{[/contact/{id}],methods=[GET],produces=[application/json || text/json]}" onto public com.ec.common.Model.ContactAllInfo com.ec.common.Controller.ContactController.findContactbyvehicleNoContacts(long) throws java.lang.Exception
2020-12-07 19:45:32,860 INFO org.apache.commons.logging.impl.Jdk14Logger [main] Mapped "{[/contact/{id}],methods=[DELETE],produces=[application/json || text/json]}" onto public org.springframework.http.ResponseEntity<?> com.ec.common.Controller.ContactController.deleteContact(java.lang.Long) throws java.lang.Exception
2020-12-07 19:45:32,861 INFO org.apache.commons.logging.impl.Jdk14Logger [main] Mapped "{[/contact/create],methods=[POST],produces=[application/json || text/json]}" onto public com.ec.common.Model.ContactAllInfo com.ec.common.Controller.ContactController.createContact(com.ec.common.Model.ContactAllInfo) throws java.lang.Exception
2020-12-07 19:45:32,862 INFO org.apache.commons.logging.impl.Jdk14Logger [main] Mapped "{[/contact/{id}],methods=[PUT],produces=[application/json || text/json]}" onto public com.ec.common.Model.ContactAllInfo com.ec.common.Controller.ContactController.updateContact(java.lang.Long,com.ec.common.Model.ContactAllInfo) throws java.lang.Exception
2020-12-07 19:45:32,863 INFO org.apache.commons.logging.impl.Jdk14Logger [main] Mapped "{[/contact/iscontactused/{id}],methods=[GET],produces=[application/json || text/json]}" onto public java.lang.Boolean com.ec.common.Controller.ContactController.checkIfContactUsed(long) throws java.lang.Exception
2020-12-07 19:45:32,864 INFO org.apache.commons.logging.impl.Jdk14Logger [main] Mapped "{[/emailconfig],methods=[GET],produces=[application/json || text/json]}" onto public com.ec.common.Data.EmailConfigData com.ec.common.Controller.EmailController.returnEmailConfig()
2020-12-07 19:45:32,865 INFO org.apache.commons.logging.impl.Jdk14Logger [main] Mapped "{[/ec/login],methods=[POST],produces=[application/json || text/json]}" onto public org.springframework.http.ResponseEntity<?> com.ec.common.Controller.LoginController.login(com.ec.common.Data.UserSignInData) throws java.lang.Exception
2020-12-07 19:45:32,867 INFO org.apache.commons.logging.impl.Jdk14Logger [main] Mapped "{[/role],methods=[GET],produces=[application/json || text/json]}" onto public org.springframework.data.domain.Page<com.ec.common.Model.Role> com.ec.common.Controller.RoleController.returnAllRoles(org.springframework.data.domain.Pageable)
2020-12-07 19:45:32,868 INFO org.apache.commons.logging.impl.Jdk14Logger [main] Mapped "{[/role/create],methods=[POST],produces=[application/json || text/json]}" onto public com.ec.common.Model.Role com.ec.common.Controller.RoleController.createRole(com.ec.common.Model.Role) throws java.lang.Exception
2020-12-07 19:45:32,870 INFO org.apache.commons.logging.impl.Jdk14Logger [main] Mapped "{[/token],methods=[PUT],produces=[application/json || text/json]}" onto public void com.ec.common.Controller.TokenController.updateTokenForUser(com.ec.common.Data.TokenData) throws java.lang.Exception
2020-12-07 19:45:32,871 INFO org.apache.commons.logging.impl.Jdk14Logger [main] Mapped "{[/token],methods=[GET],produces=[application/json || text/json]}" onto public java.util.List<com.ec.common.Data.AndroidTokenDetailsDTO> com.ec.common.Controller.TokenController.getAllTokens()
2020-12-07 19:45:32,872 INFO org.apache.commons.logging.impl.Jdk14Logger [main] Mapped "{[/token],methods=[DELETE],produces=[application/json || text/json]}" onto public void com.ec.common.Controller.TokenController.DeleteToken() throws java.lang.Exception
2020-12-07 19:45:32,880 INFO org.apache.commons.logging.impl.Jdk14Logger [main] Mapped "{[/user],methods=[POST],produces=[application/json || text/json]}" onto public com.ec.common.Data.UserListWithTypeAheadData com.ec.common.Controller.UserController.returnFilteredContacts(com.ec.common.Filters.FilterDataList,org.springframework.data.domain.Pageable)
2020-12-07 19:45:32,880 INFO org.apache.commons.logging.impl.Jdk14Logger [main] Mapped "{[/user],methods=[GET],produces=[application/json || text/json]}" onto public com.ec.common.Data.UserListWithTypeAheadData com.ec.common.Controller.UserController.returnAllUsers(org.springframework.data.domain.Pageable)
2020-12-07 19:45:32,881 INFO org.apache.commons.logging.impl.Jdk14Logger [main] Mapped "{[/user/create],methods=[POST],produces=[application/json || text/json]}" onto public com.ec.common.Model.User com.ec.common.Controller.UserController.createUser(com.ec.common.Data.CreateUserData) throws java.lang.Exception
2020-12-07 19:45:32,884 INFO org.apache.commons.logging.impl.Jdk14Logger [main] Mapped "{[/user/{id}],methods=[PUT],produces=[application/json || text/json]}" onto public com.ec.common.Model.User com.ec.common.Controller.UserController.updateUser(java.lang.Long,com.ec.common.Data.CreateUserData) throws java.lang.Exception
2020-12-07 19:45:32,886 INFO org.apache.commons.logging.impl.Jdk14Logger [main] Mapped "{[/user/updatepassword],methods=[POST],produces=[application/json || text/json]}" onto public com.ec.common.Model.User com.ec.common.Controller.UserController.updateUser(com.ec.common.Data.ResetPasswordData) throws java.lang.Exception
2020-12-07 19:45:32,888 INFO org.apache.commons.logging.impl.Jdk14Logger [main] Mapped "{[/user/{id}],methods=[GET],produces=[application/json || text/json]}" onto public com.ec.common.Model.User com.ec.common.Controller.UserController.findUserByID(long) throws java.lang.Exception
2020-12-07 19:45:32,889 INFO org.apache.commons.logging.impl.Jdk14Logger [main] Mapped "{[/user/list],methods=[GET],produces=[application/json || text/json]}" onto public java.util.List<com.ec.common.Data.UserReturnData> com.ec.common.Controller.UserController.findLimitedDetailsForUserByID() throws java.lang.Exception
2020-12-07 19:45:32,890 INFO org.apache.commons.logging.impl.Jdk14Logger [main] Mapped "{[/user/byid/{id}],methods=[GET],produces=[application/json || text/json]}" onto public com.ec.common.Data.UserReturnData com.ec.common.Controller.UserController.findLimitedDetailsForUserByID(long) throws java.lang.Exception
2020-12-07 19:45:32,891 INFO org.apache.commons.logging.impl.Jdk14Logger [main] Mapped "{[/user/byname/{name}],methods=[GET],produces=[application/json || text/json]}" onto public com.ec.common.Data.UserReturnData com.ec.common.Controller.UserController.findLimitedDetailsForUserByID(java.lang.String) throws java.lang.Exception
2020-12-07 19:45:32,892 INFO org.apache.commons.logging.impl.Jdk14Logger [main] Mapped "{[/user/updateroles],methods=[POST],produces=[application/json || text/json]}" onto public com.ec.common.Model.User com.ec.common.Controller.UserController.updateRolesForUser(com.ec.common.Data.UpdateRolesForUserData) throws java.lang.Exception
2020-12-07 19:45:32,893 INFO org.apache.commons.logging.impl.Jdk14Logger [main] Mapped "{[/user/me],methods=[GET],produces=[application/json]}" onto public com.ec.common.Data.UserReturnData com.ec.common.Controller.UserController.returnUserName()
2020-12-07 19:45:32,899 INFO org.apache.commons.logging.impl.Jdk14Logger [main] Mapped "{[/error],produces=[text/html]}" onto public org.springframework.web.servlet.ModelAndView org.springframework.boot.autoconfigure.web.servlet.error.BasicErrorController.errorHtml(javax.servlet.http.HttpServletRequest,javax.servlet.http.HttpServletResponse)
2020-12-07 19:45:32,900 INFO org.apache.commons.logging.impl.Jdk14Logger [main] Mapped "{[/error]}" onto public org.springframework.http.ResponseEntity<java.util.Map<java.lang.String, java.lang.Object>> org.springframework.boot.autoconfigure.web.servlet.error.BasicErrorController.error(javax.servlet.http.HttpServletRequest)
2020-12-07 19:45:32,984 INFO org.apache.commons.logging.impl.Jdk14Logger [main] Mapped URL path [/eureka/**] onto handler of type [class org.springframework.web.servlet.resource.ResourceHttpRequestHandler]
2020-12-07 19:45:33,353 INFO org.apache.commons.logging.impl.Jdk14Logger [main] Looking for @ControllerAdvice: org.springframework.boot.web.servlet.context.AnnotationConfigServletWebServerApplicationContext@c7ba306: startup date [Mon Dec 07 19:45:17 IST 2020]; parent: org.springframework.context.annotation.AnnotationConfigApplicationContext@45b4c3a9
2020-12-07 19:45:33,669 INFO org.apache.commons.logging.impl.Jdk14Logger [main] Creating filter chain: Ant [pattern='/*/'], []
2020-12-07 19:45:33,670 INFO org.apache.commons.logging.impl.Jdk14Logger [main] Creating filter chain: Ant [pattern='/eureka/**.**'], []
2020-12-07 19:45:33,670 INFO org.apache.commons.logging.impl.Jdk14Logger [main] Creating filter chain: Ant [pattern='/eureka/**'], []
2020-12-07 19:45:33,670 INFO org.apache.commons.logging.impl.Jdk14Logger [main] Creating filter chain: Ant [pattern='**/scripts/**.js'], []
2020-12-07 19:45:33,671 INFO org.apache.commons.logging.impl.Jdk14Logger [main] Creating filter chain: Ant [pattern='/**.jpg'], []
2020-12-07 19:45:33,671 INFO org.apache.commons.logging.impl.Jdk14Logger [main] Creating filter chain: Ant [pattern='/**.ico'], []
2020-12-07 19:45:33,671 INFO org.apache.commons.logging.impl.Jdk14Logger [main] Creating filter chain: Ant [pattern='/**.html'], []
2020-12-07 19:45:33,672 INFO org.apache.commons.logging.impl.Jdk14Logger [main] Creating filter chain: Ant [pattern='/header.html'], []
2020-12-07 19:45:33,672 INFO org.apache.commons.logging.impl.Jdk14Logger [main] Creating filter chain: Ant [pattern='**.html'], []
2020-12-07 19:45:33,672 INFO org.apache.commons.logging.impl.Jdk14Logger [main] Creating filter chain: Ant [pattern='/**.css'], []
2020-12-07 19:45:33,673 INFO org.apache.commons.logging.impl.Jdk14Logger [main] Creating filter chain: Ant [pattern='/**.js'], []
2020-12-07 19:45:33,674 INFO org.apache.commons.logging.impl.Jdk14Logger [main] Creating filter chain: Ant [pattern='/eureka/**/**'], []
2020-12-07 19:45:33,674 INFO org.apache.commons.logging.impl.Jdk14Logger [main] Creating filter chain: Ant [pattern='/**', OPTIONS], []
2020-12-07 19:45:33,857 INFO org.apache.commons.logging.impl.Jdk14Logger [main] Creating filter chain: org.springframework.security.web.util.matcher.AnyRequestMatcher@1, [org.springframework.security.web.context.request.async.WebAsyncManagerIntegrationFilter@4fb64e14, org.springframework.security.web.context.SecurityContextPersistenceFilter@22d477c2, org.springframework.security.web.header.HeaderWriterFilter@3c7279a5, org.springframework.web.filter.CorsFilter@118041c7, org.springframework.security.web.authentication.logout.LogoutFilter@26c8b296, com.ec.common.JWTUtils.JwtRequestFilter@737d5259, org.springframework.security.web.savedrequest.RequestCacheAwareFilter@5aa76ad2, org.springframework.security.web.servletapi.SecurityContextHolderAwareRequestFilter@dbed7fd, org.springframework.security.web.authentication.AnonymousAuthenticationFilter@a2b54e3, org.springframework.security.web.session.SessionManagementFilter@3709748f, org.springframework.security.web.access.ExceptionTranslationFilter@7a84788f, org.springframework.security.web.access.intercept.FilterSecurityInterceptor@15d114ce]
2020-12-07 19:45:33,981 WARN com.netflix.config.sources.URLConfigurationSource [main] No URLs will be polled as dynamic configuration sources.
2020-12-07 19:45:33,981 INFO com.netflix.config.sources.URLConfigurationSource [main] To enable URLs as dynamic configuration sources, define System property archaius.configurationSource.additionalUrls or make config.properties available on classpath.
2020-12-07 19:45:34,915 INFO org.apache.commons.logging.impl.Jdk14Logger [main] Exposing 2 endpoint(s) beneath base path '/actuator'
2020-12-07 19:45:34,931 INFO org.apache.commons.logging.impl.Jdk14Logger [main] Mapped "{[/actuator/health],methods=[GET],produces=[application/vnd.spring-boot.actuator.v2+json || application/json]}" onto public java.lang.Object org.springframework.boot.actuate.endpoint.web.servlet.AbstractWebMvcEndpointHandlerMapping$OperationHandler.handle(javax.servlet.http.HttpServletRequest,java.util.Map<java.lang.String, java.lang.String>)
2020-12-07 19:45:34,932 INFO org.apache.commons.logging.impl.Jdk14Logger [main] Mapped "{[/actuator/info],methods=[GET],produces=[application/vnd.spring-boot.actuator.v2+json || application/json]}" onto public java.lang.Object org.springframework.boot.actuate.endpoint.web.servlet.AbstractWebMvcEndpointHandlerMapping$OperationHandler.handle(javax.servlet.http.HttpServletRequest,java.util.Map<java.lang.String, java.lang.String>)
2020-12-07 19:45:34,933 INFO org.apache.commons.logging.impl.Jdk14Logger [main] Mapped "{[/actuator],methods=[GET],produces=[application/vnd.spring-boot.actuator.v2+json || application/json]}" onto protected java.util.Map<java.lang.String, java.util.Map<java.lang.String, org.springframework.boot.actuate.endpoint.web.Link>> org.springframework.boot.actuate.endpoint.web.servlet.WebMvcEndpointHandlerMapping.links(javax.servlet.http.HttpServletRequest,javax.servlet.http.HttpServletResponse)
2020-12-07 19:45:36,048 INFO org.apache.commons.logging.impl.Jdk14Logger [main] Starting filter initializer
2020-12-07 19:45:36,104 INFO org.apache.commons.logging.impl.Jdk14Logger [main] Registering beans for JMX exposure on startup
2020-12-07 19:45:36,107 INFO org.apache.commons.logging.impl.Jdk14Logger [main] Bean with name 'dataSource' has been autodetected for JMX exposure
2020-12-07 19:45:36,126 INFO org.apache.commons.logging.impl.Jdk14Logger [main] Bean with name 'environmentManager' has been autodetected for JMX exposure
2020-12-07 19:45:36,128 INFO org.apache.commons.logging.impl.Jdk14Logger [main] Bean with name 'refreshScope' has been autodetected for JMX exposure
2020-12-07 19:45:36,131 INFO org.apache.commons.logging.impl.Jdk14Logger [main] Bean with name 'configurationPropertiesRebinder' has been autodetected for JMX exposure
2020-12-07 19:45:36,138 INFO org.apache.commons.logging.impl.Jdk14Logger [main] Located managed bean 'environmentManager': registering with JMX server as MBean [gateway:name=environmentManager,type=EnvironmentManager]
2020-12-07 19:45:36,153 INFO org.apache.commons.logging.impl.Jdk14Logger [main] Located managed bean 'refreshScope': registering with JMX server as MBean [gateway:name=refreshScope,type=RefreshScope]
2020-12-07 19:45:36,169 INFO org.apache.commons.logging.impl.Jdk14Logger [main] Located managed bean 'configurationPropertiesRebinder': registering with JMX server as MBean [gateway:name=configurationPropertiesRebinder,context=c7ba306,type=ConfigurationPropertiesRebinder]
2020-12-07 19:45:36,180 INFO org.apache.commons.logging.impl.Jdk14Logger [main] Located MBean 'dataSource': registering with JMX server as MBean [gateway:name=dataSource,type=HikariDataSource]
2020-12-07 19:45:36,212 INFO org.apache.juli.logging.DirectJDKLog [main] Starting ProtocolHandler ["http-nio-8080"]
2020-12-07 19:45:36,229 INFO org.apache.juli.logging.DirectJDKLog [main] Using a shared selector for servlet write/read
2020-12-07 19:45:36,260 INFO org.apache.commons.logging.impl.Jdk14Logger [main] Tomcat started on port(s): 8080 (http) with context path ''
2020-12-07 19:45:36,264 INFO org.apache.commons.logging.impl.Jdk14Logger [main] Started GatewayApplication in 40.588 seconds (JVM running for 46.65)
2020-12-07 19:47:22,143 INFO org.apache.commons.logging.impl.Jdk14Logger [RMI TCP Connection(5)-127.0.0.1] Application shutdown requested.
2020-12-07 19:47:22,145 INFO org.apache.commons.logging.impl.Jdk14Logger [RMI TCP Connection(5)-127.0.0.1] Closing org.springframework.boot.web.servlet.context.AnnotationConfigServletWebServerApplicationContext@c7ba306: startup date [Mon Dec 07 19:45:17 IST 2020]; parent: org.springframework.context.annotation.AnnotationConfigApplicationContext@45b4c3a9
2020-12-07 19:47:22,149 INFO org.apache.commons.logging.impl.Jdk14Logger [RMI TCP Connection(5)-127.0.0.1] Stopping filter initializer
2020-12-07 19:47:22,154 INFO org.apache.commons.logging.impl.Jdk14Logger [RMI TCP Connection(5)-127.0.0.1] Unregistering JMX-exposed beans on shutdown
2020-12-07 19:47:22,155 INFO org.apache.commons.logging.impl.Jdk14Logger [RMI TCP Connection(5)-127.0.0.1] Unregistering JMX-exposed beans
2020-12-07 19:47:22,176 INFO org.apache.commons.logging.impl.Jdk14Logger [RMI TCP Connection(5)-127.0.0.1] Closing JPA EntityManagerFactory for persistence unit 'default'
2020-12-07 19:47:22,180 INFO com.zaxxer.hikari.HikariDataSource [RMI TCP Connection(5)-127.0.0.1] HikariPool-1 - Shutdown initiated...
2020-12-07 19:47:22,193 INFO com.zaxxer.hikari.HikariDataSource [RMI TCP Connection(5)-127.0.0.1] HikariPool-1 - Shutdown completed.
2020-12-07 19:47:22,194 INFO org.apache.juli.logging.DirectJDKLog [RMI TCP Connection(5)-127.0.0.1] Pausing ProtocolHandler ["http-nio-8080"]
2020-12-07 19:47:22,248 INFO org.apache.juli.logging.DirectJDKLog [RMI TCP Connection(5)-127.0.0.1] Stopping service [Tomcat]
2020-12-07 19:47:22,256 WARN org.apache.juli.logging.DirectJDKLog [localhost-startStop-2] The web application [ROOT] appears to have started a thread named [RxIoScheduler-1 (Evictor)] but has failed to stop it. This is very likely to create a memory leak. Stack trace of thread:
 sun.misc.Unsafe.park(Native Method)
 java.util.concurrent.locks.LockSupport.parkNanos(LockSupport.java:215)
 java.util.concurrent.locks.AbstractQueuedSynchronizer$ConditionObject.awaitNanos(AbstractQueuedSynchronizer.java:2078)
 java.util.concurrent.ScheduledThreadPoolExecutor$DelayedWorkQueue.take(ScheduledThreadPoolExecutor.java:1093)
 java.util.concurrent.ScheduledThreadPoolExecutor$DelayedWorkQueue.take(ScheduledThreadPoolExecutor.java:809)
 java.util.concurrent.ThreadPoolExecutor.getTask(ThreadPoolExecutor.java:1074)
 java.util.concurrent.ThreadPoolExecutor.runWorker(ThreadPoolExecutor.java:1134)
 java.util.concurrent.ThreadPoolExecutor$Worker.run(ThreadPoolExecutor.java:624)
 java.lang.Thread.run(Thread.java:748)
2020-12-07 19:47:22,259 INFO org.apache.juli.logging.DirectJDKLog [RMI TCP Connection(5)-127.0.0.1] Stopping ProtocolHandler ["http-nio-8080"]
2020-12-07 19:47:41,145 INFO org.apache.commons.logging.impl.Jdk14Logger [main] Refreshing org.springframework.context.annotation.AnnotationConfigApplicationContext@1e66f1f5: startup date [Mon Dec 07 19:47:41 IST 2020]; root of context hierarchy
2020-12-07 19:47:41,389 INFO org.apache.commons.logging.impl.Jdk14Logger [main] JSR-330 'javax.inject.Inject' annotation found and supported for autowiring
2020-12-07 19:47:41,444 INFO org.apache.commons.logging.impl.Jdk14Logger [main] Bean 'configurationPropertiesRebinderAutoConfiguration' of type [org.springframework.cloud.autoconfigure.ConfigurationPropertiesRebinderAutoConfiguration$$EnhancerBySpringCGLIB$$ca781b2d] is not eligible for getting processed by all BeanPostProcessors (for example: not eligible for auto-proxying)
2020-12-07 19:47:51,699 INFO org.apache.commons.logging.impl.Jdk14Logger [main] No active profile set, falling back to default profiles: default
2020-12-07 19:47:51,718 INFO org.apache.commons.logging.impl.Jdk14Logger [main] Refreshing org.springframework.boot.web.servlet.context.AnnotationConfigServletWebServerApplicationContext@481ba2cf: startup date [Mon Dec 07 19:47:51 IST 2020]; parent: org.springframework.context.annotation.AnnotationConfigApplicationContext@1e66f1f5
2020-12-07 19:47:54,767 INFO org.apache.commons.logging.impl.Jdk14Logger [main] Overriding bean definition for bean 'counterFactory' with a different definition: replacing [Root bean: class [null]; scope=; abstract=false; lazyInit=false; autowireMode=3; dependencyCheck=0; autowireCandidate=true; primary=false; factoryBeanName=org.springframework.cloud.netflix.zuul.ZuulServerAutoConfiguration$ZuulMetricsConfiguration; factoryMethodName=counterFactory; initMethodName=null; destroyMethodName=(inferred); defined in class path resource [org/springframework/cloud/netflix/zuul/ZuulServerAutoConfiguration$ZuulMetricsConfiguration.class]] with [Root bean: class [null]; scope=; abstract=false; lazyInit=false; autowireMode=3; dependencyCheck=0; autowireCandidate=true; primary=false; factoryBeanName=org.springframework.cloud.netflix.zuul.ZuulServerAutoConfiguration$ZuulCounterFactoryConfiguration; factoryMethodName=counterFactory; initMethodName=null; destroyMethodName=(inferred); defined in class path resource [org/springframework/cloud/netflix/zuul/ZuulServerAutoConfiguration$ZuulCounterFactoryConfiguration.class]]
2020-12-07 19:47:54,855 INFO org.apache.commons.logging.impl.Jdk14Logger [main] Overriding bean definition for bean 'dataSource' with a different definition: replacing [Root bean: class [null]; scope=refresh; abstract=false; lazyInit=false; autowireMode=3; dependencyCheck=0; autowireCandidate=false; primary=false; factoryBeanName=org.springframework.boot.autoconfigure.jdbc.DataSourceConfiguration$Hikari; factoryMethodName=dataSource; initMethodName=null; destroyMethodName=(inferred); defined in class path resource [org/springframework/boot/autoconfigure/jdbc/DataSourceConfiguration$Hikari.class]] with [Root bean: class [org.springframework.aop.scope.ScopedProxyFactoryBean]; scope=; abstract=false; lazyInit=false; autowireMode=0; dependencyCheck=0; autowireCandidate=true; primary=false; factoryBeanName=null; factoryMethodName=null; initMethodName=null; destroyMethodName=null; defined in BeanDefinition defined in class path resource [org/springframework/boot/autoconfigure/jdbc/DataSourceConfiguration$Hikari.class]]
2020-12-07 19:47:55,274 INFO org.apache.commons.logging.impl.Jdk14Logger [main] BeanFactory id=bb2f75eb-7d1a-3cf1-ad7b-021c4a56a3e5
2020-12-07 19:47:55,418 INFO org.apache.commons.logging.impl.Jdk14Logger [main] JSR-330 'javax.inject.Inject' annotation found and supported for autowiring
2020-12-07 19:47:55,827 INFO org.apache.commons.logging.impl.Jdk14Logger [main] Bean 'org.springframework.ws.config.annotation.DelegatingWsConfiguration' of type [org.springframework.ws.config.annotation.DelegatingWsConfiguration$$EnhancerBySpringCGLIB$$52f5dd2f] is not eligible for getting processed by all BeanPostProcessors (for example: not eligible for auto-proxying)
2020-12-07 19:47:55,905 INFO org.apache.commons.logging.impl.Jdk14Logger [main] Supporting [WS-Addressing August 2004, WS-Addressing 1.0]
2020-12-07 19:47:56,073 INFO org.apache.commons.logging.impl.Jdk14Logger [main] Bean 'org.springframework.transaction.annotation.ProxyTransactionManagementConfiguration' of type [org.springframework.transaction.annotation.ProxyTransactionManagementConfiguration$$EnhancerBySpringCGLIB$$ae5e1830] is not eligible for getting processed by all BeanPostProcessors (for example: not eligible for auto-proxying)
2020-12-07 19:47:56,352 INFO org.apache.commons.logging.impl.Jdk14Logger [main] Bean 'org.springframework.security.config.annotation.configuration.ObjectPostProcessorConfiguration' of type [org.springframework.security.config.annotation.configuration.ObjectPostProcessorConfiguration$$EnhancerBySpringCGLIB$$470be06a] is not eligible for getting processed by all BeanPostProcessors (for example: not eligible for auto-proxying)
2020-12-07 19:47:56,365 INFO org.apache.commons.logging.impl.Jdk14Logger [main] Bean 'objectPostProcessor' of type [org.springframework.security.config.annotation.configuration.AutowireBeanFactoryObjectPostProcessor] is not eligible for getting processed by all BeanPostProcessors (for example: not eligible for auto-proxying)
2020-12-07 19:47:56,371 INFO org.apache.commons.logging.impl.Jdk14Logger [main] Bean 'org.springframework.security.access.expression.method.DefaultMethodSecurityExpressionHandler@5853ca50' of type [org.springframework.security.access.expression.method.DefaultMethodSecurityExpressionHandler] is not eligible for getting processed by all BeanPostProcessors (for example: not eligible for auto-proxying)
2020-12-07 19:47:56,391 INFO org.apache.commons.logging.impl.Jdk14Logger [main] Bean 'org.springframework.security.config.annotation.method.configuration.GlobalMethodSecurityConfiguration' of type [org.springframework.security.config.annotation.method.configuration.GlobalMethodSecurityConfiguration$$EnhancerBySpringCGLIB$$6be0831c] is not eligible for getting processed by all BeanPostProcessors (for example: not eligible for auto-proxying)
2020-12-07 19:47:56,409 INFO org.apache.commons.logging.impl.Jdk14Logger [main] Bean 'methodSecurityMetadataSource' of type [org.springframework.security.access.method.DelegatingMethodSecurityMetadataSource] is not eligible for getting processed by all BeanPostProcessors (for example: not eligible for auto-proxying)
2020-12-07 19:47:56,460 INFO org.apache.commons.logging.impl.Jdk14Logger [main] Bean 'org.springframework.cloud.autoconfigure.ConfigurationPropertiesRebinderAutoConfiguration' of type [org.springframework.cloud.autoconfigure.ConfigurationPropertiesRebinderAutoConfiguration$$EnhancerBySpringCGLIB$$ca781b2d] is not eligible for getting processed by all BeanPostProcessors (for example: not eligible for auto-proxying)
2020-12-07 19:47:57,275 INFO org.apache.commons.logging.impl.Jdk14Logger [main] Tomcat initialized with port(s): 8080 (http)
2020-12-07 19:47:57,295 INFO org.apache.juli.logging.DirectJDKLog [main] Initializing ProtocolHandler ["http-nio-8080"]
2020-12-07 19:47:57,308 INFO org.apache.juli.logging.DirectJDKLog [main] Starting service [Tomcat]
2020-12-07 19:47:57,308 INFO org.apache.juli.logging.DirectJDKLog [main] Starting Servlet Engine: Apache Tomcat/8.5.34
2020-12-07 19:47:57,314 INFO org.apache.juli.logging.DirectJDKLog [localhost-startStop-1] The APR based Apache Tomcat Native library which allows optimal performance in production environments was not found on the java.library.path: [/Users/bsridharpatnaik/Library/Java/Extensions:/Library/Java/Extensions:/Network/Library/Java/Extensions:/System/Library/Java/Extensions:/usr/lib/java:.]
2020-12-07 19:47:57,465 INFO org.apache.juli.logging.DirectJDKLog [localhost-startStop-1] Initializing Spring embedded WebApplicationContext
2020-12-07 19:47:57,466 INFO org.apache.commons.logging.impl.Jdk14Logger [localhost-startStop-1] Root WebApplicationContext: initialization completed in 5748 ms
2020-12-07 19:47:57,745 WARN com.netflix.config.sources.URLConfigurationSource [localhost-startStop-1] No URLs will be polled as dynamic configuration sources.
2020-12-07 19:47:57,746 INFO com.netflix.config.sources.URLConfigurationSource [localhost-startStop-1] To enable URLs as dynamic configuration sources, define System property archaius.configurationSource.additionalUrls or make config.properties available on classpath.
2020-12-07 19:47:57,758 INFO com.netflix.config.DynamicPropertyFactory [localhost-startStop-1] DynamicPropertyFactory is initialized with configuration sources: com.netflix.config.ConcurrentCompositeConfiguration@30065c28
2020-12-07 19:47:59,223 INFO com.zaxxer.hikari.HikariDataSource [localhost-startStop-1] HikariPool-1 - Starting...
2020-12-07 19:47:59,459 INFO com.zaxxer.hikari.HikariDataSource [localhost-startStop-1] HikariPool-1 - Start completed.
2020-12-07 19:47:59,525 INFO org.apache.commons.logging.impl.Jdk14Logger [localhost-startStop-1] Building JPA container EntityManagerFactory for persistence unit 'default'
2020-12-07 19:47:59,550 INFO org.hibernate.jpa.internal.util.LogHelper [localhost-startStop-1] HHH000204: Processing PersistenceUnitInfo [name: default]
2020-12-07 19:47:59,679 INFO org.hibernate.Version [localhost-startStop-1] HHH000412: Hibernate ORM core version 5.4.22.Final
2020-12-07 19:47:59,876 INFO org.hibernate.annotations.common.reflection.java.JavaReflectionManager [localhost-startStop-1] HCANN000001: Hibernate Commons Annotations {5.1.0.Final}
2020-12-07 19:48:00,194 INFO org.hibernate.dialect.Dialect [localhost-startStop-1] HHH000400: Using dialect: org.hibernate.dialect.MySQL5InnoDBDialect
2020-12-07 19:48:00,247 INFO org.hibernate.envers.boot.internal.EnversServiceImpl [localhost-startStop-1] Envers integration enabled? : true
2020-12-07 19:48:01,463 INFO org.hibernate.engine.transaction.jta.platform.internal.JtaPlatformInitiator [localhost-startStop-1] HHH000490: Using JtaPlatform implementation: [org.hibernate.engine.transaction.jta.platform.internal.NoJtaPlatform]
2020-12-07 19:48:01,473 INFO org.apache.commons.logging.impl.Jdk14Logger [localhost-startStop-1] Initialized JPA EntityManagerFactory for persistence unit 'default'
2020-12-07 19:48:02,450 INFO org.apache.commons.logging.impl.Jdk14Logger [localhost-startStop-1] Mapping filter: 'characterEncodingFilter' to: [/*]
2020-12-07 19:48:02,451 INFO org.apache.commons.logging.impl.Jdk14Logger [localhost-startStop-1] Mapping filter: 'webMvcMetricsFilter' to: [/*]
2020-12-07 19:48:02,452 INFO org.apache.commons.logging.impl.Jdk14Logger [localhost-startStop-1] Mapping filter: 'springSecurityFilterChain' to: [/*]
2020-12-07 19:48:02,453 INFO org.apache.commons.logging.impl.Jdk14Logger [localhost-startStop-1] Mapping filter: 'httpTraceFilter' to: [/*]
2020-12-07 19:48:02,453 INFO org.apache.commons.logging.impl.Jdk14Logger [localhost-startStop-1] Mapping filter: 'jwtRequestFilter' to: [/*]
2020-12-07 19:48:02,453 INFO org.apache.commons.logging.impl.Jdk14Logger [localhost-startStop-1] Mapping filter: 'logFilter' to: [/*]
2020-12-07 19:48:02,454 INFO org.apache.commons.logging.impl.Jdk14Logger [localhost-startStop-1] Mapping filter: 'requestLoggingFilter' to: [/*]
2020-12-07 19:48:02,454 INFO org.apache.commons.logging.impl.Jdk14Logger [localhost-startStop-1] Servlet dispatcherServlet mapped to [/]
2020-12-07 19:48:02,456 INFO org.apache.commons.logging.impl.Jdk14Logger [localhost-startStop-1] Servlet messageDispatcherServlet mapped to [/services/*]
2020-12-07 19:48:02,456 INFO org.apache.commons.logging.impl.Jdk14Logger [localhost-startStop-1] Servlet zuulServlet mapped to [/zuul/*]
2020-12-07 19:48:02,475 DEBUG org.apache.commons.logging.impl.Jdk14Logger [localhost-startStop-1] Initializing filter 'requestLoggingFilter'
2020-12-07 19:48:02,476 DEBUG org.apache.commons.logging.impl.Jdk14Logger [localhost-startStop-1] Filter 'requestLoggingFilter' configured successfully
2020-12-07 19:48:02,477 DEBUG org.apache.commons.logging.impl.Jdk14Logger [localhost-startStop-1] Initializing filter 'logFilter'
2020-12-07 19:48:02,477 DEBUG org.apache.commons.logging.impl.Jdk14Logger [localhost-startStop-1] Filter 'logFilter' configured successfully
2020-12-07 19:48:03,335 WARN org.apache.commons.logging.impl.Jdk14Logger [main] spring.jpa.open-in-view is enabled by default. Therefore, database queries may be performed during view rendering. Explicitly configure spring.jpa.open-in-view to disable this warning
2020-12-07 19:48:03,433 INFO org.apache.commons.logging.impl.Jdk14Logger [main] Mapped "{[/notification/send],methods=[POST]}" onto public java.lang.String com.ec.common.Controller.AndroidNotificationController.sendPnsToDevice(com.ec.common.Data.NotificationRequestDto) throws java.lang.Exception
2020-12-07 19:48:03,443 INFO org.apache.commons.logging.impl.Jdk14Logger [main] Mapped "{[/contact],methods=[GET],produces=[application/json || text/json]}" onto public com.ec.common.Data.ContactsWithTypeAhead com.ec.common.Controller.ContactController.returnAllContacts(java.lang.Integer,org.springframework.data.domain.Pageable)
2020-12-07 19:48:03,445 INFO org.apache.commons.logging.impl.Jdk14Logger [main] Mapped "{[/contact],methods=[POST],produces=[application/json || text/json]}" onto public com.ec.common.Data.ContactsWithTypeAhead com.ec.common.Controller.ContactController.returnFilteredContacts(com.ec.common.Filters.FilterDataList,org.springframework.data.domain.Pageable)
2020-12-07 19:48:03,446 INFO org.apache.commons.logging.impl.Jdk14Logger [main] Mapped "{[/contact/{id}],methods=[GET],produces=[application/json || text/json]}" onto public com.ec.common.Model.ContactAllInfo com.ec.common.Controller.ContactController.findContactbyvehicleNoContacts(long) throws java.lang.Exception
2020-12-07 19:48:03,447 INFO org.apache.commons.logging.impl.Jdk14Logger [main] Mapped "{[/contact/{id}],methods=[DELETE],produces=[application/json || text/json]}" onto public org.springframework.http.ResponseEntity<?> com.ec.common.Controller.ContactController.deleteContact(java.lang.Long) throws java.lang.Exception
2020-12-07 19:48:03,447 INFO org.apache.commons.logging.impl.Jdk14Logger [main] Mapped "{[/contact/create],methods=[POST],produces=[application/json || text/json]}" onto public com.ec.common.Model.ContactAllInfo com.ec.common.Controller.ContactController.createContact(com.ec.common.Model.ContactAllInfo) throws java.lang.Exception
2020-12-07 19:48:03,448 INFO org.apache.commons.logging.impl.Jdk14Logger [main] Mapped "{[/contact/{id}],methods=[PUT],produces=[application/json || text/json]}" onto public com.ec.common.Model.ContactAllInfo com.ec.common.Controller.ContactController.updateContact(java.lang.Long,com.ec.common.Model.ContactAllInfo) throws java.lang.Exception
2020-12-07 19:48:03,450 INFO org.apache.commons.logging.impl.Jdk14Logger [main] Mapped "{[/contact/iscontactused/{id}],methods=[GET],produces=[application/json || text/json]}" onto public java.lang.Boolean com.ec.common.Controller.ContactController.checkIfContactUsed(long) throws java.lang.Exception
2020-12-07 19:48:03,452 INFO org.apache.commons.logging.impl.Jdk14Logger [main] Mapped "{[/emailconfig],methods=[GET],produces=[application/json || text/json]}" onto public com.ec.common.Data.EmailConfigData com.ec.common.Controller.EmailController.returnEmailConfig()
2020-12-07 19:48:03,454 INFO org.apache.commons.logging.impl.Jdk14Logger [main] Mapped "{[/ec/login],methods=[POST],produces=[application/json || text/json]}" onto public org.springframework.http.ResponseEntity<?> com.ec.common.Controller.LoginController.login(com.ec.common.Data.UserSignInData) throws java.lang.Exception
2020-12-07 19:48:03,456 INFO org.apache.commons.logging.impl.Jdk14Logger [main] Mapped "{[/role],methods=[GET],produces=[application/json || text/json]}" onto public org.springframework.data.domain.Page<com.ec.common.Model.Role> com.ec.common.Controller.RoleController.returnAllRoles(org.springframework.data.domain.Pageable)
2020-12-07 19:48:03,457 INFO org.apache.commons.logging.impl.Jdk14Logger [main] Mapped "{[/role/create],methods=[POST],produces=[application/json || text/json]}" onto public com.ec.common.Model.Role com.ec.common.Controller.RoleController.createRole(com.ec.common.Model.Role) throws java.lang.Exception
2020-12-07 19:48:03,459 INFO org.apache.commons.logging.impl.Jdk14Logger [main] Mapped "{[/token],methods=[PUT],produces=[application/json || text/json]}" onto public void com.ec.common.Controller.TokenController.updateTokenForUser(com.ec.common.Data.TokenData) throws java.lang.Exception
2020-12-07 19:48:03,460 INFO org.apache.commons.logging.impl.Jdk14Logger [main] Mapped "{[/token],methods=[GET],produces=[application/json || text/json]}" onto public java.util.List<com.ec.common.Data.AndroidTokenDetailsDTO> com.ec.common.Controller.TokenController.getAllTokens()
2020-12-07 19:48:03,460 INFO org.apache.commons.logging.impl.Jdk14Logger [main] Mapped "{[/token],methods=[DELETE],produces=[application/json || text/json]}" onto public void com.ec.common.Controller.TokenController.DeleteToken() throws java.lang.Exception
2020-12-07 19:48:03,465 INFO org.apache.commons.logging.impl.Jdk14Logger [main] Mapped "{[/user],methods=[POST],produces=[application/json || text/json]}" onto public com.ec.common.Data.UserListWithTypeAheadData com.ec.common.Controller.UserController.returnFilteredContacts(com.ec.common.Filters.FilterDataList,org.springframework.data.domain.Pageable)
2020-12-07 19:48:03,466 INFO org.apache.commons.logging.impl.Jdk14Logger [main] Mapped "{[/user],methods=[GET],produces=[application/json || text/json]}" onto public com.ec.common.Data.UserListWithTypeAheadData com.ec.common.Controller.UserController.returnAllUsers(org.springframework.data.domain.Pageable)
2020-12-07 19:48:03,466 INFO org.apache.commons.logging.impl.Jdk14Logger [main] Mapped "{[/user/create],methods=[POST],produces=[application/json || text/json]}" onto public com.ec.common.Model.User com.ec.common.Controller.UserController.createUser(com.ec.common.Data.CreateUserData) throws java.lang.Exception
2020-12-07 19:48:03,468 INFO org.apache.commons.logging.impl.Jdk14Logger [main] Mapped "{[/user/{id}],methods=[PUT],produces=[application/json || text/json]}" onto public com.ec.common.Model.User com.ec.common.Controller.UserController.updateUser(java.lang.Long,com.ec.common.Data.CreateUserData) throws java.lang.Exception
2020-12-07 19:48:03,469 INFO org.apache.commons.logging.impl.Jdk14Logger [main] Mapped "{[/user/updatepassword],methods=[POST],produces=[application/json || text/json]}" onto public com.ec.common.Model.User com.ec.common.Controller.UserController.updateUser(com.ec.common.Data.ResetPasswordData) throws java.lang.Exception
2020-12-07 19:48:03,470 INFO org.apache.commons.logging.impl.Jdk14Logger [main] Mapped "{[/user/{id}],methods=[GET],produces=[application/json || text/json]}" onto public com.ec.common.Model.User com.ec.common.Controller.UserController.findUserByID(long) throws java.lang.Exception
2020-12-07 19:48:03,470 INFO org.apache.commons.logging.impl.Jdk14Logger [main] Mapped "{[/user/list],methods=[GET],produces=[application/json || text/json]}" onto public java.util.List<com.ec.common.Data.UserReturnData> com.ec.common.Controller.UserController.findLimitedDetailsForUserByID() throws java.lang.Exception
2020-12-07 19:48:03,471 INFO org.apache.commons.logging.impl.Jdk14Logger [main] Mapped "{[/user/byid/{id}],methods=[GET],produces=[application/json || text/json]}" onto public com.ec.common.Data.UserReturnData com.ec.common.Controller.UserController.findLimitedDetailsForUserByID(long) throws java.lang.Exception
2020-12-07 19:48:03,471 INFO org.apache.commons.logging.impl.Jdk14Logger [main] Mapped "{[/user/byname/{name}],methods=[GET],produces=[application/json || text/json]}" onto public com.ec.common.Data.UserReturnData com.ec.common.Controller.UserController.findLimitedDetailsForUserByID(java.lang.String) throws java.lang.Exception
2020-12-07 19:48:03,472 INFO org.apache.commons.logging.impl.Jdk14Logger [main] Mapped "{[/user/updateroles],methods=[POST],produces=[application/json || text/json]}" onto public com.ec.common.Model.User com.ec.common.Controller.UserController.updateRolesForUser(com.ec.common.Data.UpdateRolesForUserData) throws java.lang.Exception
2020-12-07 19:48:03,472 INFO org.apache.commons.logging.impl.Jdk14Logger [main] Mapped "{[/user/me],methods=[GET],produces=[application/json]}" onto public com.ec.common.Data.UserReturnData com.ec.common.Controller.UserController.returnUserName()
2020-12-07 19:48:03,476 INFO org.apache.commons.logging.impl.Jdk14Logger [main] Mapped "{[/error]}" onto public org.springframework.http.ResponseEntity<java.util.Map<java.lang.String, java.lang.Object>> org.springframework.boot.autoconfigure.web.servlet.error.BasicErrorController.error(javax.servlet.http.HttpServletRequest)
2020-12-07 19:48:03,476 INFO org.apache.commons.logging.impl.Jdk14Logger [main] Mapped "{[/error],produces=[text/html]}" onto public org.springframework.web.servlet.ModelAndView org.springframework.boot.autoconfigure.web.servlet.error.BasicErrorController.errorHtml(javax.servlet.http.HttpServletRequest,javax.servlet.http.HttpServletResponse)
2020-12-07 19:48:03,562 INFO org.apache.commons.logging.impl.Jdk14Logger [main] Mapped URL path [/eureka/**] onto handler of type [class org.springframework.web.servlet.resource.ResourceHttpRequestHandler]
2020-12-07 19:48:03,880 INFO org.apache.commons.logging.impl.Jdk14Logger [main] Looking for @ControllerAdvice: org.springframework.boot.web.servlet.context.AnnotationConfigServletWebServerApplicationContext@481ba2cf: startup date [Mon Dec 07 19:47:51 IST 2020]; parent: org.springframework.context.annotation.AnnotationConfigApplicationContext@1e66f1f5
2020-12-07 19:48:04,078 INFO org.apache.commons.logging.impl.Jdk14Logger [main] Creating filter chain: Ant [pattern='/*/'], []
2020-12-07 19:48:04,078 INFO org.apache.commons.logging.impl.Jdk14Logger [main] Creating filter chain: Ant [pattern='/eureka/**.**'], []
2020-12-07 19:48:04,079 INFO org.apache.commons.logging.impl.Jdk14Logger [main] Creating filter chain: Ant [pattern='/eureka/**'], []
2020-12-07 19:48:04,079 INFO org.apache.commons.logging.impl.Jdk14Logger [main] Creating filter chain: Ant [pattern='**/scripts/**.js'], []
2020-12-07 19:48:04,080 INFO org.apache.commons.logging.impl.Jdk14Logger [main] Creating filter chain: Ant [pattern='/**.jpg'], []
2020-12-07 19:48:04,080 INFO org.apache.commons.logging.impl.Jdk14Logger [main] Creating filter chain: Ant [pattern='/**.ico'], []
2020-12-07 19:48:04,080 INFO org.apache.commons.logging.impl.Jdk14Logger [main] Creating filter chain: Ant [pattern='/**.html'], []
2020-12-07 19:48:04,080 INFO org.apache.commons.logging.impl.Jdk14Logger [main] Creating filter chain: Ant [pattern='/header.html'], []
2020-12-07 19:48:04,081 INFO org.apache.commons.logging.impl.Jdk14Logger [main] Creating filter chain: Ant [pattern='**.html'], []
2020-12-07 19:48:04,081 INFO org.apache.commons.logging.impl.Jdk14Logger [main] Creating filter chain: Ant [pattern='/**.css'], []
2020-12-07 19:48:04,081 INFO org.apache.commons.logging.impl.Jdk14Logger [main] Creating filter chain: Ant [pattern='/**.js'], []
2020-12-07 19:48:04,081 INFO org.apache.commons.logging.impl.Jdk14Logger [main] Creating filter chain: Ant [pattern='/eureka/**/**'], []
2020-12-07 19:48:04,082 INFO org.apache.commons.logging.impl.Jdk14Logger [main] Creating filter chain: Ant [pattern='/**', OPTIONS], []
2020-12-07 19:48:04,212 INFO org.apache.commons.logging.impl.Jdk14Logger [main] Creating filter chain: org.springframework.security.web.util.matcher.AnyRequestMatcher@1, [org.springframework.security.web.context.request.async.WebAsyncManagerIntegrationFilter@6a1568d6, org.springframework.security.web.context.SecurityContextPersistenceFilter@44bc2449, org.springframework.security.web.header.HeaderWriterFilter@58aa1d72, org.springframework.web.filter.CorsFilter@11c88cca, org.springframework.security.web.authentication.logout.LogoutFilter@79ecc507, com.ec.common.JWTUtils.JwtRequestFilter@1167b3b9, org.springframework.security.web.savedrequest.RequestCacheAwareFilter@2faa55bb, org.springframework.security.web.servletapi.SecurityContextHolderAwareRequestFilter@395f52ed, org.springframework.security.web.authentication.AnonymousAuthenticationFilter@1b37fbec, org.springframework.security.web.session.SessionManagementFilter@4a864d4d, org.springframework.security.web.access.ExceptionTranslationFilter@58a765ce, org.springframework.security.web.access.intercept.FilterSecurityInterceptor@3520958b]
2020-12-07 19:48:04,329 WARN com.netflix.config.sources.URLConfigurationSource [main] No URLs will be polled as dynamic configuration sources.
2020-12-07 19:48:04,329 INFO com.netflix.config.sources.URLConfigurationSource [main] To enable URLs as dynamic configuration sources, define System property archaius.configurationSource.additionalUrls or make config.properties available on classpath.
2020-12-07 19:48:05,193 INFO org.apache.commons.logging.impl.Jdk14Logger [main] Exposing 2 endpoint(s) beneath base path '/actuator'
2020-12-07 19:48:05,209 INFO org.apache.commons.logging.impl.Jdk14Logger [main] Mapped "{[/actuator/health],methods=[GET],produces=[application/vnd.spring-boot.actuator.v2+json || application/json]}" onto public java.lang.Object org.springframework.boot.actuate.endpoint.web.servlet.AbstractWebMvcEndpointHandlerMapping$OperationHandler.handle(javax.servlet.http.HttpServletRequest,java.util.Map<java.lang.String, java.lang.String>)
2020-12-07 19:48:05,211 INFO org.apache.commons.logging.impl.Jdk14Logger [main] Mapped "{[/actuator/info],methods=[GET],produces=[application/vnd.spring-boot.actuator.v2+json || application/json]}" onto public java.lang.Object org.springframework.boot.actuate.endpoint.web.servlet.AbstractWebMvcEndpointHandlerMapping$OperationHandler.handle(javax.servlet.http.HttpServletRequest,java.util.Map<java.lang.String, java.lang.String>)
2020-12-07 19:48:05,212 INFO org.apache.commons.logging.impl.Jdk14Logger [main] Mapped "{[/actuator],methods=[GET],produces=[application/vnd.spring-boot.actuator.v2+json || application/json]}" onto protected java.util.Map<java.lang.String, java.util.Map<java.lang.String, org.springframework.boot.actuate.endpoint.web.Link>> org.springframework.boot.actuate.endpoint.web.servlet.WebMvcEndpointHandlerMapping.links(javax.servlet.http.HttpServletRequest,javax.servlet.http.HttpServletResponse)
2020-12-07 19:48:05,818 INFO org.apache.commons.logging.impl.Jdk14Logger [main] Starting filter initializer
2020-12-07 19:48:05,867 INFO org.apache.commons.logging.impl.Jdk14Logger [main] Registering beans for JMX exposure on startup
2020-12-07 19:48:05,870 INFO org.apache.commons.logging.impl.Jdk14Logger [main] Bean with name 'dataSource' has been autodetected for JMX exposure
2020-12-07 19:48:05,881 INFO org.apache.commons.logging.impl.Jdk14Logger [main] Bean with name 'environmentManager' has been autodetected for JMX exposure
2020-12-07 19:48:05,882 INFO org.apache.commons.logging.impl.Jdk14Logger [main] Bean with name 'refreshScope' has been autodetected for JMX exposure
2020-12-07 19:48:05,887 INFO org.apache.commons.logging.impl.Jdk14Logger [main] Bean with name 'configurationPropertiesRebinder' has been autodetected for JMX exposure
2020-12-07 19:48:05,892 INFO org.apache.commons.logging.impl.Jdk14Logger [main] Located managed bean 'environmentManager': registering with JMX server as MBean [gateway:name=environmentManager,type=EnvironmentManager]
2020-12-07 19:48:05,904 INFO org.apache.commons.logging.impl.Jdk14Logger [main] Located managed bean 'refreshScope': registering with JMX server as MBean [gateway:name=refreshScope,type=RefreshScope]
2020-12-07 19:48:05,917 INFO org.apache.commons.logging.impl.Jdk14Logger [main] Located managed bean 'configurationPropertiesRebinder': registering with JMX server as MBean [gateway:name=configurationPropertiesRebinder,context=481ba2cf,type=ConfigurationPropertiesRebinder]
2020-12-07 19:48:05,925 INFO org.apache.commons.logging.impl.Jdk14Logger [main] Located MBean 'dataSource': registering with JMX server as MBean [gateway:name=dataSource,type=HikariDataSource]
2020-12-07 19:48:05,950 INFO org.apache.juli.logging.DirectJDKLog [main] Starting ProtocolHandler ["http-nio-8080"]
2020-12-07 19:48:05,964 INFO org.apache.juli.logging.DirectJDKLog [main] Using a shared selector for servlet write/read
2020-12-07 19:48:05,983 INFO org.apache.commons.logging.impl.Jdk14Logger [main] Tomcat started on port(s): 8080 (http) with context path ''
2020-12-07 19:48:05,987 INFO org.apache.commons.logging.impl.Jdk14Logger [main] Started GatewayApplication in 35.987 seconds (JVM running for 42.463)
2020-12-07 19:48:25,558 INFO org.apache.juli.logging.DirectJDKLog [http-nio-8080-exec-1] Initializing Spring FrameworkServlet 'dispatcherServlet'
2020-12-07 19:48:25,559 INFO org.apache.commons.logging.impl.Jdk14Logger [http-nio-8080-exec-1] FrameworkServlet 'dispatcherServlet': initialization started
2020-12-07 19:48:25,601 INFO org.apache.commons.logging.impl.Jdk14Logger [http-nio-8080-exec-1] FrameworkServlet 'dispatcherServlet': initialization completed in 41 ms
2020-12-07 19:48:25,655 INFO org.apache.commons.logging.impl.Jdk14Logger [http-nio-8080-exec-1] Mapped URL path [/api/inventory/**] onto handler of type [class org.springframework.cloud.netflix.zuul.web.ZuulController]
2020-12-07 19:48:25,656 INFO org.apache.commons.logging.impl.Jdk14Logger [http-nio-8080-exec-1] Mapped URL path [/api/crm/**] onto handler of type [class org.springframework.cloud.netflix.zuul.web.ZuulController]
2020-12-07 19:48:26,560 DEBUG org.apache.commons.logging.impl.Jdk14Logger [http-nio-8080-exec-1] Before request [uri=/api/crm/activity/22021]
2020-12-07 19:48:26,561 DEBUG org.apache.commons.logging.impl.Jdk14Logger [http-nio-8080-exec-1] Before request [uri=/api/crm/activity/22021;client=127.0.0.1;user=sridhar]
2020-12-07 19:48:30,573 DEBUG org.apache.commons.logging.impl.Jdk14Logger [http-nio-8080-exec-2] Before request [uri=/api/crm/activity/22021]
2020-12-07 19:48:30,574 DEBUG org.apache.commons.logging.impl.Jdk14Logger [http-nio-8080-exec-2] Before request [uri=/api/crm/activity/22021;client=127.0.0.1;user=sridhar]
2020-12-07 19:48:32,783 DEBUG org.apache.commons.logging.impl.Jdk14Logger [http-nio-8080-exec-4] Before request [uri=/user/me]
2020-12-07 19:48:32,784 DEBUG org.apache.commons.logging.impl.Jdk14Logger [http-nio-8080-exec-4] Before request [uri=/user/me;client=127.0.0.1;user=sridhar]
2020-12-07 19:48:32,792 DEBUG org.apache.commons.logging.impl.Jdk14Logger [http-nio-8080-exec-3] Before request [uri=/user/me]
2020-12-07 19:48:32,793 DEBUG org.apache.commons.logging.impl.Jdk14Logger [http-nio-8080-exec-3] Before request [uri=/user/me;client=127.0.0.1;user=sridhar]
2020-12-07 19:48:32,894 DEBUG org.apache.commons.logging.impl.Jdk14Logger [http-nio-8080-exec-4] After request [uri=/user/me;client=127.0.0.1;user=sridhar]
2020-12-07 19:48:32,894 DEBUG org.apache.commons.logging.impl.Jdk14Logger [http-nio-8080-exec-3] After request [uri=/user/me;client=127.0.0.1;user=sridhar]
2020-12-07 19:48:32,895 DEBUG org.apache.commons.logging.impl.Jdk14Logger [http-nio-8080-exec-4] REQUEST DATA : uri=/user/me]
2020-12-07 19:48:32,895 DEBUG org.apache.commons.logging.impl.Jdk14Logger [http-nio-8080-exec-3] REQUEST DATA : uri=/user/me]
2020-12-07 19:48:33,582 DEBUG org.apache.commons.logging.impl.Jdk14Logger [http-nio-8080-exec-2] After request [uri=/api/crm/activity/22021;client=127.0.0.1;user=sridhar;payload={"closingComment":"dsd"}]
2020-12-07 19:48:33,583 DEBUG org.apache.commons.logging.impl.Jdk14Logger [http-nio-8080-exec-2] REQUEST DATA : uri=/api/crm/activity/22021;payload={"closingComment":"dsd"}]
2020-12-07 19:48:33,589 DEBUG org.apache.commons.logging.impl.Jdk14Logger [http-nio-8080-exec-1] After request [uri=/api/crm/activity/22021;client=127.0.0.1;user=sridhar;payload={"closingComment":"dsd"}]
2020-12-07 19:48:33,590 DEBUG org.apache.commons.logging.impl.Jdk14Logger [http-nio-8080-exec-1] REQUEST DATA : uri=/api/crm/activity/22021;payload={"closingComment":"dsd"}]
2020-12-07 19:48:36,025 DEBUG org.apache.commons.logging.impl.Jdk14Logger [http-nio-8080-exec-5] Before request [uri=/api/crm/lead/validLeadStatus]
2020-12-07 19:48:36,026 DEBUG org.apache.commons.logging.impl.Jdk14Logger [http-nio-8080-exec-5] Before request [uri=/api/crm/lead/validLeadStatus;client=127.0.0.1;user=sridhar]
2020-12-07 19:48:36,175 DEBUG org.apache.commons.logging.impl.Jdk14Logger [http-nio-8080-exec-5] After request [uri=/api/crm/lead/validLeadStatus;client=127.0.0.1;user=sridhar]
2020-12-07 19:48:36,180 DEBUG org.apache.commons.logging.impl.Jdk14Logger [http-nio-8080-exec-5] REQUEST DATA : uri=/api/crm/lead/validLeadStatus]
2020-12-07 19:48:36,277 DEBUG org.apache.commons.logging.impl.Jdk14Logger [http-nio-8080-exec-6] Before request [uri=/api/crm/lead/22018]
2020-12-07 19:48:36,278 DEBUG org.apache.commons.logging.impl.Jdk14Logger [http-nio-8080-exec-6] Before request [uri=/api/crm/lead/22018;client=127.0.0.1;user=sridhar]
2020-12-07 19:48:36,362 DEBUG org.apache.commons.logging.impl.Jdk14Logger [http-nio-8080-exec-7] Before request [uri=/api/crm/lead/getallinfo/22018]
2020-12-07 19:48:36,363 DEBUG org.apache.commons.logging.impl.Jdk14Logger [http-nio-8080-exec-7] Before request [uri=/api/crm/lead/getallinfo/22018;client=127.0.0.1;user=sridhar]
2020-12-07 19:48:36,466 WARN org.apache.commons.logging.impl.Jdk14Logger [http-nio-8080-exec-8] JWT Token does not begin with 	Bearer String
2020-12-07 19:48:36,724 DEBUG org.apache.commons.logging.impl.Jdk14Logger [http-nio-8080-exec-6] After request [uri=/api/crm/lead/22018;client=127.0.0.1;user=sridhar]
2020-12-07 19:48:36,725 DEBUG org.apache.commons.logging.impl.Jdk14Logger [http-nio-8080-exec-6] REQUEST DATA : uri=/api/crm/lead/22018]
2020-12-07 19:48:36,791 DEBUG org.apache.commons.logging.impl.Jdk14Logger [http-nio-8080-exec-7] After request [uri=/api/crm/lead/getallinfo/22018;client=127.0.0.1;user=sridhar]
2020-12-07 19:48:36,792 DEBUG org.apache.commons.logging.impl.Jdk14Logger [http-nio-8080-exec-7] REQUEST DATA : uri=/api/crm/lead/getallinfo/22018]
2020-12-07 19:48:40,336 DEBUG org.apache.commons.logging.impl.Jdk14Logger [http-nio-8080-exec-9] Before request [uri=/api/crm/activity/22024]
2020-12-07 19:48:40,337 DEBUG org.apache.commons.logging.impl.Jdk14Logger [http-nio-8080-exec-9] Before request [uri=/api/crm/activity/22024;client=127.0.0.1;user=sridhar]
2020-12-07 19:48:40,369 DEBUG org.apache.commons.logging.impl.Jdk14Logger [http-nio-8080-exec-10] Before request [uri=/user/me]
2020-12-07 19:48:40,370 DEBUG org.apache.commons.logging.impl.Jdk14Logger [http-nio-8080-exec-10] Before request [uri=/user/me;client=127.0.0.1;user=sridhar]
2020-12-07 19:48:40,377 DEBUG org.apache.commons.logging.impl.Jdk14Logger [http-nio-8080-exec-10] After request [uri=/user/me;client=127.0.0.1;user=sridhar]
2020-12-07 19:48:40,378 DEBUG org.apache.commons.logging.impl.Jdk14Logger [http-nio-8080-exec-10] REQUEST DATA : uri=/user/me]
2020-12-07 19:48:40,401 DEBUG org.apache.commons.logging.impl.Jdk14Logger [http-nio-8080-exec-9] After request [uri=/api/crm/activity/22024;client=127.0.0.1;user=sridhar;payload={"closingComment":"sads"}]
2020-12-07 19:48:40,402 DEBUG org.apache.commons.logging.impl.Jdk14Logger [http-nio-8080-exec-9] REQUEST DATA : uri=/api/crm/activity/22024;payload={"closingComment":"sads"}]
2020-12-07 19:48:41,614 DEBUG org.apache.commons.logging.impl.Jdk14Logger [http-nio-8080-exec-3] Before request [uri=/api/crm/lead/validLeadStatus]
2020-12-07 19:48:41,616 DEBUG org.apache.commons.logging.impl.Jdk14Logger [http-nio-8080-exec-3] Before request [uri=/api/crm/lead/validLeadStatus;client=127.0.0.1;user=sridhar]
2020-12-07 19:48:41,626 DEBUG org.apache.commons.logging.impl.Jdk14Logger [http-nio-8080-exec-3] After request [uri=/api/crm/lead/validLeadStatus;client=127.0.0.1;user=sridhar]
2020-12-07 19:48:41,627 DEBUG org.apache.commons.logging.impl.Jdk14Logger [http-nio-8080-exec-3] REQUEST DATA : uri=/api/crm/lead/validLeadStatus]
2020-12-07 19:48:41,699 DEBUG org.apache.commons.logging.impl.Jdk14Logger [http-nio-8080-exec-4] Before request [uri=/api/crm/lead/22018]
2020-12-07 19:48:41,701 DEBUG org.apache.commons.logging.impl.Jdk14Logger [http-nio-8080-exec-4] Before request [uri=/api/crm/lead/22018;client=127.0.0.1;user=sridhar]
2020-12-07 19:48:41,735 DEBUG org.apache.commons.logging.impl.Jdk14Logger [http-nio-8080-exec-4] After request [uri=/api/crm/lead/22018;client=127.0.0.1;user=sridhar]
2020-12-07 19:48:41,736 DEBUG org.apache.commons.logging.impl.Jdk14Logger [http-nio-8080-exec-4] REQUEST DATA : uri=/api/crm/lead/22018]
2020-12-07 19:48:41,757 DEBUG org.apache.commons.logging.impl.Jdk14Logger [http-nio-8080-exec-4] Before request [uri=/api/crm/lead/getallinfo/22018]
2020-12-07 19:48:41,758 DEBUG org.apache.commons.logging.impl.Jdk14Logger [http-nio-8080-exec-4] Before request [uri=/api/crm/lead/getallinfo/22018;client=127.0.0.1;user=sridhar]
2020-12-07 19:48:41,863 DEBUG org.apache.commons.logging.impl.Jdk14Logger [http-nio-8080-exec-4] After request [uri=/api/crm/lead/getallinfo/22018;client=127.0.0.1;user=sridhar]
2020-12-07 19:48:41,864 DEBUG org.apache.commons.logging.impl.Jdk14Logger [http-nio-8080-exec-4] REQUEST DATA : uri=/api/crm/lead/getallinfo/22018]
2020-12-07 19:48:42,343 WARN org.apache.commons.logging.impl.Jdk14Logger [http-nio-8080-exec-1] JWT Token does not begin with 	Bearer String
2020-12-07 19:48:45,097 DEBUG org.apache.commons.logging.impl.Jdk14Logger [http-nio-8080-exec-5] Before request [uri=/api/crm/activity/22025]
2020-12-07 19:48:45,097 DEBUG org.apache.commons.logging.impl.Jdk14Logger [http-nio-8080-exec-5] Before request [uri=/api/crm/activity/22025;client=127.0.0.1;user=sridhar]
2020-12-07 19:48:45,123 DEBUG org.apache.commons.logging.impl.Jdk14Logger [http-nio-8080-exec-8] Before request [uri=/user/me]
2020-12-07 19:48:45,125 DEBUG org.apache.commons.logging.impl.Jdk14Logger [http-nio-8080-exec-8] Before request [uri=/user/me;client=127.0.0.1;user=sridhar]
2020-12-07 19:48:45,131 DEBUG org.apache.commons.logging.impl.Jdk14Logger [http-nio-8080-exec-8] After request [uri=/user/me;client=127.0.0.1;user=sridhar]
2020-12-07 19:48:45,132 DEBUG org.apache.commons.logging.impl.Jdk14Logger [http-nio-8080-exec-8] REQUEST DATA : uri=/user/me]
2020-12-07 19:48:45,152 DEBUG org.apache.commons.logging.impl.Jdk14Logger [http-nio-8080-exec-5] After request [uri=/api/crm/activity/22025;client=127.0.0.1;user=sridhar;payload={"closingComment":"sadd"}]
2020-12-07 19:48:45,153 DEBUG org.apache.commons.logging.impl.Jdk14Logger [http-nio-8080-exec-5] REQUEST DATA : uri=/api/crm/activity/22025;payload={"closingComment":"sadd"}]
2020-12-07 19:48:46,403 DEBUG org.apache.commons.logging.impl.Jdk14Logger [http-nio-8080-exec-6] Before request [uri=/api/crm/lead/validLeadStatus]
2020-12-07 19:48:46,404 DEBUG org.apache.commons.logging.impl.Jdk14Logger [http-nio-8080-exec-6] Before request [uri=/api/crm/lead/validLeadStatus;client=127.0.0.1;user=sridhar]
2020-12-07 19:48:46,416 DEBUG org.apache.commons.logging.impl.Jdk14Logger [http-nio-8080-exec-6] After request [uri=/api/crm/lead/validLeadStatus;client=127.0.0.1;user=sridhar]
2020-12-07 19:48:46,417 DEBUG org.apache.commons.logging.impl.Jdk14Logger [http-nio-8080-exec-6] REQUEST DATA : uri=/api/crm/lead/validLeadStatus]
2020-12-07 19:48:46,471 DEBUG org.apache.commons.logging.impl.Jdk14Logger [http-nio-8080-exec-10] Before request [uri=/api/crm/lead/getallinfo/22018]
2020-12-07 19:48:46,472 DEBUG org.apache.commons.logging.impl.Jdk14Logger [http-nio-8080-exec-10] Before request [uri=/api/crm/lead/getallinfo/22018;client=127.0.0.1;user=sridhar]
2020-12-07 19:48:46,476 DEBUG org.apache.commons.logging.impl.Jdk14Logger [http-nio-8080-exec-7] Before request [uri=/api/crm/lead/22018]
2020-12-07 19:48:46,477 DEBUG org.apache.commons.logging.impl.Jdk14Logger [http-nio-8080-exec-7] Before request [uri=/api/crm/lead/22018;client=127.0.0.1;user=sridhar]
2020-12-07 19:48:46,500 DEBUG org.apache.commons.logging.impl.Jdk14Logger [http-nio-8080-exec-7] After request [uri=/api/crm/lead/22018;client=127.0.0.1;user=sridhar]
2020-12-07 19:48:46,501 DEBUG org.apache.commons.logging.impl.Jdk14Logger [http-nio-8080-exec-7] REQUEST DATA : uri=/api/crm/lead/22018]
2020-12-07 19:48:46,601 DEBUG org.apache.commons.logging.impl.Jdk14Logger [http-nio-8080-exec-10] After request [uri=/api/crm/lead/getallinfo/22018;client=127.0.0.1;user=sridhar]
2020-12-07 19:48:46,603 DEBUG org.apache.commons.logging.impl.Jdk14Logger [http-nio-8080-exec-10] REQUEST DATA : uri=/api/crm/lead/getallinfo/22018]
2020-12-07 19:48:47,036 WARN org.apache.commons.logging.impl.Jdk14Logger [http-nio-8080-exec-9] JWT Token does not begin with 	Bearer String
2020-12-07 19:48:49,117 DEBUG org.apache.commons.logging.impl.Jdk14Logger [http-nio-8080-exec-3] Before request [uri=/api/crm/activity/validActivityTypes]
2020-12-07 19:48:49,118 DEBUG org.apache.commons.logging.impl.Jdk14Logger [http-nio-8080-exec-3] Before request [uri=/api/crm/activity/validActivityTypes;client=127.0.0.1;user=sridhar]
2020-12-07 19:48:49,133 DEBUG org.apache.commons.logging.impl.Jdk14Logger [http-nio-8080-exec-3] After request [uri=/api/crm/activity/validActivityTypes;client=127.0.0.1;user=sridhar]
2020-12-07 19:48:49,134 DEBUG org.apache.commons.logging.impl.Jdk14Logger [http-nio-8080-exec-3] REQUEST DATA : uri=/api/crm/activity/validActivityTypes]
2020-12-07 19:49:09,185 DEBUG org.apache.commons.logging.impl.Jdk14Logger [http-nio-8080-exec-2] Before request [uri=/api/crm/activity/create]
2020-12-07 19:49:09,186 DEBUG org.apache.commons.logging.impl.Jdk14Logger [http-nio-8080-exec-2] Before request [uri=/api/crm/activity/create;client=127.0.0.1;user=sridhar]
2020-12-07 19:49:09,237 DEBUG org.apache.commons.logging.impl.Jdk14Logger [http-nio-8080-exec-4] Before request [uri=/user/me]
2020-12-07 19:49:09,238 DEBUG org.apache.commons.logging.impl.Jdk14Logger [http-nio-8080-exec-4] Before request [uri=/user/me;client=127.0.0.1;user=sridhar]
2020-12-07 19:49:09,245 DEBUG org.apache.commons.logging.impl.Jdk14Logger [http-nio-8080-exec-4] After request [uri=/user/me;client=127.0.0.1;user=sridhar]
2020-12-07 19:49:09,246 DEBUG org.apache.commons.logging.impl.Jdk14Logger [http-nio-8080-exec-4] REQUEST DATA : uri=/user/me]
2020-12-07 19:49:09,302 DEBUG org.apache.commons.logging.impl.Jdk14Logger [http-nio-8080-exec-1] Before request [uri=/user/me]
2020-12-07 19:49:09,303 DEBUG org.apache.commons.logging.impl.Jdk14Logger [http-nio-8080-exec-1] Before request [uri=/user/me;client=127.0.0.1;user=sridhar]
2020-12-07 19:49:09,312 DEBUG org.apache.commons.logging.impl.Jdk14Logger [http-nio-8080-exec-1] After request [uri=/user/me;client=127.0.0.1;user=sridhar]
2020-12-07 19:49:09,313 DEBUG org.apache.commons.logging.impl.Jdk14Logger [http-nio-8080-exec-1] REQUEST DATA : uri=/user/me]
2020-12-07 19:49:09,400 DEBUG org.apache.commons.logging.impl.Jdk14Logger [http-nio-8080-exec-8] Before request [uri=/user/me]
2020-12-07 19:49:09,400 DEBUG org.apache.commons.logging.impl.Jdk14Logger [http-nio-8080-exec-8] Before request [uri=/user/me;client=127.0.0.1;user=sridhar]
2020-12-07 19:49:09,415 DEBUG org.apache.commons.logging.impl.Jdk14Logger [http-nio-8080-exec-8] After request [uri=/user/me;client=127.0.0.1;user=sridhar]
2020-12-07 19:49:09,416 DEBUG org.apache.commons.logging.impl.Jdk14Logger [http-nio-8080-exec-8] REQUEST DATA : uri=/user/me]
2020-12-07 19:49:09,589 DEBUG org.apache.commons.logging.impl.Jdk14Logger [http-nio-8080-exec-2] After request [uri=/api/crm/activity/create;client=127.0.0.1;user=sridhar;payload={"title":"asd","activityDateTime":"2020-12-07 19:55","activityType":"Property_Visit","description":"sadas","leadId":"22018"}]
2020-12-07 19:49:09,590 DEBUG org.apache.commons.logging.impl.Jdk14Logger [http-nio-8080-exec-2] REQUEST DATA : uri=/api/crm/activity/create;payload={"title":"asd","activityDateTime":"2020-12-07 19:55","activityType":"Property_Visit","description":"sadas","leadId":"22018"}]
2020-12-07 19:49:10,828 DEBUG org.apache.commons.logging.impl.Jdk14Logger [http-nio-8080-exec-5] Before request [uri=/api/crm/lead/validLeadStatus]
2020-12-07 19:49:10,829 DEBUG org.apache.commons.logging.impl.Jdk14Logger [http-nio-8080-exec-5] Before request [uri=/api/crm/lead/validLeadStatus;client=127.0.0.1;user=sridhar]
2020-12-07 19:49:10,837 DEBUG org.apache.commons.logging.impl.Jdk14Logger [http-nio-8080-exec-5] After request [uri=/api/crm/lead/validLeadStatus;client=127.0.0.1;user=sridhar]
2020-12-07 19:49:10,838 DEBUG org.apache.commons.logging.impl.Jdk14Logger [http-nio-8080-exec-5] REQUEST DATA : uri=/api/crm/lead/validLeadStatus]
2020-12-07 19:49:10,910 DEBUG org.apache.commons.logging.impl.Jdk14Logger [http-nio-8080-exec-6] Before request [uri=/api/crm/lead/22018]
2020-12-07 19:49:10,910 DEBUG org.apache.commons.logging.impl.Jdk14Logger [http-nio-8080-exec-6] Before request [uri=/api/crm/lead/22018;client=127.0.0.1;user=sridhar]
2020-12-07 19:49:10,929 DEBUG org.apache.commons.logging.impl.Jdk14Logger [http-nio-8080-exec-7] Before request [uri=/api/crm/lead/getallinfo/22018]
2020-12-07 19:49:10,929 DEBUG org.apache.commons.logging.impl.Jdk14Logger [http-nio-8080-exec-6] After request [uri=/api/crm/lead/22018;client=127.0.0.1;user=sridhar]
2020-12-07 19:49:10,930 DEBUG org.apache.commons.logging.impl.Jdk14Logger [http-nio-8080-exec-7] Before request [uri=/api/crm/lead/getallinfo/22018;client=127.0.0.1;user=sridhar]
2020-12-07 19:49:10,932 DEBUG org.apache.commons.logging.impl.Jdk14Logger [http-nio-8080-exec-6] REQUEST DATA : uri=/api/crm/lead/22018]
2020-12-07 19:49:11,164 DEBUG org.apache.commons.logging.impl.Jdk14Logger [http-nio-8080-exec-7] After request [uri=/api/crm/lead/getallinfo/22018;client=127.0.0.1;user=sridhar]
2020-12-07 19:49:11,165 DEBUG org.apache.commons.logging.impl.Jdk14Logger [http-nio-8080-exec-7] REQUEST DATA : uri=/api/crm/lead/getallinfo/22018]
2020-12-07 19:49:11,810 WARN org.apache.commons.logging.impl.Jdk14Logger [http-nio-8080-exec-10] JWT Token does not begin with 	Bearer String
2020-12-07 19:55:27,152 DEBUG org.apache.commons.logging.impl.Jdk14Logger [http-nio-8080-exec-4] Before request [uri=/api/crm/activity/22027]
2020-12-07 19:55:27,157 DEBUG org.apache.commons.logging.impl.Jdk14Logger [http-nio-8080-exec-4] Before request [uri=/api/crm/activity/22027;client=127.0.0.1;user=sridhar]
2020-12-07 19:55:33,139 DEBUG org.apache.commons.logging.impl.Jdk14Logger [http-nio-8080-exec-1] Before request [uri=/api/crm/activity/22027]
2020-12-07 19:55:33,140 DEBUG org.apache.commons.logging.impl.Jdk14Logger [http-nio-8080-exec-1] Before request [uri=/api/crm/activity/22027;client=127.0.0.1;user=sridhar]
2020-12-07 19:55:33,182 DEBUG org.apache.commons.logging.impl.Jdk14Logger [http-nio-8080-exec-8] Before request [uri=/user/me]
2020-12-07 19:55:33,183 DEBUG org.apache.commons.logging.impl.Jdk14Logger [http-nio-8080-exec-2] Before request [uri=/user/me]
2020-12-07 19:55:33,183 DEBUG org.apache.commons.logging.impl.Jdk14Logger [http-nio-8080-exec-8] Before request [uri=/user/me;client=127.0.0.1;user=sridhar]
2020-12-07 19:55:33,184 DEBUG org.apache.commons.logging.impl.Jdk14Logger [http-nio-8080-exec-2] Before request [uri=/user/me;client=127.0.0.1;user=sridhar]
2020-12-07 19:55:33,200 DEBUG org.apache.commons.logging.impl.Jdk14Logger [http-nio-8080-exec-2] After request [uri=/user/me;client=127.0.0.1;user=sridhar]
2020-12-07 19:55:33,202 DEBUG org.apache.commons.logging.impl.Jdk14Logger [http-nio-8080-exec-8] After request [uri=/user/me;client=127.0.0.1;user=sridhar]
2020-12-07 19:55:33,203 DEBUG org.apache.commons.logging.impl.Jdk14Logger [http-nio-8080-exec-8] REQUEST DATA : uri=/user/me]
2020-12-07 19:55:33,206 DEBUG org.apache.commons.logging.impl.Jdk14Logger [http-nio-8080-exec-2] REQUEST DATA : uri=/user/me]
2020-12-07 19:55:33,513 DEBUG org.apache.commons.logging.impl.Jdk14Logger [http-nio-8080-exec-5] Before request [uri=/user/me]
2020-12-07 19:55:33,516 DEBUG org.apache.commons.logging.impl.Jdk14Logger [http-nio-8080-exec-5] Before request [uri=/user/me;client=127.0.0.1;user=sridhar]
2020-12-07 19:55:33,533 DEBUG org.apache.commons.logging.impl.Jdk14Logger [http-nio-8080-exec-5] After request [uri=/user/me;client=127.0.0.1;user=sridhar]
2020-12-07 19:55:33,536 DEBUG org.apache.commons.logging.impl.Jdk14Logger [http-nio-8080-exec-5] REQUEST DATA : uri=/user/me]
2020-12-07 19:55:33,764 DEBUG org.apache.commons.logging.impl.Jdk14Logger [http-nio-8080-exec-6] Before request [uri=/user/me]
2020-12-07 19:55:33,767 DEBUG org.apache.commons.logging.impl.Jdk14Logger [http-nio-8080-exec-6] Before request [uri=/user/me;client=127.0.0.1;user=sridhar]
2020-12-07 19:55:33,767 DEBUG org.apache.commons.logging.impl.Jdk14Logger [http-nio-8080-exec-4] After request [uri=/api/crm/activity/22027;client=127.0.0.1;user=sridhar;payload={"closingComment":"xcz"}]
2020-12-07 19:55:33,768 DEBUG org.apache.commons.logging.impl.Jdk14Logger [http-nio-8080-exec-4] REQUEST DATA : uri=/api/crm/activity/22027;payload={"closingComment":"xcz"}]
2020-12-07 19:55:33,774 DEBUG org.apache.commons.logging.impl.Jdk14Logger [http-nio-8080-exec-6] After request [uri=/user/me;client=127.0.0.1;user=sridhar]
2020-12-07 19:55:33,775 DEBUG org.apache.commons.logging.impl.Jdk14Logger [http-nio-8080-exec-6] REQUEST DATA : uri=/user/me]
2020-12-07 19:55:33,824 DEBUG org.apache.commons.logging.impl.Jdk14Logger [http-nio-8080-exec-1] After request [uri=/api/crm/activity/22027;client=127.0.0.1;user=sridhar;payload={"closingComment":"xcz"}]
2020-12-07 19:55:33,825 DEBUG org.apache.commons.logging.impl.Jdk14Logger [http-nio-8080-exec-1] REQUEST DATA : uri=/api/crm/activity/22027;payload={"closingComment":"xcz"}]
2020-12-07 19:55:35,585 DEBUG org.apache.commons.logging.impl.Jdk14Logger [http-nio-8080-exec-7] Before request [uri=/api/crm/lead/validLeadStatus]
2020-12-07 19:55:35,586 DEBUG org.apache.commons.logging.impl.Jdk14Logger [http-nio-8080-exec-7] Before request [uri=/api/crm/lead/validLeadStatus;client=127.0.0.1;user=sridhar]
2020-12-07 19:55:35,657 DEBUG org.apache.commons.logging.impl.Jdk14Logger [http-nio-8080-exec-7] After request [uri=/api/crm/lead/validLeadStatus;client=127.0.0.1;user=sridhar]
2020-12-07 19:55:35,658 DEBUG org.apache.commons.logging.impl.Jdk14Logger [http-nio-8080-exec-7] REQUEST DATA : uri=/api/crm/lead/validLeadStatus]
2020-12-07 19:55:35,730 DEBUG org.apache.commons.logging.impl.Jdk14Logger [http-nio-8080-exec-10] Before request [uri=/api/crm/lead/22018]
2020-12-07 19:55:35,732 DEBUG org.apache.commons.logging.impl.Jdk14Logger [http-nio-8080-exec-10] Before request [uri=/api/crm/lead/22018;client=127.0.0.1;user=sridhar]
2020-12-07 19:55:35,769 DEBUG org.apache.commons.logging.impl.Jdk14Logger [http-nio-8080-exec-9] Before request [uri=/api/crm/lead/getallinfo/22018]
2020-12-07 19:55:35,770 DEBUG org.apache.commons.logging.impl.Jdk14Logger [http-nio-8080-exec-9] Before request [uri=/api/crm/lead/getallinfo/22018;client=127.0.0.1;user=sridhar]
2020-12-07 19:55:36,047 WARN org.apache.commons.logging.impl.Jdk14Logger [http-nio-8080-exec-3] JWT Token does not begin with 	Bearer String
2020-12-07 19:55:36,072 DEBUG org.apache.commons.logging.impl.Jdk14Logger [http-nio-8080-exec-10] After request [uri=/api/crm/lead/22018;client=127.0.0.1;user=sridhar]
2020-12-07 19:55:36,074 DEBUG org.apache.commons.logging.impl.Jdk14Logger [http-nio-8080-exec-10] REQUEST DATA : uri=/api/crm/lead/22018]
2020-12-07 19:55:36,179 DEBUG org.apache.commons.logging.impl.Jdk14Logger [http-nio-8080-exec-9] After request [uri=/api/crm/lead/getallinfo/22018;client=127.0.0.1;user=sridhar]
2020-12-07 19:55:36,181 DEBUG org.apache.commons.logging.impl.Jdk14Logger [http-nio-8080-exec-9] REQUEST DATA : uri=/api/crm/lead/getallinfo/22018]
2020-12-07 19:55:40,463 DEBUG org.apache.commons.logging.impl.Jdk14Logger [http-nio-8080-exec-8] Before request [uri=/api/crm/activity/validActivityTypes]
2020-12-07 19:55:40,465 DEBUG org.apache.commons.logging.impl.Jdk14Logger [http-nio-8080-exec-8] Before request [uri=/api/crm/activity/validActivityTypes;client=127.0.0.1;user=sridhar]
2020-12-07 19:55:40,479 DEBUG org.apache.commons.logging.impl.Jdk14Logger [http-nio-8080-exec-8] After request [uri=/api/crm/activity/validActivityTypes;client=127.0.0.1;user=sridhar]
2020-12-07 19:55:40,480 DEBUG org.apache.commons.logging.impl.Jdk14Logger [http-nio-8080-exec-8] REQUEST DATA : uri=/api/crm/activity/validActivityTypes]
2020-12-07 19:55:52,932 DEBUG org.apache.commons.logging.impl.Jdk14Logger [http-nio-8080-exec-2] Before request [uri=/api/crm/activity/create]
2020-12-07 19:55:52,935 DEBUG org.apache.commons.logging.impl.Jdk14Logger [http-nio-8080-exec-2] Before request [uri=/api/crm/activity/create;client=127.0.0.1;user=sridhar]
2020-12-07 19:55:52,992 DEBUG org.apache.commons.logging.impl.Jdk14Logger [http-nio-8080-exec-5] Before request [uri=/user/me]
2020-12-07 19:55:52,992 DEBUG org.apache.commons.logging.impl.Jdk14Logger [http-nio-8080-exec-5] Before request [uri=/user/me;client=127.0.0.1;user=sridhar]
2020-12-07 19:55:52,998 DEBUG org.apache.commons.logging.impl.Jdk14Logger [http-nio-8080-exec-5] After request [uri=/user/me;client=127.0.0.1;user=sridhar]
2020-12-07 19:55:53,000 DEBUG org.apache.commons.logging.impl.Jdk14Logger [http-nio-8080-exec-5] REQUEST DATA : uri=/user/me]
2020-12-07 19:55:53,040 DEBUG org.apache.commons.logging.impl.Jdk14Logger [http-nio-8080-exec-4] Before request [uri=/user/me]
2020-12-07 19:55:53,041 DEBUG org.apache.commons.logging.impl.Jdk14Logger [http-nio-8080-exec-4] Before request [uri=/user/me;client=127.0.0.1;user=sridhar]
2020-12-07 19:55:53,047 DEBUG org.apache.commons.logging.impl.Jdk14Logger [http-nio-8080-exec-4] After request [uri=/user/me;client=127.0.0.1;user=sridhar]
2020-12-07 19:55:53,048 DEBUG org.apache.commons.logging.impl.Jdk14Logger [http-nio-8080-exec-4] REQUEST DATA : uri=/user/me]
2020-12-07 19:55:53,115 DEBUG org.apache.commons.logging.impl.Jdk14Logger [http-nio-8080-exec-2] After request [uri=/api/crm/activity/create;client=127.0.0.1;user=sridhar;payload={"title":"zxc","activityDateTime":"2020-12-07 20:00","activityType":"Meeting","description":"xzc","leadId":"22018"}]
2020-12-07 19:55:53,116 DEBUG org.apache.commons.logging.impl.Jdk14Logger [http-nio-8080-exec-2] REQUEST DATA : uri=/api/crm/activity/create;payload={"title":"zxc","activityDateTime":"2020-12-07 20:00","activityType":"Meeting","description":"xzc","leadId":"22018"}]
2020-12-07 19:55:54,547 DEBUG org.apache.commons.logging.impl.Jdk14Logger [http-nio-8080-exec-6] Before request [uri=/api/crm/lead/validLeadStatus]
2020-12-07 19:55:54,551 DEBUG org.apache.commons.logging.impl.Jdk14Logger [http-nio-8080-exec-6] Before request [uri=/api/crm/lead/validLeadStatus;client=127.0.0.1;user=sridhar]
2020-12-07 19:55:54,562 DEBUG org.apache.commons.logging.impl.Jdk14Logger [http-nio-8080-exec-6] After request [uri=/api/crm/lead/validLeadStatus;client=127.0.0.1;user=sridhar]
2020-12-07 19:55:54,563 DEBUG org.apache.commons.logging.impl.Jdk14Logger [http-nio-8080-exec-6] REQUEST DATA : uri=/api/crm/lead/validLeadStatus]
2020-12-07 19:55:54,963 DEBUG org.apache.commons.logging.impl.Jdk14Logger [http-nio-8080-exec-7] Before request [uri=/api/crm/lead/getallinfo/22018]
2020-12-07 19:55:54,963 DEBUG org.apache.commons.logging.impl.Jdk14Logger [http-nio-8080-exec-1] Before request [uri=/api/crm/lead/22018]
2020-12-07 19:55:54,964 DEBUG org.apache.commons.logging.impl.Jdk14Logger [http-nio-8080-exec-7] Before request [uri=/api/crm/lead/getallinfo/22018;client=127.0.0.1;user=sridhar]
2020-12-07 19:55:54,964 DEBUG org.apache.commons.logging.impl.Jdk14Logger [http-nio-8080-exec-1] Before request [uri=/api/crm/lead/22018;client=127.0.0.1;user=sridhar]
2020-12-07 19:55:55,015 DEBUG org.apache.commons.logging.impl.Jdk14Logger [http-nio-8080-exec-1] After request [uri=/api/crm/lead/22018;client=127.0.0.1;user=sridhar]
2020-12-07 19:55:55,016 DEBUG org.apache.commons.logging.impl.Jdk14Logger [http-nio-8080-exec-1] REQUEST DATA : uri=/api/crm/lead/22018]
2020-12-07 19:55:55,484 DEBUG org.apache.commons.logging.impl.Jdk14Logger [http-nio-8080-exec-7] After request [uri=/api/crm/lead/getallinfo/22018;client=127.0.0.1;user=sridhar]
2020-12-07 19:55:55,486 DEBUG org.apache.commons.logging.impl.Jdk14Logger [http-nio-8080-exec-7] REQUEST DATA : uri=/api/crm/lead/getallinfo/22018]
2020-12-07 19:55:56,583 WARN org.apache.commons.logging.impl.Jdk14Logger [http-nio-8080-exec-3] JWT Token does not begin with 	Bearer String
2020-12-07 20:00:44,678 DEBUG org.apache.commons.logging.impl.Jdk14Logger [http-nio-8080-exec-8] Before request [uri=/api/crm/activity/22033]
2020-12-07 20:00:44,683 DEBUG org.apache.commons.logging.impl.Jdk14Logger [http-nio-8080-exec-8] Before request [uri=/api/crm/activity/22033;client=127.0.0.1;user=sridhar]
2020-12-07 20:00:50,826 DEBUG org.apache.commons.logging.impl.Jdk14Logger [http-nio-8080-exec-5] Before request [uri=/user/me]
2020-12-07 20:00:50,827 DEBUG org.apache.commons.logging.impl.Jdk14Logger [http-nio-8080-exec-5] Before request [uri=/user/me;client=127.0.0.1;user=sridhar]
2020-12-07 20:00:50,836 DEBUG org.apache.commons.logging.impl.Jdk14Logger [http-nio-8080-exec-5] After request [uri=/user/me;client=127.0.0.1;user=sridhar]
2020-12-07 20:00:50,837 DEBUG org.apache.commons.logging.impl.Jdk14Logger [http-nio-8080-exec-5] REQUEST DATA : uri=/user/me]
2020-12-07 20:00:50,982 DEBUG org.apache.commons.logging.impl.Jdk14Logger [http-nio-8080-exec-8] After request [uri=/api/crm/activity/22033;client=127.0.0.1;user=sridhar;payload={"closingComment":"nnm"}]
2020-12-07 20:00:50,983 DEBUG org.apache.commons.logging.impl.Jdk14Logger [http-nio-8080-exec-8] REQUEST DATA : uri=/api/crm/activity/22033;payload={"closingComment":"nnm"}]
2020-12-07 20:00:52,778 DEBUG org.apache.commons.logging.impl.Jdk14Logger [http-nio-8080-exec-4] Before request [uri=/api/crm/lead/validLeadStatus]
2020-12-07 20:00:52,780 DEBUG org.apache.commons.logging.impl.Jdk14Logger [http-nio-8080-exec-4] Before request [uri=/api/crm/lead/validLeadStatus;client=127.0.0.1;user=sridhar]
2020-12-07 20:00:53,075 DEBUG org.apache.commons.logging.impl.Jdk14Logger [http-nio-8080-exec-4] After request [uri=/api/crm/lead/validLeadStatus;client=127.0.0.1;user=sridhar]
2020-12-07 20:00:53,076 DEBUG org.apache.commons.logging.impl.Jdk14Logger [http-nio-8080-exec-4] REQUEST DATA : uri=/api/crm/lead/validLeadStatus]
2020-12-07 20:00:53,197 DEBUG org.apache.commons.logging.impl.Jdk14Logger [http-nio-8080-exec-6] Before request [uri=/api/crm/lead/getallinfo/22018]
2020-12-07 20:00:53,198 DEBUG org.apache.commons.logging.impl.Jdk14Logger [http-nio-8080-exec-6] Before request [uri=/api/crm/lead/getallinfo/22018;client=127.0.0.1;user=sridhar]
2020-12-07 20:00:53,215 DEBUG org.apache.commons.logging.impl.Jdk14Logger [http-nio-8080-exec-2] Before request [uri=/api/crm/lead/22018]
2020-12-07 20:00:53,217 DEBUG org.apache.commons.logging.impl.Jdk14Logger [http-nio-8080-exec-2] Before request [uri=/api/crm/lead/22018;client=127.0.0.1;user=sridhar]
2020-12-07 20:00:53,278 WARN org.apache.commons.logging.impl.Jdk14Logger [http-nio-8080-exec-1] JWT Token does not begin with 	Bearer String
2020-12-07 20:00:53,394 DEBUG org.apache.commons.logging.impl.Jdk14Logger [http-nio-8080-exec-2] After request [uri=/api/crm/lead/22018;client=127.0.0.1;user=sridhar]
2020-12-07 20:00:53,395 DEBUG org.apache.commons.logging.impl.Jdk14Logger [http-nio-8080-exec-2] REQUEST DATA : uri=/api/crm/lead/22018]
2020-12-07 20:00:53,501 DEBUG org.apache.commons.logging.impl.Jdk14Logger [http-nio-8080-exec-6] After request [uri=/api/crm/lead/getallinfo/22018;client=127.0.0.1;user=sridhar]
2020-12-07 20:00:53,501 DEBUG org.apache.commons.logging.impl.Jdk14Logger [http-nio-8080-exec-6] REQUEST DATA : uri=/api/crm/lead/getallinfo/22018]
2020-12-07 20:00:55,048 DEBUG org.apache.commons.logging.impl.Jdk14Logger [http-nio-8080-exec-7] Before request [uri=/api/crm/activity/validActivityTypes]
2020-12-07 20:00:55,049 DEBUG org.apache.commons.logging.impl.Jdk14Logger [http-nio-8080-exec-7] Before request [uri=/api/crm/activity/validActivityTypes;client=127.0.0.1;user=sridhar]
2020-12-07 20:00:55,059 DEBUG org.apache.commons.logging.impl.Jdk14Logger [http-nio-8080-exec-7] After request [uri=/api/crm/activity/validActivityTypes;client=127.0.0.1;user=sridhar]
2020-12-07 20:00:55,060 DEBUG org.apache.commons.logging.impl.Jdk14Logger [http-nio-8080-exec-7] REQUEST DATA : uri=/api/crm/activity/validActivityTypes]
2020-12-07 20:01:08,767 DEBUG org.apache.commons.logging.impl.Jdk14Logger [http-nio-8080-exec-3] Before request [uri=/api/crm/activity/create]
2020-12-07 20:01:08,769 DEBUG org.apache.commons.logging.impl.Jdk14Logger [http-nio-8080-exec-3] Before request [uri=/api/crm/activity/create;client=127.0.0.1;user=sridhar]
2020-12-07 20:01:08,817 DEBUG org.apache.commons.logging.impl.Jdk14Logger [http-nio-8080-exec-9] Before request [uri=/user/me]
2020-12-07 20:01:08,818 DEBUG org.apache.commons.logging.impl.Jdk14Logger [http-nio-8080-exec-9] Before request [uri=/user/me;client=127.0.0.1;user=sridhar]
2020-12-07 20:01:08,822 DEBUG org.apache.commons.logging.impl.Jdk14Logger [http-nio-8080-exec-9] After request [uri=/user/me;client=127.0.0.1;user=sridhar]
2020-12-07 20:01:08,824 DEBUG org.apache.commons.logging.impl.Jdk14Logger [http-nio-8080-exec-9] REQUEST DATA : uri=/user/me]
2020-12-07 20:01:08,888 DEBUG org.apache.commons.logging.impl.Jdk14Logger [http-nio-8080-exec-10] Before request [uri=/user/me]
2020-12-07 20:01:08,890 DEBUG org.apache.commons.logging.impl.Jdk14Logger [http-nio-8080-exec-10] Before request [uri=/user/me;client=127.0.0.1;user=sridhar]
2020-12-07 20:01:08,898 DEBUG org.apache.commons.logging.impl.Jdk14Logger [http-nio-8080-exec-10] After request [uri=/user/me;client=127.0.0.1;user=sridhar]
2020-12-07 20:01:08,898 DEBUG org.apache.commons.logging.impl.Jdk14Logger [http-nio-8080-exec-10] REQUEST DATA : uri=/user/me]
2020-12-07 20:01:08,951 DEBUG org.apache.commons.logging.impl.Jdk14Logger [http-nio-8080-exec-3] After request [uri=/api/crm/activity/create;client=127.0.0.1;user=sridhar;payload={"title":"mm","activityDateTime":"2020-12-07 20:04","activityType":"Reminder","description":"nn","leadId":"22018"}]
2020-12-07 20:01:08,952 DEBUG org.apache.commons.logging.impl.Jdk14Logger [http-nio-8080-exec-3] REQUEST DATA : uri=/api/crm/activity/create;payload={"title":"mm","activityDateTime":"2020-12-07 20:04","activityType":"Reminder","description":"nn","leadId":"22018"}]
2020-12-07 20:01:10,111 DEBUG org.apache.commons.logging.impl.Jdk14Logger [http-nio-8080-exec-5] Before request [uri=/api/crm/lead/validLeadStatus]
2020-12-07 20:01:10,112 DEBUG org.apache.commons.logging.impl.Jdk14Logger [http-nio-8080-exec-5] Before request [uri=/api/crm/lead/validLeadStatus;client=127.0.0.1;user=sridhar]
2020-12-07 20:01:10,120 DEBUG org.apache.commons.logging.impl.Jdk14Logger [http-nio-8080-exec-5] After request [uri=/api/crm/lead/validLeadStatus;client=127.0.0.1;user=sridhar]
2020-12-07 20:01:10,121 DEBUG org.apache.commons.logging.impl.Jdk14Logger [http-nio-8080-exec-5] REQUEST DATA : uri=/api/crm/lead/validLeadStatus]
2020-12-07 20:01:10,257 DEBUG org.apache.commons.logging.impl.Jdk14Logger [http-nio-8080-exec-8] Before request [uri=/api/crm/lead/22018]
2020-12-07 20:01:10,258 DEBUG org.apache.commons.logging.impl.Jdk14Logger [http-nio-8080-exec-8] Before request [uri=/api/crm/lead/22018;client=127.0.0.1;user=sridhar]
2020-12-07 20:01:10,269 DEBUG org.apache.commons.logging.impl.Jdk14Logger [http-nio-8080-exec-4] Before request [uri=/api/crm/lead/getallinfo/22018]
2020-12-07 20:01:10,270 DEBUG org.apache.commons.logging.impl.Jdk14Logger [http-nio-8080-exec-4] Before request [uri=/api/crm/lead/getallinfo/22018;client=127.0.0.1;user=sridhar]
2020-12-07 20:01:10,280 DEBUG org.apache.commons.logging.impl.Jdk14Logger [http-nio-8080-exec-8] After request [uri=/api/crm/lead/22018;client=127.0.0.1;user=sridhar]
2020-12-07 20:01:10,281 DEBUG org.apache.commons.logging.impl.Jdk14Logger [http-nio-8080-exec-8] REQUEST DATA : uri=/api/crm/lead/22018]
2020-12-07 20:01:10,459 WARN org.apache.commons.logging.impl.Jdk14Logger [http-nio-8080-exec-1] JWT Token does not begin with 	Bearer String
2020-12-07 20:01:10,557 DEBUG org.apache.commons.logging.impl.Jdk14Logger [http-nio-8080-exec-4] After request [uri=/api/crm/lead/getallinfo/22018;client=127.0.0.1;user=sridhar]
2020-12-07 20:01:10,558 DEBUG org.apache.commons.logging.impl.Jdk14Logger [http-nio-8080-exec-4] REQUEST DATA : uri=/api/crm/lead/getallinfo/22018]
2020-12-07 20:01:31,111 WARN org.apache.commons.logging.impl.Jdk14Logger [http-nio-8080-exec-2] JWT Token does not begin with 	Bearer String
2020-12-07 20:01:31,126 DEBUG org.apache.commons.logging.impl.Jdk14Logger [http-nio-8080-exec-2] Before request [uri=/notification/send]
2020-12-07 20:01:31,127 DEBUG org.apache.commons.logging.impl.Jdk14Logger [http-nio-8080-exec-2] Before request [uri=/notification/send;client=127.0.0.1]
2020-12-07 20:01:31,230 DEBUG org.apache.commons.logging.impl.Jdk14Logger [http-nio-8080-exec-2] After request [uri=/notification/send;client=127.0.0.1;payload={"targetUserId":null,"title":"Upcoming Activity for - Test2","body":"Activity Type - Reminder. Time -20:04"}]
2020-12-07 20:01:31,231 DEBUG org.apache.commons.logging.impl.Jdk14Logger [http-nio-8080-exec-2] REQUEST DATA : uri=/notification/send;payload={"targetUserId":null,"title":"Upcoming Activity for - Test2","body":"Activity Type - Reminder. Time -20:04"}]
2020-12-07 20:01:31,242 ERROR org.apache.juli.logging.DirectJDKLog [http-nio-8080-exec-2] Servlet.service() for servlet [dispatcherServlet] in context with path [] threw exception [Request processing failed; nested exception is java.lang.Exception: Noe token record found for user.] with root cause
java.lang.Exception: Noe token record found for user.
	at com.ec.common.Service.AndroidTokenDetailsService.findTokenForUser(AndroidTokenDetailsService.java:87)
	at com.ec.common.Service.GatewayNotificationService.sendPnsToDevice(GatewayNotificationService.java:66)
	at com.ec.common.Controller.AndroidNotificationController.sendPnsToDevice(AndroidNotificationController.java:22)
	at sun.reflect.NativeMethodAccessorImpl.invoke0(Native Method)
	at sun.reflect.NativeMethodAccessorImpl.invoke(NativeMethodAccessorImpl.java:62)
	at sun.reflect.DelegatingMethodAccessorImpl.invoke(DelegatingMethodAccessorImpl.java:43)
	at java.lang.reflect.Method.invoke(Method.java:498)
	at org.springframework.web.method.support.InvocableHandlerMethod.doInvoke(InvocableHandlerMethod.java:209)
	at org.springframework.web.method.support.InvocableHandlerMethod.invokeForRequest(InvocableHandlerMethod.java:136)
	at org.springframework.web.servlet.mvc.method.annotation.ServletInvocableHandlerMethod.invokeAndHandle(ServletInvocableHandlerMethod.java:102)
	at org.springframework.web.servlet.mvc.method.annotation.RequestMappingHandlerAdapter.invokeHandlerMethod(RequestMappingHandlerAdapter.java:891)
	at org.springframework.web.servlet.mvc.method.annotation.RequestMappingHandlerAdapter.handleInternal(RequestMappingHandlerAdapter.java:797)
	at org.springframework.web.servlet.mvc.method.AbstractHandlerMethodAdapter.handle(AbstractHandlerMethodAdapter.java:87)
	at org.springframework.web.servlet.DispatcherServlet.doDispatch(DispatcherServlet.java:991)
	at org.springframework.web.servlet.DispatcherServlet.doService(DispatcherServlet.java:925)
	at org.springframework.web.servlet.FrameworkServlet.processRequest(FrameworkServlet.java:974)
	at org.springframework.web.servlet.FrameworkServlet.doPost(FrameworkServlet.java:877)
	at javax.servlet.http.HttpServlet.service(HttpServlet.java:661)
	at org.springframework.web.servlet.FrameworkServlet.service(FrameworkServlet.java:851)
	at javax.servlet.http.HttpServlet.service(HttpServlet.java:742)
	at org.apache.catalina.core.ApplicationFilterChain.internalDoFilter(ApplicationFilterChain.java:231)
	at org.apache.catalina.core.ApplicationFilterChain.doFilter(ApplicationFilterChain.java:166)
	at org.apache.tomcat.websocket.server.WsFilter.doFilter(WsFilter.java:52)
	at org.apache.catalina.core.ApplicationFilterChain.internalDoFilter(ApplicationFilterChain.java:193)
	at org.apache.catalina.core.ApplicationFilterChain.doFilter(ApplicationFilterChain.java:166)
	at org.springframework.web.filter.AbstractRequestLoggingFilter.doFilterInternal(AbstractRequestLoggingFilter.java:246)
	at org.springframework.web.filter.OncePerRequestFilter.doFilter(OncePerRequestFilter.java:107)
	at org.apache.catalina.core.ApplicationFilterChain.internalDoFilter(ApplicationFilterChain.java:193)
	at org.apache.catalina.core.ApplicationFilterChain.doFilter(ApplicationFilterChain.java:166)
	at org.springframework.web.filter.AbstractRequestLoggingFilter.doFilterInternal(AbstractRequestLoggingFilter.java:246)
	at org.springframework.web.filter.OncePerRequestFilter.doFilter(OncePerRequestFilter.java:107)
	at org.apache.catalina.core.ApplicationFilterChain.internalDoFilter(ApplicationFilterChain.java:193)
	at org.apache.catalina.core.ApplicationFilterChain.doFilter(ApplicationFilterChain.java:166)
	at org.springframework.web.filter.OncePerRequestFilter.doFilter(OncePerRequestFilter.java:101)
	at org.apache.catalina.core.ApplicationFilterChain.internalDoFilter(ApplicationFilterChain.java:193)
	at org.apache.catalina.core.ApplicationFilterChain.doFilter(ApplicationFilterChain.java:166)
	at org.springframework.boot.actuate.web.trace.servlet.HttpTraceFilter.doFilterInternal(HttpTraceFilter.java:90)
	at org.springframework.web.filter.OncePerRequestFilter.doFilter(OncePerRequestFilter.java:107)
	at org.apache.catalina.core.ApplicationFilterChain.internalDoFilter(ApplicationFilterChain.java:193)
	at org.apache.catalina.core.ApplicationFilterChain.doFilter(ApplicationFilterChain.java:166)
	at org.springframework.security.web.FilterChainProxy$VirtualFilterChain.doFilter(FilterChainProxy.java:320)
	at org.springframework.security.web.access.intercept.FilterSecurityInterceptor.invoke(FilterSecurityInterceptor.java:127)
	at org.springframework.security.web.access.intercept.FilterSecurityInterceptor.doFilter(FilterSecurityInterceptor.java:91)
	at org.springframework.security.web.FilterChainProxy$VirtualFilterChain.doFilter(FilterChainProxy.java:334)
	at org.springframework.security.web.access.ExceptionTranslationFilter.doFilter(ExceptionTranslationFilter.java:119)
	at org.springframework.security.web.FilterChainProxy$VirtualFilterChain.doFilter(FilterChainProxy.java:334)
	at org.springframework.security.web.session.SessionManagementFilter.doFilter(SessionManagementFilter.java:137)
	at org.springframework.security.web.FilterChainProxy$VirtualFilterChain.doFilter(FilterChainProxy.java:334)
	at org.springframework.security.web.authentication.AnonymousAuthenticationFilter.doFilter(AnonymousAuthenticationFilter.java:111)
	at org.springframework.security.web.FilterChainProxy$VirtualFilterChain.doFilter(FilterChainProxy.java:334)
	at org.springframework.security.web.servletapi.SecurityContextHolderAwareRequestFilter.doFilter(SecurityContextHolderAwareRequestFilter.java:170)
	at org.springframework.security.web.FilterChainProxy$VirtualFilterChain.doFilter(FilterChainProxy.java:334)
	at org.springframework.security.web.savedrequest.RequestCacheAwareFilter.doFilter(RequestCacheAwareFilter.java:63)
	at org.springframework.security.web.FilterChainProxy$VirtualFilterChain.doFilter(FilterChainProxy.java:334)
	at com.ec.common.JWTUtils.JwtRequestFilter.doFilterInternal(JwtRequestFilter.java:60)
	at org.springframework.web.filter.OncePerRequestFilter.doFilter(OncePerRequestFilter.java:107)
	at org.springframework.security.web.FilterChainProxy$VirtualFilterChain.doFilter(FilterChainProxy.java:334)
	at org.springframework.security.web.authentication.logout.LogoutFilter.doFilter(LogoutFilter.java:116)
	at org.springframework.security.web.FilterChainProxy$VirtualFilterChain.doFilter(FilterChainProxy.java:334)
	at org.springframework.web.filter.CorsFilter.doFilterInternal(CorsFilter.java:96)
	at org.springframework.web.filter.OncePerRequestFilter.doFilter(OncePerRequestFilter.java:107)
	at org.springframework.security.web.FilterChainProxy$VirtualFilterChain.doFilter(FilterChainProxy.java:334)
	at org.springframework.security.web.header.HeaderWriterFilter.doFilterInternal(HeaderWriterFilter.java:66)
	at org.springframework.web.filter.OncePerRequestFilter.doFilter(OncePerRequestFilter.java:107)
	at org.springframework.security.web.FilterChainProxy$VirtualFilterChain.doFilter(FilterChainProxy.java:334)
	at org.springframework.security.web.context.SecurityContextPersistenceFilter.doFilter(SecurityContextPersistenceFilter.java:105)
	at org.springframework.security.web.FilterChainProxy$VirtualFilterChain.doFilter(FilterChainProxy.java:334)
	at org.springframework.security.web.context.request.async.WebAsyncManagerIntegrationFilter.doFilterInternal(WebAsyncManagerIntegrationFilter.java:56)
	at org.springframework.web.filter.OncePerRequestFilter.doFilter(OncePerRequestFilter.java:107)
	at org.springframework.security.web.FilterChainProxy$VirtualFilterChain.doFilter(FilterChainProxy.java:334)
	at org.springframework.security.web.FilterChainProxy.doFilterInternal(FilterChainProxy.java:215)
	at org.springframework.security.web.FilterChainProxy.doFilter(FilterChainProxy.java:178)
	at org.springframework.web.filter.DelegatingFilterProxy.invokeDelegate(DelegatingFilterProxy.java:357)
	at org.springframework.web.filter.DelegatingFilterProxy.doFilter(DelegatingFilterProxy.java:270)
	at org.apache.catalina.core.ApplicationFilterChain.internalDoFilter(ApplicationFilterChain.java:193)
	at org.apache.catalina.core.ApplicationFilterChain.doFilter(ApplicationFilterChain.java:166)
	at org.springframework.boot.actuate.metrics.web.servlet.WebMvcMetricsFilter.filterAndRecordMetrics(WebMvcMetricsFilter.java:155)
	at org.springframework.boot.actuate.metrics.web.servlet.WebMvcMetricsFilter.filterAndRecordMetrics(WebMvcMetricsFilter.java:123)
	at org.springframework.boot.actuate.metrics.web.servlet.WebMvcMetricsFilter.doFilterInternal(WebMvcMetricsFilter.java:108)
	at org.springframework.web.filter.OncePerRequestFilter.doFilter(OncePerRequestFilter.java:107)
	at org.apache.catalina.core.ApplicationFilterChain.internalDoFilter(ApplicationFilterChain.java:193)
	at org.apache.catalina.core.ApplicationFilterChain.doFilter(ApplicationFilterChain.java:166)
	at org.springframework.web.filter.CharacterEncodingFilter.doFilterInternal(CharacterEncodingFilter.java:200)
	at org.springframework.web.filter.OncePerRequestFilter.doFilter(OncePerRequestFilter.java:107)
	at org.apache.catalina.core.ApplicationFilterChain.internalDoFilter(ApplicationFilterChain.java:193)
	at org.apache.catalina.core.ApplicationFilterChain.doFilter(ApplicationFilterChain.java:166)
	at org.apache.catalina.core.StandardWrapperValve.invoke(StandardWrapperValve.java:198)
	at org.apache.catalina.core.StandardContextValve.invoke(StandardContextValve.java:96)
	at org.apache.catalina.authenticator.AuthenticatorBase.invoke(AuthenticatorBase.java:493)
	at org.apache.catalina.core.StandardHostValve.invoke(StandardHostValve.java:140)
	at org.apache.catalina.valves.ErrorReportValve.invoke(ErrorReportValve.java:81)
	at org.apache.catalina.core.StandardEngineValve.invoke(StandardEngineValve.java:87)
	at org.apache.catalina.connector.CoyoteAdapter.service(CoyoteAdapter.java:342)
	at org.apache.coyote.http11.Http11Processor.service(Http11Processor.java:800)
	at org.apache.coyote.AbstractProcessorLight.process(AbstractProcessorLight.java:66)
	at org.apache.coyote.AbstractProtocol$ConnectionHandler.process(AbstractProtocol.java:806)
	at org.apache.tomcat.util.net.NioEndpoint$SocketProcessor.doRun(NioEndpoint.java:1498)
	at org.apache.tomcat.util.net.SocketProcessorBase.run(SocketProcessorBase.java:49)
	at java.util.concurrent.ThreadPoolExecutor.runWorker(ThreadPoolExecutor.java:1149)
	at java.util.concurrent.ThreadPoolExecutor$Worker.run(ThreadPoolExecutor.java:624)
	at org.apache.tomcat.util.threads.TaskThread$WrappingRunnable.run(TaskThread.java:61)
	at java.lang.Thread.run(Thread.java:748)
2020-12-07 20:07:40,721 DEBUG org.apache.commons.logging.impl.Jdk14Logger [http-nio-8080-exec-6] Before request [uri=/api/crm/activity/22037]
2020-12-07 20:07:40,727 DEBUG org.apache.commons.logging.impl.Jdk14Logger [http-nio-8080-exec-6] Before request [uri=/api/crm/activity/22037;client=127.0.0.1;user=sridhar]
2020-12-07 20:07:46,479 DEBUG org.apache.commons.logging.impl.Jdk14Logger [http-nio-8080-exec-7] Before request [uri=/user/me]
2020-12-07 20:07:46,480 DEBUG org.apache.commons.logging.impl.Jdk14Logger [http-nio-8080-exec-7] Before request [uri=/user/me;client=127.0.0.1;user=sridhar]
2020-12-07 20:07:46,495 DEBUG org.apache.commons.logging.impl.Jdk14Logger [http-nio-8080-exec-7] After request [uri=/user/me;client=127.0.0.1;user=sridhar]
2020-12-07 20:07:46,495 DEBUG org.apache.commons.logging.impl.Jdk14Logger [http-nio-8080-exec-7] REQUEST DATA : uri=/user/me]
2020-12-07 20:07:46,730 DEBUG org.apache.commons.logging.impl.Jdk14Logger [http-nio-8080-exec-6] After request [uri=/api/crm/activity/22037;client=127.0.0.1;user=sridhar;payload={"closingComment":"sada"}]
2020-12-07 20:07:46,731 DEBUG org.apache.commons.logging.impl.Jdk14Logger [http-nio-8080-exec-6] REQUEST DATA : uri=/api/crm/activity/22037;payload={"closingComment":"sada"}]
2020-12-07 20:07:48,759 DEBUG org.apache.commons.logging.impl.Jdk14Logger [http-nio-8080-exec-9] Before request [uri=/api/crm/lead/validLeadStatus]
2020-12-07 20:07:48,761 DEBUG org.apache.commons.logging.impl.Jdk14Logger [http-nio-8080-exec-9] Before request [uri=/api/crm/lead/validLeadStatus;client=127.0.0.1;user=sridhar]
2020-12-07 20:07:48,874 DEBUG org.apache.commons.logging.impl.Jdk14Logger [http-nio-8080-exec-9] After request [uri=/api/crm/lead/validLeadStatus;client=127.0.0.1;user=sridhar]
2020-12-07 20:07:48,878 DEBUG org.apache.commons.logging.impl.Jdk14Logger [http-nio-8080-exec-9] REQUEST DATA : uri=/api/crm/lead/validLeadStatus]
2020-12-07 20:07:49,058 DEBUG org.apache.commons.logging.impl.Jdk14Logger [http-nio-8080-exec-10] Before request [uri=/api/crm/lead/22018]
2020-12-07 20:07:49,059 DEBUG org.apache.commons.logging.impl.Jdk14Logger [http-nio-8080-exec-10] Before request [uri=/api/crm/lead/22018;client=127.0.0.1;user=sridhar]
2020-12-07 20:07:49,087 DEBUG org.apache.commons.logging.impl.Jdk14Logger [http-nio-8080-exec-3] Before request [uri=/api/crm/lead/getallinfo/22018]
2020-12-07 20:07:49,088 DEBUG org.apache.commons.logging.impl.Jdk14Logger [http-nio-8080-exec-3] Before request [uri=/api/crm/lead/getallinfo/22018;client=127.0.0.1;user=sridhar]
2020-12-07 20:07:49,177 DEBUG org.apache.commons.logging.impl.Jdk14Logger [http-nio-8080-exec-10] After request [uri=/api/crm/lead/22018;client=127.0.0.1;user=sridhar]
2020-12-07 20:07:49,178 DEBUG org.apache.commons.logging.impl.Jdk14Logger [http-nio-8080-exec-10] REQUEST DATA : uri=/api/crm/lead/22018]
2020-12-07 20:07:49,324 DEBUG org.apache.commons.logging.impl.Jdk14Logger [http-nio-8080-exec-3] After request [uri=/api/crm/lead/getallinfo/22018;client=127.0.0.1;user=sridhar]
2020-12-07 20:07:49,325 DEBUG org.apache.commons.logging.impl.Jdk14Logger [http-nio-8080-exec-3] REQUEST DATA : uri=/api/crm/lead/getallinfo/22018]
2020-12-07 20:07:49,822 WARN org.apache.commons.logging.impl.Jdk14Logger [http-nio-8080-exec-5] JWT Token does not begin with 	Bearer String
2020-12-07 20:08:51,326 DEBUG org.apache.commons.logging.impl.Jdk14Logger [http-nio-8080-exec-1] Before request [uri=/api/crm/activity/validActivityTypes]
2020-12-07 20:08:51,328 DEBUG org.apache.commons.logging.impl.Jdk14Logger [http-nio-8080-exec-1] Before request [uri=/api/crm/activity/validActivityTypes;client=127.0.0.1;user=sridhar]
2020-12-07 20:08:51,341 DEBUG org.apache.commons.logging.impl.Jdk14Logger [http-nio-8080-exec-1] After request [uri=/api/crm/activity/validActivityTypes;client=127.0.0.1;user=sridhar]
2020-12-07 20:08:51,341 DEBUG org.apache.commons.logging.impl.Jdk14Logger [http-nio-8080-exec-1] REQUEST DATA : uri=/api/crm/activity/validActivityTypes]
2020-12-07 20:09:05,199 DEBUG org.apache.commons.logging.impl.Jdk14Logger [http-nio-8080-exec-4] Before request [uri=/api/crm/activity/create]
2020-12-07 20:09:05,200 DEBUG org.apache.commons.logging.impl.Jdk14Logger [http-nio-8080-exec-4] Before request [uri=/api/crm/activity/create;client=127.0.0.1;user=sridhar]
2020-12-07 20:09:05,252 DEBUG org.apache.commons.logging.impl.Jdk14Logger [http-nio-8080-exec-2] Before request [uri=/user/me]
2020-12-07 20:09:05,252 DEBUG org.apache.commons.logging.impl.Jdk14Logger [http-nio-8080-exec-2] Before request [uri=/user/me;client=127.0.0.1;user=sridhar]
2020-12-07 20:09:05,259 DEBUG org.apache.commons.logging.impl.Jdk14Logger [http-nio-8080-exec-2] After request [uri=/user/me;client=127.0.0.1;user=sridhar]
2020-12-07 20:09:05,260 DEBUG org.apache.commons.logging.impl.Jdk14Logger [http-nio-8080-exec-2] REQUEST DATA : uri=/user/me]
2020-12-07 20:09:05,311 DEBUG org.apache.commons.logging.impl.Jdk14Logger [http-nio-8080-exec-7] Before request [uri=/user/me]
2020-12-07 20:09:05,312 DEBUG org.apache.commons.logging.impl.Jdk14Logger [http-nio-8080-exec-7] Before request [uri=/user/me;client=127.0.0.1;user=sridhar]
2020-12-07 20:09:05,318 DEBUG org.apache.commons.logging.impl.Jdk14Logger [http-nio-8080-exec-7] After request [uri=/user/me;client=127.0.0.1;user=sridhar]
2020-12-07 20:09:05,319 DEBUG org.apache.commons.logging.impl.Jdk14Logger [http-nio-8080-exec-7] REQUEST DATA : uri=/user/me]
2020-12-07 20:09:05,413 DEBUG org.apache.commons.logging.impl.Jdk14Logger [http-nio-8080-exec-4] After request [uri=/api/crm/activity/create;client=127.0.0.1;user=sridhar;payload={"title":"asdas","activityDateTime":"2020-12-07 20:10","activityType":"Meeting","description":"sada","leadId":"22018"}]
2020-12-07 20:09:05,414 DEBUG org.apache.commons.logging.impl.Jdk14Logger [http-nio-8080-exec-4] REQUEST DATA : uri=/api/crm/activity/create;payload={"title":"asdas","activityDateTime":"2020-12-07 20:10","activityType":"Meeting","description":"sada","leadId":"22018"}]
2020-12-07 20:09:07,565 DEBUG org.apache.commons.logging.impl.Jdk14Logger [http-nio-8080-exec-6] Before request [uri=/api/crm/lead/validLeadStatus]
2020-12-07 20:09:07,568 DEBUG org.apache.commons.logging.impl.Jdk14Logger [http-nio-8080-exec-6] Before request [uri=/api/crm/lead/validLeadStatus;client=127.0.0.1;user=sridhar]
2020-12-07 20:09:07,591 DEBUG org.apache.commons.logging.impl.Jdk14Logger [http-nio-8080-exec-6] After request [uri=/api/crm/lead/validLeadStatus;client=127.0.0.1;user=sridhar]
2020-12-07 20:09:07,592 DEBUG org.apache.commons.logging.impl.Jdk14Logger [http-nio-8080-exec-6] REQUEST DATA : uri=/api/crm/lead/validLeadStatus]
2020-12-07 20:09:07,903 DEBUG org.apache.commons.logging.impl.Jdk14Logger [http-nio-8080-exec-9] Before request [uri=/api/crm/lead/22018]
2020-12-07 20:09:07,904 DEBUG org.apache.commons.logging.impl.Jdk14Logger [http-nio-8080-exec-9] Before request [uri=/api/crm/lead/22018;client=127.0.0.1;user=sridhar]
2020-12-07 20:09:07,933 DEBUG org.apache.commons.logging.impl.Jdk14Logger [http-nio-8080-exec-9] After request [uri=/api/crm/lead/22018;client=127.0.0.1;user=sridhar]
2020-12-07 20:09:07,934 DEBUG org.apache.commons.logging.impl.Jdk14Logger [http-nio-8080-exec-9] REQUEST DATA : uri=/api/crm/lead/22018]
2020-12-07 20:09:07,969 DEBUG org.apache.commons.logging.impl.Jdk14Logger [http-nio-8080-exec-10] Before request [uri=/api/crm/lead/getallinfo/22018]
2020-12-07 20:09:07,969 DEBUG org.apache.commons.logging.impl.Jdk14Logger [http-nio-8080-exec-10] Before request [uri=/api/crm/lead/getallinfo/22018;client=127.0.0.1;user=sridhar]
2020-12-07 20:09:08,233 DEBUG org.apache.commons.logging.impl.Jdk14Logger [http-nio-8080-exec-10] After request [uri=/api/crm/lead/getallinfo/22018;client=127.0.0.1;user=sridhar]
2020-12-07 20:09:08,234 DEBUG org.apache.commons.logging.impl.Jdk14Logger [http-nio-8080-exec-10] REQUEST DATA : uri=/api/crm/lead/getallinfo/22018]
2020-12-07 20:09:08,840 WARN org.apache.commons.logging.impl.Jdk14Logger [http-nio-8080-exec-3] JWT Token does not begin with 	Bearer String
2020-12-07 20:10:17,561 DEBUG org.apache.commons.logging.impl.Jdk14Logger [http-nio-8080-exec-8] Before request [uri=/api/crm/activity/22039]
2020-12-07 20:10:17,563 DEBUG org.apache.commons.logging.impl.Jdk14Logger [http-nio-8080-exec-8] Before request [uri=/api/crm/activity/22039;client=127.0.0.1;user=sridhar]
2020-12-07 20:10:17,584 DEBUG org.apache.commons.logging.impl.Jdk14Logger [http-nio-8080-exec-1] Before request [uri=/user/me]
2020-12-07 20:10:17,585 DEBUG org.apache.commons.logging.impl.Jdk14Logger [http-nio-8080-exec-1] Before request [uri=/user/me;client=127.0.0.1;user=sridhar]
2020-12-07 20:10:17,589 DEBUG org.apache.commons.logging.impl.Jdk14Logger [http-nio-8080-exec-1] After request [uri=/user/me;client=127.0.0.1;user=sridhar]
2020-12-07 20:10:17,589 DEBUG org.apache.commons.logging.impl.Jdk14Logger [http-nio-8080-exec-1] REQUEST DATA : uri=/user/me]
2020-12-07 20:10:17,609 DEBUG org.apache.commons.logging.impl.Jdk14Logger [http-nio-8080-exec-8] After request [uri=/api/crm/activity/22039;client=127.0.0.1;user=sridhar;payload={"closingComment":"sdasd"}]
2020-12-07 20:10:17,610 DEBUG org.apache.commons.logging.impl.Jdk14Logger [http-nio-8080-exec-8] REQUEST DATA : uri=/api/crm/activity/22039;payload={"closingComment":"sdasd"}]
2020-12-07 20:10:19,032 DEBUG org.apache.commons.logging.impl.Jdk14Logger [http-nio-8080-exec-2] Before request [uri=/api/crm/lead/validLeadStatus]
2020-12-07 20:10:19,032 DEBUG org.apache.commons.logging.impl.Jdk14Logger [http-nio-8080-exec-2] Before request [uri=/api/crm/lead/validLeadStatus;client=127.0.0.1;user=sridhar]
2020-12-07 20:10:19,042 DEBUG org.apache.commons.logging.impl.Jdk14Logger [http-nio-8080-exec-2] After request [uri=/api/crm/lead/validLeadStatus;client=127.0.0.1;user=sridhar]
2020-12-07 20:10:19,043 DEBUG org.apache.commons.logging.impl.Jdk14Logger [http-nio-8080-exec-2] REQUEST DATA : uri=/api/crm/lead/validLeadStatus]
2020-12-07 20:10:19,144 DEBUG org.apache.commons.logging.impl.Jdk14Logger [http-nio-8080-exec-7] Before request [uri=/api/crm/lead/22018]
2020-12-07 20:10:19,145 DEBUG org.apache.commons.logging.impl.Jdk14Logger [http-nio-8080-exec-7] Before request [uri=/api/crm/lead/22018;client=127.0.0.1;user=sridhar]
2020-12-07 20:10:19,150 DEBUG org.apache.commons.logging.impl.Jdk14Logger [http-nio-8080-exec-4] Before request [uri=/api/crm/lead/getallinfo/22018]
2020-12-07 20:10:19,151 DEBUG org.apache.commons.logging.impl.Jdk14Logger [http-nio-8080-exec-4] Before request [uri=/api/crm/lead/getallinfo/22018;client=127.0.0.1;user=sridhar]
2020-12-07 20:10:19,175 DEBUG org.apache.commons.logging.impl.Jdk14Logger [http-nio-8080-exec-7] After request [uri=/api/crm/lead/22018;client=127.0.0.1;user=sridhar]
2020-12-07 20:10:19,177 DEBUG org.apache.commons.logging.impl.Jdk14Logger [http-nio-8080-exec-7] REQUEST DATA : uri=/api/crm/lead/22018]
2020-12-07 20:10:19,363 WARN org.apache.commons.logging.impl.Jdk14Logger [http-nio-8080-exec-6] JWT Token does not begin with 	Bearer String
2020-12-07 20:10:19,452 DEBUG org.apache.commons.logging.impl.Jdk14Logger [http-nio-8080-exec-4] After request [uri=/api/crm/lead/getallinfo/22018;client=127.0.0.1;user=sridhar]
2020-12-07 20:10:19,452 DEBUG org.apache.commons.logging.impl.Jdk14Logger [http-nio-8080-exec-4] REQUEST DATA : uri=/api/crm/lead/getallinfo/22018]
2020-12-07 20:10:20,760 DEBUG org.apache.commons.logging.impl.Jdk14Logger [http-nio-8080-exec-9] Before request [uri=/api/crm/activity/validActivityTypes]
2020-12-07 20:10:20,761 DEBUG org.apache.commons.logging.impl.Jdk14Logger [http-nio-8080-exec-9] Before request [uri=/api/crm/activity/validActivityTypes;client=127.0.0.1;user=sridhar]
2020-12-07 20:10:20,772 DEBUG org.apache.commons.logging.impl.Jdk14Logger [http-nio-8080-exec-9] After request [uri=/api/crm/activity/validActivityTypes;client=127.0.0.1;user=sridhar]
2020-12-07 20:10:20,773 DEBUG org.apache.commons.logging.impl.Jdk14Logger [http-nio-8080-exec-9] REQUEST DATA : uri=/api/crm/activity/validActivityTypes]
2020-12-07 20:10:40,924 DEBUG org.apache.commons.logging.impl.Jdk14Logger [http-nio-8080-exec-10] Before request [uri=/api/crm/activity/create]
2020-12-07 20:10:40,926 DEBUG org.apache.commons.logging.impl.Jdk14Logger [http-nio-8080-exec-10] Before request [uri=/api/crm/activity/create;client=127.0.0.1;user=sridhar]
2020-12-07 20:10:40,953 DEBUG org.apache.commons.logging.impl.Jdk14Logger [http-nio-8080-exec-3] Before request [uri=/user/me]
2020-12-07 20:10:40,953 DEBUG org.apache.commons.logging.impl.Jdk14Logger [http-nio-8080-exec-3] Before request [uri=/user/me;client=127.0.0.1;user=sridhar]
2020-12-07 20:10:40,957 DEBUG org.apache.commons.logging.impl.Jdk14Logger [http-nio-8080-exec-3] After request [uri=/user/me;client=127.0.0.1;user=sridhar]
2020-12-07 20:10:40,958 DEBUG org.apache.commons.logging.impl.Jdk14Logger [http-nio-8080-exec-3] REQUEST DATA : uri=/user/me]
2020-12-07 20:10:40,980 DEBUG org.apache.commons.logging.impl.Jdk14Logger [http-nio-8080-exec-5] Before request [uri=/user/me]
2020-12-07 20:10:40,981 DEBUG org.apache.commons.logging.impl.Jdk14Logger [http-nio-8080-exec-5] Before request [uri=/user/me;client=127.0.0.1;user=sridhar]
2020-12-07 20:10:40,987 DEBUG org.apache.commons.logging.impl.Jdk14Logger [http-nio-8080-exec-5] After request [uri=/user/me;client=127.0.0.1;user=sridhar]
2020-12-07 20:10:40,987 DEBUG org.apache.commons.logging.impl.Jdk14Logger [http-nio-8080-exec-5] REQUEST DATA : uri=/user/me]
2020-12-07 20:10:41,014 DEBUG org.apache.commons.logging.impl.Jdk14Logger [http-nio-8080-exec-10] After request [uri=/api/crm/activity/create;client=127.0.0.1;user=sridhar;payload={"title":"sA","activityDateTime":"2020-12-09 20:12","activityType":"Property_Visit","description":"aSA","leadId":"22018"}]
2020-12-07 20:10:41,015 DEBUG org.apache.commons.logging.impl.Jdk14Logger [http-nio-8080-exec-10] REQUEST DATA : uri=/api/crm/activity/create;payload={"title":"sA","activityDateTime":"2020-12-09 20:12","activityType":"Property_Visit","description":"aSA","leadId":"22018"}]
2020-12-07 20:10:42,205 DEBUG org.apache.commons.logging.impl.Jdk14Logger [http-nio-8080-exec-1] Before request [uri=/api/crm/lead/validLeadStatus]
2020-12-07 20:10:42,206 DEBUG org.apache.commons.logging.impl.Jdk14Logger [http-nio-8080-exec-1] Before request [uri=/api/crm/lead/validLeadStatus;client=127.0.0.1;user=sridhar]
2020-12-07 20:10:42,217 DEBUG org.apache.commons.logging.impl.Jdk14Logger [http-nio-8080-exec-1] After request [uri=/api/crm/lead/validLeadStatus;client=127.0.0.1;user=sridhar]
2020-12-07 20:10:42,218 DEBUG org.apache.commons.logging.impl.Jdk14Logger [http-nio-8080-exec-1] REQUEST DATA : uri=/api/crm/lead/validLeadStatus]
2020-12-07 20:10:42,278 DEBUG org.apache.commons.logging.impl.Jdk14Logger [http-nio-8080-exec-8] Before request [uri=/api/crm/lead/22018]
2020-12-07 20:10:42,279 DEBUG org.apache.commons.logging.impl.Jdk14Logger [http-nio-8080-exec-8] Before request [uri=/api/crm/lead/22018;client=127.0.0.1;user=sridhar]
2020-12-07 20:10:42,300 DEBUG org.apache.commons.logging.impl.Jdk14Logger [http-nio-8080-exec-8] After request [uri=/api/crm/lead/22018;client=127.0.0.1;user=sridhar]
2020-12-07 20:10:42,301 DEBUG org.apache.commons.logging.impl.Jdk14Logger [http-nio-8080-exec-8] REQUEST DATA : uri=/api/crm/lead/22018]
2020-12-07 20:10:42,304 DEBUG org.apache.commons.logging.impl.Jdk14Logger [http-nio-8080-exec-2] Before request [uri=/api/crm/lead/getallinfo/22018]
2020-12-07 20:10:42,305 DEBUG org.apache.commons.logging.impl.Jdk14Logger [http-nio-8080-exec-2] Before request [uri=/api/crm/lead/getallinfo/22018;client=127.0.0.1;user=sridhar]
2020-12-07 20:10:42,529 DEBUG org.apache.commons.logging.impl.Jdk14Logger [http-nio-8080-exec-2] After request [uri=/api/crm/lead/getallinfo/22018;client=127.0.0.1;user=sridhar]
2020-12-07 20:10:42,530 DEBUG org.apache.commons.logging.impl.Jdk14Logger [http-nio-8080-exec-2] REQUEST DATA : uri=/api/crm/lead/getallinfo/22018]
2020-12-07 20:10:42,973 WARN org.apache.commons.logging.impl.Jdk14Logger [http-nio-8080-exec-7] JWT Token does not begin with 	Bearer String
2020-12-07 20:13:54,834 DEBUG org.apache.commons.logging.impl.Jdk14Logger [http-nio-8080-exec-4] Before request [uri=/api/crm/activity/validActivityTypes]
2020-12-07 20:13:54,836 DEBUG org.apache.commons.logging.impl.Jdk14Logger [http-nio-8080-exec-4] Before request [uri=/api/crm/activity/validActivityTypes;client=127.0.0.1;user=sridhar]
2020-12-07 20:13:55,088 DEBUG org.apache.commons.logging.impl.Jdk14Logger [http-nio-8080-exec-4] After request [uri=/api/crm/activity/validActivityTypes;client=127.0.0.1;user=sridhar]
2020-12-07 20:13:55,090 DEBUG org.apache.commons.logging.impl.Jdk14Logger [http-nio-8080-exec-4] REQUEST DATA : uri=/api/crm/activity/validActivityTypes]
2020-12-07 20:14:11,228 DEBUG org.apache.commons.logging.impl.Jdk14Logger [http-nio-8080-exec-9] Before request [uri=/api/crm/activity/create]
2020-12-07 20:14:11,228 DEBUG org.apache.commons.logging.impl.Jdk14Logger [http-nio-8080-exec-9] Before request [uri=/api/crm/activity/create;client=127.0.0.1;user=sridhar]
2020-12-07 20:14:16,909 DEBUG org.apache.commons.logging.impl.Jdk14Logger [http-nio-8080-exec-3] Before request [uri=/user/me]
2020-12-07 20:14:16,911 DEBUG org.apache.commons.logging.impl.Jdk14Logger [http-nio-8080-exec-3] Before request [uri=/user/me;client=127.0.0.1;user=sridhar]
2020-12-07 20:14:16,916 DEBUG org.apache.commons.logging.impl.Jdk14Logger [http-nio-8080-exec-3] After request [uri=/user/me;client=127.0.0.1;user=sridhar]
2020-12-07 20:14:16,917 DEBUG org.apache.commons.logging.impl.Jdk14Logger [http-nio-8080-exec-3] REQUEST DATA : uri=/user/me]
2020-12-07 20:14:17,057 DEBUG org.apache.commons.logging.impl.Jdk14Logger [http-nio-8080-exec-5] Before request [uri=/user/me]
2020-12-07 20:14:17,058 DEBUG org.apache.commons.logging.impl.Jdk14Logger [http-nio-8080-exec-5] Before request [uri=/user/me;client=127.0.0.1;user=sridhar]
2020-12-07 20:14:17,064 DEBUG org.apache.commons.logging.impl.Jdk14Logger [http-nio-8080-exec-5] After request [uri=/user/me;client=127.0.0.1;user=sridhar]
2020-12-07 20:14:17,065 DEBUG org.apache.commons.logging.impl.Jdk14Logger [http-nio-8080-exec-5] REQUEST DATA : uri=/user/me]
2020-12-07 20:14:17,186 DEBUG org.apache.commons.logging.impl.Jdk14Logger [http-nio-8080-exec-9] After request [uri=/api/crm/activity/create;client=127.0.0.1;user=sridhar;payload={"title":"nn","activityDateTime":"2020-12-07 20:17","activityType":"Reminder","description":"  nnn","leadId":"22018"}]
2020-12-07 20:14:17,187 DEBUG org.apache.commons.logging.impl.Jdk14Logger [http-nio-8080-exec-9] REQUEST DATA : uri=/api/crm/activity/create;payload={"title":"nn","activityDateTime":"2020-12-07 20:17","activityType":"Reminder","description":"  nnn","leadId":"22018"}]
2020-12-07 20:14:18,887 DEBUG org.apache.commons.logging.impl.Jdk14Logger [http-nio-8080-exec-10] Before request [uri=/api/crm/lead/validLeadStatus]
2020-12-07 20:14:18,888 DEBUG org.apache.commons.logging.impl.Jdk14Logger [http-nio-8080-exec-10] Before request [uri=/api/crm/lead/validLeadStatus;client=127.0.0.1;user=sridhar]
2020-12-07 20:14:18,899 DEBUG org.apache.commons.logging.impl.Jdk14Logger [http-nio-8080-exec-10] After request [uri=/api/crm/lead/validLeadStatus;client=127.0.0.1;user=sridhar]
2020-12-07 20:14:18,900 DEBUG org.apache.commons.logging.impl.Jdk14Logger [http-nio-8080-exec-10] REQUEST DATA : uri=/api/crm/lead/validLeadStatus]
2020-12-07 20:14:19,065 DEBUG org.apache.commons.logging.impl.Jdk14Logger [http-nio-8080-exec-1] Before request [uri=/api/crm/lead/22018]
2020-12-07 20:14:19,066 DEBUG org.apache.commons.logging.impl.Jdk14Logger [http-nio-8080-exec-1] Before request [uri=/api/crm/lead/22018;client=127.0.0.1;user=sridhar]
2020-12-07 20:14:19,144 DEBUG org.apache.commons.logging.impl.Jdk14Logger [http-nio-8080-exec-1] After request [uri=/api/crm/lead/22018;client=127.0.0.1;user=sridhar]
2020-12-07 20:14:19,145 DEBUG org.apache.commons.logging.impl.Jdk14Logger [http-nio-8080-exec-1] REQUEST DATA : uri=/api/crm/lead/22018]
2020-12-07 20:14:19,179 DEBUG org.apache.commons.logging.impl.Jdk14Logger [http-nio-8080-exec-8] Before request [uri=/api/crm/lead/getallinfo/22018]
2020-12-07 20:14:19,181 DEBUG org.apache.commons.logging.impl.Jdk14Logger [http-nio-8080-exec-8] Before request [uri=/api/crm/lead/getallinfo/22018;client=127.0.0.1;user=sridhar]
2020-12-07 20:14:19,436 DEBUG org.apache.commons.logging.impl.Jdk14Logger [http-nio-8080-exec-8] After request [uri=/api/crm/lead/getallinfo/22018;client=127.0.0.1;user=sridhar]
2020-12-07 20:14:19,437 DEBUG org.apache.commons.logging.impl.Jdk14Logger [http-nio-8080-exec-8] REQUEST DATA : uri=/api/crm/lead/getallinfo/22018]
2020-12-07 20:14:20,121 WARN org.apache.commons.logging.impl.Jdk14Logger [http-nio-8080-exec-2] JWT Token does not begin with 	Bearer String
2020-12-07 20:14:44,539 WARN org.apache.commons.logging.impl.Jdk14Logger [http-nio-8080-exec-7] JWT Token does not begin with 	Bearer String
2020-12-07 20:14:44,541 DEBUG org.apache.commons.logging.impl.Jdk14Logger [http-nio-8080-exec-7] Before request [uri=/notification/send]
2020-12-07 20:14:44,542 DEBUG org.apache.commons.logging.impl.Jdk14Logger [http-nio-8080-exec-7] Before request [uri=/notification/send;client=127.0.0.1]
2020-12-07 20:14:44,547 DEBUG org.apache.commons.logging.impl.Jdk14Logger [http-nio-8080-exec-7] After request [uri=/notification/send;client=127.0.0.1;payload={"targetUserId":null,"title":"Upcoming Activity for - Test2","body":"Activity Type - Reminder. Time -20:17"}]
2020-12-07 20:14:44,548 DEBUG org.apache.commons.logging.impl.Jdk14Logger [http-nio-8080-exec-7] REQUEST DATA : uri=/notification/send;payload={"targetUserId":null,"title":"Upcoming Activity for - Test2","body":"Activity Type - Reminder. Time -20:17"}]
2020-12-07 20:14:44,551 ERROR org.apache.juli.logging.DirectJDKLog [http-nio-8080-exec-7] Servlet.service() for servlet [dispatcherServlet] in context with path [] threw exception [Request processing failed; nested exception is java.lang.Exception: Noe token record found for user.] with root cause
java.lang.Exception: Noe token record found for user.
	at com.ec.common.Service.AndroidTokenDetailsService.findTokenForUser(AndroidTokenDetailsService.java:87)
	at com.ec.common.Service.GatewayNotificationService.sendPnsToDevice(GatewayNotificationService.java:66)
	at com.ec.common.Controller.AndroidNotificationController.sendPnsToDevice(AndroidNotificationController.java:22)
	at sun.reflect.NativeMethodAccessorImpl.invoke0(Native Method)
	at sun.reflect.NativeMethodAccessorImpl.invoke(NativeMethodAccessorImpl.java:62)
	at sun.reflect.DelegatingMethodAccessorImpl.invoke(DelegatingMethodAccessorImpl.java:43)
	at java.lang.reflect.Method.invoke(Method.java:498)
	at org.springframework.web.method.support.InvocableHandlerMethod.doInvoke(InvocableHandlerMethod.java:209)
	at org.springframework.web.method.support.InvocableHandlerMethod.invokeForRequest(InvocableHandlerMethod.java:136)
	at org.springframework.web.servlet.mvc.method.annotation.ServletInvocableHandlerMethod.invokeAndHandle(ServletInvocableHandlerMethod.java:102)
	at org.springframework.web.servlet.mvc.method.annotation.RequestMappingHandlerAdapter.invokeHandlerMethod(RequestMappingHandlerAdapter.java:891)
	at org.springframework.web.servlet.mvc.method.annotation.RequestMappingHandlerAdapter.handleInternal(RequestMappingHandlerAdapter.java:797)
	at org.springframework.web.servlet.mvc.method.AbstractHandlerMethodAdapter.handle(AbstractHandlerMethodAdapter.java:87)
	at org.springframework.web.servlet.DispatcherServlet.doDispatch(DispatcherServlet.java:991)
	at org.springframework.web.servlet.DispatcherServlet.doService(DispatcherServlet.java:925)
	at org.springframework.web.servlet.FrameworkServlet.processRequest(FrameworkServlet.java:974)
	at org.springframework.web.servlet.FrameworkServlet.doPost(FrameworkServlet.java:877)
	at javax.servlet.http.HttpServlet.service(HttpServlet.java:661)
	at org.springframework.web.servlet.FrameworkServlet.service(FrameworkServlet.java:851)
	at javax.servlet.http.HttpServlet.service(HttpServlet.java:742)
	at org.apache.catalina.core.ApplicationFilterChain.internalDoFilter(ApplicationFilterChain.java:231)
	at org.apache.catalina.core.ApplicationFilterChain.doFilter(ApplicationFilterChain.java:166)
	at org.apache.tomcat.websocket.server.WsFilter.doFilter(WsFilter.java:52)
	at org.apache.catalina.core.ApplicationFilterChain.internalDoFilter(ApplicationFilterChain.java:193)
	at org.apache.catalina.core.ApplicationFilterChain.doFilter(ApplicationFilterChain.java:166)
	at org.springframework.web.filter.AbstractRequestLoggingFilter.doFilterInternal(AbstractRequestLoggingFilter.java:246)
	at org.springframework.web.filter.OncePerRequestFilter.doFilter(OncePerRequestFilter.java:107)
	at org.apache.catalina.core.ApplicationFilterChain.internalDoFilter(ApplicationFilterChain.java:193)
	at org.apache.catalina.core.ApplicationFilterChain.doFilter(ApplicationFilterChain.java:166)
	at org.springframework.web.filter.AbstractRequestLoggingFilter.doFilterInternal(AbstractRequestLoggingFilter.java:246)
	at org.springframework.web.filter.OncePerRequestFilter.doFilter(OncePerRequestFilter.java:107)
	at org.apache.catalina.core.ApplicationFilterChain.internalDoFilter(ApplicationFilterChain.java:193)
	at org.apache.catalina.core.ApplicationFilterChain.doFilter(ApplicationFilterChain.java:166)
	at org.springframework.web.filter.OncePerRequestFilter.doFilter(OncePerRequestFilter.java:101)
	at org.apache.catalina.core.ApplicationFilterChain.internalDoFilter(ApplicationFilterChain.java:193)
	at org.apache.catalina.core.ApplicationFilterChain.doFilter(ApplicationFilterChain.java:166)
	at org.springframework.boot.actuate.web.trace.servlet.HttpTraceFilter.doFilterInternal(HttpTraceFilter.java:90)
	at org.springframework.web.filter.OncePerRequestFilter.doFilter(OncePerRequestFilter.java:107)
	at org.apache.catalina.core.ApplicationFilterChain.internalDoFilter(ApplicationFilterChain.java:193)
	at org.apache.catalina.core.ApplicationFilterChain.doFilter(ApplicationFilterChain.java:166)
	at org.springframework.security.web.FilterChainProxy$VirtualFilterChain.doFilter(FilterChainProxy.java:320)
	at org.springframework.security.web.access.intercept.FilterSecurityInterceptor.invoke(FilterSecurityInterceptor.java:127)
	at org.springframework.security.web.access.intercept.FilterSecurityInterceptor.doFilter(FilterSecurityInterceptor.java:91)
	at org.springframework.security.web.FilterChainProxy$VirtualFilterChain.doFilter(FilterChainProxy.java:334)
	at org.springframework.security.web.access.ExceptionTranslationFilter.doFilter(ExceptionTranslationFilter.java:119)
	at org.springframework.security.web.FilterChainProxy$VirtualFilterChain.doFilter(FilterChainProxy.java:334)
	at org.springframework.security.web.session.SessionManagementFilter.doFilter(SessionManagementFilter.java:137)
	at org.springframework.security.web.FilterChainProxy$VirtualFilterChain.doFilter(FilterChainProxy.java:334)
	at org.springframework.security.web.authentication.AnonymousAuthenticationFilter.doFilter(AnonymousAuthenticationFilter.java:111)
	at org.springframework.security.web.FilterChainProxy$VirtualFilterChain.doFilter(FilterChainProxy.java:334)
	at org.springframework.security.web.servletapi.SecurityContextHolderAwareRequestFilter.doFilter(SecurityContextHolderAwareRequestFilter.java:170)
	at org.springframework.security.web.FilterChainProxy$VirtualFilterChain.doFilter(FilterChainProxy.java:334)
	at org.springframework.security.web.savedrequest.RequestCacheAwareFilter.doFilter(RequestCacheAwareFilter.java:63)
	at org.springframework.security.web.FilterChainProxy$VirtualFilterChain.doFilter(FilterChainProxy.java:334)
	at com.ec.common.JWTUtils.JwtRequestFilter.doFilterInternal(JwtRequestFilter.java:60)
	at org.springframework.web.filter.OncePerRequestFilter.doFilter(OncePerRequestFilter.java:107)
	at org.springframework.security.web.FilterChainProxy$VirtualFilterChain.doFilter(FilterChainProxy.java:334)
	at org.springframework.security.web.authentication.logout.LogoutFilter.doFilter(LogoutFilter.java:116)
	at org.springframework.security.web.FilterChainProxy$VirtualFilterChain.doFilter(FilterChainProxy.java:334)
	at org.springframework.web.filter.CorsFilter.doFilterInternal(CorsFilter.java:96)
	at org.springframework.web.filter.OncePerRequestFilter.doFilter(OncePerRequestFilter.java:107)
	at org.springframework.security.web.FilterChainProxy$VirtualFilterChain.doFilter(FilterChainProxy.java:334)
	at org.springframework.security.web.header.HeaderWriterFilter.doFilterInternal(HeaderWriterFilter.java:66)
	at org.springframework.web.filter.OncePerRequestFilter.doFilter(OncePerRequestFilter.java:107)
	at org.springframework.security.web.FilterChainProxy$VirtualFilterChain.doFilter(FilterChainProxy.java:334)
	at org.springframework.security.web.context.SecurityContextPersistenceFilter.doFilter(SecurityContextPersistenceFilter.java:105)
	at org.springframework.security.web.FilterChainProxy$VirtualFilterChain.doFilter(FilterChainProxy.java:334)
	at org.springframework.security.web.context.request.async.WebAsyncManagerIntegrationFilter.doFilterInternal(WebAsyncManagerIntegrationFilter.java:56)
	at org.springframework.web.filter.OncePerRequestFilter.doFilter(OncePerRequestFilter.java:107)
	at org.springframework.security.web.FilterChainProxy$VirtualFilterChain.doFilter(FilterChainProxy.java:334)
	at org.springframework.security.web.FilterChainProxy.doFilterInternal(FilterChainProxy.java:215)
	at org.springframework.security.web.FilterChainProxy.doFilter(FilterChainProxy.java:178)
	at org.springframework.web.filter.DelegatingFilterProxy.invokeDelegate(DelegatingFilterProxy.java:357)
	at org.springframework.web.filter.DelegatingFilterProxy.doFilter(DelegatingFilterProxy.java:270)
	at org.apache.catalina.core.ApplicationFilterChain.internalDoFilter(ApplicationFilterChain.java:193)
	at org.apache.catalina.core.ApplicationFilterChain.doFilter(ApplicationFilterChain.java:166)
	at org.springframework.boot.actuate.metrics.web.servlet.WebMvcMetricsFilter.filterAndRecordMetrics(WebMvcMetricsFilter.java:155)
	at org.springframework.boot.actuate.metrics.web.servlet.WebMvcMetricsFilter.filterAndRecordMetrics(WebMvcMetricsFilter.java:123)
	at org.springframework.boot.actuate.metrics.web.servlet.WebMvcMetricsFilter.doFilterInternal(WebMvcMetricsFilter.java:108)
	at org.springframework.web.filter.OncePerRequestFilter.doFilter(OncePerRequestFilter.java:107)
	at org.apache.catalina.core.ApplicationFilterChain.internalDoFilter(ApplicationFilterChain.java:193)
	at org.apache.catalina.core.ApplicationFilterChain.doFilter(ApplicationFilterChain.java:166)
	at org.springframework.web.filter.CharacterEncodingFilter.doFilterInternal(CharacterEncodingFilter.java:200)
	at org.springframework.web.filter.OncePerRequestFilter.doFilter(OncePerRequestFilter.java:107)
	at org.apache.catalina.core.ApplicationFilterChain.internalDoFilter(ApplicationFilterChain.java:193)
	at org.apache.catalina.core.ApplicationFilterChain.doFilter(ApplicationFilterChain.java:166)
	at org.apache.catalina.core.StandardWrapperValve.invoke(StandardWrapperValve.java:198)
	at org.apache.catalina.core.StandardContextValve.invoke(StandardContextValve.java:96)
	at org.apache.catalina.authenticator.AuthenticatorBase.invoke(AuthenticatorBase.java:493)
	at org.apache.catalina.core.StandardHostValve.invoke(StandardHostValve.java:140)
	at org.apache.catalina.valves.ErrorReportValve.invoke(ErrorReportValve.java:81)
	at org.apache.catalina.core.StandardEngineValve.invoke(StandardEngineValve.java:87)
	at org.apache.catalina.connector.CoyoteAdapter.service(CoyoteAdapter.java:342)
	at org.apache.coyote.http11.Http11Processor.service(Http11Processor.java:800)
	at org.apache.coyote.AbstractProcessorLight.process(AbstractProcessorLight.java:66)
	at org.apache.coyote.AbstractProtocol$ConnectionHandler.process(AbstractProtocol.java:806)
	at org.apache.tomcat.util.net.NioEndpoint$SocketProcessor.doRun(NioEndpoint.java:1498)
	at org.apache.tomcat.util.net.SocketProcessorBase.run(SocketProcessorBase.java:49)
	at java.util.concurrent.ThreadPoolExecutor.runWorker(ThreadPoolExecutor.java:1149)
	at java.util.concurrent.ThreadPoolExecutor$Worker.run(ThreadPoolExecutor.java:624)
	at org.apache.tomcat.util.threads.TaskThread$WrappingRunnable.run(TaskThread.java:61)
	at java.lang.Thread.run(Thread.java:748)
2020-12-07 20:16:41,896 DEBUG org.apache.commons.logging.impl.Jdk14Logger [http-nio-8080-exec-6] Before request [uri=/api/crm/activity/22041]
2020-12-07 20:16:41,898 DEBUG org.apache.commons.logging.impl.Jdk14Logger [http-nio-8080-exec-6] Before request [uri=/api/crm/activity/22041;client=127.0.0.1;user=sridhar]
2020-12-07 20:16:47,746 DEBUG org.apache.commons.logging.impl.Jdk14Logger [http-nio-8080-exec-4] Before request [uri=/user/me]
2020-12-07 20:16:47,747 DEBUG org.apache.commons.logging.impl.Jdk14Logger [http-nio-8080-exec-4] Before request [uri=/user/me;client=127.0.0.1;user=sridhar]
2020-12-07 20:16:47,750 DEBUG org.apache.commons.logging.impl.Jdk14Logger [http-nio-8080-exec-4] After request [uri=/user/me;client=127.0.0.1;user=sridhar]
2020-12-07 20:16:47,751 DEBUG org.apache.commons.logging.impl.Jdk14Logger [http-nio-8080-exec-4] REQUEST DATA : uri=/user/me]
2020-12-07 20:16:47,875 DEBUG org.apache.commons.logging.impl.Jdk14Logger [http-nio-8080-exec-6] After request [uri=/api/crm/activity/22041;client=127.0.0.1;user=sridhar;payload={"closingComment":"bn"}]
2020-12-07 20:16:47,876 DEBUG org.apache.commons.logging.impl.Jdk14Logger [http-nio-8080-exec-6] REQUEST DATA : uri=/api/crm/activity/22041;payload={"closingComment":"bn"}]
2020-12-07 20:16:49,521 DEBUG org.apache.commons.logging.impl.Jdk14Logger [http-nio-8080-exec-3] Before request [uri=/api/crm/lead/validLeadStatus]
2020-12-07 20:16:49,524 DEBUG org.apache.commons.logging.impl.Jdk14Logger [http-nio-8080-exec-3] Before request [uri=/api/crm/lead/validLeadStatus;client=127.0.0.1;user=sridhar]
2020-12-07 20:16:49,592 DEBUG org.apache.commons.logging.impl.Jdk14Logger [http-nio-8080-exec-3] After request [uri=/api/crm/lead/validLeadStatus;client=127.0.0.1;user=sridhar]
2020-12-07 20:16:49,592 DEBUG org.apache.commons.logging.impl.Jdk14Logger [http-nio-8080-exec-3] REQUEST DATA : uri=/api/crm/lead/validLeadStatus]
2020-12-07 20:16:49,686 DEBUG org.apache.commons.logging.impl.Jdk14Logger [http-nio-8080-exec-5] Before request [uri=/api/crm/lead/22018]
2020-12-07 20:16:49,687 DEBUG org.apache.commons.logging.impl.Jdk14Logger [http-nio-8080-exec-5] Before request [uri=/api/crm/lead/22018;client=127.0.0.1;user=sridhar]
2020-12-07 20:16:49,692 DEBUG org.apache.commons.logging.impl.Jdk14Logger [http-nio-8080-exec-9] Before request [uri=/api/crm/lead/getallinfo/22018]
2020-12-07 20:16:49,692 DEBUG org.apache.commons.logging.impl.Jdk14Logger [http-nio-8080-exec-9] Before request [uri=/api/crm/lead/getallinfo/22018;client=127.0.0.1;user=sridhar]
2020-12-07 20:16:49,697 WARN org.apache.commons.logging.impl.Jdk14Logger [http-nio-8080-exec-10] JWT Token does not begin with 	Bearer String
2020-12-07 20:16:49,879 DEBUG org.apache.commons.logging.impl.Jdk14Logger [http-nio-8080-exec-5] After request [uri=/api/crm/lead/22018;client=127.0.0.1;user=sridhar]
2020-12-07 20:16:49,880 DEBUG org.apache.commons.logging.impl.Jdk14Logger [http-nio-8080-exec-5] REQUEST DATA : uri=/api/crm/lead/22018]
2020-12-07 20:16:50,003 DEBUG org.apache.commons.logging.impl.Jdk14Logger [http-nio-8080-exec-9] After request [uri=/api/crm/lead/getallinfo/22018;client=127.0.0.1;user=sridhar]
2020-12-07 20:16:50,006 DEBUG org.apache.commons.logging.impl.Jdk14Logger [http-nio-8080-exec-9] REQUEST DATA : uri=/api/crm/lead/getallinfo/22018]
2020-12-07 20:16:54,374 DEBUG org.apache.commons.logging.impl.Jdk14Logger [http-nio-8080-exec-1] Before request [uri=/api/crm/activity/validActivityTypes]
2020-12-07 20:16:54,375 DEBUG org.apache.commons.logging.impl.Jdk14Logger [http-nio-8080-exec-1] Before request [uri=/api/crm/activity/validActivityTypes;client=127.0.0.1;user=sridhar]
2020-12-07 20:16:54,386 DEBUG org.apache.commons.logging.impl.Jdk14Logger [http-nio-8080-exec-1] After request [uri=/api/crm/activity/validActivityTypes;client=127.0.0.1;user=sridhar]
2020-12-07 20:16:54,386 DEBUG org.apache.commons.logging.impl.Jdk14Logger [http-nio-8080-exec-1] REQUEST DATA : uri=/api/crm/activity/validActivityTypes]
2020-12-07 20:17:07,015 DEBUG org.apache.commons.logging.impl.Jdk14Logger [http-nio-8080-exec-8] Before request [uri=/api/crm/activity/create]
2020-12-07 20:17:07,017 DEBUG org.apache.commons.logging.impl.Jdk14Logger [http-nio-8080-exec-8] Before request [uri=/api/crm/activity/create;client=127.0.0.1;user=sridhar]
2020-12-07 20:17:07,065 DEBUG org.apache.commons.logging.impl.Jdk14Logger [http-nio-8080-exec-2] Before request [uri=/user/me]
2020-12-07 20:17:07,066 DEBUG org.apache.commons.logging.impl.Jdk14Logger [http-nio-8080-exec-2] Before request [uri=/user/me;client=127.0.0.1;user=sridhar]
2020-12-07 20:17:07,069 DEBUG org.apache.commons.logging.impl.Jdk14Logger [http-nio-8080-exec-2] After request [uri=/user/me;client=127.0.0.1;user=sridhar]
2020-12-07 20:17:07,070 DEBUG org.apache.commons.logging.impl.Jdk14Logger [http-nio-8080-exec-2] REQUEST DATA : uri=/user/me]
2020-12-07 20:17:07,119 DEBUG org.apache.commons.logging.impl.Jdk14Logger [http-nio-8080-exec-7] Before request [uri=/user/me]
2020-12-07 20:17:07,120 DEBUG org.apache.commons.logging.impl.Jdk14Logger [http-nio-8080-exec-7] Before request [uri=/user/me;client=127.0.0.1;user=sridhar]
2020-12-07 20:17:07,130 DEBUG org.apache.commons.logging.impl.Jdk14Logger [http-nio-8080-exec-7] After request [uri=/user/me;client=127.0.0.1;user=sridhar]
2020-12-07 20:17:07,131 DEBUG org.apache.commons.logging.impl.Jdk14Logger [http-nio-8080-exec-7] REQUEST DATA : uri=/user/me]
2020-12-07 20:17:07,179 DEBUG org.apache.commons.logging.impl.Jdk14Logger [http-nio-8080-exec-8] After request [uri=/api/crm/activity/create;client=127.0.0.1;user=sridhar;payload={"title":" nn","activityDateTime":"2020-12-07 20:17","activityType":"Task","description":"nn","leadId":"22018"}]
2020-12-07 20:17:07,181 DEBUG org.apache.commons.logging.impl.Jdk14Logger [http-nio-8080-exec-8] REQUEST DATA : uri=/api/crm/activity/create;payload={"title":" nn","activityDateTime":"2020-12-07 20:17","activityType":"Task","description":"nn","leadId":"22018"}]
2020-12-07 20:17:08,209 DEBUG org.apache.commons.logging.impl.Jdk14Logger [http-nio-8080-exec-4] Before request [uri=/api/crm/lead/validLeadStatus]
2020-12-07 20:17:08,209 DEBUG org.apache.commons.logging.impl.Jdk14Logger [http-nio-8080-exec-4] Before request [uri=/api/crm/lead/validLeadStatus;client=127.0.0.1;user=sridhar]
2020-12-07 20:17:08,215 DEBUG org.apache.commons.logging.impl.Jdk14Logger [http-nio-8080-exec-4] After request [uri=/api/crm/lead/validLeadStatus;client=127.0.0.1;user=sridhar]
2020-12-07 20:17:08,216 DEBUG org.apache.commons.logging.impl.Jdk14Logger [http-nio-8080-exec-4] REQUEST DATA : uri=/api/crm/lead/validLeadStatus]
2020-12-07 20:17:08,295 DEBUG org.apache.commons.logging.impl.Jdk14Logger [http-nio-8080-exec-6] Before request [uri=/api/crm/lead/22018]
2020-12-07 20:17:08,295 DEBUG org.apache.commons.logging.impl.Jdk14Logger [http-nio-8080-exec-6] Before request [uri=/api/crm/lead/22018;client=127.0.0.1;user=sridhar]
2020-12-07 20:17:08,303 DEBUG org.apache.commons.logging.impl.Jdk14Logger [http-nio-8080-exec-3] Before request [uri=/api/crm/lead/getallinfo/22018]
2020-12-07 20:17:08,305 DEBUG org.apache.commons.logging.impl.Jdk14Logger [http-nio-8080-exec-3] Before request [uri=/api/crm/lead/getallinfo/22018;client=127.0.0.1;user=sridhar]
2020-12-07 20:17:08,315 DEBUG org.apache.commons.logging.impl.Jdk14Logger [http-nio-8080-exec-6] After request [uri=/api/crm/lead/22018;client=127.0.0.1;user=sridhar]
2020-12-07 20:17:08,316 DEBUG org.apache.commons.logging.impl.Jdk14Logger [http-nio-8080-exec-6] REQUEST DATA : uri=/api/crm/lead/22018]
2020-12-07 20:17:08,545 WARN org.apache.commons.logging.impl.Jdk14Logger [http-nio-8080-exec-10] JWT Token does not begin with 	Bearer String
2020-12-07 20:17:08,646 DEBUG org.apache.commons.logging.impl.Jdk14Logger [http-nio-8080-exec-3] After request [uri=/api/crm/lead/getallinfo/22018;client=127.0.0.1;user=sridhar]
2020-12-07 20:17:08,647 DEBUG org.apache.commons.logging.impl.Jdk14Logger [http-nio-8080-exec-3] REQUEST DATA : uri=/api/crm/lead/getallinfo/22018]
2020-12-07 20:17:53,458 DEBUG org.apache.commons.logging.impl.Jdk14Logger [http-nio-8080-exec-5] Before request [uri=/api/crm/activity/validActivityTypes]
2020-12-07 20:17:53,460 DEBUG org.apache.commons.logging.impl.Jdk14Logger [http-nio-8080-exec-5] Before request [uri=/api/crm/activity/validActivityTypes;client=127.0.0.1;user=sridhar]
2020-12-07 20:17:53,473 DEBUG org.apache.commons.logging.impl.Jdk14Logger [http-nio-8080-exec-5] After request [uri=/api/crm/activity/validActivityTypes;client=127.0.0.1;user=sridhar]
2020-12-07 20:17:53,474 DEBUG org.apache.commons.logging.impl.Jdk14Logger [http-nio-8080-exec-5] REQUEST DATA : uri=/api/crm/activity/validActivityTypes]
2020-12-07 20:18:07,284 DEBUG org.apache.commons.logging.impl.Jdk14Logger [http-nio-8080-exec-9] Before request [uri=/api/crm/activity/create]
2020-12-07 20:18:07,286 DEBUG org.apache.commons.logging.impl.Jdk14Logger [http-nio-8080-exec-9] Before request [uri=/api/crm/activity/create;client=127.0.0.1;user=sridhar]
2020-12-07 20:18:07,319 DEBUG org.apache.commons.logging.impl.Jdk14Logger [http-nio-8080-exec-1] Before request [uri=/user/me]
2020-12-07 20:18:07,320 DEBUG org.apache.commons.logging.impl.Jdk14Logger [http-nio-8080-exec-1] Before request [uri=/user/me;client=127.0.0.1;user=sridhar]
2020-12-07 20:18:07,325 DEBUG org.apache.commons.logging.impl.Jdk14Logger [http-nio-8080-exec-1] After request [uri=/user/me;client=127.0.0.1;user=sridhar]
2020-12-07 20:18:07,326 DEBUG org.apache.commons.logging.impl.Jdk14Logger [http-nio-8080-exec-1] REQUEST DATA : uri=/user/me]
2020-12-07 20:18:07,352 DEBUG org.apache.commons.logging.impl.Jdk14Logger [http-nio-8080-exec-2] Before request [uri=/user/me]
2020-12-07 20:18:07,353 DEBUG org.apache.commons.logging.impl.Jdk14Logger [http-nio-8080-exec-2] Before request [uri=/user/me;client=127.0.0.1;user=sridhar]
2020-12-07 20:18:07,360 DEBUG org.apache.commons.logging.impl.Jdk14Logger [http-nio-8080-exec-2] After request [uri=/user/me;client=127.0.0.1;user=sridhar]
2020-12-07 20:18:07,361 DEBUG org.apache.commons.logging.impl.Jdk14Logger [http-nio-8080-exec-2] REQUEST DATA : uri=/user/me]
2020-12-07 20:18:07,380 DEBUG org.apache.commons.logging.impl.Jdk14Logger [http-nio-8080-exec-9] After request [uri=/api/crm/activity/create;client=127.0.0.1;user=sridhar;payload={"title":"dasd","activityDateTime":"2020-12-07 20:20","activityType":"Message","description":"sadasd","leadId":"22018"}]
2020-12-07 20:18:07,381 DEBUG org.apache.commons.logging.impl.Jdk14Logger [http-nio-8080-exec-9] REQUEST DATA : uri=/api/crm/activity/create;payload={"title":"dasd","activityDateTime":"2020-12-07 20:20","activityType":"Message","description":"sadasd","leadId":"22018"}]
2020-12-07 20:18:08,697 DEBUG org.apache.commons.logging.impl.Jdk14Logger [http-nio-8080-exec-7] Before request [uri=/api/crm/lead/validLeadStatus]
2020-12-07 20:18:08,697 DEBUG org.apache.commons.logging.impl.Jdk14Logger [http-nio-8080-exec-7] Before request [uri=/api/crm/lead/validLeadStatus;client=127.0.0.1;user=sridhar]
2020-12-07 20:18:08,705 DEBUG org.apache.commons.logging.impl.Jdk14Logger [http-nio-8080-exec-7] After request [uri=/api/crm/lead/validLeadStatus;client=127.0.0.1;user=sridhar]
2020-12-07 20:18:08,707 DEBUG org.apache.commons.logging.impl.Jdk14Logger [http-nio-8080-exec-7] REQUEST DATA : uri=/api/crm/lead/validLeadStatus]
2020-12-07 20:18:08,795 DEBUG org.apache.commons.logging.impl.Jdk14Logger [http-nio-8080-exec-8] Before request [uri=/api/crm/lead/22018]
2020-12-07 20:18:08,795 DEBUG org.apache.commons.logging.impl.Jdk14Logger [http-nio-8080-exec-8] Before request [uri=/api/crm/lead/22018;client=127.0.0.1;user=sridhar]
2020-12-07 20:18:08,817 DEBUG org.apache.commons.logging.impl.Jdk14Logger [http-nio-8080-exec-4] Before request [uri=/api/crm/lead/getallinfo/22018]
2020-12-07 20:18:08,818 DEBUG org.apache.commons.logging.impl.Jdk14Logger [http-nio-8080-exec-4] Before request [uri=/api/crm/lead/getallinfo/22018;client=127.0.0.1;user=sridhar]
2020-12-07 20:18:08,835 DEBUG org.apache.commons.logging.impl.Jdk14Logger [http-nio-8080-exec-8] After request [uri=/api/crm/lead/22018;client=127.0.0.1;user=sridhar]
2020-12-07 20:18:08,835 DEBUG org.apache.commons.logging.impl.Jdk14Logger [http-nio-8080-exec-8] REQUEST DATA : uri=/api/crm/lead/22018]
2020-12-07 20:18:09,091 WARN org.apache.commons.logging.impl.Jdk14Logger [http-nio-8080-exec-6] JWT Token does not begin with 	Bearer String
2020-12-07 20:18:09,178 DEBUG org.apache.commons.logging.impl.Jdk14Logger [http-nio-8080-exec-4] After request [uri=/api/crm/lead/getallinfo/22018;client=127.0.0.1;user=sridhar]
2020-12-07 20:18:09,179 DEBUG org.apache.commons.logging.impl.Jdk14Logger [http-nio-8080-exec-4] REQUEST DATA : uri=/api/crm/lead/getallinfo/22018]
2020-12-07 20:18:36,323 WARN org.apache.commons.logging.impl.Jdk14Logger [http-nio-8080-exec-10] JWT Token does not begin with 	Bearer String
2020-12-07 20:18:36,325 DEBUG org.apache.commons.logging.impl.Jdk14Logger [http-nio-8080-exec-10] Before request [uri=/notification/send]
2020-12-07 20:18:36,326 DEBUG org.apache.commons.logging.impl.Jdk14Logger [http-nio-8080-exec-10] Before request [uri=/notification/send;client=127.0.0.1]
2020-12-07 20:18:36,330 DEBUG org.apache.commons.logging.impl.Jdk14Logger [http-nio-8080-exec-10] After request [uri=/notification/send;client=127.0.0.1;payload={"targetUserId":null,"title":"Upcoming Activity for - Test2","body":"Activity Type - Message. Time -20:20"}]
2020-12-07 20:18:36,330 DEBUG org.apache.commons.logging.impl.Jdk14Logger [http-nio-8080-exec-10] REQUEST DATA : uri=/notification/send;payload={"targetUserId":null,"title":"Upcoming Activity for - Test2","body":"Activity Type - Message. Time -20:20"}]
2020-12-07 20:18:36,331 ERROR org.apache.juli.logging.DirectJDKLog [http-nio-8080-exec-10] Servlet.service() for servlet [dispatcherServlet] in context with path [] threw exception [Request processing failed; nested exception is java.lang.Exception: Noe token record found for user.] with root cause
java.lang.Exception: Noe token record found for user.
	at com.ec.common.Service.AndroidTokenDetailsService.findTokenForUser(AndroidTokenDetailsService.java:87)
	at com.ec.common.Service.GatewayNotificationService.sendPnsToDevice(GatewayNotificationService.java:66)
	at com.ec.common.Controller.AndroidNotificationController.sendPnsToDevice(AndroidNotificationController.java:22)
	at sun.reflect.NativeMethodAccessorImpl.invoke0(Native Method)
	at sun.reflect.NativeMethodAccessorImpl.invoke(NativeMethodAccessorImpl.java:62)
	at sun.reflect.DelegatingMethodAccessorImpl.invoke(DelegatingMethodAccessorImpl.java:43)
	at java.lang.reflect.Method.invoke(Method.java:498)
	at org.springframework.web.method.support.InvocableHandlerMethod.doInvoke(InvocableHandlerMethod.java:209)
	at org.springframework.web.method.support.InvocableHandlerMethod.invokeForRequest(InvocableHandlerMethod.java:136)
	at org.springframework.web.servlet.mvc.method.annotation.ServletInvocableHandlerMethod.invokeAndHandle(ServletInvocableHandlerMethod.java:102)
	at org.springframework.web.servlet.mvc.method.annotation.RequestMappingHandlerAdapter.invokeHandlerMethod(RequestMappingHandlerAdapter.java:891)
	at org.springframework.web.servlet.mvc.method.annotation.RequestMappingHandlerAdapter.handleInternal(RequestMappingHandlerAdapter.java:797)
	at org.springframework.web.servlet.mvc.method.AbstractHandlerMethodAdapter.handle(AbstractHandlerMethodAdapter.java:87)
	at org.springframework.web.servlet.DispatcherServlet.doDispatch(DispatcherServlet.java:991)
	at org.springframework.web.servlet.DispatcherServlet.doService(DispatcherServlet.java:925)
	at org.springframework.web.servlet.FrameworkServlet.processRequest(FrameworkServlet.java:974)
	at org.springframework.web.servlet.FrameworkServlet.doPost(FrameworkServlet.java:877)
	at javax.servlet.http.HttpServlet.service(HttpServlet.java:661)
	at org.springframework.web.servlet.FrameworkServlet.service(FrameworkServlet.java:851)
	at javax.servlet.http.HttpServlet.service(HttpServlet.java:742)
	at org.apache.catalina.core.ApplicationFilterChain.internalDoFilter(ApplicationFilterChain.java:231)
	at org.apache.catalina.core.ApplicationFilterChain.doFilter(ApplicationFilterChain.java:166)
	at org.apache.tomcat.websocket.server.WsFilter.doFilter(WsFilter.java:52)
	at org.apache.catalina.core.ApplicationFilterChain.internalDoFilter(ApplicationFilterChain.java:193)
	at org.apache.catalina.core.ApplicationFilterChain.doFilter(ApplicationFilterChain.java:166)
	at org.springframework.web.filter.AbstractRequestLoggingFilter.doFilterInternal(AbstractRequestLoggingFilter.java:246)
	at org.springframework.web.filter.OncePerRequestFilter.doFilter(OncePerRequestFilter.java:107)
	at org.apache.catalina.core.ApplicationFilterChain.internalDoFilter(ApplicationFilterChain.java:193)
	at org.apache.catalina.core.ApplicationFilterChain.doFilter(ApplicationFilterChain.java:166)
	at org.springframework.web.filter.AbstractRequestLoggingFilter.doFilterInternal(AbstractRequestLoggingFilter.java:246)
	at org.springframework.web.filter.OncePerRequestFilter.doFilter(OncePerRequestFilter.java:107)
	at org.apache.catalina.core.ApplicationFilterChain.internalDoFilter(ApplicationFilterChain.java:193)
	at org.apache.catalina.core.ApplicationFilterChain.doFilter(ApplicationFilterChain.java:166)
	at org.springframework.web.filter.OncePerRequestFilter.doFilter(OncePerRequestFilter.java:101)
	at org.apache.catalina.core.ApplicationFilterChain.internalDoFilter(ApplicationFilterChain.java:193)
	at org.apache.catalina.core.ApplicationFilterChain.doFilter(ApplicationFilterChain.java:166)
	at org.springframework.boot.actuate.web.trace.servlet.HttpTraceFilter.doFilterInternal(HttpTraceFilter.java:90)
	at org.springframework.web.filter.OncePerRequestFilter.doFilter(OncePerRequestFilter.java:107)
	at org.apache.catalina.core.ApplicationFilterChain.internalDoFilter(ApplicationFilterChain.java:193)
	at org.apache.catalina.core.ApplicationFilterChain.doFilter(ApplicationFilterChain.java:166)
	at org.springframework.security.web.FilterChainProxy$VirtualFilterChain.doFilter(FilterChainProxy.java:320)
	at org.springframework.security.web.access.intercept.FilterSecurityInterceptor.invoke(FilterSecurityInterceptor.java:127)
	at org.springframework.security.web.access.intercept.FilterSecurityInterceptor.doFilter(FilterSecurityInterceptor.java:91)
	at org.springframework.security.web.FilterChainProxy$VirtualFilterChain.doFilter(FilterChainProxy.java:334)
	at org.springframework.security.web.access.ExceptionTranslationFilter.doFilter(ExceptionTranslationFilter.java:119)
	at org.springframework.security.web.FilterChainProxy$VirtualFilterChain.doFilter(FilterChainProxy.java:334)
	at org.springframework.security.web.session.SessionManagementFilter.doFilter(SessionManagementFilter.java:137)
	at org.springframework.security.web.FilterChainProxy$VirtualFilterChain.doFilter(FilterChainProxy.java:334)
	at org.springframework.security.web.authentication.AnonymousAuthenticationFilter.doFilter(AnonymousAuthenticationFilter.java:111)
	at org.springframework.security.web.FilterChainProxy$VirtualFilterChain.doFilter(FilterChainProxy.java:334)
	at org.springframework.security.web.servletapi.SecurityContextHolderAwareRequestFilter.doFilter(SecurityContextHolderAwareRequestFilter.java:170)
	at org.springframework.security.web.FilterChainProxy$VirtualFilterChain.doFilter(FilterChainProxy.java:334)
	at org.springframework.security.web.savedrequest.RequestCacheAwareFilter.doFilter(RequestCacheAwareFilter.java:63)
	at org.springframework.security.web.FilterChainProxy$VirtualFilterChain.doFilter(FilterChainProxy.java:334)
	at com.ec.common.JWTUtils.JwtRequestFilter.doFilterInternal(JwtRequestFilter.java:60)
	at org.springframework.web.filter.OncePerRequestFilter.doFilter(OncePerRequestFilter.java:107)
	at org.springframework.security.web.FilterChainProxy$VirtualFilterChain.doFilter(FilterChainProxy.java:334)
	at org.springframework.security.web.authentication.logout.LogoutFilter.doFilter(LogoutFilter.java:116)
	at org.springframework.security.web.FilterChainProxy$VirtualFilterChain.doFilter(FilterChainProxy.java:334)
	at org.springframework.web.filter.CorsFilter.doFilterInternal(CorsFilter.java:96)
	at org.springframework.web.filter.OncePerRequestFilter.doFilter(OncePerRequestFilter.java:107)
	at org.springframework.security.web.FilterChainProxy$VirtualFilterChain.doFilter(FilterChainProxy.java:334)
	at org.springframework.security.web.header.HeaderWriterFilter.doFilterInternal(HeaderWriterFilter.java:66)
	at org.springframework.web.filter.OncePerRequestFilter.doFilter(OncePerRequestFilter.java:107)
	at org.springframework.security.web.FilterChainProxy$VirtualFilterChain.doFilter(FilterChainProxy.java:334)
	at org.springframework.security.web.context.SecurityContextPersistenceFilter.doFilter(SecurityContextPersistenceFilter.java:105)
	at org.springframework.security.web.FilterChainProxy$VirtualFilterChain.doFilter(FilterChainProxy.java:334)
	at org.springframework.security.web.context.request.async.WebAsyncManagerIntegrationFilter.doFilterInternal(WebAsyncManagerIntegrationFilter.java:56)
	at org.springframework.web.filter.OncePerRequestFilter.doFilter(OncePerRequestFilter.java:107)
	at org.springframework.security.web.FilterChainProxy$VirtualFilterChain.doFilter(FilterChainProxy.java:334)
	at org.springframework.security.web.FilterChainProxy.doFilterInternal(FilterChainProxy.java:215)
	at org.springframework.security.web.FilterChainProxy.doFilter(FilterChainProxy.java:178)
	at org.springframework.web.filter.DelegatingFilterProxy.invokeDelegate(DelegatingFilterProxy.java:357)
	at org.springframework.web.filter.DelegatingFilterProxy.doFilter(DelegatingFilterProxy.java:270)
	at org.apache.catalina.core.ApplicationFilterChain.internalDoFilter(ApplicationFilterChain.java:193)
	at org.apache.catalina.core.ApplicationFilterChain.doFilter(ApplicationFilterChain.java:166)
	at org.springframework.boot.actuate.metrics.web.servlet.WebMvcMetricsFilter.filterAndRecordMetrics(WebMvcMetricsFilter.java:155)
	at org.springframework.boot.actuate.metrics.web.servlet.WebMvcMetricsFilter.filterAndRecordMetrics(WebMvcMetricsFilter.java:123)
	at org.springframework.boot.actuate.metrics.web.servlet.WebMvcMetricsFilter.doFilterInternal(WebMvcMetricsFilter.java:108)
	at org.springframework.web.filter.OncePerRequestFilter.doFilter(OncePerRequestFilter.java:107)
	at org.apache.catalina.core.ApplicationFilterChain.internalDoFilter(ApplicationFilterChain.java:193)
	at org.apache.catalina.core.ApplicationFilterChain.doFilter(ApplicationFilterChain.java:166)
	at org.springframework.web.filter.CharacterEncodingFilter.doFilterInternal(CharacterEncodingFilter.java:200)
	at org.springframework.web.filter.OncePerRequestFilter.doFilter(OncePerRequestFilter.java:107)
	at org.apache.catalina.core.ApplicationFilterChain.internalDoFilter(ApplicationFilterChain.java:193)
	at org.apache.catalina.core.ApplicationFilterChain.doFilter(ApplicationFilterChain.java:166)
	at org.apache.catalina.core.StandardWrapperValve.invoke(StandardWrapperValve.java:198)
	at org.apache.catalina.core.StandardContextValve.invoke(StandardContextValve.java:96)
	at org.apache.catalina.authenticator.AuthenticatorBase.invoke(AuthenticatorBase.java:493)
	at org.apache.catalina.core.StandardHostValve.invoke(StandardHostValve.java:140)
	at org.apache.catalina.valves.ErrorReportValve.invoke(ErrorReportValve.java:81)
	at org.apache.catalina.core.StandardEngineValve.invoke(StandardEngineValve.java:87)
	at org.apache.catalina.connector.CoyoteAdapter.service(CoyoteAdapter.java:342)
	at org.apache.coyote.http11.Http11Processor.service(Http11Processor.java:800)
	at org.apache.coyote.AbstractProcessorLight.process(AbstractProcessorLight.java:66)
	at org.apache.coyote.AbstractProtocol$ConnectionHandler.process(AbstractProtocol.java:806)
	at org.apache.tomcat.util.net.NioEndpoint$SocketProcessor.doRun(NioEndpoint.java:1498)
	at org.apache.tomcat.util.net.SocketProcessorBase.run(SocketProcessorBase.java:49)
	at java.util.concurrent.ThreadPoolExecutor.runWorker(ThreadPoolExecutor.java:1149)
	at java.util.concurrent.ThreadPoolExecutor$Worker.run(ThreadPoolExecutor.java:624)
	at org.apache.tomcat.util.threads.TaskThread$WrappingRunnable.run(TaskThread.java:61)
	at java.lang.Thread.run(Thread.java:748)
2020-12-07 20:20:59,016 DEBUG org.apache.commons.logging.impl.Jdk14Logger [http-nio-8080-exec-3] Before request [uri=/api/crm/activity/22043]
2020-12-07 20:20:59,018 DEBUG org.apache.commons.logging.impl.Jdk14Logger [http-nio-8080-exec-3] Before request [uri=/api/crm/activity/22043;client=127.0.0.1;user=sridhar]
2020-12-07 20:21:04,782 DEBUG org.apache.commons.logging.impl.Jdk14Logger [http-nio-8080-exec-5] Before request [uri=/user/me]
2020-12-07 20:21:04,782 DEBUG org.apache.commons.logging.impl.Jdk14Logger [http-nio-8080-exec-5] Before request [uri=/user/me;client=127.0.0.1;user=sridhar]
2020-12-07 20:21:04,788 DEBUG org.apache.commons.logging.impl.Jdk14Logger [http-nio-8080-exec-5] After request [uri=/user/me;client=127.0.0.1;user=sridhar]
2020-12-07 20:21:04,788 DEBUG org.apache.commons.logging.impl.Jdk14Logger [http-nio-8080-exec-5] REQUEST DATA : uri=/user/me]
2020-12-07 20:21:05,000 DEBUG org.apache.commons.logging.impl.Jdk14Logger [http-nio-8080-exec-3] After request [uri=/api/crm/activity/22043;client=127.0.0.1;user=sridhar;payload={"closingComment":"sadas"}]
2020-12-07 20:21:05,006 DEBUG org.apache.commons.logging.impl.Jdk14Logger [http-nio-8080-exec-3] REQUEST DATA : uri=/api/crm/activity/22043;payload={"closingComment":"sadas"}]
2020-12-07 20:21:11,068 DEBUG org.apache.commons.logging.impl.Jdk14Logger [http-nio-8080-exec-1] Before request [uri=/api/crm/lead/validLeadStatus]
2020-12-07 20:21:11,069 DEBUG org.apache.commons.logging.impl.Jdk14Logger [http-nio-8080-exec-1] Before request [uri=/api/crm/lead/validLeadStatus;client=127.0.0.1;user=sridhar]
2020-12-07 20:21:11,090 DEBUG org.apache.commons.logging.impl.Jdk14Logger [http-nio-8080-exec-1] After request [uri=/api/crm/lead/validLeadStatus;client=127.0.0.1;user=sridhar]
2020-12-07 20:21:11,092 DEBUG org.apache.commons.logging.impl.Jdk14Logger [http-nio-8080-exec-1] REQUEST DATA : uri=/api/crm/lead/validLeadStatus]
2020-12-07 20:21:11,302 DEBUG org.apache.commons.logging.impl.Jdk14Logger [http-nio-8080-exec-2] Before request [uri=/api/crm/lead/22018]
2020-12-07 20:21:11,304 DEBUG org.apache.commons.logging.impl.Jdk14Logger [http-nio-8080-exec-2] Before request [uri=/api/crm/lead/22018;client=127.0.0.1;user=sridhar]
2020-12-07 20:21:11,312 DEBUG org.apache.commons.logging.impl.Jdk14Logger [http-nio-8080-exec-9] Before request [uri=/api/crm/lead/getallinfo/22018]
2020-12-07 20:21:11,313 DEBUG org.apache.commons.logging.impl.Jdk14Logger [http-nio-8080-exec-9] Before request [uri=/api/crm/lead/getallinfo/22018;client=127.0.0.1;user=sridhar]
2020-12-07 20:21:11,376 DEBUG org.apache.commons.logging.impl.Jdk14Logger [http-nio-8080-exec-2] After request [uri=/api/crm/lead/22018;client=127.0.0.1;user=sridhar]
2020-12-07 20:21:11,377 DEBUG org.apache.commons.logging.impl.Jdk14Logger [http-nio-8080-exec-2] REQUEST DATA : uri=/api/crm/lead/22018]
2020-12-07 20:21:11,493 DEBUG org.apache.commons.logging.impl.Jdk14Logger [http-nio-8080-exec-9] After request [uri=/api/crm/lead/getallinfo/22018;client=127.0.0.1;user=sridhar]
2020-12-07 20:21:11,494 DEBUG org.apache.commons.logging.impl.Jdk14Logger [http-nio-8080-exec-9] REQUEST DATA : uri=/api/crm/lead/getallinfo/22018]
2020-12-07 20:21:11,880 WARN org.apache.commons.logging.impl.Jdk14Logger [http-nio-8080-exec-7] JWT Token does not begin with 	Bearer String
2020-12-07 20:21:39,154 DEBUG org.apache.commons.logging.impl.Jdk14Logger [http-nio-8080-exec-8] Before request [uri=/api/crm/dashboard/topperformer]
2020-12-07 20:21:39,156 DEBUG org.apache.commons.logging.impl.Jdk14Logger [http-nio-8080-exec-8] Before request [uri=/api/crm/dashboard/topperformer;client=127.0.0.1;user=sridhar]
2020-12-07 20:21:39,218 DEBUG org.apache.commons.logging.impl.Jdk14Logger [http-nio-8080-exec-6] Before request [uri=/api/crm/dashboard/conversionratio]
2020-12-07 20:21:39,219 DEBUG org.apache.commons.logging.impl.Jdk14Logger [http-nio-8080-exec-4] Before request [uri=/api/crm/dashboard/stagnant]
2020-12-07 20:21:39,220 DEBUG org.apache.commons.logging.impl.Jdk14Logger [http-nio-8080-exec-6] Before request [uri=/api/crm/dashboard/conversionratio;client=127.0.0.1;user=sridhar]
2020-12-07 20:21:39,225 DEBUG org.apache.commons.logging.impl.Jdk14Logger [http-nio-8080-exec-4] Before request [uri=/api/crm/dashboard/stagnant;client=127.0.0.1;user=sridhar]
2020-12-07 20:21:39,246 DEBUG org.apache.commons.logging.impl.Jdk14Logger [http-nio-8080-exec-10] Before request [uri=/api/crm/dashboard/customerpipeline]
2020-12-07 20:21:39,248 DEBUG org.apache.commons.logging.impl.Jdk14Logger [http-nio-8080-exec-10] Before request [uri=/api/crm/dashboard/customerpipeline;client=127.0.0.1;user=sridhar]
2020-12-07 20:21:39,485 DEBUG org.apache.commons.logging.impl.Jdk14Logger [http-nio-8080-exec-8] After request [uri=/api/crm/dashboard/topperformer;client=127.0.0.1;user=sridhar]
2020-12-07 20:21:39,488 DEBUG org.apache.commons.logging.impl.Jdk14Logger [http-nio-8080-exec-8] REQUEST DATA : uri=/api/crm/dashboard/topperformer]
2020-12-07 20:21:39,489 DEBUG org.apache.commons.logging.impl.Jdk14Logger [http-nio-8080-exec-6] After request [uri=/api/crm/dashboard/conversionratio;client=127.0.0.1;user=sridhar]
2020-12-07 20:21:39,491 DEBUG org.apache.commons.logging.impl.Jdk14Logger [http-nio-8080-exec-6] REQUEST DATA : uri=/api/crm/dashboard/conversionratio]
2020-12-07 20:21:39,503 DEBUG org.apache.commons.logging.impl.Jdk14Logger [http-nio-8080-exec-10] After request [uri=/api/crm/dashboard/customerpipeline;client=127.0.0.1;user=sridhar;payload={"fromDate":"2020-12-01","toDate":"2020-12-31"}]
2020-12-07 20:21:39,504 DEBUG org.apache.commons.logging.impl.Jdk14Logger [http-nio-8080-exec-10] REQUEST DATA : uri=/api/crm/dashboard/customerpipeline;payload={"fromDate":"2020-12-01","toDate":"2020-12-31"}]
2020-12-07 20:21:39,508 DEBUG org.apache.commons.logging.impl.Jdk14Logger [http-nio-8080-exec-4] After request [uri=/api/crm/dashboard/stagnant;client=127.0.0.1;user=sridhar]
2020-12-07 20:21:39,508 DEBUG org.apache.commons.logging.impl.Jdk14Logger [http-nio-8080-exec-4] REQUEST DATA : uri=/api/crm/dashboard/stagnant]
2020-12-07 20:21:39,539 DEBUG org.apache.commons.logging.impl.Jdk14Logger [http-nio-8080-exec-5] Before request [uri=/api/crm/dashboard/customerpipeline]
2020-12-07 20:21:39,540 DEBUG org.apache.commons.logging.impl.Jdk14Logger [http-nio-8080-exec-5] Before request [uri=/api/crm/dashboard/customerpipeline;client=127.0.0.1;user=sridhar]
2020-12-07 20:21:39,563 DEBUG org.apache.commons.logging.impl.Jdk14Logger [http-nio-8080-exec-3] Before request [uri=/api/crm/dashboard/topperformer]
2020-12-07 20:21:39,564 DEBUG org.apache.commons.logging.impl.Jdk14Logger [http-nio-8080-exec-3] Before request [uri=/api/crm/dashboard/topperformer;client=127.0.0.1;user=sridhar]
2020-12-07 20:21:39,579 DEBUG org.apache.commons.logging.impl.Jdk14Logger [http-nio-8080-exec-1] Before request [uri=/api/crm/dashboard/conversionratio]
2020-12-07 20:21:39,580 DEBUG org.apache.commons.logging.impl.Jdk14Logger [http-nio-8080-exec-1] Before request [uri=/api/crm/dashboard/conversionratio;client=127.0.0.1;user=sridhar]
2020-12-07 20:21:39,596 DEBUG org.apache.commons.logging.impl.Jdk14Logger [http-nio-8080-exec-5] After request [uri=/api/crm/dashboard/customerpipeline;client=127.0.0.1;user=sridhar;payload={"fromDate":"2020-12-01","toDate":"2020-12-31"}]
2020-12-07 20:21:39,597 DEBUG org.apache.commons.logging.impl.Jdk14Logger [http-nio-8080-exec-5] REQUEST DATA : uri=/api/crm/dashboard/customerpipeline;payload={"fromDate":"2020-12-01","toDate":"2020-12-31"}]
2020-12-07 20:21:39,597 DEBUG org.apache.commons.logging.impl.Jdk14Logger [http-nio-8080-exec-2] Before request [uri=/api/crm/dashboard/stagnant]
2020-12-07 20:21:39,598 DEBUG org.apache.commons.logging.impl.Jdk14Logger [http-nio-8080-exec-2] Before request [uri=/api/crm/dashboard/stagnant;client=127.0.0.1;user=sridhar]
2020-12-07 20:21:39,632 DEBUG org.apache.commons.logging.impl.Jdk14Logger [http-nio-8080-exec-1] After request [uri=/api/crm/dashboard/conversionratio;client=127.0.0.1;user=sridhar]
2020-12-07 20:21:39,633 DEBUG org.apache.commons.logging.impl.Jdk14Logger [http-nio-8080-exec-1] REQUEST DATA : uri=/api/crm/dashboard/conversionratio]
2020-12-07 20:21:39,716 DEBUG org.apache.commons.logging.impl.Jdk14Logger [http-nio-8080-exec-2] After request [uri=/api/crm/dashboard/stagnant;client=127.0.0.1;user=sridhar]
2020-12-07 20:21:39,717 DEBUG org.apache.commons.logging.impl.Jdk14Logger [http-nio-8080-exec-2] REQUEST DATA : uri=/api/crm/dashboard/stagnant]
2020-12-07 20:21:39,719 DEBUG org.apache.commons.logging.impl.Jdk14Logger [http-nio-8080-exec-3] After request [uri=/api/crm/dashboard/topperformer;client=127.0.0.1;user=sridhar]
2020-12-07 20:21:39,719 DEBUG org.apache.commons.logging.impl.Jdk14Logger [http-nio-8080-exec-3] REQUEST DATA : uri=/api/crm/dashboard/topperformer]
2020-12-07 20:21:40,380 WARN org.apache.commons.logging.impl.Jdk14Logger [http-nio-8080-exec-9] JWT Token does not begin with 	Bearer String
2020-12-07 20:21:43,368 DEBUG org.apache.commons.logging.impl.Jdk14Logger [http-nio-8080-exec-7] Before request [uri=/api/crm/activity/getleadactivitypage?size=12&page=0]
2020-12-07 20:21:43,369 DEBUG org.apache.commons.logging.impl.Jdk14Logger [http-nio-8080-exec-7] Before request [uri=/api/crm/activity/getleadactivitypage?size=12&page=0;client=127.0.0.1;user=sridhar]
2020-12-07 20:21:43,592 DEBUG org.apache.commons.logging.impl.Jdk14Logger [http-nio-8080-exec-8] Before request [uri=/user/list]
2020-12-07 20:21:43,593 DEBUG org.apache.commons.logging.impl.Jdk14Logger [http-nio-8080-exec-8] Before request [uri=/user/list;client=127.0.0.1;user=sridhar]
2020-12-07 20:21:43,730 DEBUG org.apache.commons.logging.impl.Jdk14Logger [http-nio-8080-exec-6] Before request [uri=/api/crm/activity/getleadactivitypage?size=12&page=0]
2020-12-07 20:21:43,731 DEBUG org.apache.commons.logging.impl.Jdk14Logger [http-nio-8080-exec-6] Before request [uri=/api/crm/activity/getleadactivitypage?size=12&page=0;client=127.0.0.1;user=sridhar]
2020-12-07 20:21:43,828 DEBUG org.apache.commons.logging.impl.Jdk14Logger [http-nio-8080-exec-10] Before request [uri=/user/list]
2020-12-07 20:21:43,829 DEBUG org.apache.commons.logging.impl.Jdk14Logger [http-nio-8080-exec-10] Before request [uri=/user/list;client=127.0.0.1;user=sridhar]
2020-12-07 20:21:43,873 DEBUG org.apache.commons.logging.impl.Jdk14Logger [http-nio-8080-exec-10] After request [uri=/user/list;client=127.0.0.1;user=sridhar]
2020-12-07 20:21:43,874 DEBUG org.apache.commons.logging.impl.Jdk14Logger [http-nio-8080-exec-10] REQUEST DATA : uri=/user/list]
2020-12-07 20:21:43,900 DEBUG org.apache.commons.logging.impl.Jdk14Logger [http-nio-8080-exec-8] After request [uri=/user/list;client=127.0.0.1;user=sridhar]
2020-12-07 20:21:43,903 DEBUG org.apache.commons.logging.impl.Jdk14Logger [http-nio-8080-exec-8] REQUEST DATA : uri=/user/list]
2020-12-07 20:21:44,055 DEBUG org.apache.commons.logging.impl.Jdk14Logger [http-nio-8080-exec-7] After request [uri=/api/crm/activity/getleadactivitypage?size=12&page=0;client=127.0.0.1;user=sridhar;payload={"filterData":[{"attrName":"globalSearch","attrValue":[]}]}]
2020-12-07 20:21:44,056 DEBUG org.apache.commons.logging.impl.Jdk14Logger [http-nio-8080-exec-7] REQUEST DATA : uri=/api/crm/activity/getleadactivitypage?size=12&page=0;payload={"filterData":[{"attrName":"globalSearch","attrValue":[]}]}]
2020-12-07 20:21:44,057 DEBUG org.apache.commons.logging.impl.Jdk14Logger [http-nio-8080-exec-6] After request [uri=/api/crm/activity/getleadactivitypage?size=12&page=0;client=127.0.0.1;user=sridhar;payload={"filterData":[{"attrName":"globalSearch","attrValue":[]}]}]
2020-12-07 20:21:44,059 DEBUG org.apache.commons.logging.impl.Jdk14Logger [http-nio-8080-exec-6] REQUEST DATA : uri=/api/crm/activity/getleadactivitypage?size=12&page=0;payload={"filterData":[{"attrName":"globalSearch","attrValue":[]}]}]
2020-12-07 20:22:01,506 DEBUG org.apache.commons.logging.impl.Jdk14Logger [http-nio-8080-exec-4] Before request [uri=/api/crm/lead/create]
2020-12-07 20:22:01,509 DEBUG org.apache.commons.logging.impl.Jdk14Logger [http-nio-8080-exec-4] Before request [uri=/api/crm/lead/create;client=127.0.0.1;user=sridhar]
2020-12-07 20:22:01,585 DEBUG org.apache.commons.logging.impl.Jdk14Logger [http-nio-8080-exec-5] Before request [uri=/user/me]
2020-12-07 20:22:01,586 DEBUG org.apache.commons.logging.impl.Jdk14Logger [http-nio-8080-exec-5] Before request [uri=/user/me;client=127.0.0.1;user=sridhar]
2020-12-07 20:22:01,592 DEBUG org.apache.commons.logging.impl.Jdk14Logger [http-nio-8080-exec-5] After request [uri=/user/me;client=127.0.0.1;user=sridhar]
2020-12-07 20:22:01,593 DEBUG org.apache.commons.logging.impl.Jdk14Logger [http-nio-8080-exec-5] REQUEST DATA : uri=/user/me]
2020-12-07 20:22:01,627 DEBUG org.apache.commons.logging.impl.Jdk14Logger [http-nio-8080-exec-1] Before request [uri=/user/byid/10001]
2020-12-07 20:22:01,629 DEBUG org.apache.commons.logging.impl.Jdk14Logger [http-nio-8080-exec-1] Before request [uri=/user/byid/10001;client=127.0.0.1;user=sridhar]
2020-12-07 20:22:01,668 DEBUG org.apache.commons.logging.impl.Jdk14Logger [http-nio-8080-exec-1] After request [uri=/user/byid/10001;client=127.0.0.1;user=sridhar]
2020-12-07 20:22:01,669 DEBUG org.apache.commons.logging.impl.Jdk14Logger [http-nio-8080-exec-1] REQUEST DATA : uri=/user/byid/10001]
2020-12-07 20:22:01,874 DEBUG org.apache.commons.logging.impl.Jdk14Logger [http-nio-8080-exec-2] Before request [uri=/user/me]
2020-12-07 20:22:01,875 DEBUG org.apache.commons.logging.impl.Jdk14Logger [http-nio-8080-exec-2] Before request [uri=/user/me;client=127.0.0.1;user=sridhar]
2020-12-07 20:22:01,879 DEBUG org.apache.commons.logging.impl.Jdk14Logger [http-nio-8080-exec-2] After request [uri=/user/me;client=127.0.0.1;user=sridhar]
2020-12-07 20:22:01,880 DEBUG org.apache.commons.logging.impl.Jdk14Logger [http-nio-8080-exec-2] REQUEST DATA : uri=/user/me]
2020-12-07 20:22:02,216 DEBUG org.apache.commons.logging.impl.Jdk14Logger [http-nio-8080-exec-4] After request [uri=/api/crm/lead/create;client=127.0.0.1;user=sridhar;payload={"customerName":"Test 2","primaryMobile":"7898298280","assigneeId":10001}]
2020-12-07 20:22:02,217 DEBUG org.apache.commons.logging.impl.Jdk14Logger [http-nio-8080-exec-4] REQUEST DATA : uri=/api/crm/lead/create;payload={"customerName":"Test 2","primaryMobile":"7898298280","assigneeId":10001}]
2020-12-07 20:22:02,515 DEBUG org.apache.commons.logging.impl.Jdk14Logger [http-nio-8080-exec-3] Before request [uri=/api/crm/activity/getleadactivitypage?size=12&page=0]
2020-12-07 20:22:02,516 DEBUG org.apache.commons.logging.impl.Jdk14Logger [http-nio-8080-exec-3] Before request [uri=/api/crm/activity/getleadactivitypage?size=12&page=0;client=127.0.0.1;user=sridhar]
2020-12-07 20:22:02,612 DEBUG org.apache.commons.logging.impl.Jdk14Logger [http-nio-8080-exec-9] Before request [uri=/user/list]
2020-12-07 20:22:02,613 DEBUG org.apache.commons.logging.impl.Jdk14Logger [http-nio-8080-exec-9] Before request [uri=/user/list;client=127.0.0.1;user=sridhar]
2020-12-07 20:22:02,631 DEBUG org.apache.commons.logging.impl.Jdk14Logger [http-nio-8080-exec-9] After request [uri=/user/list;client=127.0.0.1;user=sridhar]
2020-12-07 20:22:02,632 DEBUG org.apache.commons.logging.impl.Jdk14Logger [http-nio-8080-exec-9] REQUEST DATA : uri=/user/list]
2020-12-07 20:22:02,728 DEBUG org.apache.commons.logging.impl.Jdk14Logger [http-nio-8080-exec-3] After request [uri=/api/crm/activity/getleadactivitypage?size=12&page=0;client=127.0.0.1;user=sridhar;payload={"filterData":[{"attrName":"globalSearch","attrValue":[]}]}]
2020-12-07 20:22:02,729 DEBUG org.apache.commons.logging.impl.Jdk14Logger [http-nio-8080-exec-3] REQUEST DATA : uri=/api/crm/activity/getleadactivitypage?size=12&page=0;payload={"filterData":[{"attrName":"globalSearch","attrValue":[]}]}]
2020-12-07 20:22:05,614 DEBUG org.apache.commons.logging.impl.Jdk14Logger [http-nio-8080-exec-10] Before request [uri=/api/crm/lead/validLeadStatus]
2020-12-07 20:22:05,615 DEBUG org.apache.commons.logging.impl.Jdk14Logger [http-nio-8080-exec-10] Before request [uri=/api/crm/lead/validLeadStatus;client=127.0.0.1;user=sridhar]
2020-12-07 20:22:05,626 DEBUG org.apache.commons.logging.impl.Jdk14Logger [http-nio-8080-exec-10] After request [uri=/api/crm/lead/validLeadStatus;client=127.0.0.1;user=sridhar]
2020-12-07 20:22:05,627 DEBUG org.apache.commons.logging.impl.Jdk14Logger [http-nio-8080-exec-10] REQUEST DATA : uri=/api/crm/lead/validLeadStatus]
2020-12-07 20:22:05,652 DEBUG org.apache.commons.logging.impl.Jdk14Logger [http-nio-8080-exec-8] Before request [uri=/api/crm/lead/validLeadStatus]
2020-12-07 20:22:05,653 DEBUG org.apache.commons.logging.impl.Jdk14Logger [http-nio-8080-exec-8] Before request [uri=/api/crm/lead/validLeadStatus;client=127.0.0.1;user=sridhar]
2020-12-07 20:22:05,659 DEBUG org.apache.commons.logging.impl.Jdk14Logger [http-nio-8080-exec-8] After request [uri=/api/crm/lead/validLeadStatus;client=127.0.0.1;user=sridhar]
2020-12-07 20:22:05,659 DEBUG org.apache.commons.logging.impl.Jdk14Logger [http-nio-8080-exec-8] REQUEST DATA : uri=/api/crm/lead/validLeadStatus]
2020-12-07 20:22:05,684 DEBUG org.apache.commons.logging.impl.Jdk14Logger [http-nio-8080-exec-7] Before request [uri=/api/crm/lead/106924]
2020-12-07 20:22:05,684 DEBUG org.apache.commons.logging.impl.Jdk14Logger [http-nio-8080-exec-7] Before request [uri=/api/crm/lead/106924;client=127.0.0.1;user=sridhar]
2020-12-07 20:22:05,695 DEBUG org.apache.commons.logging.impl.Jdk14Logger [http-nio-8080-exec-6] Before request [uri=/api/crm/lead/getallinfo/106924]
2020-12-07 20:22:05,696 DEBUG org.apache.commons.logging.impl.Jdk14Logger [http-nio-8080-exec-6] Before request [uri=/api/crm/lead/getallinfo/106924;client=127.0.0.1;user=sridhar]
2020-12-07 20:22:05,712 DEBUG org.apache.commons.logging.impl.Jdk14Logger [http-nio-8080-exec-7] After request [uri=/api/crm/lead/106924;client=127.0.0.1;user=sridhar]
2020-12-07 20:22:05,713 DEBUG org.apache.commons.logging.impl.Jdk14Logger [http-nio-8080-exec-7] REQUEST DATA : uri=/api/crm/lead/106924]
2020-12-07 20:22:05,751 DEBUG org.apache.commons.logging.impl.Jdk14Logger [http-nio-8080-exec-5] Before request [uri=/api/crm/lead/106924]
2020-12-07 20:22:05,752 DEBUG org.apache.commons.logging.impl.Jdk14Logger [http-nio-8080-exec-5] Before request [uri=/api/crm/lead/106924;client=127.0.0.1;user=sridhar]
2020-12-07 20:22:05,779 DEBUG org.apache.commons.logging.impl.Jdk14Logger [http-nio-8080-exec-5] After request [uri=/api/crm/lead/106924;client=127.0.0.1;user=sridhar]
2020-12-07 20:22:05,780 DEBUG org.apache.commons.logging.impl.Jdk14Logger [http-nio-8080-exec-5] REQUEST DATA : uri=/api/crm/lead/106924]
2020-12-07 20:22:05,818 DEBUG org.apache.commons.logging.impl.Jdk14Logger [http-nio-8080-exec-6] After request [uri=/api/crm/lead/getallinfo/106924;client=127.0.0.1;user=sridhar]
2020-12-07 20:22:05,819 DEBUG org.apache.commons.logging.impl.Jdk14Logger [http-nio-8080-exec-6] REQUEST DATA : uri=/api/crm/lead/getallinfo/106924]
2020-12-07 20:22:05,863 DEBUG org.apache.commons.logging.impl.Jdk14Logger [http-nio-8080-exec-1] Before request [uri=/api/crm/lead/getallinfo/106924]
2020-12-07 20:22:05,863 DEBUG org.apache.commons.logging.impl.Jdk14Logger [http-nio-8080-exec-1] Before request [uri=/api/crm/lead/getallinfo/106924;client=127.0.0.1;user=sridhar]
2020-12-07 20:22:05,895 DEBUG org.apache.commons.logging.impl.Jdk14Logger [http-nio-8080-exec-1] After request [uri=/api/crm/lead/getallinfo/106924;client=127.0.0.1;user=sridhar]
2020-12-07 20:22:05,896 DEBUG org.apache.commons.logging.impl.Jdk14Logger [http-nio-8080-exec-1] REQUEST DATA : uri=/api/crm/lead/getallinfo/106924]
2020-12-07 20:22:11,424 DEBUG org.apache.commons.logging.impl.Jdk14Logger [http-nio-8080-exec-2] Before request [uri=/api/crm/activity/106925]
2020-12-07 20:22:11,424 DEBUG org.apache.commons.logging.impl.Jdk14Logger [http-nio-8080-exec-2] Before request [uri=/api/crm/activity/106925;client=127.0.0.1;user=sridhar]
2020-12-07 20:22:11,438 DEBUG org.apache.commons.logging.impl.Jdk14Logger [http-nio-8080-exec-4] Before request [uri=/user/me]
2020-12-07 20:22:11,438 DEBUG org.apache.commons.logging.impl.Jdk14Logger [http-nio-8080-exec-4] Before request [uri=/user/me;client=127.0.0.1;user=sridhar]
2020-12-07 20:22:11,442 DEBUG org.apache.commons.logging.impl.Jdk14Logger [http-nio-8080-exec-4] After request [uri=/user/me;client=127.0.0.1;user=sridhar]
2020-12-07 20:22:11,444 DEBUG org.apache.commons.logging.impl.Jdk14Logger [http-nio-8080-exec-4] REQUEST DATA : uri=/user/me]
2020-12-07 20:22:11,468 DEBUG org.apache.commons.logging.impl.Jdk14Logger [http-nio-8080-exec-2] After request [uri=/api/crm/activity/106925;client=127.0.0.1;user=sridhar;payload={"closingComment":"sad"}]
2020-12-07 20:22:11,469 DEBUG org.apache.commons.logging.impl.Jdk14Logger [http-nio-8080-exec-2] REQUEST DATA : uri=/api/crm/activity/106925;payload={"closingComment":"sad"}]
2020-12-07 20:22:13,062 DEBUG org.apache.commons.logging.impl.Jdk14Logger [http-nio-8080-exec-9] Before request [uri=/api/crm/lead/validLeadStatus]
2020-12-07 20:22:13,066 DEBUG org.apache.commons.logging.impl.Jdk14Logger [http-nio-8080-exec-9] Before request [uri=/api/crm/lead/validLeadStatus;client=127.0.0.1;user=sridhar]
2020-12-07 20:22:13,074 DEBUG org.apache.commons.logging.impl.Jdk14Logger [http-nio-8080-exec-9] After request [uri=/api/crm/lead/validLeadStatus;client=127.0.0.1;user=sridhar]
2020-12-07 20:22:13,075 DEBUG org.apache.commons.logging.impl.Jdk14Logger [http-nio-8080-exec-9] REQUEST DATA : uri=/api/crm/lead/validLeadStatus]
2020-12-07 20:22:13,154 DEBUG org.apache.commons.logging.impl.Jdk14Logger [http-nio-8080-exec-3] Before request [uri=/api/crm/lead/106924]
2020-12-07 20:22:13,155 DEBUG org.apache.commons.logging.impl.Jdk14Logger [http-nio-8080-exec-3] Before request [uri=/api/crm/lead/106924;client=127.0.0.1;user=sridhar]
2020-12-07 20:22:13,164 DEBUG org.apache.commons.logging.impl.Jdk14Logger [http-nio-8080-exec-10] Before request [uri=/api/crm/lead/getallinfo/106924]
2020-12-07 20:22:13,166 DEBUG org.apache.commons.logging.impl.Jdk14Logger [http-nio-8080-exec-10] Before request [uri=/api/crm/lead/getallinfo/106924;client=127.0.0.1;user=sridhar]
2020-12-07 20:22:13,174 DEBUG org.apache.commons.logging.impl.Jdk14Logger [http-nio-8080-exec-3] After request [uri=/api/crm/lead/106924;client=127.0.0.1;user=sridhar]
2020-12-07 20:22:13,177 DEBUG org.apache.commons.logging.impl.Jdk14Logger [http-nio-8080-exec-3] REQUEST DATA : uri=/api/crm/lead/106924]
2020-12-07 20:22:13,243 DEBUG org.apache.commons.logging.impl.Jdk14Logger [http-nio-8080-exec-10] After request [uri=/api/crm/lead/getallinfo/106924;client=127.0.0.1;user=sridhar]
2020-12-07 20:22:13,248 DEBUG org.apache.commons.logging.impl.Jdk14Logger [http-nio-8080-exec-10] REQUEST DATA : uri=/api/crm/lead/getallinfo/106924]
2020-12-07 20:22:13,763 WARN org.apache.commons.logging.impl.Jdk14Logger [http-nio-8080-exec-8] JWT Token does not begin with 	Bearer String
2020-12-07 20:22:14,890 DEBUG org.apache.commons.logging.impl.Jdk14Logger [http-nio-8080-exec-7] Before request [uri=/api/crm/activity/validActivityTypes]
2020-12-07 20:22:14,891 DEBUG org.apache.commons.logging.impl.Jdk14Logger [http-nio-8080-exec-7] Before request [uri=/api/crm/activity/validActivityTypes;client=127.0.0.1;user=sridhar]
2020-12-07 20:22:14,900 DEBUG org.apache.commons.logging.impl.Jdk14Logger [http-nio-8080-exec-7] After request [uri=/api/crm/activity/validActivityTypes;client=127.0.0.1;user=sridhar]
2020-12-07 20:22:14,901 DEBUG org.apache.commons.logging.impl.Jdk14Logger [http-nio-8080-exec-7] REQUEST DATA : uri=/api/crm/activity/validActivityTypes]
2020-12-07 20:22:26,456 DEBUG org.apache.commons.logging.impl.Jdk14Logger [http-nio-8080-exec-5] Before request [uri=/api/crm/activity/create]
2020-12-07 20:22:26,456 DEBUG org.apache.commons.logging.impl.Jdk14Logger [http-nio-8080-exec-5] Before request [uri=/api/crm/activity/create;client=127.0.0.1;user=sridhar]
2020-12-07 20:22:26,492 DEBUG org.apache.commons.logging.impl.Jdk14Logger [http-nio-8080-exec-6] Before request [uri=/user/me]
2020-12-07 20:22:26,493 DEBUG org.apache.commons.logging.impl.Jdk14Logger [http-nio-8080-exec-6] Before request [uri=/user/me;client=127.0.0.1;user=sridhar]
2020-12-07 20:22:26,498 DEBUG org.apache.commons.logging.impl.Jdk14Logger [http-nio-8080-exec-6] After request [uri=/user/me;client=127.0.0.1;user=sridhar]
2020-12-07 20:22:26,499 DEBUG org.apache.commons.logging.impl.Jdk14Logger [http-nio-8080-exec-6] REQUEST DATA : uri=/user/me]
2020-12-07 20:22:26,523 DEBUG org.apache.commons.logging.impl.Jdk14Logger [http-nio-8080-exec-1] Before request [uri=/user/me]
2020-12-07 20:22:26,523 DEBUG org.apache.commons.logging.impl.Jdk14Logger [http-nio-8080-exec-1] Before request [uri=/user/me;client=127.0.0.1;user=sridhar]
2020-12-07 20:22:26,529 DEBUG org.apache.commons.logging.impl.Jdk14Logger [http-nio-8080-exec-1] After request [uri=/user/me;client=127.0.0.1;user=sridhar]
2020-12-07 20:22:26,529 DEBUG org.apache.commons.logging.impl.Jdk14Logger [http-nio-8080-exec-1] REQUEST DATA : uri=/user/me]
2020-12-07 20:22:26,556 DEBUG org.apache.commons.logging.impl.Jdk14Logger [http-nio-8080-exec-5] After request [uri=/api/crm/activity/create;client=127.0.0.1;user=sridhar;payload={"title":"sada","activityDateTime":"2020-12-07 20:25","activityType":"Meeting","description":"sadsa","leadId":"106924"}]
2020-12-07 20:22:26,557 DEBUG org.apache.commons.logging.impl.Jdk14Logger [http-nio-8080-exec-5] REQUEST DATA : uri=/api/crm/activity/create;payload={"title":"sada","activityDateTime":"2020-12-07 20:25","activityType":"Meeting","description":"sadsa","leadId":"106924"}]
2020-12-07 20:22:27,906 DEBUG org.apache.commons.logging.impl.Jdk14Logger [http-nio-8080-exec-4] Before request [uri=/api/crm/lead/validLeadStatus]
2020-12-07 20:22:27,907 DEBUG org.apache.commons.logging.impl.Jdk14Logger [http-nio-8080-exec-4] Before request [uri=/api/crm/lead/validLeadStatus;client=127.0.0.1;user=sridhar]
2020-12-07 20:22:27,913 DEBUG org.apache.commons.logging.impl.Jdk14Logger [http-nio-8080-exec-4] After request [uri=/api/crm/lead/validLeadStatus;client=127.0.0.1;user=sridhar]
2020-12-07 20:22:27,915 DEBUG org.apache.commons.logging.impl.Jdk14Logger [http-nio-8080-exec-4] REQUEST DATA : uri=/api/crm/lead/validLeadStatus]
2020-12-07 20:22:28,053 DEBUG org.apache.commons.logging.impl.Jdk14Logger [http-nio-8080-exec-2] Before request [uri=/api/crm/lead/106924]
2020-12-07 20:22:28,053 DEBUG org.apache.commons.logging.impl.Jdk14Logger [http-nio-8080-exec-2] Before request [uri=/api/crm/lead/106924;client=127.0.0.1;user=sridhar]
2020-12-07 20:22:28,072 DEBUG org.apache.commons.logging.impl.Jdk14Logger [http-nio-8080-exec-2] After request [uri=/api/crm/lead/106924;client=127.0.0.1;user=sridhar]
2020-12-07 20:22:28,072 DEBUG org.apache.commons.logging.impl.Jdk14Logger [http-nio-8080-exec-9] Before request [uri=/api/crm/lead/getallinfo/106924]
2020-12-07 20:22:28,072 DEBUG org.apache.commons.logging.impl.Jdk14Logger [http-nio-8080-exec-2] REQUEST DATA : uri=/api/crm/lead/106924]
2020-12-07 20:22:28,073 DEBUG org.apache.commons.logging.impl.Jdk14Logger [http-nio-8080-exec-9] Before request [uri=/api/crm/lead/getallinfo/106924;client=127.0.0.1;user=sridhar]
2020-12-07 20:22:28,113 DEBUG org.apache.commons.logging.impl.Jdk14Logger [http-nio-8080-exec-9] After request [uri=/api/crm/lead/getallinfo/106924;client=127.0.0.1;user=sridhar]
2020-12-07 20:22:28,113 DEBUG org.apache.commons.logging.impl.Jdk14Logger [http-nio-8080-exec-9] REQUEST DATA : uri=/api/crm/lead/getallinfo/106924]
2020-12-07 20:22:28,617 WARN org.apache.commons.logging.impl.Jdk14Logger [http-nio-8080-exec-3] JWT Token does not begin with 	Bearer String
2020-12-07 20:22:52,414 WARN org.apache.commons.logging.impl.Jdk14Logger [http-nio-8080-exec-10] JWT Token does not begin with 	Bearer String
2020-12-07 20:22:52,415 DEBUG org.apache.commons.logging.impl.Jdk14Logger [http-nio-8080-exec-10] Before request [uri=/notification/send]
2020-12-07 20:22:52,415 DEBUG org.apache.commons.logging.impl.Jdk14Logger [http-nio-8080-exec-10] Before request [uri=/notification/send;client=127.0.0.1]
2020-12-07 20:22:52,422 DEBUG org.apache.commons.logging.impl.Jdk14Logger [http-nio-8080-exec-10] After request [uri=/notification/send;client=127.0.0.1;payload={"targetUserId":null,"title":"Upcoming Activity for - Test 2","body":"Activity Type - Meeting. Time -20:25"}]
2020-12-07 20:22:52,422 DEBUG org.apache.commons.logging.impl.Jdk14Logger [http-nio-8080-exec-10] REQUEST DATA : uri=/notification/send;payload={"targetUserId":null,"title":"Upcoming Activity for - Test 2","body":"Activity Type - Meeting. Time -20:25"}]
2020-12-07 20:22:52,424 ERROR org.apache.juli.logging.DirectJDKLog [http-nio-8080-exec-10] Servlet.service() for servlet [dispatcherServlet] in context with path [] threw exception [Request processing failed; nested exception is java.lang.Exception: Noe token record found for user.] with root cause
java.lang.Exception: Noe token record found for user.
	at com.ec.common.Service.AndroidTokenDetailsService.findTokenForUser(AndroidTokenDetailsService.java:87)
	at com.ec.common.Service.GatewayNotificationService.sendPnsToDevice(GatewayNotificationService.java:66)
	at com.ec.common.Controller.AndroidNotificationController.sendPnsToDevice(AndroidNotificationController.java:22)
	at sun.reflect.NativeMethodAccessorImpl.invoke0(Native Method)
	at sun.reflect.NativeMethodAccessorImpl.invoke(NativeMethodAccessorImpl.java:62)
	at sun.reflect.DelegatingMethodAccessorImpl.invoke(DelegatingMethodAccessorImpl.java:43)
	at java.lang.reflect.Method.invoke(Method.java:498)
	at org.springframework.web.method.support.InvocableHandlerMethod.doInvoke(InvocableHandlerMethod.java:209)
	at org.springframework.web.method.support.InvocableHandlerMethod.invokeForRequest(InvocableHandlerMethod.java:136)
	at org.springframework.web.servlet.mvc.method.annotation.ServletInvocableHandlerMethod.invokeAndHandle(ServletInvocableHandlerMethod.java:102)
	at org.springframework.web.servlet.mvc.method.annotation.RequestMappingHandlerAdapter.invokeHandlerMethod(RequestMappingHandlerAdapter.java:891)
	at org.springframework.web.servlet.mvc.method.annotation.RequestMappingHandlerAdapter.handleInternal(RequestMappingHandlerAdapter.java:797)
	at org.springframework.web.servlet.mvc.method.AbstractHandlerMethodAdapter.handle(AbstractHandlerMethodAdapter.java:87)
	at org.springframework.web.servlet.DispatcherServlet.doDispatch(DispatcherServlet.java:991)
	at org.springframework.web.servlet.DispatcherServlet.doService(DispatcherServlet.java:925)
	at org.springframework.web.servlet.FrameworkServlet.processRequest(FrameworkServlet.java:974)
	at org.springframework.web.servlet.FrameworkServlet.doPost(FrameworkServlet.java:877)
	at javax.servlet.http.HttpServlet.service(HttpServlet.java:661)
	at org.springframework.web.servlet.FrameworkServlet.service(FrameworkServlet.java:851)
	at javax.servlet.http.HttpServlet.service(HttpServlet.java:742)
	at org.apache.catalina.core.ApplicationFilterChain.internalDoFilter(ApplicationFilterChain.java:231)
	at org.apache.catalina.core.ApplicationFilterChain.doFilter(ApplicationFilterChain.java:166)
	at org.apache.tomcat.websocket.server.WsFilter.doFilter(WsFilter.java:52)
	at org.apache.catalina.core.ApplicationFilterChain.internalDoFilter(ApplicationFilterChain.java:193)
	at org.apache.catalina.core.ApplicationFilterChain.doFilter(ApplicationFilterChain.java:166)
	at org.springframework.web.filter.AbstractRequestLoggingFilter.doFilterInternal(AbstractRequestLoggingFilter.java:246)
	at org.springframework.web.filter.OncePerRequestFilter.doFilter(OncePerRequestFilter.java:107)
	at org.apache.catalina.core.ApplicationFilterChain.internalDoFilter(ApplicationFilterChain.java:193)
	at org.apache.catalina.core.ApplicationFilterChain.doFilter(ApplicationFilterChain.java:166)
	at org.springframework.web.filter.AbstractRequestLoggingFilter.doFilterInternal(AbstractRequestLoggingFilter.java:246)
	at org.springframework.web.filter.OncePerRequestFilter.doFilter(OncePerRequestFilter.java:107)
	at org.apache.catalina.core.ApplicationFilterChain.internalDoFilter(ApplicationFilterChain.java:193)
	at org.apache.catalina.core.ApplicationFilterChain.doFilter(ApplicationFilterChain.java:166)
	at org.springframework.web.filter.OncePerRequestFilter.doFilter(OncePerRequestFilter.java:101)
	at org.apache.catalina.core.ApplicationFilterChain.internalDoFilter(ApplicationFilterChain.java:193)
	at org.apache.catalina.core.ApplicationFilterChain.doFilter(ApplicationFilterChain.java:166)
	at org.springframework.boot.actuate.web.trace.servlet.HttpTraceFilter.doFilterInternal(HttpTraceFilter.java:90)
	at org.springframework.web.filter.OncePerRequestFilter.doFilter(OncePerRequestFilter.java:107)
	at org.apache.catalina.core.ApplicationFilterChain.internalDoFilter(ApplicationFilterChain.java:193)
	at org.apache.catalina.core.ApplicationFilterChain.doFilter(ApplicationFilterChain.java:166)
	at org.springframework.security.web.FilterChainProxy$VirtualFilterChain.doFilter(FilterChainProxy.java:320)
	at org.springframework.security.web.access.intercept.FilterSecurityInterceptor.invoke(FilterSecurityInterceptor.java:127)
	at org.springframework.security.web.access.intercept.FilterSecurityInterceptor.doFilter(FilterSecurityInterceptor.java:91)
	at org.springframework.security.web.FilterChainProxy$VirtualFilterChain.doFilter(FilterChainProxy.java:334)
	at org.springframework.security.web.access.ExceptionTranslationFilter.doFilter(ExceptionTranslationFilter.java:119)
	at org.springframework.security.web.FilterChainProxy$VirtualFilterChain.doFilter(FilterChainProxy.java:334)
	at org.springframework.security.web.session.SessionManagementFilter.doFilter(SessionManagementFilter.java:137)
	at org.springframework.security.web.FilterChainProxy$VirtualFilterChain.doFilter(FilterChainProxy.java:334)
	at org.springframework.security.web.authentication.AnonymousAuthenticationFilter.doFilter(AnonymousAuthenticationFilter.java:111)
	at org.springframework.security.web.FilterChainProxy$VirtualFilterChain.doFilter(FilterChainProxy.java:334)
	at org.springframework.security.web.servletapi.SecurityContextHolderAwareRequestFilter.doFilter(SecurityContextHolderAwareRequestFilter.java:170)
	at org.springframework.security.web.FilterChainProxy$VirtualFilterChain.doFilter(FilterChainProxy.java:334)
	at org.springframework.security.web.savedrequest.RequestCacheAwareFilter.doFilter(RequestCacheAwareFilter.java:63)
	at org.springframework.security.web.FilterChainProxy$VirtualFilterChain.doFilter(FilterChainProxy.java:334)
	at com.ec.common.JWTUtils.JwtRequestFilter.doFilterInternal(JwtRequestFilter.java:60)
	at org.springframework.web.filter.OncePerRequestFilter.doFilter(OncePerRequestFilter.java:107)
	at org.springframework.security.web.FilterChainProxy$VirtualFilterChain.doFilter(FilterChainProxy.java:334)
	at org.springframework.security.web.authentication.logout.LogoutFilter.doFilter(LogoutFilter.java:116)
	at org.springframework.security.web.FilterChainProxy$VirtualFilterChain.doFilter(FilterChainProxy.java:334)
	at org.springframework.web.filter.CorsFilter.doFilterInternal(CorsFilter.java:96)
	at org.springframework.web.filter.OncePerRequestFilter.doFilter(OncePerRequestFilter.java:107)
	at org.springframework.security.web.FilterChainProxy$VirtualFilterChain.doFilter(FilterChainProxy.java:334)
	at org.springframework.security.web.header.HeaderWriterFilter.doFilterInternal(HeaderWriterFilter.java:66)
	at org.springframework.web.filter.OncePerRequestFilter.doFilter(OncePerRequestFilter.java:107)
	at org.springframework.security.web.FilterChainProxy$VirtualFilterChain.doFilter(FilterChainProxy.java:334)
	at org.springframework.security.web.context.SecurityContextPersistenceFilter.doFilter(SecurityContextPersistenceFilter.java:105)
	at org.springframework.security.web.FilterChainProxy$VirtualFilterChain.doFilter(FilterChainProxy.java:334)
	at org.springframework.security.web.context.request.async.WebAsyncManagerIntegrationFilter.doFilterInternal(WebAsyncManagerIntegrationFilter.java:56)
	at org.springframework.web.filter.OncePerRequestFilter.doFilter(OncePerRequestFilter.java:107)
	at org.springframework.security.web.FilterChainProxy$VirtualFilterChain.doFilter(FilterChainProxy.java:334)
	at org.springframework.security.web.FilterChainProxy.doFilterInternal(FilterChainProxy.java:215)
	at org.springframework.security.web.FilterChainProxy.doFilter(FilterChainProxy.java:178)
	at org.springframework.web.filter.DelegatingFilterProxy.invokeDelegate(DelegatingFilterProxy.java:357)
	at org.springframework.web.filter.DelegatingFilterProxy.doFilter(DelegatingFilterProxy.java:270)
	at org.apache.catalina.core.ApplicationFilterChain.internalDoFilter(ApplicationFilterChain.java:193)
	at org.apache.catalina.core.ApplicationFilterChain.doFilter(ApplicationFilterChain.java:166)
	at org.springframework.boot.actuate.metrics.web.servlet.WebMvcMetricsFilter.filterAndRecordMetrics(WebMvcMetricsFilter.java:155)
	at org.springframework.boot.actuate.metrics.web.servlet.WebMvcMetricsFilter.filterAndRecordMetrics(WebMvcMetricsFilter.java:123)
	at org.springframework.boot.actuate.metrics.web.servlet.WebMvcMetricsFilter.doFilterInternal(WebMvcMetricsFilter.java:108)
	at org.springframework.web.filter.OncePerRequestFilter.doFilter(OncePerRequestFilter.java:107)
	at org.apache.catalina.core.ApplicationFilterChain.internalDoFilter(ApplicationFilterChain.java:193)
	at org.apache.catalina.core.ApplicationFilterChain.doFilter(ApplicationFilterChain.java:166)
	at org.springframework.web.filter.CharacterEncodingFilter.doFilterInternal(CharacterEncodingFilter.java:200)
	at org.springframework.web.filter.OncePerRequestFilter.doFilter(OncePerRequestFilter.java:107)
	at org.apache.catalina.core.ApplicationFilterChain.internalDoFilter(ApplicationFilterChain.java:193)
	at org.apache.catalina.core.ApplicationFilterChain.doFilter(ApplicationFilterChain.java:166)
	at org.apache.catalina.core.StandardWrapperValve.invoke(StandardWrapperValve.java:198)
	at org.apache.catalina.core.StandardContextValve.invoke(StandardContextValve.java:96)
	at org.apache.catalina.authenticator.AuthenticatorBase.invoke(AuthenticatorBase.java:493)
	at org.apache.catalina.core.StandardHostValve.invoke(StandardHostValve.java:140)
	at org.apache.catalina.valves.ErrorReportValve.invoke(ErrorReportValve.java:81)
	at org.apache.catalina.core.StandardEngineValve.invoke(StandardEngineValve.java:87)
	at org.apache.catalina.connector.CoyoteAdapter.service(CoyoteAdapter.java:342)
	at org.apache.coyote.http11.Http11Processor.service(Http11Processor.java:800)
	at org.apache.coyote.AbstractProcessorLight.process(AbstractProcessorLight.java:66)
	at org.apache.coyote.AbstractProtocol$ConnectionHandler.process(AbstractProtocol.java:806)
	at org.apache.tomcat.util.net.NioEndpoint$SocketProcessor.doRun(NioEndpoint.java:1498)
	at org.apache.tomcat.util.net.SocketProcessorBase.run(SocketProcessorBase.java:49)
	at java.util.concurrent.ThreadPoolExecutor.runWorker(ThreadPoolExecutor.java:1149)
	at java.util.concurrent.ThreadPoolExecutor$Worker.run(ThreadPoolExecutor.java:624)
	at org.apache.tomcat.util.threads.TaskThread$WrappingRunnable.run(TaskThread.java:61)
	at java.lang.Thread.run(Thread.java:748)
2020-12-07 20:23:56,140 DEBUG org.apache.commons.logging.impl.Jdk14Logger [http-nio-8080-exec-7] Before request [uri=/api/crm/lead/validLeadStatus]
2020-12-07 20:23:56,143 DEBUG org.apache.commons.logging.impl.Jdk14Logger [http-nio-8080-exec-7] Before request [uri=/api/crm/lead/validLeadStatus;client=127.0.0.1;user=sridhar]
2020-12-07 20:23:56,382 WARN org.apache.commons.logging.impl.Jdk14Logger [http-nio-8080-exec-6] JWT Token does not begin with 	Bearer String
2020-12-07 20:23:56,605 DEBUG org.apache.commons.logging.impl.Jdk14Logger [http-nio-8080-exec-7] After request [uri=/api/crm/lead/validLeadStatus;client=127.0.0.1;user=sridhar]
2020-12-07 20:23:56,607 DEBUG org.apache.commons.logging.impl.Jdk14Logger [http-nio-8080-exec-7] REQUEST DATA : uri=/api/crm/lead/validLeadStatus]
2020-12-07 20:23:56,683 DEBUG org.apache.commons.logging.impl.Jdk14Logger [http-nio-8080-exec-1] Before request [uri=/api/crm/lead/106924]
2020-12-07 20:23:56,683 DEBUG org.apache.commons.logging.impl.Jdk14Logger [http-nio-8080-exec-1] Before request [uri=/api/crm/lead/106924;client=127.0.0.1;user=sridhar]
2020-12-07 20:23:56,693 DEBUG org.apache.commons.logging.impl.Jdk14Logger [http-nio-8080-exec-5] Before request [uri=/api/crm/lead/getallinfo/106924]
2020-12-07 20:23:56,694 DEBUG org.apache.commons.logging.impl.Jdk14Logger [http-nio-8080-exec-5] Before request [uri=/api/crm/lead/getallinfo/106924;client=127.0.0.1;user=sridhar]
2020-12-07 20:23:57,010 DEBUG org.apache.commons.logging.impl.Jdk14Logger [http-nio-8080-exec-1] After request [uri=/api/crm/lead/106924;client=127.0.0.1;user=sridhar]
2020-12-07 20:23:57,013 DEBUG org.apache.commons.logging.impl.Jdk14Logger [http-nio-8080-exec-1] REQUEST DATA : uri=/api/crm/lead/106924]
2020-12-07 20:23:57,115 DEBUG org.apache.commons.logging.impl.Jdk14Logger [http-nio-8080-exec-5] After request [uri=/api/crm/lead/getallinfo/106924;client=127.0.0.1;user=sridhar]
2020-12-07 20:23:57,119 DEBUG org.apache.commons.logging.impl.Jdk14Logger [http-nio-8080-exec-5] REQUEST DATA : uri=/api/crm/lead/getallinfo/106924]
2020-12-07 20:24:08,413 DEBUG org.apache.commons.logging.impl.Jdk14Logger [http-nio-8080-exec-4] Before request [uri=/api/crm/dashboard/topperformer]
2020-12-07 20:24:08,414 DEBUG org.apache.commons.logging.impl.Jdk14Logger [http-nio-8080-exec-4] Before request [uri=/api/crm/dashboard/topperformer;client=127.0.0.1;user=sridhar]
2020-12-07 20:24:08,423 DEBUG org.apache.commons.logging.impl.Jdk14Logger [http-nio-8080-exec-2] Before request [uri=/api/crm/dashboard/stagnant]
2020-12-07 20:24:08,423 DEBUG org.apache.commons.logging.impl.Jdk14Logger [http-nio-8080-exec-2] Before request [uri=/api/crm/dashboard/stagnant;client=127.0.0.1;user=sridhar]
2020-12-07 20:24:08,431 DEBUG org.apache.commons.logging.impl.Jdk14Logger [http-nio-8080-exec-3] Before request [uri=/api/crm/dashboard/conversionratio]
2020-12-07 20:24:08,431 DEBUG org.apache.commons.logging.impl.Jdk14Logger [http-nio-8080-exec-3] Before request [uri=/api/crm/dashboard/conversionratio;client=127.0.0.1;user=sridhar]
2020-12-07 20:24:08,432 DEBUG org.apache.commons.logging.impl.Jdk14Logger [http-nio-8080-exec-9] Before request [uri=/api/crm/dashboard/customerpipeline]
2020-12-07 20:24:08,433 DEBUG org.apache.commons.logging.impl.Jdk14Logger [http-nio-8080-exec-9] Before request [uri=/api/crm/dashboard/customerpipeline;client=127.0.0.1;user=sridhar]
2020-12-07 20:24:08,486 DEBUG org.apache.commons.logging.impl.Jdk14Logger [http-nio-8080-exec-10] Before request [uri=/api/crm/dashboard/customerpipeline]
2020-12-07 20:24:08,486 DEBUG org.apache.commons.logging.impl.Jdk14Logger [http-nio-8080-exec-10] Before request [uri=/api/crm/dashboard/customerpipeline;client=127.0.0.1;user=sridhar]
2020-12-07 20:24:08,533 DEBUG org.apache.commons.logging.impl.Jdk14Logger [http-nio-8080-exec-3] After request [uri=/api/crm/dashboard/conversionratio;client=127.0.0.1;user=sridhar]
2020-12-07 20:24:08,535 DEBUG org.apache.commons.logging.impl.Jdk14Logger [http-nio-8080-exec-3] REQUEST DATA : uri=/api/crm/dashboard/conversionratio]
2020-12-07 20:24:08,545 DEBUG org.apache.commons.logging.impl.Jdk14Logger [http-nio-8080-exec-8] Before request [uri=/api/crm/dashboard/conversionratio]
2020-12-07 20:24:08,546 DEBUG org.apache.commons.logging.impl.Jdk14Logger [http-nio-8080-exec-8] Before request [uri=/api/crm/dashboard/conversionratio;client=127.0.0.1;user=sridhar]
2020-12-07 20:24:08,549 DEBUG org.apache.commons.logging.impl.Jdk14Logger [http-nio-8080-exec-4] After request [uri=/api/crm/dashboard/topperformer;client=127.0.0.1;user=sridhar]
2020-12-07 20:24:08,563 DEBUG org.apache.commons.logging.impl.Jdk14Logger [http-nio-8080-exec-4] REQUEST DATA : uri=/api/crm/dashboard/topperformer]
2020-12-07 20:24:08,568 DEBUG org.apache.commons.logging.impl.Jdk14Logger [http-nio-8080-exec-6] Before request [uri=/api/crm/dashboard/topperformer]
2020-12-07 20:24:08,570 DEBUG org.apache.commons.logging.impl.Jdk14Logger [http-nio-8080-exec-6] Before request [uri=/api/crm/dashboard/topperformer;client=127.0.0.1;user=sridhar]
2020-12-07 20:24:08,632 DEBUG org.apache.commons.logging.impl.Jdk14Logger [http-nio-8080-exec-6] After request [uri=/api/crm/dashboard/topperformer;client=127.0.0.1;user=sridhar]
2020-12-07 20:24:08,633 DEBUG org.apache.commons.logging.impl.Jdk14Logger [http-nio-8080-exec-6] REQUEST DATA : uri=/api/crm/dashboard/topperformer]
2020-12-07 20:24:08,702 DEBUG org.apache.commons.logging.impl.Jdk14Logger [http-nio-8080-exec-2] After request [uri=/api/crm/dashboard/stagnant;client=127.0.0.1;user=sridhar]
2020-12-07 20:24:08,703 DEBUG org.apache.commons.logging.impl.Jdk14Logger [http-nio-8080-exec-2] REQUEST DATA : uri=/api/crm/dashboard/stagnant]
2020-12-07 20:24:08,702 DEBUG org.apache.commons.logging.impl.Jdk14Logger [http-nio-8080-exec-8] After request [uri=/api/crm/dashboard/conversionratio;client=127.0.0.1;user=sridhar]
2020-12-07 20:24:08,704 DEBUG org.apache.commons.logging.impl.Jdk14Logger [http-nio-8080-exec-8] REQUEST DATA : uri=/api/crm/dashboard/conversionratio]
2020-12-07 20:24:09,692 DEBUG org.apache.commons.logging.impl.Jdk14Logger [http-nio-8080-exec-7] Before request [uri=/api/crm/dashboard/stagnant]
2020-12-07 20:24:09,695 DEBUG org.apache.commons.logging.impl.Jdk14Logger [http-nio-8080-exec-7] Before request [uri=/api/crm/dashboard/stagnant;client=127.0.0.1;user=sridhar]
2020-12-07 20:24:09,754 DEBUG org.apache.commons.logging.impl.Jdk14Logger [http-nio-8080-exec-7] After request [uri=/api/crm/dashboard/stagnant;client=127.0.0.1;user=sridhar]
2020-12-07 20:24:09,755 DEBUG org.apache.commons.logging.impl.Jdk14Logger [http-nio-8080-exec-7] REQUEST DATA : uri=/api/crm/dashboard/stagnant]
2020-12-07 20:24:14,894 DEBUG org.apache.commons.logging.impl.Jdk14Logger [http-nio-8080-exec-1] Before request [uri=/user/byid/10001]
2020-12-07 20:24:14,895 DEBUG org.apache.commons.logging.impl.Jdk14Logger [http-nio-8080-exec-5] Before request [uri=/user/byid/10001]
2020-12-07 20:24:14,895 DEBUG org.apache.commons.logging.impl.Jdk14Logger [http-nio-8080-exec-1] Before request [uri=/user/byid/10001;client=127.0.0.1;user=sridhar]
2020-12-07 20:24:14,895 DEBUG org.apache.commons.logging.impl.Jdk14Logger [http-nio-8080-exec-5] Before request [uri=/user/byid/10001;client=127.0.0.1;user=sridhar]
2020-12-07 20:24:14,909 DEBUG org.apache.commons.logging.impl.Jdk14Logger [http-nio-8080-exec-5] After request [uri=/user/byid/10001;client=127.0.0.1;user=sridhar]
2020-12-07 20:24:14,909 DEBUG org.apache.commons.logging.impl.Jdk14Logger [http-nio-8080-exec-1] After request [uri=/user/byid/10001;client=127.0.0.1;user=sridhar]
2020-12-07 20:24:14,910 DEBUG org.apache.commons.logging.impl.Jdk14Logger [http-nio-8080-exec-5] REQUEST DATA : uri=/user/byid/10001]
2020-12-07 20:24:14,910 DEBUG org.apache.commons.logging.impl.Jdk14Logger [http-nio-8080-exec-1] REQUEST DATA : uri=/user/byid/10001]
2020-12-07 20:24:14,998 DEBUG org.apache.commons.logging.impl.Jdk14Logger [http-nio-8080-exec-3] Before request [uri=/user/byid/10001]
2020-12-07 20:24:14,998 DEBUG org.apache.commons.logging.impl.Jdk14Logger [http-nio-8080-exec-4] Before request [uri=/user/byid/10001]
2020-12-07 20:24:14,999 DEBUG org.apache.commons.logging.impl.Jdk14Logger [http-nio-8080-exec-3] Before request [uri=/user/byid/10001;client=127.0.0.1;user=sridhar]
2020-12-07 20:24:14,999 DEBUG org.apache.commons.logging.impl.Jdk14Logger [http-nio-8080-exec-4] Before request [uri=/user/byid/10001;client=127.0.0.1;user=sridhar]
2020-12-07 20:24:15,016 DEBUG org.apache.commons.logging.impl.Jdk14Logger [http-nio-8080-exec-4] After request [uri=/user/byid/10001;client=127.0.0.1;user=sridhar]
2020-12-07 20:24:15,019 DEBUG org.apache.commons.logging.impl.Jdk14Logger [http-nio-8080-exec-4] REQUEST DATA : uri=/user/byid/10001]
2020-12-07 20:24:15,023 DEBUG org.apache.commons.logging.impl.Jdk14Logger [http-nio-8080-exec-3] After request [uri=/user/byid/10001;client=127.0.0.1;user=sridhar]
2020-12-07 20:24:15,025 DEBUG org.apache.commons.logging.impl.Jdk14Logger [http-nio-8080-exec-3] REQUEST DATA : uri=/user/byid/10001]
2020-12-07 20:24:15,070 DEBUG org.apache.commons.logging.impl.Jdk14Logger [http-nio-8080-exec-6] Before request [uri=/user/byid/10001]
2020-12-07 20:24:15,071 DEBUG org.apache.commons.logging.impl.Jdk14Logger [http-nio-8080-exec-6] Before request [uri=/user/byid/10001;client=127.0.0.1;user=sridhar]
2020-12-07 20:24:15,073 DEBUG org.apache.commons.logging.impl.Jdk14Logger [http-nio-8080-exec-2] Before request [uri=/user/byid/10001]
2020-12-07 20:24:15,074 DEBUG org.apache.commons.logging.impl.Jdk14Logger [http-nio-8080-exec-2] Before request [uri=/user/byid/10001;client=127.0.0.1;user=sridhar]
2020-12-07 20:24:15,089 DEBUG org.apache.commons.logging.impl.Jdk14Logger [http-nio-8080-exec-2] After request [uri=/user/byid/10001;client=127.0.0.1;user=sridhar]
2020-12-07 20:24:15,089 DEBUG org.apache.commons.logging.impl.Jdk14Logger [http-nio-8080-exec-2] REQUEST DATA : uri=/user/byid/10001]
2020-12-07 20:24:15,089 DEBUG org.apache.commons.logging.impl.Jdk14Logger [http-nio-8080-exec-6] After request [uri=/user/byid/10001;client=127.0.0.1;user=sridhar]
2020-12-07 20:24:15,103 DEBUG org.apache.commons.logging.impl.Jdk14Logger [http-nio-8080-exec-6] REQUEST DATA : uri=/user/byid/10001]
2020-12-07 20:24:15,127 DEBUG org.apache.commons.logging.impl.Jdk14Logger [http-nio-8080-exec-7] Before request [uri=/user/byid/10001]
2020-12-07 20:24:15,127 DEBUG org.apache.commons.logging.impl.Jdk14Logger [http-nio-8080-exec-8] Before request [uri=/user/byid/10001]
2020-12-07 20:24:15,128 DEBUG org.apache.commons.logging.impl.Jdk14Logger [http-nio-8080-exec-7] Before request [uri=/user/byid/10001;client=127.0.0.1;user=sridhar]
2020-12-07 20:24:15,128 DEBUG org.apache.commons.logging.impl.Jdk14Logger [http-nio-8080-exec-8] Before request [uri=/user/byid/10001;client=127.0.0.1;user=sridhar]
2020-12-07 20:24:15,135 DEBUG org.apache.commons.logging.impl.Jdk14Logger [http-nio-8080-exec-7] After request [uri=/user/byid/10001;client=127.0.0.1;user=sridhar]
2020-12-07 20:24:15,136 DEBUG org.apache.commons.logging.impl.Jdk14Logger [http-nio-8080-exec-7] REQUEST DATA : uri=/user/byid/10001]
2020-12-07 20:24:15,135 DEBUG org.apache.commons.logging.impl.Jdk14Logger [http-nio-8080-exec-8] After request [uri=/user/byid/10001;client=127.0.0.1;user=sridhar]
2020-12-07 20:24:15,137 DEBUG org.apache.commons.logging.impl.Jdk14Logger [http-nio-8080-exec-8] REQUEST DATA : uri=/user/byid/10001]
2020-12-07 20:24:15,148 DEBUG org.apache.commons.logging.impl.Jdk14Logger [http-nio-8080-exec-9] After request [uri=/api/crm/dashboard/customerpipeline;client=127.0.0.1;user=sridhar;payload={"fromDate":"2020-12-01","toDate":"2020-12-31"}]
2020-12-07 20:24:15,148 DEBUG org.apache.commons.logging.impl.Jdk14Logger [http-nio-8080-exec-10] After request [uri=/api/crm/dashboard/customerpipeline;client=127.0.0.1;user=sridhar;payload={"fromDate":"2020-12-01","toDate":"2020-12-31"}]
2020-12-07 20:24:15,148 DEBUG org.apache.commons.logging.impl.Jdk14Logger [http-nio-8080-exec-10] REQUEST DATA : uri=/api/crm/dashboard/customerpipeline;payload={"fromDate":"2020-12-01","toDate":"2020-12-31"}]
2020-12-07 20:24:15,148 DEBUG org.apache.commons.logging.impl.Jdk14Logger [http-nio-8080-exec-9] REQUEST DATA : uri=/api/crm/dashboard/customerpipeline;payload={"fromDate":"2020-12-01","toDate":"2020-12-31"}]
2020-12-07 20:24:19,918 DEBUG org.apache.commons.logging.impl.Jdk14Logger [http-nio-8080-exec-1] Before request [uri=/api/crm/activity/getleadactivitypage?size=12&page=0]
2020-12-07 20:24:19,923 DEBUG org.apache.commons.logging.impl.Jdk14Logger [http-nio-8080-exec-1] Before request [uri=/api/crm/activity/getleadactivitypage?size=12&page=0;client=127.0.0.1;user=sridhar]
2020-12-07 20:24:20,124 DEBUG org.apache.commons.logging.impl.Jdk14Logger [http-nio-8080-exec-5] Before request [uri=/api/crm/activity/getleadactivitypage?size=12&page=0]
2020-12-07 20:24:20,126 DEBUG org.apache.commons.logging.impl.Jdk14Logger [http-nio-8080-exec-5] Before request [uri=/api/crm/activity/getleadactivitypage?size=12&page=0;client=127.0.0.1;user=sridhar]
2020-12-07 20:24:20,224 DEBUG org.apache.commons.logging.impl.Jdk14Logger [http-nio-8080-exec-4] Before request [uri=/user/list]
2020-12-07 20:24:20,224 DEBUG org.apache.commons.logging.impl.Jdk14Logger [http-nio-8080-exec-4] Before request [uri=/user/list;client=127.0.0.1;user=sridhar]
2020-12-07 20:24:20,231 DEBUG org.apache.commons.logging.impl.Jdk14Logger [http-nio-8080-exec-3] Before request [uri=/user/list]
2020-12-07 20:24:20,232 DEBUG org.apache.commons.logging.impl.Jdk14Logger [http-nio-8080-exec-3] Before request [uri=/user/list;client=127.0.0.1;user=sridhar]
2020-12-07 20:24:20,239 DEBUG org.apache.commons.logging.impl.Jdk14Logger [http-nio-8080-exec-4] After request [uri=/user/list;client=127.0.0.1;user=sridhar]
2020-12-07 20:24:20,241 DEBUG org.apache.commons.logging.impl.Jdk14Logger [http-nio-8080-exec-4] REQUEST DATA : uri=/user/list]
2020-12-07 20:24:20,246 DEBUG org.apache.commons.logging.impl.Jdk14Logger [http-nio-8080-exec-3] After request [uri=/user/list;client=127.0.0.1;user=sridhar]
2020-12-07 20:24:20,247 DEBUG org.apache.commons.logging.impl.Jdk14Logger [http-nio-8080-exec-3] REQUEST DATA : uri=/user/list]
2020-12-07 20:24:20,428 DEBUG org.apache.commons.logging.impl.Jdk14Logger [http-nio-8080-exec-5] After request [uri=/api/crm/activity/getleadactivitypage?size=12&page=0;client=127.0.0.1;user=sridhar;payload={"filterData":[{"attrName":"globalSearch","attrValue":[]}]}]
2020-12-07 20:24:20,429 DEBUG org.apache.commons.logging.impl.Jdk14Logger [http-nio-8080-exec-5] REQUEST DATA : uri=/api/crm/activity/getleadactivitypage?size=12&page=0;payload={"filterData":[{"attrName":"globalSearch","attrValue":[]}]}]
2020-12-07 20:24:20,433 DEBUG org.apache.commons.logging.impl.Jdk14Logger [http-nio-8080-exec-1] After request [uri=/api/crm/activity/getleadactivitypage?size=12&page=0;client=127.0.0.1;user=sridhar;payload={"filterData":[{"attrName":"globalSearch","attrValue":[]}]}]
2020-12-07 20:24:20,434 DEBUG org.apache.commons.logging.impl.Jdk14Logger [http-nio-8080-exec-1] REQUEST DATA : uri=/api/crm/activity/getleadactivitypage?size=12&page=0;payload={"filterData":[{"attrName":"globalSearch","attrValue":[]}]}]
2020-12-07 20:24:21,575 DEBUG org.apache.commons.logging.impl.Jdk14Logger [http-nio-8080-exec-6] Before request [uri=/api/crm/lead/getallinfo/106924]
2020-12-07 20:24:21,575 DEBUG org.apache.commons.logging.impl.Jdk14Logger [http-nio-8080-exec-2] Before request [uri=/api/crm/lead/106924]
2020-12-07 20:24:21,576 DEBUG org.apache.commons.logging.impl.Jdk14Logger [http-nio-8080-exec-6] Before request [uri=/api/crm/lead/getallinfo/106924;client=127.0.0.1;user=sridhar]
2020-12-07 20:24:21,576 DEBUG org.apache.commons.logging.impl.Jdk14Logger [http-nio-8080-exec-2] Before request [uri=/api/crm/lead/106924;client=127.0.0.1;user=sridhar]
2020-12-07 20:24:21,604 DEBUG org.apache.commons.logging.impl.Jdk14Logger [http-nio-8080-exec-2] After request [uri=/api/crm/lead/106924;client=127.0.0.1;user=sridhar]
2020-12-07 20:24:21,605 DEBUG org.apache.commons.logging.impl.Jdk14Logger [http-nio-8080-exec-2] REQUEST DATA : uri=/api/crm/lead/106924]
2020-12-07 20:24:21,627 DEBUG org.apache.commons.logging.impl.Jdk14Logger [http-nio-8080-exec-6] After request [uri=/api/crm/lead/getallinfo/106924;client=127.0.0.1;user=sridhar]
2020-12-07 20:24:21,628 DEBUG org.apache.commons.logging.impl.Jdk14Logger [http-nio-8080-exec-6] REQUEST DATA : uri=/api/crm/lead/getallinfo/106924]
2020-12-07 20:24:21,653 DEBUG org.apache.commons.logging.impl.Jdk14Logger [http-nio-8080-exec-7] Before request [uri=/api/crm/lead/106924]
2020-12-07 20:24:21,653 DEBUG org.apache.commons.logging.impl.Jdk14Logger [http-nio-8080-exec-7] Before request [uri=/api/crm/lead/106924;client=127.0.0.1;user=sridhar]
2020-12-07 20:24:21,676 DEBUG org.apache.commons.logging.impl.Jdk14Logger [http-nio-8080-exec-7] After request [uri=/api/crm/lead/106924;client=127.0.0.1;user=sridhar]
2020-12-07 20:24:21,676 DEBUG org.apache.commons.logging.impl.Jdk14Logger [http-nio-8080-exec-7] REQUEST DATA : uri=/api/crm/lead/106924]
2020-12-07 20:24:21,689 DEBUG org.apache.commons.logging.impl.Jdk14Logger [http-nio-8080-exec-8] Before request [uri=/api/crm/lead/getallinfo/106924]
2020-12-07 20:24:21,690 DEBUG org.apache.commons.logging.impl.Jdk14Logger [http-nio-8080-exec-8] Before request [uri=/api/crm/lead/getallinfo/106924;client=127.0.0.1;user=sridhar]
2020-12-07 20:24:21,736 DEBUG org.apache.commons.logging.impl.Jdk14Logger [http-nio-8080-exec-8] After request [uri=/api/crm/lead/getallinfo/106924;client=127.0.0.1;user=sridhar]
2020-12-07 20:24:21,737 DEBUG org.apache.commons.logging.impl.Jdk14Logger [http-nio-8080-exec-8] REQUEST DATA : uri=/api/crm/lead/getallinfo/106924]
2020-12-07 20:24:24,387 DEBUG org.apache.commons.logging.impl.Jdk14Logger [http-nio-8080-exec-10] Before request [uri=/api/crm/activity/106927]
2020-12-07 20:24:24,389 DEBUG org.apache.commons.logging.impl.Jdk14Logger [http-nio-8080-exec-10] Before request [uri=/api/crm/activity/106927;client=127.0.0.1;user=sridhar]
2020-12-07 20:24:24,408 DEBUG org.apache.commons.logging.impl.Jdk14Logger [http-nio-8080-exec-9] Before request [uri=/user/me]
2020-12-07 20:24:24,409 DEBUG org.apache.commons.logging.impl.Jdk14Logger [http-nio-8080-exec-9] Before request [uri=/user/me;client=127.0.0.1;user=sridhar]
2020-12-07 20:24:24,412 DEBUG org.apache.commons.logging.impl.Jdk14Logger [http-nio-8080-exec-9] After request [uri=/user/me;client=127.0.0.1;user=sridhar]
2020-12-07 20:24:24,413 DEBUG org.apache.commons.logging.impl.Jdk14Logger [http-nio-8080-exec-9] REQUEST DATA : uri=/user/me]
2020-12-07 20:24:24,514 DEBUG org.apache.commons.logging.impl.Jdk14Logger [http-nio-8080-exec-10] After request [uri=/api/crm/activity/106927;client=127.0.0.1;user=sridhar;payload={"closingComment":"sdas"}]
2020-12-07 20:24:24,515 DEBUG org.apache.commons.logging.impl.Jdk14Logger [http-nio-8080-exec-10] REQUEST DATA : uri=/api/crm/activity/106927;payload={"closingComment":"sdas"}]
2020-12-07 20:24:25,727 DEBUG org.apache.commons.logging.impl.Jdk14Logger [http-nio-8080-exec-4] Before request [uri=/api/crm/lead/validLeadStatus]
2020-12-07 20:24:25,727 DEBUG org.apache.commons.logging.impl.Jdk14Logger [http-nio-8080-exec-4] Before request [uri=/api/crm/lead/validLeadStatus;client=127.0.0.1;user=sridhar]
2020-12-07 20:24:25,749 DEBUG org.apache.commons.logging.impl.Jdk14Logger [http-nio-8080-exec-4] After request [uri=/api/crm/lead/validLeadStatus;client=127.0.0.1;user=sridhar]
2020-12-07 20:24:25,749 DEBUG org.apache.commons.logging.impl.Jdk14Logger [http-nio-8080-exec-4] REQUEST DATA : uri=/api/crm/lead/validLeadStatus]
2020-12-07 20:24:25,864 DEBUG org.apache.commons.logging.impl.Jdk14Logger [http-nio-8080-exec-3] Before request [uri=/api/crm/lead/106924]
2020-12-07 20:24:25,865 DEBUG org.apache.commons.logging.impl.Jdk14Logger [http-nio-8080-exec-3] Before request [uri=/api/crm/lead/106924;client=127.0.0.1;user=sridhar]
2020-12-07 20:24:25,916 DEBUG org.apache.commons.logging.impl.Jdk14Logger [http-nio-8080-exec-5] Before request [uri=/api/crm/lead/getallinfo/106924]
2020-12-07 20:24:25,918 DEBUG org.apache.commons.logging.impl.Jdk14Logger [http-nio-8080-exec-5] Before request [uri=/api/crm/lead/getallinfo/106924;client=127.0.0.1;user=sridhar]
2020-12-07 20:24:26,022 WARN org.apache.commons.logging.impl.Jdk14Logger [http-nio-8080-exec-1] JWT Token does not begin with 	Bearer String
2020-12-07 20:24:26,015 DEBUG org.apache.commons.logging.impl.Jdk14Logger [http-nio-8080-exec-3] After request [uri=/api/crm/lead/106924;client=127.0.0.1;user=sridhar]
2020-12-07 20:24:26,038 DEBUG org.apache.commons.logging.impl.Jdk14Logger [http-nio-8080-exec-3] REQUEST DATA : uri=/api/crm/lead/106924]
2020-12-07 20:24:26,054 DEBUG org.apache.commons.logging.impl.Jdk14Logger [http-nio-8080-exec-5] After request [uri=/api/crm/lead/getallinfo/106924;client=127.0.0.1;user=sridhar]
2020-12-07 20:24:26,055 DEBUG org.apache.commons.logging.impl.Jdk14Logger [http-nio-8080-exec-5] REQUEST DATA : uri=/api/crm/lead/getallinfo/106924]
2020-12-07 20:24:27,590 DEBUG org.apache.commons.logging.impl.Jdk14Logger [http-nio-8080-exec-2] Before request [uri=/api/crm/activity/validActivityTypes]
2020-12-07 20:24:27,591 DEBUG org.apache.commons.logging.impl.Jdk14Logger [http-nio-8080-exec-2] Before request [uri=/api/crm/activity/validActivityTypes;client=127.0.0.1;user=sridhar]
2020-12-07 20:24:27,599 DEBUG org.apache.commons.logging.impl.Jdk14Logger [http-nio-8080-exec-2] After request [uri=/api/crm/activity/validActivityTypes;client=127.0.0.1;user=sridhar]
2020-12-07 20:24:27,600 DEBUG org.apache.commons.logging.impl.Jdk14Logger [http-nio-8080-exec-2] REQUEST DATA : uri=/api/crm/activity/validActivityTypes]
2020-12-07 20:24:42,483 DEBUG org.apache.commons.logging.impl.Jdk14Logger [http-nio-8080-exec-6] Before request [uri=/api/crm/activity/create]
2020-12-07 20:24:42,485 DEBUG org.apache.commons.logging.impl.Jdk14Logger [http-nio-8080-exec-6] Before request [uri=/api/crm/activity/create;client=127.0.0.1;user=sridhar]
2020-12-07 20:24:42,526 DEBUG org.apache.commons.logging.impl.Jdk14Logger [http-nio-8080-exec-7] Before request [uri=/user/me]
2020-12-07 20:24:42,527 DEBUG org.apache.commons.logging.impl.Jdk14Logger [http-nio-8080-exec-7] Before request [uri=/user/me;client=127.0.0.1;user=sridhar]
2020-12-07 20:24:42,530 DEBUG org.apache.commons.logging.impl.Jdk14Logger [http-nio-8080-exec-7] After request [uri=/user/me;client=127.0.0.1;user=sridhar]
2020-12-07 20:24:42,531 DEBUG org.apache.commons.logging.impl.Jdk14Logger [http-nio-8080-exec-7] REQUEST DATA : uri=/user/me]
2020-12-07 20:24:42,575 DEBUG org.apache.commons.logging.impl.Jdk14Logger [http-nio-8080-exec-8] Before request [uri=/user/me]
2020-12-07 20:24:42,575 DEBUG org.apache.commons.logging.impl.Jdk14Logger [http-nio-8080-exec-8] Before request [uri=/user/me;client=127.0.0.1;user=sridhar]
2020-12-07 20:24:42,578 DEBUG org.apache.commons.logging.impl.Jdk14Logger [http-nio-8080-exec-8] After request [uri=/user/me;client=127.0.0.1;user=sridhar]
2020-12-07 20:24:42,579 DEBUG org.apache.commons.logging.impl.Jdk14Logger [http-nio-8080-exec-8] REQUEST DATA : uri=/user/me]
2020-12-07 20:24:42,642 DEBUG org.apache.commons.logging.impl.Jdk14Logger [http-nio-8080-exec-6] After request [uri=/api/crm/activity/create;client=127.0.0.1;user=sridhar;payload={"title":"sad","activityDateTime":"2020-12-07 20:29","activityType":"Reminder","description":"sad","leadId":"106924"}]
2020-12-07 20:24:42,643 DEBUG org.apache.commons.logging.impl.Jdk14Logger [http-nio-8080-exec-6] REQUEST DATA : uri=/api/crm/activity/create;payload={"title":"sad","activityDateTime":"2020-12-07 20:29","activityType":"Reminder","description":"sad","leadId":"106924"}]
2020-12-07 20:24:43,674 DEBUG org.apache.commons.logging.impl.Jdk14Logger [http-nio-8080-exec-9] Before request [uri=/api/crm/lead/validLeadStatus]
2020-12-07 20:24:43,675 DEBUG org.apache.commons.logging.impl.Jdk14Logger [http-nio-8080-exec-9] Before request [uri=/api/crm/lead/validLeadStatus;client=127.0.0.1;user=sridhar]
2020-12-07 20:24:43,683 DEBUG org.apache.commons.logging.impl.Jdk14Logger [http-nio-8080-exec-9] After request [uri=/api/crm/lead/validLeadStatus;client=127.0.0.1;user=sridhar]
2020-12-07 20:24:43,684 DEBUG org.apache.commons.logging.impl.Jdk14Logger [http-nio-8080-exec-9] REQUEST DATA : uri=/api/crm/lead/validLeadStatus]
2020-12-07 20:24:43,807 DEBUG org.apache.commons.logging.impl.Jdk14Logger [http-nio-8080-exec-10] Before request [uri=/api/crm/lead/106924]
2020-12-07 20:24:43,808 DEBUG org.apache.commons.logging.impl.Jdk14Logger [http-nio-8080-exec-10] Before request [uri=/api/crm/lead/106924;client=127.0.0.1;user=sridhar]
2020-12-07 20:24:43,813 DEBUG org.apache.commons.logging.impl.Jdk14Logger [http-nio-8080-exec-4] Before request [uri=/api/crm/lead/getallinfo/106924]
2020-12-07 20:24:43,814 DEBUG org.apache.commons.logging.impl.Jdk14Logger [http-nio-8080-exec-4] Before request [uri=/api/crm/lead/getallinfo/106924;client=127.0.0.1;user=sridhar]
2020-12-07 20:24:43,829 DEBUG org.apache.commons.logging.impl.Jdk14Logger [http-nio-8080-exec-10] After request [uri=/api/crm/lead/106924;client=127.0.0.1;user=sridhar]
2020-12-07 20:24:43,830 DEBUG org.apache.commons.logging.impl.Jdk14Logger [http-nio-8080-exec-10] REQUEST DATA : uri=/api/crm/lead/106924]
2020-12-07 20:24:43,894 DEBUG org.apache.commons.logging.impl.Jdk14Logger [http-nio-8080-exec-4] After request [uri=/api/crm/lead/getallinfo/106924;client=127.0.0.1;user=sridhar]
2020-12-07 20:24:43,897 DEBUG org.apache.commons.logging.impl.Jdk14Logger [http-nio-8080-exec-4] REQUEST DATA : uri=/api/crm/lead/getallinfo/106924]
2020-12-07 20:24:44,324 WARN org.apache.commons.logging.impl.Jdk14Logger [http-nio-8080-exec-1] JWT Token does not begin with 	Bearer String
2020-12-07 20:25:40,851 WARN org.apache.commons.logging.impl.Jdk14Logger [http-nio-8080-exec-3] JWT Token does not begin with 	Bearer String
2020-12-07 20:25:40,854 DEBUG org.apache.commons.logging.impl.Jdk14Logger [http-nio-8080-exec-3] Before request [uri=/notification/send]
2020-12-07 20:25:40,854 DEBUG org.apache.commons.logging.impl.Jdk14Logger [http-nio-8080-exec-3] Before request [uri=/notification/send;client=127.0.0.1]
2020-12-07 20:25:40,859 DEBUG org.apache.commons.logging.impl.Jdk14Logger [http-nio-8080-exec-3] After request [uri=/notification/send;client=127.0.0.1;payload={"targetUserId":null,"title":"Upcoming Activity for - Test 2","body":"Activity Type - Reminder. Time -20:29"}]
2020-12-07 20:25:40,860 DEBUG org.apache.commons.logging.impl.Jdk14Logger [http-nio-8080-exec-3] REQUEST DATA : uri=/notification/send;payload={"targetUserId":null,"title":"Upcoming Activity for - Test 2","body":"Activity Type - Reminder. Time -20:29"}]
2020-12-07 20:25:40,862 ERROR org.apache.juli.logging.DirectJDKLog [http-nio-8080-exec-3] Servlet.service() for servlet [dispatcherServlet] in context with path [] threw exception [Request processing failed; nested exception is java.lang.Exception: Noe token record found for user.] with root cause
java.lang.Exception: Noe token record found for user.
	at com.ec.common.Service.AndroidTokenDetailsService.findTokenForUser(AndroidTokenDetailsService.java:87)
	at com.ec.common.Service.GatewayNotificationService.sendPnsToDevice(GatewayNotificationService.java:66)
	at com.ec.common.Controller.AndroidNotificationController.sendPnsToDevice(AndroidNotificationController.java:22)
	at sun.reflect.NativeMethodAccessorImpl.invoke0(Native Method)
	at sun.reflect.NativeMethodAccessorImpl.invoke(NativeMethodAccessorImpl.java:62)
	at sun.reflect.DelegatingMethodAccessorImpl.invoke(DelegatingMethodAccessorImpl.java:43)
	at java.lang.reflect.Method.invoke(Method.java:498)
	at org.springframework.web.method.support.InvocableHandlerMethod.doInvoke(InvocableHandlerMethod.java:209)
	at org.springframework.web.method.support.InvocableHandlerMethod.invokeForRequest(InvocableHandlerMethod.java:136)
	at org.springframework.web.servlet.mvc.method.annotation.ServletInvocableHandlerMethod.invokeAndHandle(ServletInvocableHandlerMethod.java:102)
	at org.springframework.web.servlet.mvc.method.annotation.RequestMappingHandlerAdapter.invokeHandlerMethod(RequestMappingHandlerAdapter.java:891)
	at org.springframework.web.servlet.mvc.method.annotation.RequestMappingHandlerAdapter.handleInternal(RequestMappingHandlerAdapter.java:797)
	at org.springframework.web.servlet.mvc.method.AbstractHandlerMethodAdapter.handle(AbstractHandlerMethodAdapter.java:87)
	at org.springframework.web.servlet.DispatcherServlet.doDispatch(DispatcherServlet.java:991)
	at org.springframework.web.servlet.DispatcherServlet.doService(DispatcherServlet.java:925)
	at org.springframework.web.servlet.FrameworkServlet.processRequest(FrameworkServlet.java:974)
	at org.springframework.web.servlet.FrameworkServlet.doPost(FrameworkServlet.java:877)
	at javax.servlet.http.HttpServlet.service(HttpServlet.java:661)
	at org.springframework.web.servlet.FrameworkServlet.service(FrameworkServlet.java:851)
	at javax.servlet.http.HttpServlet.service(HttpServlet.java:742)
	at org.apache.catalina.core.ApplicationFilterChain.internalDoFilter(ApplicationFilterChain.java:231)
	at org.apache.catalina.core.ApplicationFilterChain.doFilter(ApplicationFilterChain.java:166)
	at org.apache.tomcat.websocket.server.WsFilter.doFilter(WsFilter.java:52)
	at org.apache.catalina.core.ApplicationFilterChain.internalDoFilter(ApplicationFilterChain.java:193)
	at org.apache.catalina.core.ApplicationFilterChain.doFilter(ApplicationFilterChain.java:166)
	at org.springframework.web.filter.AbstractRequestLoggingFilter.doFilterInternal(AbstractRequestLoggingFilter.java:246)
	at org.springframework.web.filter.OncePerRequestFilter.doFilter(OncePerRequestFilter.java:107)
	at org.apache.catalina.core.ApplicationFilterChain.internalDoFilter(ApplicationFilterChain.java:193)
	at org.apache.catalina.core.ApplicationFilterChain.doFilter(ApplicationFilterChain.java:166)
	at org.springframework.web.filter.AbstractRequestLoggingFilter.doFilterInternal(AbstractRequestLoggingFilter.java:246)
	at org.springframework.web.filter.OncePerRequestFilter.doFilter(OncePerRequestFilter.java:107)
	at org.apache.catalina.core.ApplicationFilterChain.internalDoFilter(ApplicationFilterChain.java:193)
	at org.apache.catalina.core.ApplicationFilterChain.doFilter(ApplicationFilterChain.java:166)
	at org.springframework.web.filter.OncePerRequestFilter.doFilter(OncePerRequestFilter.java:101)
	at org.apache.catalina.core.ApplicationFilterChain.internalDoFilter(ApplicationFilterChain.java:193)
	at org.apache.catalina.core.ApplicationFilterChain.doFilter(ApplicationFilterChain.java:166)
	at org.springframework.boot.actuate.web.trace.servlet.HttpTraceFilter.doFilterInternal(HttpTraceFilter.java:90)
	at org.springframework.web.filter.OncePerRequestFilter.doFilter(OncePerRequestFilter.java:107)
	at org.apache.catalina.core.ApplicationFilterChain.internalDoFilter(ApplicationFilterChain.java:193)
	at org.apache.catalina.core.ApplicationFilterChain.doFilter(ApplicationFilterChain.java:166)
	at org.springframework.security.web.FilterChainProxy$VirtualFilterChain.doFilter(FilterChainProxy.java:320)
	at org.springframework.security.web.access.intercept.FilterSecurityInterceptor.invoke(FilterSecurityInterceptor.java:127)
	at org.springframework.security.web.access.intercept.FilterSecurityInterceptor.doFilter(FilterSecurityInterceptor.java:91)
	at org.springframework.security.web.FilterChainProxy$VirtualFilterChain.doFilter(FilterChainProxy.java:334)
	at org.springframework.security.web.access.ExceptionTranslationFilter.doFilter(ExceptionTranslationFilter.java:119)
	at org.springframework.security.web.FilterChainProxy$VirtualFilterChain.doFilter(FilterChainProxy.java:334)
	at org.springframework.security.web.session.SessionManagementFilter.doFilter(SessionManagementFilter.java:137)
	at org.springframework.security.web.FilterChainProxy$VirtualFilterChain.doFilter(FilterChainProxy.java:334)
	at org.springframework.security.web.authentication.AnonymousAuthenticationFilter.doFilter(AnonymousAuthenticationFilter.java:111)
	at org.springframework.security.web.FilterChainProxy$VirtualFilterChain.doFilter(FilterChainProxy.java:334)
	at org.springframework.security.web.servletapi.SecurityContextHolderAwareRequestFilter.doFilter(SecurityContextHolderAwareRequestFilter.java:170)
	at org.springframework.security.web.FilterChainProxy$VirtualFilterChain.doFilter(FilterChainProxy.java:334)
	at org.springframework.security.web.savedrequest.RequestCacheAwareFilter.doFilter(RequestCacheAwareFilter.java:63)
	at org.springframework.security.web.FilterChainProxy$VirtualFilterChain.doFilter(FilterChainProxy.java:334)
	at com.ec.common.JWTUtils.JwtRequestFilter.doFilterInternal(JwtRequestFilter.java:60)
	at org.springframework.web.filter.OncePerRequestFilter.doFilter(OncePerRequestFilter.java:107)
	at org.springframework.security.web.FilterChainProxy$VirtualFilterChain.doFilter(FilterChainProxy.java:334)
	at org.springframework.security.web.authentication.logout.LogoutFilter.doFilter(LogoutFilter.java:116)
	at org.springframework.security.web.FilterChainProxy$VirtualFilterChain.doFilter(FilterChainProxy.java:334)
	at org.springframework.web.filter.CorsFilter.doFilterInternal(CorsFilter.java:96)
	at org.springframework.web.filter.OncePerRequestFilter.doFilter(OncePerRequestFilter.java:107)
	at org.springframework.security.web.FilterChainProxy$VirtualFilterChain.doFilter(FilterChainProxy.java:334)
	at org.springframework.security.web.header.HeaderWriterFilter.doFilterInternal(HeaderWriterFilter.java:66)
	at org.springframework.web.filter.OncePerRequestFilter.doFilter(OncePerRequestFilter.java:107)
	at org.springframework.security.web.FilterChainProxy$VirtualFilterChain.doFilter(FilterChainProxy.java:334)
	at org.springframework.security.web.context.SecurityContextPersistenceFilter.doFilter(SecurityContextPersistenceFilter.java:105)
	at org.springframework.security.web.FilterChainProxy$VirtualFilterChain.doFilter(FilterChainProxy.java:334)
	at org.springframework.security.web.context.request.async.WebAsyncManagerIntegrationFilter.doFilterInternal(WebAsyncManagerIntegrationFilter.java:56)
	at org.springframework.web.filter.OncePerRequestFilter.doFilter(OncePerRequestFilter.java:107)
	at org.springframework.security.web.FilterChainProxy$VirtualFilterChain.doFilter(FilterChainProxy.java:334)
	at org.springframework.security.web.FilterChainProxy.doFilterInternal(FilterChainProxy.java:215)
	at org.springframework.security.web.FilterChainProxy.doFilter(FilterChainProxy.java:178)
	at org.springframework.web.filter.DelegatingFilterProxy.invokeDelegate(DelegatingFilterProxy.java:357)
	at org.springframework.web.filter.DelegatingFilterProxy.doFilter(DelegatingFilterProxy.java:270)
	at org.apache.catalina.core.ApplicationFilterChain.internalDoFilter(ApplicationFilterChain.java:193)
	at org.apache.catalina.core.ApplicationFilterChain.doFilter(ApplicationFilterChain.java:166)
	at org.springframework.boot.actuate.metrics.web.servlet.WebMvcMetricsFilter.filterAndRecordMetrics(WebMvcMetricsFilter.java:155)
	at org.springframework.boot.actuate.metrics.web.servlet.WebMvcMetricsFilter.filterAndRecordMetrics(WebMvcMetricsFilter.java:123)
	at org.springframework.boot.actuate.metrics.web.servlet.WebMvcMetricsFilter.doFilterInternal(WebMvcMetricsFilter.java:108)
	at org.springframework.web.filter.OncePerRequestFilter.doFilter(OncePerRequestFilter.java:107)
	at org.apache.catalina.core.ApplicationFilterChain.internalDoFilter(ApplicationFilterChain.java:193)
	at org.apache.catalina.core.ApplicationFilterChain.doFilter(ApplicationFilterChain.java:166)
	at org.springframework.web.filter.CharacterEncodingFilter.doFilterInternal(CharacterEncodingFilter.java:200)
	at org.springframework.web.filter.OncePerRequestFilter.doFilter(OncePerRequestFilter.java:107)
	at org.apache.catalina.core.ApplicationFilterChain.internalDoFilter(ApplicationFilterChain.java:193)
	at org.apache.catalina.core.ApplicationFilterChain.doFilter(ApplicationFilterChain.java:166)
	at org.apache.catalina.core.StandardWrapperValve.invoke(StandardWrapperValve.java:198)
	at org.apache.catalina.core.StandardContextValve.invoke(StandardContextValve.java:96)
	at org.apache.catalina.authenticator.AuthenticatorBase.invoke(AuthenticatorBase.java:493)
	at org.apache.catalina.core.StandardHostValve.invoke(StandardHostValve.java:140)
	at org.apache.catalina.valves.ErrorReportValve.invoke(ErrorReportValve.java:81)
	at org.apache.catalina.core.StandardEngineValve.invoke(StandardEngineValve.java:87)
	at org.apache.catalina.connector.CoyoteAdapter.service(CoyoteAdapter.java:342)
	at org.apache.coyote.http11.Http11Processor.service(Http11Processor.java:800)
	at org.apache.coyote.AbstractProcessorLight.process(AbstractProcessorLight.java:66)
	at org.apache.coyote.AbstractProtocol$ConnectionHandler.process(AbstractProtocol.java:806)
	at org.apache.tomcat.util.net.NioEndpoint$SocketProcessor.doRun(NioEndpoint.java:1498)
	at org.apache.tomcat.util.net.SocketProcessorBase.run(SocketProcessorBase.java:49)
	at java.util.concurrent.ThreadPoolExecutor.runWorker(ThreadPoolExecutor.java:1149)
	at java.util.concurrent.ThreadPoolExecutor$Worker.run(ThreadPoolExecutor.java:624)
	at org.apache.tomcat.util.threads.TaskThread$WrappingRunnable.run(TaskThread.java:61)
	at java.lang.Thread.run(Thread.java:748)
2020-12-07 20:38:22,854 DEBUG org.apache.commons.logging.impl.Jdk14Logger [http-nio-8080-exec-2] Before request [uri=/api/crm/activity/validActivityTypes]
2020-12-07 20:38:22,868 DEBUG org.apache.commons.logging.impl.Jdk14Logger [http-nio-8080-exec-2] Before request [uri=/api/crm/activity/validActivityTypes;client=127.0.0.1;user=sridhar]
2020-12-07 20:38:23,347 DEBUG org.apache.commons.logging.impl.Jdk14Logger [http-nio-8080-exec-2] After request [uri=/api/crm/activity/validActivityTypes;client=127.0.0.1;user=sridhar]
2020-12-07 20:38:23,348 DEBUG org.apache.commons.logging.impl.Jdk14Logger [http-nio-8080-exec-2] REQUEST DATA : uri=/api/crm/activity/validActivityTypes]
2020-12-07 20:38:36,994 DEBUG org.apache.commons.logging.impl.Jdk14Logger [http-nio-8080-exec-7] Before request [uri=/api/crm/activity/create]
2020-12-07 20:38:36,996 DEBUG org.apache.commons.logging.impl.Jdk14Logger [http-nio-8080-exec-7] Before request [uri=/api/crm/activity/create;client=127.0.0.1;user=sridhar]
2020-12-07 20:38:42,738 DEBUG org.apache.commons.logging.impl.Jdk14Logger [http-nio-8080-exec-8] Before request [uri=/user/me]
2020-12-07 20:38:42,740 DEBUG org.apache.commons.logging.impl.Jdk14Logger [http-nio-8080-exec-8] Before request [uri=/user/me;client=127.0.0.1;user=sridhar]
2020-12-07 20:38:42,751 DEBUG org.apache.commons.logging.impl.Jdk14Logger [http-nio-8080-exec-8] After request [uri=/user/me;client=127.0.0.1;user=sridhar]
2020-12-07 20:38:42,752 DEBUG org.apache.commons.logging.impl.Jdk14Logger [http-nio-8080-exec-8] REQUEST DATA : uri=/user/me]
2020-12-07 20:38:42,855 DEBUG org.apache.commons.logging.impl.Jdk14Logger [http-nio-8080-exec-6] Before request [uri=/user/me]
2020-12-07 20:38:42,856 DEBUG org.apache.commons.logging.impl.Jdk14Logger [http-nio-8080-exec-6] Before request [uri=/user/me;client=127.0.0.1;user=sridhar]
2020-12-07 20:38:42,859 DEBUG org.apache.commons.logging.impl.Jdk14Logger [http-nio-8080-exec-6] After request [uri=/user/me;client=127.0.0.1;user=sridhar]
2020-12-07 20:38:42,860 DEBUG org.apache.commons.logging.impl.Jdk14Logger [http-nio-8080-exec-6] REQUEST DATA : uri=/user/me]
2020-12-07 20:38:42,978 DEBUG org.apache.commons.logging.impl.Jdk14Logger [http-nio-8080-exec-7] After request [uri=/api/crm/activity/create;client=127.0.0.1;user=sridhar;payload={"title":"nn","activityDateTime":"2020-12-07 20:37","activityType":"Task","description":"n","leadId":"106924"}]
2020-12-07 20:38:42,981 DEBUG org.apache.commons.logging.impl.Jdk14Logger [http-nio-8080-exec-7] REQUEST DATA : uri=/api/crm/activity/create;payload={"title":"nn","activityDateTime":"2020-12-07 20:37","activityType":"Task","description":"n","leadId":"106924"}]
2020-12-07 20:38:45,250 DEBUG org.apache.commons.logging.impl.Jdk14Logger [http-nio-8080-exec-9] Before request [uri=/api/crm/lead/validLeadStatus]
2020-12-07 20:38:45,253 DEBUG org.apache.commons.logging.impl.Jdk14Logger [http-nio-8080-exec-9] Before request [uri=/api/crm/lead/validLeadStatus;client=127.0.0.1;user=sridhar]
2020-12-07 20:38:45,262 DEBUG org.apache.commons.logging.impl.Jdk14Logger [http-nio-8080-exec-9] After request [uri=/api/crm/lead/validLeadStatus;client=127.0.0.1;user=sridhar]
2020-12-07 20:38:45,263 DEBUG org.apache.commons.logging.impl.Jdk14Logger [http-nio-8080-exec-9] REQUEST DATA : uri=/api/crm/lead/validLeadStatus]
2020-12-07 20:38:45,338 DEBUG org.apache.commons.logging.impl.Jdk14Logger [http-nio-8080-exec-4] Before request [uri=/api/crm/lead/106924]
2020-12-07 20:38:45,339 DEBUG org.apache.commons.logging.impl.Jdk14Logger [http-nio-8080-exec-4] Before request [uri=/api/crm/lead/106924;client=127.0.0.1;user=sridhar]
2020-12-07 20:38:45,348 DEBUG org.apache.commons.logging.impl.Jdk14Logger [http-nio-8080-exec-10] Before request [uri=/api/crm/lead/getallinfo/106924]
2020-12-07 20:38:45,349 DEBUG org.apache.commons.logging.impl.Jdk14Logger [http-nio-8080-exec-10] Before request [uri=/api/crm/lead/getallinfo/106924;client=127.0.0.1;user=sridhar]
2020-12-07 20:38:45,495 DEBUG org.apache.commons.logging.impl.Jdk14Logger [http-nio-8080-exec-4] After request [uri=/api/crm/lead/106924;client=127.0.0.1;user=sridhar]
2020-12-07 20:38:45,498 DEBUG org.apache.commons.logging.impl.Jdk14Logger [http-nio-8080-exec-4] REQUEST DATA : uri=/api/crm/lead/106924]
2020-12-07 20:38:45,727 WARN org.apache.commons.logging.impl.Jdk14Logger [http-nio-8080-exec-1] JWT Token does not begin with 	Bearer String
2020-12-07 20:38:45,776 DEBUG org.apache.commons.logging.impl.Jdk14Logger [http-nio-8080-exec-10] After request [uri=/api/crm/lead/getallinfo/106924;client=127.0.0.1;user=sridhar]
2020-12-07 20:38:45,779 DEBUG org.apache.commons.logging.impl.Jdk14Logger [http-nio-8080-exec-10] REQUEST DATA : uri=/api/crm/lead/getallinfo/106924]
2020-12-07 20:43:21,140 WARN org.apache.commons.logging.impl.Jdk14Logger [http-nio-8080-exec-8] JWT Token does not begin with 	Bearer String
2020-12-07 20:43:21,151 DEBUG org.apache.commons.logging.impl.Jdk14Logger [http-nio-8080-exec-8] Before request [uri=/ec/login]
2020-12-07 20:43:21,152 DEBUG org.apache.commons.logging.impl.Jdk14Logger [http-nio-8080-exec-8] Before request [uri=/ec/login;client=0:0:0:0:0:0:0:1]
2020-12-07 20:43:21,861 DEBUG org.apache.commons.logging.impl.Jdk14Logger [http-nio-8080-exec-8] After request [uri=/ec/login;client=0:0:0:0:0:0:0:1;payload={
	"userName":"sridhar",
	"password":"Test@123"
}]
2020-12-07 20:43:21,862 DEBUG org.apache.commons.logging.impl.Jdk14Logger [http-nio-8080-exec-8] REQUEST DATA : uri=/ec/login;payload={
	"userName":"sridhar",
	"password":"Test@123"
}]
2020-12-07 20:43:24,243 DEBUG org.apache.commons.logging.impl.Jdk14Logger [http-nio-8080-exec-6] Before request [uri=/api/crm/activity/tn]
2020-12-07 20:43:24,244 DEBUG org.apache.commons.logging.impl.Jdk14Logger [http-nio-8080-exec-6] Before request [uri=/api/crm/activity/tn;client=0:0:0:0:0:0:0:1;user=sridhar]
2020-12-07 20:43:25,016 DEBUG org.apache.commons.logging.impl.Jdk14Logger [http-nio-8080-exec-6] After request [uri=/api/crm/activity/tn;client=0:0:0:0:0:0:0:1;user=sridhar]
2020-12-07 20:43:25,017 DEBUG org.apache.commons.logging.impl.Jdk14Logger [http-nio-8080-exec-6] REQUEST DATA : uri=/api/crm/activity/tn]
2020-12-07 20:44:42,116 DEBUG org.apache.commons.logging.impl.Jdk14Logger [http-nio-8080-exec-4] Before request [uri=/api/crm/activity/tn]
2020-12-07 20:44:42,119 DEBUG org.apache.commons.logging.impl.Jdk14Logger [http-nio-8080-exec-4] Before request [uri=/api/crm/activity/tn;client=0:0:0:0:0:0:0:1;user=sridhar]
2020-12-07 20:44:42,850 DEBUG org.apache.commons.logging.impl.Jdk14Logger [http-nio-8080-exec-4] After request [uri=/api/crm/activity/tn;client=0:0:0:0:0:0:0:1;user=sridhar]
2020-12-07 20:44:42,851 DEBUG org.apache.commons.logging.impl.Jdk14Logger [http-nio-8080-exec-4] REQUEST DATA : uri=/api/crm/activity/tn]
2020-12-07 20:45:08,010 DEBUG org.apache.commons.logging.impl.Jdk14Logger [http-nio-8080-exec-1] Before request [uri=/api/crm/activity/tn]
2020-12-07 20:45:08,016 DEBUG org.apache.commons.logging.impl.Jdk14Logger [http-nio-8080-exec-1] Before request [uri=/api/crm/activity/tn;client=0:0:0:0:0:0:0:1;user=sridhar]
2020-12-07 20:45:08,044 DEBUG org.apache.commons.logging.impl.Jdk14Logger [http-nio-8080-exec-1] After request [uri=/api/crm/activity/tn;client=0:0:0:0:0:0:0:1;user=sridhar]
2020-12-07 20:45:08,044 DEBUG org.apache.commons.logging.impl.Jdk14Logger [http-nio-8080-exec-1] REQUEST DATA : uri=/api/crm/activity/tn]
2020-12-07 20:45:16,222 DEBUG org.apache.commons.logging.impl.Jdk14Logger [http-nio-8080-exec-10] Before request [uri=/api/crm/activity/validActivityTypes]
2020-12-07 20:45:16,227 DEBUG org.apache.commons.logging.impl.Jdk14Logger [http-nio-8080-exec-10] Before request [uri=/api/crm/activity/validActivityTypes;client=127.0.0.1;user=sridhar]
2020-12-07 20:45:16,298 DEBUG org.apache.commons.logging.impl.Jdk14Logger [http-nio-8080-exec-10] After request [uri=/api/crm/activity/validActivityTypes;client=127.0.0.1;user=sridhar]
2020-12-07 20:45:16,299 DEBUG org.apache.commons.logging.impl.Jdk14Logger [http-nio-8080-exec-10] REQUEST DATA : uri=/api/crm/activity/validActivityTypes]
2020-12-07 20:45:21,911 DEBUG org.apache.commons.logging.impl.Jdk14Logger [http-nio-8080-exec-3] Before request [uri=/api/crm/activity/106929]
2020-12-07 20:45:21,912 DEBUG org.apache.commons.logging.impl.Jdk14Logger [http-nio-8080-exec-3] Before request [uri=/api/crm/activity/106929;client=127.0.0.1;user=sridhar]
2020-12-07 20:45:27,611 DEBUG org.apache.commons.logging.impl.Jdk14Logger [http-nio-8080-exec-5] Before request [uri=/user/me]
2020-12-07 20:45:27,613 DEBUG org.apache.commons.logging.impl.Jdk14Logger [http-nio-8080-exec-5] Before request [uri=/user/me;client=127.0.0.1;user=sridhar]
2020-12-07 20:45:27,617 DEBUG org.apache.commons.logging.impl.Jdk14Logger [http-nio-8080-exec-5] After request [uri=/user/me;client=127.0.0.1;user=sridhar]
2020-12-07 20:45:27,619 DEBUG org.apache.commons.logging.impl.Jdk14Logger [http-nio-8080-exec-5] REQUEST DATA : uri=/user/me]
2020-12-07 20:45:27,750 DEBUG org.apache.commons.logging.impl.Jdk14Logger [http-nio-8080-exec-3] After request [uri=/api/crm/activity/106929;client=127.0.0.1;user=sridhar;payload={"closingComment":"sadasd","rescheduleDateTime":null}]
2020-12-07 20:45:27,751 DEBUG org.apache.commons.logging.impl.Jdk14Logger [http-nio-8080-exec-3] REQUEST DATA : uri=/api/crm/activity/106929;payload={"closingComment":"sadasd","rescheduleDateTime":null}]
2020-12-07 20:45:29,550 DEBUG org.apache.commons.logging.impl.Jdk14Logger [http-nio-8080-exec-2] Before request [uri=/api/crm/lead/validLeadStatus]
2020-12-07 20:45:29,554 DEBUG org.apache.commons.logging.impl.Jdk14Logger [http-nio-8080-exec-2] Before request [uri=/api/crm/lead/validLeadStatus;client=127.0.0.1;user=sridhar]
2020-12-07 20:45:29,565 DEBUG org.apache.commons.logging.impl.Jdk14Logger [http-nio-8080-exec-2] After request [uri=/api/crm/lead/validLeadStatus;client=127.0.0.1;user=sridhar]
2020-12-07 20:45:29,566 DEBUG org.apache.commons.logging.impl.Jdk14Logger [http-nio-8080-exec-2] REQUEST DATA : uri=/api/crm/lead/validLeadStatus]
2020-12-07 20:45:29,640 DEBUG org.apache.commons.logging.impl.Jdk14Logger [http-nio-8080-exec-8] Before request [uri=/api/crm/lead/106924]
2020-12-07 20:45:29,640 DEBUG org.apache.commons.logging.impl.Jdk14Logger [http-nio-8080-exec-8] Before request [uri=/api/crm/lead/106924;client=127.0.0.1;user=sridhar]
2020-12-07 20:45:29,665 DEBUG org.apache.commons.logging.impl.Jdk14Logger [http-nio-8080-exec-6] Before request [uri=/api/crm/lead/getallinfo/106924]
2020-12-07 20:45:29,666 DEBUG org.apache.commons.logging.impl.Jdk14Logger [http-nio-8080-exec-6] Before request [uri=/api/crm/lead/getallinfo/106924;client=127.0.0.1;user=sridhar]
2020-12-07 20:45:29,843 DEBUG org.apache.commons.logging.impl.Jdk14Logger [http-nio-8080-exec-8] After request [uri=/api/crm/lead/106924;client=127.0.0.1;user=sridhar]
2020-12-07 20:45:29,843 DEBUG org.apache.commons.logging.impl.Jdk14Logger [http-nio-8080-exec-8] REQUEST DATA : uri=/api/crm/lead/106924]
2020-12-07 20:45:29,934 DEBUG org.apache.commons.logging.impl.Jdk14Logger [http-nio-8080-exec-6] After request [uri=/api/crm/lead/getallinfo/106924;client=127.0.0.1;user=sridhar]
2020-12-07 20:45:29,935 DEBUG org.apache.commons.logging.impl.Jdk14Logger [http-nio-8080-exec-6] REQUEST DATA : uri=/api/crm/lead/getallinfo/106924]
2020-12-07 20:45:30,393 WARN org.apache.commons.logging.impl.Jdk14Logger [http-nio-8080-exec-7] JWT Token does not begin with 	Bearer String
2020-12-07 20:45:31,819 DEBUG org.apache.commons.logging.impl.Jdk14Logger [http-nio-8080-exec-9] Before request [uri=/api/crm/activity/validActivityTypes]
2020-12-07 20:45:31,820 DEBUG org.apache.commons.logging.impl.Jdk14Logger [http-nio-8080-exec-9] Before request [uri=/api/crm/activity/validActivityTypes;client=127.0.0.1;user=sridhar]
2020-12-07 20:45:31,833 DEBUG org.apache.commons.logging.impl.Jdk14Logger [http-nio-8080-exec-9] After request [uri=/api/crm/activity/validActivityTypes;client=127.0.0.1;user=sridhar]
2020-12-07 20:45:31,834 DEBUG org.apache.commons.logging.impl.Jdk14Logger [http-nio-8080-exec-9] REQUEST DATA : uri=/api/crm/activity/validActivityTypes]
2020-12-07 20:45:45,413 DEBUG org.apache.commons.logging.impl.Jdk14Logger [http-nio-8080-exec-4] Before request [uri=/api/crm/activity/create]
2020-12-07 20:45:45,415 DEBUG org.apache.commons.logging.impl.Jdk14Logger [http-nio-8080-exec-4] Before request [uri=/api/crm/activity/create;client=127.0.0.1;user=sridhar]
2020-12-07 20:45:45,463 DEBUG org.apache.commons.logging.impl.Jdk14Logger [http-nio-8080-exec-1] Before request [uri=/user/me]
2020-12-07 20:45:45,463 DEBUG org.apache.commons.logging.impl.Jdk14Logger [http-nio-8080-exec-1] Before request [uri=/user/me;client=127.0.0.1;user=sridhar]
2020-12-07 20:45:45,466 DEBUG org.apache.commons.logging.impl.Jdk14Logger [http-nio-8080-exec-1] After request [uri=/user/me;client=127.0.0.1;user=sridhar]
2020-12-07 20:45:45,467 DEBUG org.apache.commons.logging.impl.Jdk14Logger [http-nio-8080-exec-1] REQUEST DATA : uri=/user/me]
2020-12-07 20:45:45,510 DEBUG org.apache.commons.logging.impl.Jdk14Logger [http-nio-8080-exec-10] Before request [uri=/user/me]
2020-12-07 20:45:45,511 DEBUG org.apache.commons.logging.impl.Jdk14Logger [http-nio-8080-exec-10] Before request [uri=/user/me;client=127.0.0.1;user=sridhar]
2020-12-07 20:45:45,518 DEBUG org.apache.commons.logging.impl.Jdk14Logger [http-nio-8080-exec-10] After request [uri=/user/me;client=127.0.0.1;user=sridhar]
2020-12-07 20:45:45,519 DEBUG org.apache.commons.logging.impl.Jdk14Logger [http-nio-8080-exec-10] REQUEST DATA : uri=/user/me]
2020-12-07 20:45:45,601 DEBUG org.apache.commons.logging.impl.Jdk14Logger [http-nio-8080-exec-4] After request [uri=/api/crm/activity/create;client=127.0.0.1;user=sridhar;payload={"title":"sad","activityDateTime":"2020-12-07 20:49","activityType":"Reminder","description":"sad","leadId":"106924"}]
2020-12-07 20:45:45,602 DEBUG org.apache.commons.logging.impl.Jdk14Logger [http-nio-8080-exec-4] REQUEST DATA : uri=/api/crm/activity/create;payload={"title":"sad","activityDateTime":"2020-12-07 20:49","activityType":"Reminder","description":"sad","leadId":"106924"}]
2020-12-07 20:45:46,823 DEBUG org.apache.commons.logging.impl.Jdk14Logger [http-nio-8080-exec-5] Before request [uri=/api/crm/lead/validLeadStatus]
2020-12-07 20:45:46,825 DEBUG org.apache.commons.logging.impl.Jdk14Logger [http-nio-8080-exec-5] Before request [uri=/api/crm/lead/validLeadStatus;client=127.0.0.1;user=sridhar]
2020-12-07 20:45:46,834 DEBUG org.apache.commons.logging.impl.Jdk14Logger [http-nio-8080-exec-5] After request [uri=/api/crm/lead/validLeadStatus;client=127.0.0.1;user=sridhar]
2020-12-07 20:45:46,836 DEBUG org.apache.commons.logging.impl.Jdk14Logger [http-nio-8080-exec-5] REQUEST DATA : uri=/api/crm/lead/validLeadStatus]
2020-12-07 20:45:46,900 DEBUG org.apache.commons.logging.impl.Jdk14Logger [http-nio-8080-exec-3] Before request [uri=/api/crm/lead/106924]
2020-12-07 20:45:46,901 DEBUG org.apache.commons.logging.impl.Jdk14Logger [http-nio-8080-exec-3] Before request [uri=/api/crm/lead/106924;client=127.0.0.1;user=sridhar]
2020-12-07 20:45:46,926 DEBUG org.apache.commons.logging.impl.Jdk14Logger [http-nio-8080-exec-2] Before request [uri=/api/crm/lead/getallinfo/106924]
2020-12-07 20:45:46,927 DEBUG org.apache.commons.logging.impl.Jdk14Logger [http-nio-8080-exec-2] Before request [uri=/api/crm/lead/getallinfo/106924;client=127.0.0.1;user=sridhar]
2020-12-07 20:45:46,930 DEBUG org.apache.commons.logging.impl.Jdk14Logger [http-nio-8080-exec-3] After request [uri=/api/crm/lead/106924;client=127.0.0.1;user=sridhar]
2020-12-07 20:45:46,931 DEBUG org.apache.commons.logging.impl.Jdk14Logger [http-nio-8080-exec-3] REQUEST DATA : uri=/api/crm/lead/106924]
2020-12-07 20:45:47,054 DEBUG org.apache.commons.logging.impl.Jdk14Logger [http-nio-8080-exec-2] After request [uri=/api/crm/lead/getallinfo/106924;client=127.0.0.1;user=sridhar]
2020-12-07 20:45:47,055 DEBUG org.apache.commons.logging.impl.Jdk14Logger [http-nio-8080-exec-2] REQUEST DATA : uri=/api/crm/lead/getallinfo/106924]
2020-12-07 20:45:47,514 WARN org.apache.commons.logging.impl.Jdk14Logger [http-nio-8080-exec-8] JWT Token does not begin with 	Bearer String
2020-12-07 20:45:55,846 DEBUG org.apache.commons.logging.impl.Jdk14Logger [http-nio-8080-exec-6] Before request [uri=/api/crm/activity/tn]
2020-12-07 20:45:55,848 DEBUG org.apache.commons.logging.impl.Jdk14Logger [http-nio-8080-exec-6] Before request [uri=/api/crm/activity/tn;client=0:0:0:0:0:0:0:1;user=sridhar]
2020-12-07 20:45:55,988 WARN org.apache.commons.logging.impl.Jdk14Logger [http-nio-8080-exec-7] JWT Token does not begin with 	Bearer String
2020-12-07 20:45:55,994 DEBUG org.apache.commons.logging.impl.Jdk14Logger [http-nio-8080-exec-7] Before request [uri=/notification/send]
2020-12-07 20:45:55,995 DEBUG org.apache.commons.logging.impl.Jdk14Logger [http-nio-8080-exec-7] Before request [uri=/notification/send;client=127.0.0.1]
2020-12-07 20:45:56,060 DEBUG org.apache.commons.logging.impl.Jdk14Logger [http-nio-8080-exec-6] After request [uri=/api/crm/activity/tn;client=0:0:0:0:0:0:0:1;user=sridhar]
2020-12-07 20:45:56,061 DEBUG org.apache.commons.logging.impl.Jdk14Logger [http-nio-8080-exec-6] REQUEST DATA : uri=/api/crm/activity/tn]
2020-12-07 20:45:58,894 DEBUG org.apache.commons.logging.impl.Jdk14Logger [http-nio-8080-exec-7] After request [uri=/notification/send;client=127.0.0.1;payload={"targetUserId":10001,"title":"Upcoming Activity for - Test 2","body":"Activity Type - Reminder. Time -20:49"}]
2020-12-07 20:45:58,894 DEBUG org.apache.commons.logging.impl.Jdk14Logger [http-nio-8080-exec-7] REQUEST DATA : uri=/notification/send;payload={"targetUserId":10001,"title":"Upcoming Activity for - Test 2","body":"Activity Type - Reminder. Time -20:49"}]
2020-12-07 20:48:13,429 DEBUG org.apache.commons.logging.impl.Jdk14Logger [http-nio-8080-exec-10] Before request [uri=/api/crm/activity/106931]
2020-12-07 20:48:13,431 DEBUG org.apache.commons.logging.impl.Jdk14Logger [http-nio-8080-exec-10] Before request [uri=/api/crm/activity/106931;client=127.0.0.1;user=sridhar]
2020-12-07 20:48:19,294 DEBUG org.apache.commons.logging.impl.Jdk14Logger [http-nio-8080-exec-4] Before request [uri=/user/me]
2020-12-07 20:48:19,294 DEBUG org.apache.commons.logging.impl.Jdk14Logger [http-nio-8080-exec-4] Before request [uri=/user/me;client=127.0.0.1;user=sridhar]
2020-12-07 20:48:19,298 DEBUG org.apache.commons.logging.impl.Jdk14Logger [http-nio-8080-exec-4] After request [uri=/user/me;client=127.0.0.1;user=sridhar]
2020-12-07 20:48:19,298 DEBUG org.apache.commons.logging.impl.Jdk14Logger [http-nio-8080-exec-4] REQUEST DATA : uri=/user/me]
2020-12-07 20:48:19,625 DEBUG org.apache.commons.logging.impl.Jdk14Logger [http-nio-8080-exec-10] After request [uri=/api/crm/activity/106931;client=127.0.0.1;user=sridhar;payload={"closingComment":"sadad"}]
2020-12-07 20:48:19,625 DEBUG org.apache.commons.logging.impl.Jdk14Logger [http-nio-8080-exec-10] REQUEST DATA : uri=/api/crm/activity/106931;payload={"closingComment":"sadad"}]
2020-12-07 20:48:21,077 DEBUG org.apache.commons.logging.impl.Jdk14Logger [http-nio-8080-exec-5] Before request [uri=/api/crm/lead/validLeadStatus]
2020-12-07 20:48:21,079 DEBUG org.apache.commons.logging.impl.Jdk14Logger [http-nio-8080-exec-5] Before request [uri=/api/crm/lead/validLeadStatus;client=127.0.0.1;user=sridhar]
2020-12-07 20:48:21,258 DEBUG org.apache.commons.logging.impl.Jdk14Logger [http-nio-8080-exec-5] After request [uri=/api/crm/lead/validLeadStatus;client=127.0.0.1;user=sridhar]
2020-12-07 20:48:21,259 DEBUG org.apache.commons.logging.impl.Jdk14Logger [http-nio-8080-exec-5] REQUEST DATA : uri=/api/crm/lead/validLeadStatus]
2020-12-07 20:48:21,303 WARN org.apache.commons.logging.impl.Jdk14Logger [http-nio-8080-exec-3] JWT Token does not begin with 	Bearer String
2020-12-07 20:48:21,383 DEBUG org.apache.commons.logging.impl.Jdk14Logger [http-nio-8080-exec-2] Before request [uri=/api/crm/lead/106924]
2020-12-07 20:48:21,384 DEBUG org.apache.commons.logging.impl.Jdk14Logger [http-nio-8080-exec-2] Before request [uri=/api/crm/lead/106924;client=127.0.0.1;user=sridhar]
2020-12-07 20:48:21,434 DEBUG org.apache.commons.logging.impl.Jdk14Logger [http-nio-8080-exec-8] Before request [uri=/api/crm/lead/getallinfo/106924]
2020-12-07 20:48:21,435 DEBUG org.apache.commons.logging.impl.Jdk14Logger [http-nio-8080-exec-8] Before request [uri=/api/crm/lead/getallinfo/106924;client=127.0.0.1;user=sridhar]
2020-12-07 20:48:21,610 DEBUG org.apache.commons.logging.impl.Jdk14Logger [http-nio-8080-exec-2] After request [uri=/api/crm/lead/106924;client=127.0.0.1;user=sridhar]
2020-12-07 20:48:21,611 DEBUG org.apache.commons.logging.impl.Jdk14Logger [http-nio-8080-exec-2] REQUEST DATA : uri=/api/crm/lead/106924]
2020-12-07 20:48:21,669 DEBUG org.apache.commons.logging.impl.Jdk14Logger [http-nio-8080-exec-8] After request [uri=/api/crm/lead/getallinfo/106924;client=127.0.0.1;user=sridhar]
2020-12-07 20:48:21,669 DEBUG org.apache.commons.logging.impl.Jdk14Logger [http-nio-8080-exec-8] REQUEST DATA : uri=/api/crm/lead/getallinfo/106924]
2020-12-07 20:48:22,962 DEBUG org.apache.commons.logging.impl.Jdk14Logger [http-nio-8080-exec-6] Before request [uri=/api/crm/activity/validActivityTypes]
2020-12-07 20:48:22,962 DEBUG org.apache.commons.logging.impl.Jdk14Logger [http-nio-8080-exec-6] Before request [uri=/api/crm/activity/validActivityTypes;client=127.0.0.1;user=sridhar]
2020-12-07 20:48:22,978 DEBUG org.apache.commons.logging.impl.Jdk14Logger [http-nio-8080-exec-6] After request [uri=/api/crm/activity/validActivityTypes;client=127.0.0.1;user=sridhar]
2020-12-07 20:48:22,979 DEBUG org.apache.commons.logging.impl.Jdk14Logger [http-nio-8080-exec-6] REQUEST DATA : uri=/api/crm/activity/validActivityTypes]
2020-12-07 20:48:42,877 DEBUG org.apache.commons.logging.impl.Jdk14Logger [http-nio-8080-exec-7] Before request [uri=/api/crm/activity/create]
2020-12-07 20:48:42,879 DEBUG org.apache.commons.logging.impl.Jdk14Logger [http-nio-8080-exec-7] Before request [uri=/api/crm/activity/create;client=127.0.0.1;user=sridhar]
2020-12-07 20:48:42,945 DEBUG org.apache.commons.logging.impl.Jdk14Logger [http-nio-8080-exec-9] Before request [uri=/user/me]
2020-12-07 20:48:42,948 DEBUG org.apache.commons.logging.impl.Jdk14Logger [http-nio-8080-exec-9] Before request [uri=/user/me;client=127.0.0.1;user=sridhar]
2020-12-07 20:48:42,954 DEBUG org.apache.commons.logging.impl.Jdk14Logger [http-nio-8080-exec-9] After request [uri=/user/me;client=127.0.0.1;user=sridhar]
2020-12-07 20:48:42,954 DEBUG org.apache.commons.logging.impl.Jdk14Logger [http-nio-8080-exec-9] REQUEST DATA : uri=/user/me]
2020-12-07 20:48:43,004 DEBUG org.apache.commons.logging.impl.Jdk14Logger [http-nio-8080-exec-1] Before request [uri=/user/me]
2020-12-07 20:48:43,004 DEBUG org.apache.commons.logging.impl.Jdk14Logger [http-nio-8080-exec-1] Before request [uri=/user/me;client=127.0.0.1;user=sridhar]
2020-12-07 20:48:43,014 DEBUG org.apache.commons.logging.impl.Jdk14Logger [http-nio-8080-exec-1] After request [uri=/user/me;client=127.0.0.1;user=sridhar]
2020-12-07 20:48:43,015 DEBUG org.apache.commons.logging.impl.Jdk14Logger [http-nio-8080-exec-1] REQUEST DATA : uri=/user/me]
2020-12-07 20:48:43,071 DEBUG org.apache.commons.logging.impl.Jdk14Logger [http-nio-8080-exec-7] After request [uri=/api/crm/activity/create;client=127.0.0.1;user=sridhar;payload={"title":"asdsad","activityDateTime":"2020-12-07 20:52","activityType":"Task","description":"sdasd","leadId":"106924"}]
2020-12-07 20:48:43,072 DEBUG org.apache.commons.logging.impl.Jdk14Logger [http-nio-8080-exec-7] REQUEST DATA : uri=/api/crm/activity/create;payload={"title":"asdsad","activityDateTime":"2020-12-07 20:52","activityType":"Task","description":"sdasd","leadId":"106924"}]
2020-12-07 20:48:44,011 DEBUG org.apache.commons.logging.impl.Jdk14Logger [http-nio-8080-exec-4] Before request [uri=/api/crm/lead/validLeadStatus]
2020-12-07 20:48:44,012 DEBUG org.apache.commons.logging.impl.Jdk14Logger [http-nio-8080-exec-4] Before request [uri=/api/crm/lead/validLeadStatus;client=127.0.0.1;user=sridhar]
2020-12-07 20:48:44,019 DEBUG org.apache.commons.logging.impl.Jdk14Logger [http-nio-8080-exec-4] After request [uri=/api/crm/lead/validLeadStatus;client=127.0.0.1;user=sridhar]
2020-12-07 20:48:44,020 DEBUG org.apache.commons.logging.impl.Jdk14Logger [http-nio-8080-exec-4] REQUEST DATA : uri=/api/crm/lead/validLeadStatus]
2020-12-07 20:48:44,097 DEBUG org.apache.commons.logging.impl.Jdk14Logger [http-nio-8080-exec-10] Before request [uri=/api/crm/lead/106924]
2020-12-07 20:48:44,097 DEBUG org.apache.commons.logging.impl.Jdk14Logger [http-nio-8080-exec-10] Before request [uri=/api/crm/lead/106924;client=127.0.0.1;user=sridhar]
2020-12-07 20:48:44,112 DEBUG org.apache.commons.logging.impl.Jdk14Logger [http-nio-8080-exec-5] Before request [uri=/api/crm/lead/getallinfo/106924]
2020-12-07 20:48:44,113 DEBUG org.apache.commons.logging.impl.Jdk14Logger [http-nio-8080-exec-5] Before request [uri=/api/crm/lead/getallinfo/106924;client=127.0.0.1;user=sridhar]
2020-12-07 20:48:44,123 DEBUG org.apache.commons.logging.impl.Jdk14Logger [http-nio-8080-exec-10] After request [uri=/api/crm/lead/106924;client=127.0.0.1;user=sridhar]
2020-12-07 20:48:44,124 DEBUG org.apache.commons.logging.impl.Jdk14Logger [http-nio-8080-exec-10] REQUEST DATA : uri=/api/crm/lead/106924]
2020-12-07 20:48:44,304 WARN org.apache.commons.logging.impl.Jdk14Logger [http-nio-8080-exec-3] JWT Token does not begin with 	Bearer String
2020-12-07 20:48:44,378 DEBUG org.apache.commons.logging.impl.Jdk14Logger [http-nio-8080-exec-5] After request [uri=/api/crm/lead/getallinfo/106924;client=127.0.0.1;user=sridhar]
2020-12-07 20:48:44,379 DEBUG org.apache.commons.logging.impl.Jdk14Logger [http-nio-8080-exec-5] REQUEST DATA : uri=/api/crm/lead/getallinfo/106924]
2020-12-07 20:48:48,785 DEBUG org.apache.commons.logging.impl.Jdk14Logger [http-nio-8080-exec-8] Before request [uri=/api/crm/activity/tn]
2020-12-07 20:48:48,789 DEBUG org.apache.commons.logging.impl.Jdk14Logger [http-nio-8080-exec-8] Before request [uri=/api/crm/activity/tn;client=0:0:0:0:0:0:0:1;user=sridhar]
2020-12-07 20:48:48,940 WARN org.apache.commons.logging.impl.Jdk14Logger [http-nio-8080-exec-6] JWT Token does not begin with 	Bearer String
2020-12-07 20:48:48,941 DEBUG org.apache.commons.logging.impl.Jdk14Logger [http-nio-8080-exec-6] Before request [uri=/notification/send]
2020-12-07 20:48:48,943 DEBUG org.apache.commons.logging.impl.Jdk14Logger [http-nio-8080-exec-6] Before request [uri=/notification/send;client=127.0.0.1]
2020-12-07 20:48:49,040 DEBUG org.apache.commons.logging.impl.Jdk14Logger [http-nio-8080-exec-8] After request [uri=/api/crm/activity/tn;client=0:0:0:0:0:0:0:1;user=sridhar]
2020-12-07 20:48:49,043 DEBUG org.apache.commons.logging.impl.Jdk14Logger [http-nio-8080-exec-8] REQUEST DATA : uri=/api/crm/activity/tn]
2020-12-07 20:48:49,255 DEBUG org.apache.commons.logging.impl.Jdk14Logger [http-nio-8080-exec-6] After request [uri=/notification/send;client=127.0.0.1;payload={"targetUserId":10001,"title":"Upcoming Activity for - Test 2","body":"Activity Type - Task. Time -20:52"}]
2020-12-07 20:48:49,263 DEBUG org.apache.commons.logging.impl.Jdk14Logger [http-nio-8080-exec-6] REQUEST DATA : uri=/notification/send;payload={"targetUserId":10001,"title":"Upcoming Activity for - Test 2","body":"Activity Type - Task. Time -20:52"}]
2020-12-07 20:52:08,281 DEBUG org.apache.commons.logging.impl.Jdk14Logger [http-nio-8080-exec-7] Before request [uri=/api/crm/activity/106932]
2020-12-07 20:52:08,286 DEBUG org.apache.commons.logging.impl.Jdk14Logger [http-nio-8080-exec-7] Before request [uri=/api/crm/activity/106932;client=127.0.0.1;user=sridhar]
2020-12-07 20:52:14,170 DEBUG org.apache.commons.logging.impl.Jdk14Logger [http-nio-8080-exec-4] Before request [uri=/user/me]
2020-12-07 20:52:14,171 DEBUG org.apache.commons.logging.impl.Jdk14Logger [http-nio-8080-exec-4] Before request [uri=/user/me;client=127.0.0.1;user=sridhar]
2020-12-07 20:52:14,180 DEBUG org.apache.commons.logging.impl.Jdk14Logger [http-nio-8080-exec-4] After request [uri=/user/me;client=127.0.0.1;user=sridhar]
2020-12-07 20:52:14,180 DEBUG org.apache.commons.logging.impl.Jdk14Logger [http-nio-8080-exec-4] REQUEST DATA : uri=/user/me]
2020-12-07 20:52:14,323 DEBUG org.apache.commons.logging.impl.Jdk14Logger [http-nio-8080-exec-7] After request [uri=/api/crm/activity/106932;client=127.0.0.1;user=sridhar;payload={"closingComment":"asdsa","rescheduleDateTime":null}]
2020-12-07 20:52:14,324 DEBUG org.apache.commons.logging.impl.Jdk14Logger [http-nio-8080-exec-7] REQUEST DATA : uri=/api/crm/activity/106932;payload={"closingComment":"asdsa","rescheduleDateTime":null}]
2020-12-07 20:52:16,445 DEBUG org.apache.commons.logging.impl.Jdk14Logger [http-nio-8080-exec-10] Before request [uri=/api/crm/lead/validLeadStatus]
2020-12-07 20:52:16,447 DEBUG org.apache.commons.logging.impl.Jdk14Logger [http-nio-8080-exec-10] Before request [uri=/api/crm/lead/validLeadStatus;client=127.0.0.1;user=sridhar]
2020-12-07 20:52:16,691 WARN org.apache.commons.logging.impl.Jdk14Logger [http-nio-8080-exec-3] JWT Token does not begin with 	Bearer String
2020-12-07 20:52:16,738 DEBUG org.apache.commons.logging.impl.Jdk14Logger [http-nio-8080-exec-10] After request [uri=/api/crm/lead/validLeadStatus;client=127.0.0.1;user=sridhar]
2020-12-07 20:52:16,738 DEBUG org.apache.commons.logging.impl.Jdk14Logger [http-nio-8080-exec-10] REQUEST DATA : uri=/api/crm/lead/validLeadStatus]
2020-12-07 20:52:16,794 DEBUG org.apache.commons.logging.impl.Jdk14Logger [http-nio-8080-exec-2] Before request [uri=/api/crm/lead/getallinfo/106924]
2020-12-07 20:52:16,795 DEBUG org.apache.commons.logging.impl.Jdk14Logger [http-nio-8080-exec-2] Before request [uri=/api/crm/lead/getallinfo/106924;client=127.0.0.1;user=sridhar]
2020-12-07 20:52:16,798 DEBUG org.apache.commons.logging.impl.Jdk14Logger [http-nio-8080-exec-5] Before request [uri=/api/crm/lead/106924]
2020-12-07 20:52:16,798 DEBUG org.apache.commons.logging.impl.Jdk14Logger [http-nio-8080-exec-5] Before request [uri=/api/crm/lead/106924;client=127.0.0.1;user=sridhar]
2020-12-07 20:52:17,010 DEBUG org.apache.commons.logging.impl.Jdk14Logger [http-nio-8080-exec-5] After request [uri=/api/crm/lead/106924;client=127.0.0.1;user=sridhar]
2020-12-07 20:52:17,011 DEBUG org.apache.commons.logging.impl.Jdk14Logger [http-nio-8080-exec-5] REQUEST DATA : uri=/api/crm/lead/106924]
2020-12-07 20:52:17,155 DEBUG org.apache.commons.logging.impl.Jdk14Logger [http-nio-8080-exec-2] After request [uri=/api/crm/lead/getallinfo/106924;client=127.0.0.1;user=sridhar]
2020-12-07 20:52:17,156 DEBUG org.apache.commons.logging.impl.Jdk14Logger [http-nio-8080-exec-2] REQUEST DATA : uri=/api/crm/lead/getallinfo/106924]
2020-12-07 20:52:21,137 DEBUG org.apache.commons.logging.impl.Jdk14Logger [http-nio-8080-exec-8] Before request [uri=/api/crm/activity/validActivityTypes]
2020-12-07 20:52:21,138 DEBUG org.apache.commons.logging.impl.Jdk14Logger [http-nio-8080-exec-8] Before request [uri=/api/crm/activity/validActivityTypes;client=127.0.0.1;user=sridhar]
2020-12-07 20:52:21,149 DEBUG org.apache.commons.logging.impl.Jdk14Logger [http-nio-8080-exec-8] After request [uri=/api/crm/activity/validActivityTypes;client=127.0.0.1;user=sridhar]
2020-12-07 20:52:21,150 DEBUG org.apache.commons.logging.impl.Jdk14Logger [http-nio-8080-exec-8] REQUEST DATA : uri=/api/crm/activity/validActivityTypes]
2020-12-07 20:52:32,914 DEBUG org.apache.commons.logging.impl.Jdk14Logger [http-nio-8080-exec-6] Before request [uri=/api/crm/activity/create]
2020-12-07 20:52:32,916 DEBUG org.apache.commons.logging.impl.Jdk14Logger [http-nio-8080-exec-6] Before request [uri=/api/crm/activity/create;client=127.0.0.1;user=sridhar]
2020-12-07 20:52:32,959 DEBUG org.apache.commons.logging.impl.Jdk14Logger [http-nio-8080-exec-1] Before request [uri=/user/me]
2020-12-07 20:52:32,960 DEBUG org.apache.commons.logging.impl.Jdk14Logger [http-nio-8080-exec-1] Before request [uri=/user/me;client=127.0.0.1;user=sridhar]
2020-12-07 20:52:32,962 DEBUG org.apache.commons.logging.impl.Jdk14Logger [http-nio-8080-exec-1] After request [uri=/user/me;client=127.0.0.1;user=sridhar]
2020-12-07 20:52:32,963 DEBUG org.apache.commons.logging.impl.Jdk14Logger [http-nio-8080-exec-1] REQUEST DATA : uri=/user/me]
2020-12-07 20:52:33,016 DEBUG org.apache.commons.logging.impl.Jdk14Logger [http-nio-8080-exec-9] Before request [uri=/user/me]
2020-12-07 20:52:33,017 DEBUG org.apache.commons.logging.impl.Jdk14Logger [http-nio-8080-exec-9] Before request [uri=/user/me;client=127.0.0.1;user=sridhar]
2020-12-07 20:52:33,022 DEBUG org.apache.commons.logging.impl.Jdk14Logger [http-nio-8080-exec-9] After request [uri=/user/me;client=127.0.0.1;user=sridhar]
2020-12-07 20:52:33,025 DEBUG org.apache.commons.logging.impl.Jdk14Logger [http-nio-8080-exec-9] REQUEST DATA : uri=/user/me]
2020-12-07 20:52:33,072 DEBUG org.apache.commons.logging.impl.Jdk14Logger [http-nio-8080-exec-6] After request [uri=/api/crm/activity/create;client=127.0.0.1;user=sridhar;payload={"title":"sdasd","activityDateTime":"2020-12-07 20:55","activityType":"Reminder","description":"sadasd","leadId":"106924"}]
2020-12-07 20:52:33,073 DEBUG org.apache.commons.logging.impl.Jdk14Logger [http-nio-8080-exec-6] REQUEST DATA : uri=/api/crm/activity/create;payload={"title":"sdasd","activityDateTime":"2020-12-07 20:55","activityType":"Reminder","description":"sadasd","leadId":"106924"}]
2020-12-07 20:52:34,520 DEBUG org.apache.commons.logging.impl.Jdk14Logger [http-nio-8080-exec-4] Before request [uri=/api/crm/lead/validLeadStatus]
2020-12-07 20:52:34,522 DEBUG org.apache.commons.logging.impl.Jdk14Logger [http-nio-8080-exec-4] Before request [uri=/api/crm/lead/validLeadStatus;client=127.0.0.1;user=sridhar]
2020-12-07 20:52:34,533 DEBUG org.apache.commons.logging.impl.Jdk14Logger [http-nio-8080-exec-4] After request [uri=/api/crm/lead/validLeadStatus;client=127.0.0.1;user=sridhar]
2020-12-07 20:52:34,534 DEBUG org.apache.commons.logging.impl.Jdk14Logger [http-nio-8080-exec-4] REQUEST DATA : uri=/api/crm/lead/validLeadStatus]
2020-12-07 20:52:34,811 DEBUG org.apache.commons.logging.impl.Jdk14Logger [http-nio-8080-exec-7] Before request [uri=/api/crm/lead/106924]
2020-12-07 20:52:34,812 DEBUG org.apache.commons.logging.impl.Jdk14Logger [http-nio-8080-exec-7] Before request [uri=/api/crm/lead/106924;client=127.0.0.1;user=sridhar]
2020-12-07 20:52:34,826 DEBUG org.apache.commons.logging.impl.Jdk14Logger [http-nio-8080-exec-3] Before request [uri=/api/crm/lead/getallinfo/106924]
2020-12-07 20:52:34,827 DEBUG org.apache.commons.logging.impl.Jdk14Logger [http-nio-8080-exec-3] Before request [uri=/api/crm/lead/getallinfo/106924;client=127.0.0.1;user=sridhar]
2020-12-07 20:52:34,839 DEBUG org.apache.commons.logging.impl.Jdk14Logger [http-nio-8080-exec-7] After request [uri=/api/crm/lead/106924;client=127.0.0.1;user=sridhar]
2020-12-07 20:52:34,840 DEBUG org.apache.commons.logging.impl.Jdk14Logger [http-nio-8080-exec-7] REQUEST DATA : uri=/api/crm/lead/106924]
2020-12-07 20:52:34,949 WARN org.apache.commons.logging.impl.Jdk14Logger [http-nio-8080-exec-10] JWT Token does not begin with 	Bearer String
2020-12-07 20:52:35,021 DEBUG org.apache.commons.logging.impl.Jdk14Logger [http-nio-8080-exec-3] After request [uri=/api/crm/lead/getallinfo/106924;client=127.0.0.1;user=sridhar]
2020-12-07 20:52:35,023 DEBUG org.apache.commons.logging.impl.Jdk14Logger [http-nio-8080-exec-3] REQUEST DATA : uri=/api/crm/lead/getallinfo/106924]
2020-12-07 20:53:04,555 WARN org.apache.commons.logging.impl.Jdk14Logger [http-nio-8080-exec-5] JWT Token does not begin with 	Bearer String
2020-12-07 20:53:04,557 DEBUG org.apache.commons.logging.impl.Jdk14Logger [http-nio-8080-exec-5] Before request [uri=/notification/send]
2020-12-07 20:53:04,557 DEBUG org.apache.commons.logging.impl.Jdk14Logger [http-nio-8080-exec-5] Before request [uri=/notification/send;client=127.0.0.1]
2020-12-07 20:53:04,844 DEBUG org.apache.commons.logging.impl.Jdk14Logger [http-nio-8080-exec-5] After request [uri=/notification/send;client=127.0.0.1;payload={"targetUserId":10001,"title":"Upcoming Activity for - Test 2","body":"Activity Type - Reminder. Time -20:55"}]
2020-12-07 20:53:04,845 DEBUG org.apache.commons.logging.impl.Jdk14Logger [http-nio-8080-exec-5] REQUEST DATA : uri=/notification/send;payload={"targetUserId":10001,"title":"Upcoming Activity for - Test 2","body":"Activity Type - Reminder. Time -20:55"}]
2020-12-07 20:53:46,425 INFO org.apache.commons.logging.impl.Jdk14Logger [RMI TCP Connection(69)-127.0.0.1] Application shutdown requested.
2020-12-07 20:53:46,430 INFO org.apache.commons.logging.impl.Jdk14Logger [RMI TCP Connection(69)-127.0.0.1] Closing org.springframework.boot.web.servlet.context.AnnotationConfigServletWebServerApplicationContext@481ba2cf: startup date [Mon Dec 07 19:47:51 IST 2020]; parent: org.springframework.context.annotation.AnnotationConfigApplicationContext@1e66f1f5
2020-12-07 20:53:46,492 INFO org.apache.commons.logging.impl.Jdk14Logger [RMI TCP Connection(69)-127.0.0.1] Stopping filter initializer
2020-12-07 20:53:46,614 INFO org.apache.commons.logging.impl.Jdk14Logger [RMI TCP Connection(69)-127.0.0.1] Unregistering JMX-exposed beans on shutdown
2020-12-07 20:53:46,632 INFO org.apache.commons.logging.impl.Jdk14Logger [RMI TCP Connection(69)-127.0.0.1] Unregistering JMX-exposed beans
2020-12-07 20:53:46,753 INFO org.apache.commons.logging.impl.Jdk14Logger [RMI TCP Connection(69)-127.0.0.1] Closing JPA EntityManagerFactory for persistence unit 'default'
2020-12-07 20:53:46,810 INFO com.zaxxer.hikari.HikariDataSource [RMI TCP Connection(69)-127.0.0.1] HikariPool-1 - Shutdown initiated...
2020-12-07 20:53:46,834 INFO com.zaxxer.hikari.HikariDataSource [RMI TCP Connection(69)-127.0.0.1] HikariPool-1 - Shutdown completed.
2020-12-07 20:53:46,857 INFO org.apache.juli.logging.DirectJDKLog [RMI TCP Connection(69)-127.0.0.1] Pausing ProtocolHandler ["http-nio-8080"]
2020-12-07 20:53:46,914 INFO org.apache.juli.logging.DirectJDKLog [RMI TCP Connection(69)-127.0.0.1] Stopping service [Tomcat]
2020-12-07 20:53:46,930 INFO org.apache.juli.logging.DirectJDKLog [localhost-startStop-2] Destroying Spring FrameworkServlet 'dispatcherServlet'
2020-12-07 20:53:46,964 WARN org.apache.juli.logging.DirectJDKLog [localhost-startStop-2] The web application [ROOT] appears to have started a thread named [RxIoScheduler-1 (Evictor)] but has failed to stop it. This is very likely to create a memory leak. Stack trace of thread:
 sun.misc.Unsafe.park(Native Method)
 java.util.concurrent.locks.LockSupport.parkNanos(LockSupport.java:215)
 java.util.concurrent.locks.AbstractQueuedSynchronizer$ConditionObject.awaitNanos(AbstractQueuedSynchronizer.java:2078)
 java.util.concurrent.ScheduledThreadPoolExecutor$DelayedWorkQueue.take(ScheduledThreadPoolExecutor.java:1093)
 java.util.concurrent.ScheduledThreadPoolExecutor$DelayedWorkQueue.take(ScheduledThreadPoolExecutor.java:809)
 java.util.concurrent.ThreadPoolExecutor.getTask(ThreadPoolExecutor.java:1074)
 java.util.concurrent.ThreadPoolExecutor.runWorker(ThreadPoolExecutor.java:1134)
 java.util.concurrent.ThreadPoolExecutor$Worker.run(ThreadPoolExecutor.java:624)
 java.lang.Thread.run(Thread.java:748)
2020-12-07 20:53:46,964 WARN org.apache.juli.logging.DirectJDKLog [localhost-startStop-2] The web application [ROOT] appears to have started a thread named [expiringMap-0] but has failed to stop it. This is very likely to create a memory leak. Stack trace of thread:
 sun.misc.Unsafe.park(Native Method)
 java.util.concurrent.locks.LockSupport.parkNanos(LockSupport.java:215)
 java.util.concurrent.locks.AbstractQueuedSynchronizer$ConditionObject.awaitNanos(AbstractQueuedSynchronizer.java:2078)
 java.util.concurrent.ScheduledThreadPoolExecutor$DelayedWorkQueue.take(ScheduledThreadPoolExecutor.java:1093)
 java.util.concurrent.ScheduledThreadPoolExecutor$DelayedWorkQueue.take(ScheduledThreadPoolExecutor.java:809)
 java.util.concurrent.ThreadPoolExecutor.getTask(ThreadPoolExecutor.java:1074)
 java.util.concurrent.ThreadPoolExecutor.runWorker(ThreadPoolExecutor.java:1134)
 java.util.concurrent.ThreadPoolExecutor$Worker.run(ThreadPoolExecutor.java:624)
 java.lang.Thread.run(Thread.java:748)
2020-12-07 20:53:46,999 INFO org.apache.juli.logging.DirectJDKLog [RMI TCP Connection(69)-127.0.0.1] Stopping ProtocolHandler ["http-nio-8080"]
2020-12-07 20:53:47,030 INFO org.apache.juli.logging.DirectJDKLog [RMI TCP Connection(69)-127.0.0.1] Destroying ProtocolHandler ["http-nio-8080"]
2020-12-07 23:11:56,788 INFO org.apache.commons.logging.impl.Jdk14Logger [main] Refreshing org.springframework.context.annotation.AnnotationConfigApplicationContext@65d09a04: startup date [Mon Dec 07 23:11:56 IST 2020]; root of context hierarchy
2020-12-07 23:11:57,199 INFO org.apache.commons.logging.impl.Jdk14Logger [main] JSR-330 'javax.inject.Inject' annotation found and supported for autowiring
2020-12-07 23:11:57,334 INFO org.apache.commons.logging.impl.Jdk14Logger [main] Bean 'configurationPropertiesRebinderAutoConfiguration' of type [org.springframework.cloud.autoconfigure.ConfigurationPropertiesRebinderAutoConfiguration$$EnhancerBySpringCGLIB$$7fcc0191] is not eligible for getting processed by all BeanPostProcessors (for example: not eligible for auto-proxying)
2020-12-07 23:12:07,709 INFO org.apache.commons.logging.impl.Jdk14Logger [main] No active profile set, falling back to default profiles: default
2020-12-07 23:12:07,734 INFO org.apache.commons.logging.impl.Jdk14Logger [main] Refreshing org.springframework.boot.web.servlet.context.AnnotationConfigServletWebServerApplicationContext@413f69cc: startup date [Mon Dec 07 23:12:07 IST 2020]; parent: org.springframework.context.annotation.AnnotationConfigApplicationContext@65d09a04
2020-12-07 23:12:10,044 INFO org.apache.commons.logging.impl.Jdk14Logger [main] Overriding bean definition for bean 'counterFactory' with a different definition: replacing [Root bean: class [null]; scope=; abstract=false; lazyInit=false; autowireMode=3; dependencyCheck=0; autowireCandidate=true; primary=false; factoryBeanName=org.springframework.cloud.netflix.zuul.ZuulServerAutoConfiguration$ZuulMetricsConfiguration; factoryMethodName=counterFactory; initMethodName=null; destroyMethodName=(inferred); defined in class path resource [org/springframework/cloud/netflix/zuul/ZuulServerAutoConfiguration$ZuulMetricsConfiguration.class]] with [Root bean: class [null]; scope=; abstract=false; lazyInit=false; autowireMode=3; dependencyCheck=0; autowireCandidate=true; primary=false; factoryBeanName=org.springframework.cloud.netflix.zuul.ZuulServerAutoConfiguration$ZuulCounterFactoryConfiguration; factoryMethodName=counterFactory; initMethodName=null; destroyMethodName=(inferred); defined in class path resource [org/springframework/cloud/netflix/zuul/ZuulServerAutoConfiguration$ZuulCounterFactoryConfiguration.class]]
2020-12-07 23:12:10,217 INFO org.apache.commons.logging.impl.Jdk14Logger [main] Overriding bean definition for bean 'dataSource' with a different definition: replacing [Root bean: class [null]; scope=refresh; abstract=false; lazyInit=false; autowireMode=3; dependencyCheck=0; autowireCandidate=false; primary=false; factoryBeanName=org.springframework.boot.autoconfigure.jdbc.DataSourceConfiguration$Hikari; factoryMethodName=dataSource; initMethodName=null; destroyMethodName=(inferred); defined in class path resource [org/springframework/boot/autoconfigure/jdbc/DataSourceConfiguration$Hikari.class]] with [Root bean: class [org.springframework.aop.scope.ScopedProxyFactoryBean]; scope=; abstract=false; lazyInit=false; autowireMode=0; dependencyCheck=0; autowireCandidate=true; primary=false; factoryBeanName=null; factoryMethodName=null; initMethodName=null; destroyMethodName=null; defined in BeanDefinition defined in class path resource [org/springframework/boot/autoconfigure/jdbc/DataSourceConfiguration$Hikari.class]]
2020-12-07 23:12:10,721 INFO org.apache.commons.logging.impl.Jdk14Logger [main] BeanFactory id=e2040428-7b06-3440-9928-be90e539c349
2020-12-07 23:12:10,770 INFO org.apache.commons.logging.impl.Jdk14Logger [main] JSR-330 'javax.inject.Inject' annotation found and supported for autowiring
2020-12-07 23:12:11,021 INFO org.apache.commons.logging.impl.Jdk14Logger [main] Bean 'org.springframework.ws.config.annotation.DelegatingWsConfiguration' of type [org.springframework.ws.config.annotation.DelegatingWsConfiguration$$EnhancerBySpringCGLIB$$849c393] is not eligible for getting processed by all BeanPostProcessors (for example: not eligible for auto-proxying)
2020-12-07 23:12:11,120 INFO org.apache.commons.logging.impl.Jdk14Logger [main] Supporting [WS-Addressing August 2004, WS-Addressing 1.0]
2020-12-07 23:12:11,377 INFO org.apache.commons.logging.impl.Jdk14Logger [main] Bean 'org.springframework.transaction.annotation.ProxyTransactionManagementConfiguration' of type [org.springframework.transaction.annotation.ProxyTransactionManagementConfiguration$$EnhancerBySpringCGLIB$$63b1fe94] is not eligible for getting processed by all BeanPostProcessors (for example: not eligible for auto-proxying)
2020-12-07 23:12:11,723 INFO org.apache.commons.logging.impl.Jdk14Logger [main] Bean 'org.springframework.security.config.annotation.configuration.ObjectPostProcessorConfiguration' of type [org.springframework.security.config.annotation.configuration.ObjectPostProcessorConfiguration$$EnhancerBySpringCGLIB$$fc5fc6ce] is not eligible for getting processed by all BeanPostProcessors (for example: not eligible for auto-proxying)
2020-12-07 23:12:11,748 INFO org.apache.commons.logging.impl.Jdk14Logger [main] Bean 'objectPostProcessor' of type [org.springframework.security.config.annotation.configuration.AutowireBeanFactoryObjectPostProcessor] is not eligible for getting processed by all BeanPostProcessors (for example: not eligible for auto-proxying)
2020-12-07 23:12:11,755 INFO org.apache.commons.logging.impl.Jdk14Logger [main] Bean 'org.springframework.security.access.expression.method.DefaultMethodSecurityExpressionHandler@5a50d9fc' of type [org.springframework.security.access.expression.method.DefaultMethodSecurityExpressionHandler] is not eligible for getting processed by all BeanPostProcessors (for example: not eligible for auto-proxying)
2020-12-07 23:12:11,770 INFO org.apache.commons.logging.impl.Jdk14Logger [main] Bean 'org.springframework.security.config.annotation.method.configuration.GlobalMethodSecurityConfiguration' of type [org.springframework.security.config.annotation.method.configuration.GlobalMethodSecurityConfiguration$$EnhancerBySpringCGLIB$$21346980] is not eligible for getting processed by all BeanPostProcessors (for example: not eligible for auto-proxying)
2020-12-07 23:12:11,809 INFO org.apache.commons.logging.impl.Jdk14Logger [main] Bean 'methodSecurityMetadataSource' of type [org.springframework.security.access.method.DelegatingMethodSecurityMetadataSource] is not eligible for getting processed by all BeanPostProcessors (for example: not eligible for auto-proxying)
2020-12-07 23:12:11,914 INFO org.apache.commons.logging.impl.Jdk14Logger [main] Bean 'org.springframework.cloud.autoconfigure.ConfigurationPropertiesRebinderAutoConfiguration' of type [org.springframework.cloud.autoconfigure.ConfigurationPropertiesRebinderAutoConfiguration$$EnhancerBySpringCGLIB$$7fcc0191] is not eligible for getting processed by all BeanPostProcessors (for example: not eligible for auto-proxying)
2020-12-07 23:12:12,954 INFO org.apache.commons.logging.impl.Jdk14Logger [main] Tomcat initialized with port(s): 8080 (http)
2020-12-07 23:12:12,977 INFO org.apache.juli.logging.DirectJDKLog [main] Initializing ProtocolHandler ["http-nio-8080"]
2020-12-07 23:12:12,991 INFO org.apache.juli.logging.DirectJDKLog [main] Starting service [Tomcat]
2020-12-07 23:12:12,992 INFO org.apache.juli.logging.DirectJDKLog [main] Starting Servlet Engine: Apache Tomcat/8.5.34
2020-12-07 23:12:13,009 INFO org.apache.juli.logging.DirectJDKLog [localhost-startStop-1] The APR based Apache Tomcat Native library which allows optimal performance in production environments was not found on the java.library.path: [/Users/bsridharpatnaik/Library/Java/Extensions:/Library/Java/Extensions:/Network/Library/Java/Extensions:/System/Library/Java/Extensions:/usr/lib/java:.]
2020-12-07 23:12:13,243 INFO org.apache.juli.logging.DirectJDKLog [localhost-startStop-1] Initializing Spring embedded WebApplicationContext
2020-12-07 23:12:13,244 INFO org.apache.commons.logging.impl.Jdk14Logger [localhost-startStop-1] Root WebApplicationContext: initialization completed in 5510 ms
2020-12-07 23:12:13,710 WARN com.netflix.config.sources.URLConfigurationSource [localhost-startStop-1] No URLs will be polled as dynamic configuration sources.
2020-12-07 23:12:13,710 INFO com.netflix.config.sources.URLConfigurationSource [localhost-startStop-1] To enable URLs as dynamic configuration sources, define System property archaius.configurationSource.additionalUrls or make config.properties available on classpath.
2020-12-07 23:12:13,728 INFO com.netflix.config.DynamicPropertyFactory [localhost-startStop-1] DynamicPropertyFactory is initialized with configuration sources: com.netflix.config.ConcurrentCompositeConfiguration@db44c16
2020-12-07 23:12:15,871 INFO com.zaxxer.hikari.HikariDataSource [localhost-startStop-1] HikariPool-1 - Starting...
2020-12-07 23:12:16,255 INFO com.zaxxer.hikari.HikariDataSource [localhost-startStop-1] HikariPool-1 - Start completed.
2020-12-07 23:12:16,544 INFO org.apache.commons.logging.impl.Jdk14Logger [localhost-startStop-1] Building JPA container EntityManagerFactory for persistence unit 'default'
2020-12-07 23:12:16,580 INFO org.hibernate.jpa.internal.util.LogHelper [localhost-startStop-1] HHH000204: Processing PersistenceUnitInfo [name: default]
2020-12-07 23:12:16,778 INFO org.hibernate.Version [localhost-startStop-1] HHH000412: Hibernate ORM core version 5.4.22.Final
2020-12-07 23:12:17,023 INFO org.hibernate.annotations.common.reflection.java.JavaReflectionManager [localhost-startStop-1] HCANN000001: Hibernate Commons Annotations {5.1.0.Final}
2020-12-07 23:12:17,405 INFO org.hibernate.dialect.Dialect [localhost-startStop-1] HHH000400: Using dialect: org.hibernate.dialect.MySQL5InnoDBDialect
2020-12-07 23:12:17,507 INFO org.hibernate.envers.boot.internal.EnversServiceImpl [localhost-startStop-1] Envers integration enabled? : true
2020-12-07 23:12:19,380 INFO org.hibernate.engine.transaction.jta.platform.internal.JtaPlatformInitiator [localhost-startStop-1] HHH000490: Using JtaPlatform implementation: [org.hibernate.engine.transaction.jta.platform.internal.NoJtaPlatform]
2020-12-07 23:12:19,406 INFO org.apache.commons.logging.impl.Jdk14Logger [localhost-startStop-1] Initialized JPA EntityManagerFactory for persistence unit 'default'
2020-12-07 23:12:20,752 INFO org.apache.commons.logging.impl.Jdk14Logger [localhost-startStop-1] Mapping filter: 'characterEncodingFilter' to: [/*]
2020-12-07 23:12:20,754 INFO org.apache.commons.logging.impl.Jdk14Logger [localhost-startStop-1] Mapping filter: 'webMvcMetricsFilter' to: [/*]
2020-12-07 23:12:20,755 INFO org.apache.commons.logging.impl.Jdk14Logger [localhost-startStop-1] Mapping filter: 'springSecurityFilterChain' to: [/*]
2020-12-07 23:12:20,755 INFO org.apache.commons.logging.impl.Jdk14Logger [localhost-startStop-1] Mapping filter: 'httpTraceFilter' to: [/*]
2020-12-07 23:12:20,756 INFO org.apache.commons.logging.impl.Jdk14Logger [localhost-startStop-1] Mapping filter: 'jwtRequestFilter' to: [/*]
2020-12-07 23:12:20,757 INFO org.apache.commons.logging.impl.Jdk14Logger [localhost-startStop-1] Mapping filter: 'logFilter' to: [/*]
2020-12-07 23:12:20,757 INFO org.apache.commons.logging.impl.Jdk14Logger [localhost-startStop-1] Mapping filter: 'requestLoggingFilter' to: [/*]
2020-12-07 23:12:20,758 INFO org.apache.commons.logging.impl.Jdk14Logger [localhost-startStop-1] Servlet dispatcherServlet mapped to [/]
2020-12-07 23:12:20,762 INFO org.apache.commons.logging.impl.Jdk14Logger [localhost-startStop-1] Servlet messageDispatcherServlet mapped to [/services/*]
2020-12-07 23:12:20,764 INFO org.apache.commons.logging.impl.Jdk14Logger [localhost-startStop-1] Servlet zuulServlet mapped to [/zuul/*]
2020-12-07 23:12:20,789 DEBUG org.apache.commons.logging.impl.Jdk14Logger [localhost-startStop-1] Initializing filter 'requestLoggingFilter'
2020-12-07 23:12:20,789 DEBUG org.apache.commons.logging.impl.Jdk14Logger [localhost-startStop-1] Filter 'requestLoggingFilter' configured successfully
2020-12-07 23:12:20,790 DEBUG org.apache.commons.logging.impl.Jdk14Logger [localhost-startStop-1] Initializing filter 'logFilter'
2020-12-07 23:12:20,791 DEBUG org.apache.commons.logging.impl.Jdk14Logger [localhost-startStop-1] Filter 'logFilter' configured successfully
2020-12-07 23:12:22,276 WARN org.apache.commons.logging.impl.Jdk14Logger [main] spring.jpa.open-in-view is enabled by default. Therefore, database queries may be performed during view rendering. Explicitly configure spring.jpa.open-in-view to disable this warning
2020-12-07 23:12:22,421 INFO org.apache.commons.logging.impl.Jdk14Logger [main] Mapped "{[/notification/send],methods=[POST]}" onto public java.lang.String com.ec.common.Controller.AndroidNotificationController.sendPnsToDevice(com.ec.common.Data.NotificationRequestDto) throws java.lang.Exception
2020-12-07 23:12:22,470 INFO org.apache.commons.logging.impl.Jdk14Logger [main] Mapped "{[/contact],methods=[GET],produces=[application/json || text/json]}" onto public com.ec.common.Data.ContactsWithTypeAhead com.ec.common.Controller.ContactController.returnAllContacts(java.lang.Integer,org.springframework.data.domain.Pageable)
2020-12-07 23:12:22,473 INFO org.apache.commons.logging.impl.Jdk14Logger [main] Mapped "{[/contact],methods=[POST],produces=[application/json || text/json]}" onto public com.ec.common.Data.ContactsWithTypeAhead com.ec.common.Controller.ContactController.returnFilteredContacts(com.ec.common.Filters.FilterDataList,org.springframework.data.domain.Pageable)
2020-12-07 23:12:22,480 INFO org.apache.commons.logging.impl.Jdk14Logger [main] Mapped "{[/contact/{id}],methods=[GET],produces=[application/json || text/json]}" onto public com.ec.common.Model.ContactAllInfo com.ec.common.Controller.ContactController.findContactbyvehicleNoContacts(long) throws java.lang.Exception
2020-12-07 23:12:22,486 INFO org.apache.commons.logging.impl.Jdk14Logger [main] Mapped "{[/contact/{id}],methods=[DELETE],produces=[application/json || text/json]}" onto public org.springframework.http.ResponseEntity<?> com.ec.common.Controller.ContactController.deleteContact(java.lang.Long) throws java.lang.Exception
2020-12-07 23:12:22,489 INFO org.apache.commons.logging.impl.Jdk14Logger [main] Mapped "{[/contact/create],methods=[POST],produces=[application/json || text/json]}" onto public com.ec.common.Model.ContactAllInfo com.ec.common.Controller.ContactController.createContact(com.ec.common.Model.ContactAllInfo) throws java.lang.Exception
2020-12-07 23:12:22,490 INFO org.apache.commons.logging.impl.Jdk14Logger [main] Mapped "{[/contact/{id}],methods=[PUT],produces=[application/json || text/json]}" onto public com.ec.common.Model.ContactAllInfo com.ec.common.Controller.ContactController.updateContact(java.lang.Long,com.ec.common.Model.ContactAllInfo) throws java.lang.Exception
2020-12-07 23:12:22,495 INFO org.apache.commons.logging.impl.Jdk14Logger [main] Mapped "{[/contact/iscontactused/{id}],methods=[GET],produces=[application/json || text/json]}" onto public java.lang.Boolean com.ec.common.Controller.ContactController.checkIfContactUsed(long) throws java.lang.Exception
2020-12-07 23:12:22,498 INFO org.apache.commons.logging.impl.Jdk14Logger [main] Mapped "{[/emailconfig],methods=[GET],produces=[application/json || text/json]}" onto public com.ec.common.Data.EmailConfigData com.ec.common.Controller.EmailController.returnEmailConfig()
2020-12-07 23:12:22,503 INFO org.apache.commons.logging.impl.Jdk14Logger [main] Mapped "{[/ec/login],methods=[POST],produces=[application/json || text/json]}" onto public org.springframework.http.ResponseEntity<?> com.ec.common.Controller.LoginController.login(com.ec.common.Data.UserSignInData) throws java.lang.Exception
2020-12-07 23:12:22,507 INFO org.apache.commons.logging.impl.Jdk14Logger [main] Mapped "{[/role],methods=[GET],produces=[application/json || text/json]}" onto public org.springframework.data.domain.Page<com.ec.common.Model.Role> com.ec.common.Controller.RoleController.returnAllRoles(org.springframework.data.domain.Pageable)
2020-12-07 23:12:22,516 INFO org.apache.commons.logging.impl.Jdk14Logger [main] Mapped "{[/role/create],methods=[POST],produces=[application/json || text/json]}" onto public com.ec.common.Model.Role com.ec.common.Controller.RoleController.createRole(com.ec.common.Model.Role) throws java.lang.Exception
2020-12-07 23:12:22,519 INFO org.apache.commons.logging.impl.Jdk14Logger [main] Mapped "{[/token],methods=[PUT],produces=[application/json || text/json]}" onto public void com.ec.common.Controller.TokenController.updateTokenForUser(com.ec.common.Data.TokenData) throws java.lang.Exception
2020-12-07 23:12:22,520 INFO org.apache.commons.logging.impl.Jdk14Logger [main] Mapped "{[/token],methods=[GET],produces=[application/json || text/json]}" onto public java.util.List<com.ec.common.Data.AndroidTokenDetailsDTO> com.ec.common.Controller.TokenController.getAllTokens()
2020-12-07 23:12:22,521 INFO org.apache.commons.logging.impl.Jdk14Logger [main] Mapped "{[/token],methods=[DELETE],produces=[application/json || text/json]}" onto public void com.ec.common.Controller.TokenController.DeleteToken() throws java.lang.Exception
2020-12-07 23:12:22,534 INFO org.apache.commons.logging.impl.Jdk14Logger [main] Mapped "{[/user],methods=[POST],produces=[application/json || text/json]}" onto public com.ec.common.Data.UserListWithTypeAheadData com.ec.common.Controller.UserController.returnFilteredContacts(com.ec.common.Filters.FilterDataList,org.springframework.data.domain.Pageable)
2020-12-07 23:12:22,536 INFO org.apache.commons.logging.impl.Jdk14Logger [main] Mapped "{[/user],methods=[GET],produces=[application/json || text/json]}" onto public com.ec.common.Data.UserListWithTypeAheadData com.ec.common.Controller.UserController.returnAllUsers(org.springframework.data.domain.Pageable)
2020-12-07 23:12:22,537 INFO org.apache.commons.logging.impl.Jdk14Logger [main] Mapped "{[/user/create],methods=[POST],produces=[application/json || text/json]}" onto public com.ec.common.Model.User com.ec.common.Controller.UserController.createUser(com.ec.common.Data.CreateUserData) throws java.lang.Exception
2020-12-07 23:12:22,539 INFO org.apache.commons.logging.impl.Jdk14Logger [main] Mapped "{[/user/{id}],methods=[PUT],produces=[application/json || text/json]}" onto public com.ec.common.Model.User com.ec.common.Controller.UserController.updateUser(java.lang.Long,com.ec.common.Data.CreateUserData) throws java.lang.Exception
2020-12-07 23:12:22,540 INFO org.apache.commons.logging.impl.Jdk14Logger [main] Mapped "{[/user/updatepassword],methods=[POST],produces=[application/json || text/json]}" onto public com.ec.common.Model.User com.ec.common.Controller.UserController.updateUser(com.ec.common.Data.ResetPasswordData) throws java.lang.Exception
2020-12-07 23:12:22,550 INFO org.apache.commons.logging.impl.Jdk14Logger [main] Mapped "{[/user/{id}],methods=[GET],produces=[application/json || text/json]}" onto public com.ec.common.Model.User com.ec.common.Controller.UserController.findUserByID(long) throws java.lang.Exception
2020-12-07 23:12:22,555 INFO org.apache.commons.logging.impl.Jdk14Logger [main] Mapped "{[/user/list],methods=[GET],produces=[application/json || text/json]}" onto public java.util.List<com.ec.common.Data.UserReturnData> com.ec.common.Controller.UserController.findLimitedDetailsForUserByID() throws java.lang.Exception
2020-12-07 23:12:22,556 INFO org.apache.commons.logging.impl.Jdk14Logger [main] Mapped "{[/user/byid/{id}],methods=[GET],produces=[application/json || text/json]}" onto public com.ec.common.Data.UserReturnData com.ec.common.Controller.UserController.findLimitedDetailsForUserByID(long) throws java.lang.Exception
2020-12-07 23:12:22,562 INFO org.apache.commons.logging.impl.Jdk14Logger [main] Mapped "{[/user/byname/{name}],methods=[GET],produces=[application/json || text/json]}" onto public com.ec.common.Data.UserReturnData com.ec.common.Controller.UserController.findLimitedDetailsForUserByID(java.lang.String) throws java.lang.Exception
2020-12-07 23:12:22,563 INFO org.apache.commons.logging.impl.Jdk14Logger [main] Mapped "{[/user/updateroles],methods=[POST],produces=[application/json || text/json]}" onto public com.ec.common.Model.User com.ec.common.Controller.UserController.updateRolesForUser(com.ec.common.Data.UpdateRolesForUserData) throws java.lang.Exception
2020-12-07 23:12:22,564 INFO org.apache.commons.logging.impl.Jdk14Logger [main] Mapped "{[/user/me],methods=[GET],produces=[application/json]}" onto public com.ec.common.Data.UserReturnData com.ec.common.Controller.UserController.returnUserName()
2020-12-07 23:12:22,580 INFO org.apache.commons.logging.impl.Jdk14Logger [main] Mapped "{[/error]}" onto public org.springframework.http.ResponseEntity<java.util.Map<java.lang.String, java.lang.Object>> org.springframework.boot.autoconfigure.web.servlet.error.BasicErrorController.error(javax.servlet.http.HttpServletRequest)
2020-12-07 23:12:22,585 INFO org.apache.commons.logging.impl.Jdk14Logger [main] Mapped "{[/error],produces=[text/html]}" onto public org.springframework.web.servlet.ModelAndView org.springframework.boot.autoconfigure.web.servlet.error.BasicErrorController.errorHtml(javax.servlet.http.HttpServletRequest,javax.servlet.http.HttpServletResponse)
2020-12-07 23:12:22,791 INFO org.apache.commons.logging.impl.Jdk14Logger [main] Mapped URL path [/eureka/**] onto handler of type [class org.springframework.web.servlet.resource.ResourceHttpRequestHandler]
2020-12-07 23:12:23,286 INFO org.apache.commons.logging.impl.Jdk14Logger [main] Looking for @ControllerAdvice: org.springframework.boot.web.servlet.context.AnnotationConfigServletWebServerApplicationContext@413f69cc: startup date [Mon Dec 07 23:12:07 IST 2020]; parent: org.springframework.context.annotation.AnnotationConfigApplicationContext@65d09a04
2020-12-07 23:12:23,640 INFO org.apache.commons.logging.impl.Jdk14Logger [main] Creating filter chain: Ant [pattern='/*/'], []
2020-12-07 23:12:23,642 INFO org.apache.commons.logging.impl.Jdk14Logger [main] Creating filter chain: Ant [pattern='/eureka/**.**'], []
2020-12-07 23:12:23,644 INFO org.apache.commons.logging.impl.Jdk14Logger [main] Creating filter chain: Ant [pattern='/eureka/**'], []
2020-12-07 23:12:23,646 INFO org.apache.commons.logging.impl.Jdk14Logger [main] Creating filter chain: Ant [pattern='**/scripts/**.js'], []
2020-12-07 23:12:23,647 INFO org.apache.commons.logging.impl.Jdk14Logger [main] Creating filter chain: Ant [pattern='/**.jpg'], []
2020-12-07 23:12:23,647 INFO org.apache.commons.logging.impl.Jdk14Logger [main] Creating filter chain: Ant [pattern='/**.ico'], []
2020-12-07 23:12:23,648 INFO org.apache.commons.logging.impl.Jdk14Logger [main] Creating filter chain: Ant [pattern='/**.html'], []
2020-12-07 23:12:23,648 INFO org.apache.commons.logging.impl.Jdk14Logger [main] Creating filter chain: Ant [pattern='/header.html'], []
2020-12-07 23:12:23,649 INFO org.apache.commons.logging.impl.Jdk14Logger [main] Creating filter chain: Ant [pattern='**.html'], []
2020-12-07 23:12:23,649 INFO org.apache.commons.logging.impl.Jdk14Logger [main] Creating filter chain: Ant [pattern='/**.css'], []
2020-12-07 23:12:23,650 INFO org.apache.commons.logging.impl.Jdk14Logger [main] Creating filter chain: Ant [pattern='/**.js'], []
2020-12-07 23:12:23,651 INFO org.apache.commons.logging.impl.Jdk14Logger [main] Creating filter chain: Ant [pattern='/eureka/**/**'], []
2020-12-07 23:12:23,652 INFO org.apache.commons.logging.impl.Jdk14Logger [main] Creating filter chain: Ant [pattern='/**', OPTIONS], []
2020-12-07 23:12:23,904 INFO org.apache.commons.logging.impl.Jdk14Logger [main] Creating filter chain: org.springframework.security.web.util.matcher.AnyRequestMatcher@1, [org.springframework.security.web.context.request.async.WebAsyncManagerIntegrationFilter@5a4dda2, org.springframework.security.web.context.SecurityContextPersistenceFilter@6c075e9d, org.springframework.security.web.header.HeaderWriterFilter@8840c98, org.springframework.web.filter.CorsFilter@1d2fb82, org.springframework.security.web.authentication.logout.LogoutFilter@501957bf, com.ec.common.JWTUtils.JwtRequestFilter@7ef083b9, org.springframework.security.web.savedrequest.RequestCacheAwareFilter@6b162ecc, org.springframework.security.web.servletapi.SecurityContextHolderAwareRequestFilter@269222ae, org.springframework.security.web.authentication.AnonymousAuthenticationFilter@34045582, org.springframework.security.web.session.SessionManagementFilter@7f8a9454, org.springframework.security.web.access.ExceptionTranslationFilter@5c313224, org.springframework.security.web.access.intercept.FilterSecurityInterceptor@1b52699c]
2020-12-07 23:12:24,111 WARN com.netflix.config.sources.URLConfigurationSource [main] No URLs will be polled as dynamic configuration sources.
2020-12-07 23:12:24,112 INFO com.netflix.config.sources.URLConfigurationSource [main] To enable URLs as dynamic configuration sources, define System property archaius.configurationSource.additionalUrls or make config.properties available on classpath.
2020-12-07 23:12:25,573 INFO org.apache.commons.logging.impl.Jdk14Logger [main] Exposing 2 endpoint(s) beneath base path '/actuator'
2020-12-07 23:12:25,595 INFO org.apache.commons.logging.impl.Jdk14Logger [main] Mapped "{[/actuator/health],methods=[GET],produces=[application/vnd.spring-boot.actuator.v2+json || application/json]}" onto public java.lang.Object org.springframework.boot.actuate.endpoint.web.servlet.AbstractWebMvcEndpointHandlerMapping$OperationHandler.handle(javax.servlet.http.HttpServletRequest,java.util.Map<java.lang.String, java.lang.String>)
2020-12-07 23:12:25,597 INFO org.apache.commons.logging.impl.Jdk14Logger [main] Mapped "{[/actuator/info],methods=[GET],produces=[application/vnd.spring-boot.actuator.v2+json || application/json]}" onto public java.lang.Object org.springframework.boot.actuate.endpoint.web.servlet.AbstractWebMvcEndpointHandlerMapping$OperationHandler.handle(javax.servlet.http.HttpServletRequest,java.util.Map<java.lang.String, java.lang.String>)
2020-12-07 23:12:25,598 INFO org.apache.commons.logging.impl.Jdk14Logger [main] Mapped "{[/actuator],methods=[GET],produces=[application/vnd.spring-boot.actuator.v2+json || application/json]}" onto protected java.util.Map<java.lang.String, java.util.Map<java.lang.String, org.springframework.boot.actuate.endpoint.web.Link>> org.springframework.boot.actuate.endpoint.web.servlet.WebMvcEndpointHandlerMapping.links(javax.servlet.http.HttpServletRequest,javax.servlet.http.HttpServletResponse)
2020-12-07 23:12:26,671 INFO org.apache.commons.logging.impl.Jdk14Logger [main] Starting filter initializer
2020-12-07 23:12:26,766 INFO org.apache.commons.logging.impl.Jdk14Logger [main] Registering beans for JMX exposure on startup
2020-12-07 23:12:26,768 INFO org.apache.commons.logging.impl.Jdk14Logger [main] Bean with name 'dataSource' has been autodetected for JMX exposure
2020-12-07 23:12:26,786 INFO org.apache.commons.logging.impl.Jdk14Logger [main] Bean with name 'environmentManager' has been autodetected for JMX exposure
2020-12-07 23:12:26,788 INFO org.apache.commons.logging.impl.Jdk14Logger [main] Bean with name 'refreshScope' has been autodetected for JMX exposure
2020-12-07 23:12:26,794 INFO org.apache.commons.logging.impl.Jdk14Logger [main] Bean with name 'configurationPropertiesRebinder' has been autodetected for JMX exposure
2020-12-07 23:12:26,801 INFO org.apache.commons.logging.impl.Jdk14Logger [main] Located managed bean 'environmentManager': registering with JMX server as MBean [gateway:name=environmentManager,type=EnvironmentManager]
2020-12-07 23:12:26,835 INFO org.apache.commons.logging.impl.Jdk14Logger [main] Located managed bean 'refreshScope': registering with JMX server as MBean [gateway:name=refreshScope,type=RefreshScope]
2020-12-07 23:12:26,869 INFO org.apache.commons.logging.impl.Jdk14Logger [main] Located managed bean 'configurationPropertiesRebinder': registering with JMX server as MBean [gateway:name=configurationPropertiesRebinder,context=413f69cc,type=ConfigurationPropertiesRebinder]
2020-12-07 23:12:26,899 INFO org.apache.commons.logging.impl.Jdk14Logger [main] Located MBean 'dataSource': registering with JMX server as MBean [gateway:name=dataSource,type=HikariDataSource]
2020-12-07 23:12:26,981 INFO org.apache.juli.logging.DirectJDKLog [main] Starting ProtocolHandler ["http-nio-8080"]
2020-12-07 23:12:27,027 INFO org.apache.juli.logging.DirectJDKLog [main] Using a shared selector for servlet write/read
2020-12-07 23:12:27,069 INFO org.apache.commons.logging.impl.Jdk14Logger [main] Tomcat started on port(s): 8080 (http) with context path ''
2020-12-07 23:12:27,079 INFO org.apache.commons.logging.impl.Jdk14Logger [main] Started GatewayApplication in 41.521 seconds (JVM running for 47.837)
2020-12-07 23:19:05,166 INFO org.apache.juli.logging.DirectJDKLog [http-nio-8080-exec-1] Initializing Spring FrameworkServlet 'dispatcherServlet'
2020-12-07 23:19:05,171 INFO org.apache.commons.logging.impl.Jdk14Logger [http-nio-8080-exec-1] FrameworkServlet 'dispatcherServlet': initialization started
2020-12-07 23:19:05,586 INFO org.apache.commons.logging.impl.Jdk14Logger [http-nio-8080-exec-1] FrameworkServlet 'dispatcherServlet': initialization completed in 413 ms
2020-12-07 23:19:05,624 INFO org.apache.commons.logging.impl.Jdk14Logger [http-nio-8080-exec-5] Mapped URL path [/api/inventory/**] onto handler of type [class org.springframework.cloud.netflix.zuul.web.ZuulController]
2020-12-07 23:19:05,626 INFO org.apache.commons.logging.impl.Jdk14Logger [http-nio-8080-exec-5] Mapped URL path [/api/crm/**] onto handler of type [class org.springframework.cloud.netflix.zuul.web.ZuulController]
2020-12-07 23:19:11,909 WARN org.apache.commons.logging.impl.Jdk14Logger [http-nio-8080-exec-10] JWT Token does not begin with 	Bearer String
2020-12-07 23:19:13,180 WARN org.apache.commons.logging.impl.Jdk14Logger [http-nio-8080-exec-5] JWT Token does not begin with 	Bearer String
2020-12-07 23:19:13,201 DEBUG org.apache.commons.logging.impl.Jdk14Logger [http-nio-8080-exec-5] Before request [uri=/ec/login]
2020-12-07 23:19:13,202 DEBUG org.apache.commons.logging.impl.Jdk14Logger [http-nio-8080-exec-5] Before request [uri=/ec/login;client=127.0.0.1]
2020-12-07 23:19:14,690 DEBUG org.apache.commons.logging.impl.Jdk14Logger [http-nio-8080-exec-5] After request [uri=/ec/login;client=127.0.0.1;payload={"userName":"sridhar","password":"Test@123"}]
2020-12-07 23:19:14,691 DEBUG org.apache.commons.logging.impl.Jdk14Logger [http-nio-8080-exec-5] REQUEST DATA : uri=/ec/login;payload={"userName":"sridhar","password":"Test@123"}]
2020-12-07 23:19:15,227 DEBUG org.apache.commons.logging.impl.Jdk14Logger [http-nio-8080-exec-4] Before request [uri=/api/crm/dashboard/customerpipeline]
2020-12-07 23:19:15,229 DEBUG org.apache.commons.logging.impl.Jdk14Logger [http-nio-8080-exec-4] Before request [uri=/api/crm/dashboard/customerpipeline;client=127.0.0.1;user=sridhar]
2020-12-07 23:19:15,232 DEBUG org.apache.commons.logging.impl.Jdk14Logger [http-nio-8080-exec-1] Before request [uri=/api/crm/dashboard/conversionratio]
2020-12-07 23:19:15,235 DEBUG org.apache.commons.logging.impl.Jdk14Logger [http-nio-8080-exec-1] Before request [uri=/api/crm/dashboard/conversionratio;client=127.0.0.1;user=sridhar]
2020-12-07 23:19:15,259 DEBUG org.apache.commons.logging.impl.Jdk14Logger [http-nio-8080-exec-2] Before request [uri=/api/crm/dashboard/stagnant]
2020-12-07 23:19:15,260 DEBUG org.apache.commons.logging.impl.Jdk14Logger [http-nio-8080-exec-2] Before request [uri=/api/crm/dashboard/stagnant;client=127.0.0.1;user=sridhar]
2020-12-07 23:19:15,319 DEBUG org.apache.commons.logging.impl.Jdk14Logger [http-nio-8080-exec-3] Before request [uri=/api/crm/dashboard/topperformer]
2020-12-07 23:19:15,322 DEBUG org.apache.commons.logging.impl.Jdk14Logger [http-nio-8080-exec-3] Before request [uri=/api/crm/dashboard/topperformer;client=127.0.0.1;user=sridhar]
2020-12-07 23:19:15,893 DEBUG org.apache.commons.logging.impl.Jdk14Logger [http-nio-8080-exec-6] Before request [uri=/api/crm/dashboard/customerpipeline]
2020-12-07 23:19:15,894 DEBUG org.apache.commons.logging.impl.Jdk14Logger [http-nio-8080-exec-6] Before request [uri=/api/crm/dashboard/customerpipeline;client=127.0.0.1;user=sridhar]
2020-12-07 23:19:16,933 DEBUG org.apache.commons.logging.impl.Jdk14Logger [http-nio-8080-exec-2] After request [uri=/api/crm/dashboard/stagnant;client=127.0.0.1;user=sridhar]
2020-12-07 23:19:16,934 DEBUG org.apache.commons.logging.impl.Jdk14Logger [http-nio-8080-exec-2] REQUEST DATA : uri=/api/crm/dashboard/stagnant]
2020-12-07 23:19:16,962 DEBUG org.apache.commons.logging.impl.Jdk14Logger [http-nio-8080-exec-8] Before request [uri=/api/crm/dashboard/stagnant]
2020-12-07 23:19:16,963 DEBUG org.apache.commons.logging.impl.Jdk14Logger [http-nio-8080-exec-8] Before request [uri=/api/crm/dashboard/stagnant;client=127.0.0.1;user=sridhar]
2020-12-07 23:19:16,984 DEBUG org.apache.commons.logging.impl.Jdk14Logger [http-nio-8080-exec-3] After request [uri=/api/crm/dashboard/topperformer;client=127.0.0.1;user=sridhar]
2020-12-07 23:19:16,986 DEBUG org.apache.commons.logging.impl.Jdk14Logger [http-nio-8080-exec-3] REQUEST DATA : uri=/api/crm/dashboard/topperformer]
2020-12-07 23:19:17,028 DEBUG org.apache.commons.logging.impl.Jdk14Logger [http-nio-8080-exec-7] Before request [uri=/api/crm/dashboard/topperformer]
2020-12-07 23:19:17,029 DEBUG org.apache.commons.logging.impl.Jdk14Logger [http-nio-8080-exec-7] Before request [uri=/api/crm/dashboard/topperformer;client=127.0.0.1;user=sridhar]
2020-12-07 23:19:17,134 DEBUG org.apache.commons.logging.impl.Jdk14Logger [http-nio-8080-exec-8] After request [uri=/api/crm/dashboard/stagnant;client=127.0.0.1;user=sridhar]
2020-12-07 23:19:17,140 DEBUG org.apache.commons.logging.impl.Jdk14Logger [http-nio-8080-exec-8] REQUEST DATA : uri=/api/crm/dashboard/stagnant]
2020-12-07 23:19:17,181 DEBUG org.apache.commons.logging.impl.Jdk14Logger [http-nio-8080-exec-1] After request [uri=/api/crm/dashboard/conversionratio;client=127.0.0.1;user=sridhar]
2020-12-07 23:19:17,182 DEBUG org.apache.commons.logging.impl.Jdk14Logger [http-nio-8080-exec-1] REQUEST DATA : uri=/api/crm/dashboard/conversionratio]
2020-12-07 23:19:17,218 DEBUG org.apache.commons.logging.impl.Jdk14Logger [http-nio-8080-exec-9] Before request [uri=/api/crm/dashboard/conversionratio]
2020-12-07 23:19:17,219 DEBUG org.apache.commons.logging.impl.Jdk14Logger [http-nio-8080-exec-9] Before request [uri=/api/crm/dashboard/conversionratio;client=127.0.0.1;user=sridhar]
2020-12-07 23:19:17,300 DEBUG org.apache.commons.logging.impl.Jdk14Logger [http-nio-8080-exec-7] After request [uri=/api/crm/dashboard/topperformer;client=127.0.0.1;user=sridhar]
2020-12-07 23:19:17,300 DEBUG org.apache.commons.logging.impl.Jdk14Logger [http-nio-8080-exec-7] REQUEST DATA : uri=/api/crm/dashboard/topperformer]
2020-12-07 23:19:17,382 DEBUG org.apache.commons.logging.impl.Jdk14Logger [http-nio-8080-exec-9] After request [uri=/api/crm/dashboard/conversionratio;client=127.0.0.1;user=sridhar]
2020-12-07 23:19:17,396 DEBUG org.apache.commons.logging.impl.Jdk14Logger [http-nio-8080-exec-9] REQUEST DATA : uri=/api/crm/dashboard/conversionratio]
2020-12-07 23:19:19,157 DEBUG org.apache.commons.logging.impl.Jdk14Logger [http-nio-8080-exec-10] Before request [uri=/api/crm/activity/getleadactivitypage?size=12&page=0]
2020-12-07 23:19:19,158 DEBUG org.apache.commons.logging.impl.Jdk14Logger [http-nio-8080-exec-10] Before request [uri=/api/crm/activity/getleadactivitypage?size=12&page=0;client=127.0.0.1;user=sridhar]
2020-12-07 23:19:19,647 DEBUG org.apache.commons.logging.impl.Jdk14Logger [http-nio-8080-exec-5] Before request [uri=/api/crm/activity/getleadactivitypage?size=12&page=0]
2020-12-07 23:19:19,649 DEBUG org.apache.commons.logging.impl.Jdk14Logger [http-nio-8080-exec-5] Before request [uri=/api/crm/activity/getleadactivitypage?size=12&page=0;client=127.0.0.1;user=sridhar]
2020-12-07 23:19:24,324 DEBUG org.apache.commons.logging.impl.Jdk14Logger [http-nio-8080-exec-2] Before request [uri=/user/list]
2020-12-07 23:19:24,329 DEBUG org.apache.commons.logging.impl.Jdk14Logger [http-nio-8080-exec-2] Before request [uri=/user/list;client=127.0.0.1;user=sridhar]
2020-12-07 23:19:24,330 DEBUG org.apache.commons.logging.impl.Jdk14Logger [http-nio-8080-exec-3] Before request [uri=/user/list]
2020-12-07 23:19:24,330 DEBUG org.apache.commons.logging.impl.Jdk14Logger [http-nio-8080-exec-8] Before request [uri=/user/byid/10001]
2020-12-07 23:19:24,348 DEBUG org.apache.commons.logging.impl.Jdk14Logger [http-nio-8080-exec-3] Before request [uri=/user/list;client=127.0.0.1;user=sridhar]
2020-12-07 23:19:24,348 DEBUG org.apache.commons.logging.impl.Jdk14Logger [http-nio-8080-exec-8] Before request [uri=/user/byid/10001;client=127.0.0.1;user=sridhar]
2020-12-07 23:19:24,399 DEBUG org.apache.commons.logging.impl.Jdk14Logger [http-nio-8080-exec-1] Before request [uri=/user/byid/10001]
2020-12-07 23:19:24,400 DEBUG org.apache.commons.logging.impl.Jdk14Logger [http-nio-8080-exec-1] Before request [uri=/user/byid/10001;client=127.0.0.1;user=sridhar]
2020-12-07 23:19:24,629 DEBUG org.apache.commons.logging.impl.Jdk14Logger [http-nio-8080-exec-8] After request [uri=/user/byid/10001;client=127.0.0.1;user=sridhar]
2020-12-07 23:19:24,630 DEBUG org.apache.commons.logging.impl.Jdk14Logger [http-nio-8080-exec-8] REQUEST DATA : uri=/user/byid/10001]
2020-12-07 23:19:24,633 DEBUG org.apache.commons.logging.impl.Jdk14Logger [http-nio-8080-exec-3] After request [uri=/user/list;client=127.0.0.1;user=sridhar]
2020-12-07 23:19:24,634 DEBUG org.apache.commons.logging.impl.Jdk14Logger [http-nio-8080-exec-3] REQUEST DATA : uri=/user/list]
2020-12-07 23:19:24,730 DEBUG org.apache.commons.logging.impl.Jdk14Logger [http-nio-8080-exec-1] After request [uri=/user/byid/10001;client=127.0.0.1;user=sridhar]
2020-12-07 23:19:24,731 DEBUG org.apache.commons.logging.impl.Jdk14Logger [http-nio-8080-exec-1] REQUEST DATA : uri=/user/byid/10001]
2020-12-07 23:19:24,740 DEBUG org.apache.commons.logging.impl.Jdk14Logger [http-nio-8080-exec-2] After request [uri=/user/list;client=127.0.0.1;user=sridhar]
2020-12-07 23:19:24,742 DEBUG org.apache.commons.logging.impl.Jdk14Logger [http-nio-8080-exec-2] REQUEST DATA : uri=/user/list]
2020-12-07 23:19:24,883 DEBUG org.apache.commons.logging.impl.Jdk14Logger [http-nio-8080-exec-7] Before request [uri=/user/byid/10001]
2020-12-07 23:19:24,884 DEBUG org.apache.commons.logging.impl.Jdk14Logger [http-nio-8080-exec-7] Before request [uri=/user/byid/10001;client=127.0.0.1;user=sridhar]
2020-12-07 23:19:24,895 DEBUG org.apache.commons.logging.impl.Jdk14Logger [http-nio-8080-exec-9] Before request [uri=/user/byid/10001]
2020-12-07 23:19:24,897 DEBUG org.apache.commons.logging.impl.Jdk14Logger [http-nio-8080-exec-9] Before request [uri=/user/byid/10001;client=127.0.0.1;user=sridhar]
2020-12-07 23:19:24,918 DEBUG org.apache.commons.logging.impl.Jdk14Logger [http-nio-8080-exec-9] After request [uri=/user/byid/10001;client=127.0.0.1;user=sridhar]
2020-12-07 23:19:24,924 DEBUG org.apache.commons.logging.impl.Jdk14Logger [http-nio-8080-exec-9] REQUEST DATA : uri=/user/byid/10001]
2020-12-07 23:19:24,943 DEBUG org.apache.commons.logging.impl.Jdk14Logger [http-nio-8080-exec-7] After request [uri=/user/byid/10001;client=127.0.0.1;user=sridhar]
2020-12-07 23:19:24,945 DEBUG org.apache.commons.logging.impl.Jdk14Logger [http-nio-8080-exec-7] REQUEST DATA : uri=/user/byid/10001]
2020-12-07 23:19:24,997 DEBUG org.apache.commons.logging.impl.Jdk14Logger [http-nio-8080-exec-8] Before request [uri=/user/byid/10001]
2020-12-07 23:19:24,998 DEBUG org.apache.commons.logging.impl.Jdk14Logger [http-nio-8080-exec-8] Before request [uri=/user/byid/10001;client=127.0.0.1;user=sridhar]
2020-12-07 23:19:25,040 DEBUG org.apache.commons.logging.impl.Jdk14Logger [http-nio-8080-exec-3] Before request [uri=/user/byid/10001]
2020-12-07 23:19:25,041 DEBUG org.apache.commons.logging.impl.Jdk14Logger [http-nio-8080-exec-3] Before request [uri=/user/byid/10001;client=127.0.0.1;user=sridhar]
2020-12-07 23:19:25,062 DEBUG org.apache.commons.logging.impl.Jdk14Logger [http-nio-8080-exec-3] After request [uri=/user/byid/10001;client=127.0.0.1;user=sridhar]
2020-12-07 23:19:25,063 DEBUG org.apache.commons.logging.impl.Jdk14Logger [http-nio-8080-exec-3] REQUEST DATA : uri=/user/byid/10001]
2020-12-07 23:19:25,082 DEBUG org.apache.commons.logging.impl.Jdk14Logger [http-nio-8080-exec-8] After request [uri=/user/byid/10001;client=127.0.0.1;user=sridhar]
2020-12-07 23:19:25,084 DEBUG org.apache.commons.logging.impl.Jdk14Logger [http-nio-8080-exec-8] REQUEST DATA : uri=/user/byid/10001]
2020-12-07 23:19:25,133 DEBUG org.apache.commons.logging.impl.Jdk14Logger [http-nio-8080-exec-1] Before request [uri=/user/byid/10001]
2020-12-07 23:19:25,134 DEBUG org.apache.commons.logging.impl.Jdk14Logger [http-nio-8080-exec-1] Before request [uri=/user/byid/10001;client=127.0.0.1;user=sridhar]
2020-12-07 23:19:25,268 DEBUG org.apache.commons.logging.impl.Jdk14Logger [http-nio-8080-exec-2] Before request [uri=/user/byid/10001]
2020-12-07 23:19:25,269 DEBUG org.apache.commons.logging.impl.Jdk14Logger [http-nio-8080-exec-2] Before request [uri=/user/byid/10001;client=127.0.0.1;user=sridhar]
2020-12-07 23:19:25,296 DEBUG org.apache.commons.logging.impl.Jdk14Logger [http-nio-8080-exec-2] After request [uri=/user/byid/10001;client=127.0.0.1;user=sridhar]
2020-12-07 23:19:25,297 DEBUG org.apache.commons.logging.impl.Jdk14Logger [http-nio-8080-exec-2] REQUEST DATA : uri=/user/byid/10001]
2020-12-07 23:19:25,298 DEBUG org.apache.commons.logging.impl.Jdk14Logger [http-nio-8080-exec-1] After request [uri=/user/byid/10001;client=127.0.0.1;user=sridhar]
2020-12-07 23:19:25,299 DEBUG org.apache.commons.logging.impl.Jdk14Logger [http-nio-8080-exec-1] REQUEST DATA : uri=/user/byid/10001]
2020-12-07 23:19:25,328 DEBUG org.apache.commons.logging.impl.Jdk14Logger [http-nio-8080-exec-9] Before request [uri=/user/byid/10001]
2020-12-07 23:19:25,329 DEBUG org.apache.commons.logging.impl.Jdk14Logger [http-nio-8080-exec-9] Before request [uri=/user/byid/10001;client=127.0.0.1;user=sridhar]
2020-12-07 23:19:25,332 DEBUG org.apache.commons.logging.impl.Jdk14Logger [http-nio-8080-exec-7] Before request [uri=/user/byid/10001]
2020-12-07 23:19:25,333 DEBUG org.apache.commons.logging.impl.Jdk14Logger [http-nio-8080-exec-7] Before request [uri=/user/byid/10001;client=127.0.0.1;user=sridhar]
2020-12-07 23:19:25,342 DEBUG org.apache.commons.logging.impl.Jdk14Logger [http-nio-8080-exec-9] After request [uri=/user/byid/10001;client=127.0.0.1;user=sridhar]
2020-12-07 23:19:25,344 DEBUG org.apache.commons.logging.impl.Jdk14Logger [http-nio-8080-exec-9] REQUEST DATA : uri=/user/byid/10001]
2020-12-07 23:19:25,349 DEBUG org.apache.commons.logging.impl.Jdk14Logger [http-nio-8080-exec-7] After request [uri=/user/byid/10001;client=127.0.0.1;user=sridhar]
2020-12-07 23:19:25,350 DEBUG org.apache.commons.logging.impl.Jdk14Logger [http-nio-8080-exec-7] REQUEST DATA : uri=/user/byid/10001]
2020-12-07 23:19:25,508 DEBUG org.apache.commons.logging.impl.Jdk14Logger [http-nio-8080-exec-8] Before request [uri=/user/byid/10001]
2020-12-07 23:19:25,509 DEBUG org.apache.commons.logging.impl.Jdk14Logger [http-nio-8080-exec-8] Before request [uri=/user/byid/10001;client=127.0.0.1;user=sridhar]
2020-12-07 23:19:25,538 DEBUG org.apache.commons.logging.impl.Jdk14Logger [http-nio-8080-exec-3] Before request [uri=/user/byid/10001]
2020-12-07 23:19:25,539 DEBUG org.apache.commons.logging.impl.Jdk14Logger [http-nio-8080-exec-3] Before request [uri=/user/byid/10001;client=127.0.0.1;user=sridhar]
2020-12-07 23:19:25,559 DEBUG org.apache.commons.logging.impl.Jdk14Logger [http-nio-8080-exec-3] After request [uri=/user/byid/10001;client=127.0.0.1;user=sridhar]
2020-12-07 23:19:25,561 DEBUG org.apache.commons.logging.impl.Jdk14Logger [http-nio-8080-exec-3] REQUEST DATA : uri=/user/byid/10001]
2020-12-07 23:19:25,609 DEBUG org.apache.commons.logging.impl.Jdk14Logger [http-nio-8080-exec-8] After request [uri=/user/byid/10001;client=127.0.0.1;user=sridhar]
2020-12-07 23:19:25,612 DEBUG org.apache.commons.logging.impl.Jdk14Logger [http-nio-8080-exec-8] REQUEST DATA : uri=/user/byid/10001]
2020-12-07 23:19:25,617 DEBUG org.apache.commons.logging.impl.Jdk14Logger [http-nio-8080-exec-2] Before request [uri=/user/byid/10001]
2020-12-07 23:19:25,618 DEBUG org.apache.commons.logging.impl.Jdk14Logger [http-nio-8080-exec-2] Before request [uri=/user/byid/10001;client=127.0.0.1;user=sridhar]
2020-12-07 23:19:25,657 DEBUG org.apache.commons.logging.impl.Jdk14Logger [http-nio-8080-exec-1] Before request [uri=/user/byid/10001]
2020-12-07 23:19:25,658 DEBUG org.apache.commons.logging.impl.Jdk14Logger [http-nio-8080-exec-1] Before request [uri=/user/byid/10001;client=127.0.0.1;user=sridhar]
2020-12-07 23:19:25,670 DEBUG org.apache.commons.logging.impl.Jdk14Logger [http-nio-8080-exec-1] After request [uri=/user/byid/10001;client=127.0.0.1;user=sridhar]
2020-12-07 23:19:25,672 DEBUG org.apache.commons.logging.impl.Jdk14Logger [http-nio-8080-exec-1] REQUEST DATA : uri=/user/byid/10001]
2020-12-07 23:19:25,760 DEBUG org.apache.commons.logging.impl.Jdk14Logger [http-nio-8080-exec-10] After request [uri=/api/crm/activity/getleadactivitypage?size=12&page=0;client=127.0.0.1;user=sridhar;payload={"filterData":[{"attrName":"globalSearch","attrValue":[]}]}]
2020-12-07 23:19:25,761 DEBUG org.apache.commons.logging.impl.Jdk14Logger [http-nio-8080-exec-10] REQUEST DATA : uri=/api/crm/activity/getleadactivitypage?size=12&page=0;payload={"filterData":[{"attrName":"globalSearch","attrValue":[]}]}]
2020-12-07 23:19:25,797 DEBUG org.apache.commons.logging.impl.Jdk14Logger [http-nio-8080-exec-5] After request [uri=/api/crm/activity/getleadactivitypage?size=12&page=0;client=127.0.0.1;user=sridhar;payload={"filterData":[{"attrName":"globalSearch","attrValue":[]}]}]
2020-12-07 23:19:25,798 DEBUG org.apache.commons.logging.impl.Jdk14Logger [http-nio-8080-exec-5] REQUEST DATA : uri=/api/crm/activity/getleadactivitypage?size=12&page=0;payload={"filterData":[{"attrName":"globalSearch","attrValue":[]}]}]
2020-12-07 23:19:25,827 DEBUG org.apache.commons.logging.impl.Jdk14Logger [http-nio-8080-exec-2] After request [uri=/user/byid/10001;client=127.0.0.1;user=sridhar]
2020-12-07 23:19:25,827 DEBUG org.apache.commons.logging.impl.Jdk14Logger [http-nio-8080-exec-2] REQUEST DATA : uri=/user/byid/10001]
2020-12-07 23:19:25,880 DEBUG org.apache.commons.logging.impl.Jdk14Logger [http-nio-8080-exec-10] Before request [uri=/user/byid/10001]
2020-12-07 23:19:25,884 DEBUG org.apache.commons.logging.impl.Jdk14Logger [http-nio-8080-exec-10] Before request [uri=/user/byid/10001;client=127.0.0.1;user=sridhar]
2020-12-07 23:19:25,926 DEBUG org.apache.commons.logging.impl.Jdk14Logger [http-nio-8080-exec-10] After request [uri=/user/byid/10001;client=127.0.0.1;user=sridhar]
2020-12-07 23:19:25,928 DEBUG org.apache.commons.logging.impl.Jdk14Logger [http-nio-8080-exec-10] REQUEST DATA : uri=/user/byid/10001]
2020-12-07 23:19:25,936 DEBUG org.apache.commons.logging.impl.Jdk14Logger [http-nio-8080-exec-1] Before request [uri=/user/byid/10001]
2020-12-07 23:19:25,940 DEBUG org.apache.commons.logging.impl.Jdk14Logger [http-nio-8080-exec-1] Before request [uri=/user/byid/10001;client=127.0.0.1;user=sridhar]
2020-12-07 23:19:25,954 DEBUG org.apache.commons.logging.impl.Jdk14Logger [http-nio-8080-exec-3] Before request [uri=/user/byid/10001]
2020-12-07 23:19:25,957 DEBUG org.apache.commons.logging.impl.Jdk14Logger [http-nio-8080-exec-3] Before request [uri=/user/byid/10001;client=127.0.0.1;user=sridhar]
2020-12-07 23:19:25,961 DEBUG org.apache.commons.logging.impl.Jdk14Logger [http-nio-8080-exec-1] After request [uri=/user/byid/10001;client=127.0.0.1;user=sridhar]
2020-12-07 23:19:25,964 DEBUG org.apache.commons.logging.impl.Jdk14Logger [http-nio-8080-exec-1] REQUEST DATA : uri=/user/byid/10001]
2020-12-07 23:19:25,967 DEBUG org.apache.commons.logging.impl.Jdk14Logger [http-nio-8080-exec-3] After request [uri=/user/byid/10001;client=127.0.0.1;user=sridhar]
2020-12-07 23:19:25,968 DEBUG org.apache.commons.logging.impl.Jdk14Logger [http-nio-8080-exec-3] REQUEST DATA : uri=/user/byid/10001]
2020-12-07 23:19:25,985 DEBUG org.apache.commons.logging.impl.Jdk14Logger [http-nio-8080-exec-8] Before request [uri=/user/byid/10001]
2020-12-07 23:19:25,987 DEBUG org.apache.commons.logging.impl.Jdk14Logger [http-nio-8080-exec-8] Before request [uri=/user/byid/10001;client=127.0.0.1;user=sridhar]
2020-12-07 23:19:25,998 DEBUG org.apache.commons.logging.impl.Jdk14Logger [http-nio-8080-exec-5] Before request [uri=/user/byid/10001]
2020-12-07 23:19:25,999 DEBUG org.apache.commons.logging.impl.Jdk14Logger [http-nio-8080-exec-5] Before request [uri=/user/byid/10001;client=127.0.0.1;user=sridhar]
2020-12-07 23:19:26,001 DEBUG org.apache.commons.logging.impl.Jdk14Logger [http-nio-8080-exec-8] After request [uri=/user/byid/10001;client=127.0.0.1;user=sridhar]
2020-12-07 23:19:26,002 DEBUG org.apache.commons.logging.impl.Jdk14Logger [http-nio-8080-exec-8] REQUEST DATA : uri=/user/byid/10001]
2020-12-07 23:19:26,053 DEBUG org.apache.commons.logging.impl.Jdk14Logger [http-nio-8080-exec-2] Before request [uri=/user/byid/10001]
2020-12-07 23:19:26,056 DEBUG org.apache.commons.logging.impl.Jdk14Logger [http-nio-8080-exec-2] Before request [uri=/user/byid/10001;client=127.0.0.1;user=sridhar]
2020-12-07 23:19:26,109 DEBUG org.apache.commons.logging.impl.Jdk14Logger [http-nio-8080-exec-5] After request [uri=/user/byid/10001;client=127.0.0.1;user=sridhar]
2020-12-07 23:19:26,110 DEBUG org.apache.commons.logging.impl.Jdk14Logger [http-nio-8080-exec-5] REQUEST DATA : uri=/user/byid/10001]
2020-12-07 23:19:26,136 DEBUG org.apache.commons.logging.impl.Jdk14Logger [http-nio-8080-exec-7] Before request [uri=/user/byid/10001]
2020-12-07 23:19:26,138 DEBUG org.apache.commons.logging.impl.Jdk14Logger [http-nio-8080-exec-7] Before request [uri=/user/byid/10001;client=127.0.0.1;user=sridhar]
2020-12-07 23:19:26,164 DEBUG org.apache.commons.logging.impl.Jdk14Logger [http-nio-8080-exec-7] After request [uri=/user/byid/10001;client=127.0.0.1;user=sridhar]
2020-12-07 23:19:26,165 DEBUG org.apache.commons.logging.impl.Jdk14Logger [http-nio-8080-exec-7] REQUEST DATA : uri=/user/byid/10001]
2020-12-07 23:19:26,184 DEBUG org.apache.commons.logging.impl.Jdk14Logger [http-nio-8080-exec-4] After request [uri=/api/crm/dashboard/customerpipeline;client=127.0.0.1;user=sridhar;payload={"fromDate":"2020-12-01","toDate":"2020-12-31"}]
2020-12-07 23:19:26,185 DEBUG org.apache.commons.logging.impl.Jdk14Logger [http-nio-8080-exec-4] REQUEST DATA : uri=/api/crm/dashboard/customerpipeline;payload={"fromDate":"2020-12-01","toDate":"2020-12-31"}]
2020-12-07 23:19:26,230 DEBUG org.apache.commons.logging.impl.Jdk14Logger [http-nio-8080-exec-2] After request [uri=/user/byid/10001;client=127.0.0.1;user=sridhar]
2020-12-07 23:19:26,231 DEBUG org.apache.commons.logging.impl.Jdk14Logger [http-nio-8080-exec-2] REQUEST DATA : uri=/user/byid/10001]
2020-12-07 23:19:26,256 DEBUG org.apache.commons.logging.impl.Jdk14Logger [http-nio-8080-exec-9] Before request [uri=/user/byid/10001]
2020-12-07 23:19:26,257 DEBUG org.apache.commons.logging.impl.Jdk14Logger [http-nio-8080-exec-9] Before request [uri=/user/byid/10001;client=127.0.0.1;user=sridhar]
2020-12-07 23:19:26,299 DEBUG org.apache.commons.logging.impl.Jdk14Logger [http-nio-8080-exec-9] After request [uri=/user/byid/10001;client=127.0.0.1;user=sridhar]
2020-12-07 23:19:26,300 DEBUG org.apache.commons.logging.impl.Jdk14Logger [http-nio-8080-exec-9] REQUEST DATA : uri=/user/byid/10001]
2020-12-07 23:19:26,308 DEBUG org.apache.commons.logging.impl.Jdk14Logger [http-nio-8080-exec-6] After request [uri=/api/crm/dashboard/customerpipeline;client=127.0.0.1;user=sridhar;payload={"fromDate":"2020-12-01","toDate":"2020-12-31"}]
2020-12-07 23:19:26,310 DEBUG org.apache.commons.logging.impl.Jdk14Logger [http-nio-8080-exec-6] REQUEST DATA : uri=/api/crm/dashboard/customerpipeline;payload={"fromDate":"2020-12-01","toDate":"2020-12-31"}]
2020-12-07 23:20:31,232 DEBUG org.apache.commons.logging.impl.Jdk14Logger [http-nio-8080-exec-4] Before request [uri=/api/crm/lead/create]
2020-12-07 23:20:31,234 DEBUG org.apache.commons.logging.impl.Jdk14Logger [http-nio-8080-exec-4] Before request [uri=/api/crm/lead/create;client=127.0.0.1;user=sridhar]
2020-12-07 23:20:31,604 DEBUG org.apache.commons.logging.impl.Jdk14Logger [http-nio-8080-exec-2] Before request [uri=/user/me]
2020-12-07 23:20:31,606 DEBUG org.apache.commons.logging.impl.Jdk14Logger [http-nio-8080-exec-2] Before request [uri=/user/me;client=127.0.0.1;user=sridhar]
2020-12-07 23:20:31,630 DEBUG org.apache.commons.logging.impl.Jdk14Logger [http-nio-8080-exec-2] After request [uri=/user/me;client=127.0.0.1;user=sridhar]
2020-12-07 23:20:31,630 DEBUG org.apache.commons.logging.impl.Jdk14Logger [http-nio-8080-exec-2] REQUEST DATA : uri=/user/me]
2020-12-07 23:20:31,690 DEBUG org.apache.commons.logging.impl.Jdk14Logger [http-nio-8080-exec-9] Before request [uri=/user/byid/10001]
2020-12-07 23:20:31,692 DEBUG org.apache.commons.logging.impl.Jdk14Logger [http-nio-8080-exec-9] Before request [uri=/user/byid/10001;client=127.0.0.1;user=sridhar]
2020-12-07 23:20:31,702 DEBUG org.apache.commons.logging.impl.Jdk14Logger [http-nio-8080-exec-9] After request [uri=/user/byid/10001;client=127.0.0.1;user=sridhar]
2020-12-07 23:20:31,703 DEBUG org.apache.commons.logging.impl.Jdk14Logger [http-nio-8080-exec-9] REQUEST DATA : uri=/user/byid/10001]
2020-12-07 23:20:32,229 DEBUG org.apache.commons.logging.impl.Jdk14Logger [http-nio-8080-exec-6] Before request [uri=/user/me]
2020-12-07 23:20:32,230 DEBUG org.apache.commons.logging.impl.Jdk14Logger [http-nio-8080-exec-6] Before request [uri=/user/me;client=127.0.0.1;user=sridhar]
2020-12-07 23:20:32,237 DEBUG org.apache.commons.logging.impl.Jdk14Logger [http-nio-8080-exec-6] After request [uri=/user/me;client=127.0.0.1;user=sridhar]
2020-12-07 23:20:32,239 DEBUG org.apache.commons.logging.impl.Jdk14Logger [http-nio-8080-exec-6] REQUEST DATA : uri=/user/me]
2020-12-07 23:20:32,459 DEBUG org.apache.commons.logging.impl.Jdk14Logger [http-nio-8080-exec-4] After request [uri=/api/crm/lead/create;client=127.0.0.1;user=sridhar;payload={"customerName":"Archana","primaryMobile":"7406108805","assigneeId":10001}]
2020-12-07 23:20:32,460 DEBUG org.apache.commons.logging.impl.Jdk14Logger [http-nio-8080-exec-4] REQUEST DATA : uri=/api/crm/lead/create;payload={"customerName":"Archana","primaryMobile":"7406108805","assigneeId":10001}]
2020-12-07 23:20:33,171 DEBUG org.apache.commons.logging.impl.Jdk14Logger [http-nio-8080-exec-1] Before request [uri=/api/crm/activity/getleadactivitypage?size=12&page=0]
2020-12-07 23:20:33,172 DEBUG org.apache.commons.logging.impl.Jdk14Logger [http-nio-8080-exec-1] Before request [uri=/api/crm/activity/getleadactivitypage?size=12&page=0;client=127.0.0.1;user=sridhar]
2020-12-07 23:20:33,291 DEBUG org.apache.commons.logging.impl.Jdk14Logger [http-nio-8080-exec-3] Before request [uri=/user/list]
2020-12-07 23:20:33,293 DEBUG org.apache.commons.logging.impl.Jdk14Logger [http-nio-8080-exec-3] Before request [uri=/user/list;client=127.0.0.1;user=sridhar]
2020-12-07 23:20:33,367 DEBUG org.apache.commons.logging.impl.Jdk14Logger [http-nio-8080-exec-3] After request [uri=/user/list;client=127.0.0.1;user=sridhar]
2020-12-07 23:20:33,370 DEBUG org.apache.commons.logging.impl.Jdk14Logger [http-nio-8080-exec-3] REQUEST DATA : uri=/user/list]
2020-12-07 23:20:33,492 DEBUG org.apache.commons.logging.impl.Jdk14Logger [http-nio-8080-exec-1] After request [uri=/api/crm/activity/getleadactivitypage?size=12&page=0;client=127.0.0.1;user=sridhar;payload={"filterData":[{"attrName":"globalSearch","attrValue":[]}]}]
2020-12-07 23:20:33,494 DEBUG org.apache.commons.logging.impl.Jdk14Logger [http-nio-8080-exec-1] REQUEST DATA : uri=/api/crm/activity/getleadactivitypage?size=12&page=0;payload={"filterData":[{"attrName":"globalSearch","attrValue":[]}]}]
2020-12-07 23:20:40,802 DEBUG org.apache.commons.logging.impl.Jdk14Logger [http-nio-8080-exec-10] Before request [uri=/api/crm/lead/validLeadStatus]
2020-12-07 23:20:40,804 DEBUG org.apache.commons.logging.impl.Jdk14Logger [http-nio-8080-exec-10] Before request [uri=/api/crm/lead/validLeadStatus;client=127.0.0.1;user=sridhar]
2020-12-07 23:20:40,818 DEBUG org.apache.commons.logging.impl.Jdk14Logger [http-nio-8080-exec-10] After request [uri=/api/crm/lead/validLeadStatus;client=127.0.0.1;user=sridhar]
2020-12-07 23:20:40,819 DEBUG org.apache.commons.logging.impl.Jdk14Logger [http-nio-8080-exec-10] REQUEST DATA : uri=/api/crm/lead/validLeadStatus]
2020-12-07 23:20:40,946 DEBUG org.apache.commons.logging.impl.Jdk14Logger [http-nio-8080-exec-8] Before request [uri=/api/crm/lead/validLeadStatus]
2020-12-07 23:20:40,948 DEBUG org.apache.commons.logging.impl.Jdk14Logger [http-nio-8080-exec-8] Before request [uri=/api/crm/lead/validLeadStatus;client=127.0.0.1;user=sridhar]
2020-12-07 23:20:41,039 DEBUG org.apache.commons.logging.impl.Jdk14Logger [http-nio-8080-exec-8] After request [uri=/api/crm/lead/validLeadStatus;client=127.0.0.1;user=sridhar]
2020-12-07 23:20:41,045 DEBUG org.apache.commons.logging.impl.Jdk14Logger [http-nio-8080-exec-8] REQUEST DATA : uri=/api/crm/lead/validLeadStatus]
2020-12-07 23:20:41,209 DEBUG org.apache.commons.logging.impl.Jdk14Logger [http-nio-8080-exec-5] Before request [uri=/api/crm/lead/106942]
2020-12-07 23:20:41,209 DEBUG org.apache.commons.logging.impl.Jdk14Logger [http-nio-8080-exec-7] Before request [uri=/api/crm/lead/getallinfo/106942]
2020-12-07 23:20:41,211 DEBUG org.apache.commons.logging.impl.Jdk14Logger [http-nio-8080-exec-7] Before request [uri=/api/crm/lead/getallinfo/106942;client=127.0.0.1;user=sridhar]
2020-12-07 23:20:41,211 DEBUG org.apache.commons.logging.impl.Jdk14Logger [http-nio-8080-exec-5] Before request [uri=/api/crm/lead/106942;client=127.0.0.1;user=sridhar]
2020-12-07 23:20:41,265 DEBUG org.apache.commons.logging.impl.Jdk14Logger [http-nio-8080-exec-5] After request [uri=/api/crm/lead/106942;client=127.0.0.1;user=sridhar]
2020-12-07 23:20:41,266 DEBUG org.apache.commons.logging.impl.Jdk14Logger [http-nio-8080-exec-5] REQUEST DATA : uri=/api/crm/lead/106942]
2020-12-07 23:20:41,311 DEBUG org.apache.commons.logging.impl.Jdk14Logger [http-nio-8080-exec-7] After request [uri=/api/crm/lead/getallinfo/106942;client=127.0.0.1;user=sridhar]
2020-12-07 23:20:41,312 DEBUG org.apache.commons.logging.impl.Jdk14Logger [http-nio-8080-exec-7] REQUEST DATA : uri=/api/crm/lead/getallinfo/106942]
2020-12-07 23:20:41,369 DEBUG org.apache.commons.logging.impl.Jdk14Logger [http-nio-8080-exec-2] Before request [uri=/api/crm/lead/106942]
2020-12-07 23:20:41,370 DEBUG org.apache.commons.logging.impl.Jdk14Logger [http-nio-8080-exec-2] Before request [uri=/api/crm/lead/106942;client=127.0.0.1;user=sridhar]
2020-12-07 23:20:41,398 DEBUG org.apache.commons.logging.impl.Jdk14Logger [http-nio-8080-exec-2] After request [uri=/api/crm/lead/106942;client=127.0.0.1;user=sridhar]
2020-12-07 23:20:41,399 DEBUG org.apache.commons.logging.impl.Jdk14Logger [http-nio-8080-exec-2] REQUEST DATA : uri=/api/crm/lead/106942]
2020-12-07 23:20:41,421 DEBUG org.apache.commons.logging.impl.Jdk14Logger [http-nio-8080-exec-9] Before request [uri=/api/crm/lead/getallinfo/106942]
2020-12-07 23:20:41,421 DEBUG org.apache.commons.logging.impl.Jdk14Logger [http-nio-8080-exec-9] Before request [uri=/api/crm/lead/getallinfo/106942;client=127.0.0.1;user=sridhar]
2020-12-07 23:20:41,450 DEBUG org.apache.commons.logging.impl.Jdk14Logger [http-nio-8080-exec-9] After request [uri=/api/crm/lead/getallinfo/106942;client=127.0.0.1;user=sridhar]
2020-12-07 23:20:41,451 DEBUG org.apache.commons.logging.impl.Jdk14Logger [http-nio-8080-exec-9] REQUEST DATA : uri=/api/crm/lead/getallinfo/106942]
2020-12-07 23:20:43,770 DEBUG org.apache.commons.logging.impl.Jdk14Logger [http-nio-8080-exec-6] Before request [uri=/api/crm/activity/validActivityTypes]
2020-12-07 23:20:43,771 DEBUG org.apache.commons.logging.impl.Jdk14Logger [http-nio-8080-exec-6] Before request [uri=/api/crm/activity/validActivityTypes;client=127.0.0.1;user=sridhar]
2020-12-07 23:20:43,785 DEBUG org.apache.commons.logging.impl.Jdk14Logger [http-nio-8080-exec-6] After request [uri=/api/crm/activity/validActivityTypes;client=127.0.0.1;user=sridhar]
2020-12-07 23:20:43,786 DEBUG org.apache.commons.logging.impl.Jdk14Logger [http-nio-8080-exec-6] REQUEST DATA : uri=/api/crm/activity/validActivityTypes]
2020-12-07 23:21:08,972 DEBUG org.apache.commons.logging.impl.Jdk14Logger [http-nio-8080-exec-4] Before request [uri=/api/crm/activity/create]
2020-12-07 23:21:08,974 DEBUG org.apache.commons.logging.impl.Jdk14Logger [http-nio-8080-exec-4] Before request [uri=/api/crm/activity/create;client=127.0.0.1;user=sridhar]
2020-12-07 23:21:09,138 DEBUG org.apache.commons.logging.impl.Jdk14Logger [http-nio-8080-exec-4] After request [uri=/api/crm/activity/create;client=127.0.0.1;user=sridhar;payload={"title":"nnn","activityDateTime":"2020-12-07 23:23","activityType":"Reminder","description":"nnnnn","leadId":"106942"}]
2020-12-07 23:21:09,140 DEBUG org.apache.commons.logging.impl.Jdk14Logger [http-nio-8080-exec-4] REQUEST DATA : uri=/api/crm/activity/create;payload={"title":"nnn","activityDateTime":"2020-12-07 23:23","activityType":"Reminder","description":"nnnnn","leadId":"106942"}]
2020-12-07 23:21:14,702 DEBUG org.apache.commons.logging.impl.Jdk14Logger [http-nio-8080-exec-3] Before request [uri=/api/crm/activity/106943]
2020-12-07 23:21:14,704 DEBUG org.apache.commons.logging.impl.Jdk14Logger [http-nio-8080-exec-3] Before request [uri=/api/crm/activity/106943;client=127.0.0.1;user=sridhar]
2020-12-07 23:21:14,741 DEBUG org.apache.commons.logging.impl.Jdk14Logger [http-nio-8080-exec-1] Before request [uri=/user/me]
2020-12-07 23:21:14,742 DEBUG org.apache.commons.logging.impl.Jdk14Logger [http-nio-8080-exec-1] Before request [uri=/user/me;client=127.0.0.1;user=sridhar]
2020-12-07 23:21:14,754 DEBUG org.apache.commons.logging.impl.Jdk14Logger [http-nio-8080-exec-1] After request [uri=/user/me;client=127.0.0.1;user=sridhar]
2020-12-07 23:21:14,756 DEBUG org.apache.commons.logging.impl.Jdk14Logger [http-nio-8080-exec-1] REQUEST DATA : uri=/user/me]
2020-12-07 23:21:14,810 DEBUG org.apache.commons.logging.impl.Jdk14Logger [http-nio-8080-exec-3] After request [uri=/api/crm/activity/106943;client=127.0.0.1;user=sridhar;payload={"closingComment":"nnn"}]
2020-12-07 23:21:14,812 DEBUG org.apache.commons.logging.impl.Jdk14Logger [http-nio-8080-exec-3] REQUEST DATA : uri=/api/crm/activity/106943;payload={"closingComment":"nnn"}]
2020-12-07 23:21:18,043 DEBUG org.apache.commons.logging.impl.Jdk14Logger [http-nio-8080-exec-10] Before request [uri=/api/crm/lead/validLeadStatus]
2020-12-07 23:21:18,044 DEBUG org.apache.commons.logging.impl.Jdk14Logger [http-nio-8080-exec-10] Before request [uri=/api/crm/lead/validLeadStatus;client=127.0.0.1;user=sridhar]
2020-12-07 23:21:18,060 DEBUG org.apache.commons.logging.impl.Jdk14Logger [http-nio-8080-exec-10] After request [uri=/api/crm/lead/validLeadStatus;client=127.0.0.1;user=sridhar]
2020-12-07 23:21:18,062 DEBUG org.apache.commons.logging.impl.Jdk14Logger [http-nio-8080-exec-10] REQUEST DATA : uri=/api/crm/lead/validLeadStatus]
2020-12-07 23:21:18,406 DEBUG org.apache.commons.logging.impl.Jdk14Logger [http-nio-8080-exec-8] Before request [uri=/api/crm/lead/106942]
2020-12-07 23:21:18,406 DEBUG org.apache.commons.logging.impl.Jdk14Logger [http-nio-8080-exec-5] Before request [uri=/api/crm/lead/getallinfo/106942]
2020-12-07 23:21:18,407 DEBUG org.apache.commons.logging.impl.Jdk14Logger [http-nio-8080-exec-8] Before request [uri=/api/crm/lead/106942;client=127.0.0.1;user=sridhar]
2020-12-07 23:21:18,408 DEBUG org.apache.commons.logging.impl.Jdk14Logger [http-nio-8080-exec-5] Before request [uri=/api/crm/lead/getallinfo/106942;client=127.0.0.1;user=sridhar]
2020-12-07 23:21:18,444 DEBUG org.apache.commons.logging.impl.Jdk14Logger [http-nio-8080-exec-8] After request [uri=/api/crm/lead/106942;client=127.0.0.1;user=sridhar]
2020-12-07 23:21:18,446 DEBUG org.apache.commons.logging.impl.Jdk14Logger [http-nio-8080-exec-8] REQUEST DATA : uri=/api/crm/lead/106942]
2020-12-07 23:21:18,485 DEBUG org.apache.commons.logging.impl.Jdk14Logger [http-nio-8080-exec-5] After request [uri=/api/crm/lead/getallinfo/106942;client=127.0.0.1;user=sridhar]
2020-12-07 23:21:18,487 DEBUG org.apache.commons.logging.impl.Jdk14Logger [http-nio-8080-exec-5] REQUEST DATA : uri=/api/crm/lead/getallinfo/106942]
2020-12-07 23:21:20,054 WARN org.apache.commons.logging.impl.Jdk14Logger [http-nio-8080-exec-7] JWT Token does not begin with 	Bearer String
2020-12-07 23:21:22,415 DEBUG org.apache.commons.logging.impl.Jdk14Logger [http-nio-8080-exec-2] Before request [uri=/api/crm/activity/validActivityTypes]
2020-12-07 23:21:22,416 DEBUG org.apache.commons.logging.impl.Jdk14Logger [http-nio-8080-exec-2] Before request [uri=/api/crm/activity/validActivityTypes;client=127.0.0.1;user=sridhar]
2020-12-07 23:21:22,439 DEBUG org.apache.commons.logging.impl.Jdk14Logger [http-nio-8080-exec-2] After request [uri=/api/crm/activity/validActivityTypes;client=127.0.0.1;user=sridhar]
2020-12-07 23:21:22,441 DEBUG org.apache.commons.logging.impl.Jdk14Logger [http-nio-8080-exec-2] REQUEST DATA : uri=/api/crm/activity/validActivityTypes]
2020-12-07 23:21:39,234 DEBUG org.apache.commons.logging.impl.Jdk14Logger [http-nio-8080-exec-9] Before request [uri=/api/crm/activity/create]
2020-12-07 23:21:39,235 DEBUG org.apache.commons.logging.impl.Jdk14Logger [http-nio-8080-exec-9] Before request [uri=/api/crm/activity/create;client=127.0.0.1;user=sridhar]
2020-12-07 23:21:39,314 DEBUG org.apache.commons.logging.impl.Jdk14Logger [http-nio-8080-exec-6] Before request [uri=/user/me]
2020-12-07 23:21:39,371 DEBUG org.apache.commons.logging.impl.Jdk14Logger [http-nio-8080-exec-6] Before request [uri=/user/me;client=127.0.0.1;user=sridhar]
2020-12-07 23:21:39,390 DEBUG org.apache.commons.logging.impl.Jdk14Logger [http-nio-8080-exec-6] After request [uri=/user/me;client=127.0.0.1;user=sridhar]
2020-12-07 23:21:39,391 DEBUG org.apache.commons.logging.impl.Jdk14Logger [http-nio-8080-exec-6] REQUEST DATA : uri=/user/me]
2020-12-07 23:21:39,472 DEBUG org.apache.commons.logging.impl.Jdk14Logger [http-nio-8080-exec-4] Before request [uri=/user/me]
2020-12-07 23:21:39,473 DEBUG org.apache.commons.logging.impl.Jdk14Logger [http-nio-8080-exec-4] Before request [uri=/user/me;client=127.0.0.1;user=sridhar]
2020-12-07 23:21:39,508 DEBUG org.apache.commons.logging.impl.Jdk14Logger [http-nio-8080-exec-4] After request [uri=/user/me;client=127.0.0.1;user=sridhar]
2020-12-07 23:21:39,510 DEBUG org.apache.commons.logging.impl.Jdk14Logger [http-nio-8080-exec-4] REQUEST DATA : uri=/user/me]
2020-12-07 23:21:39,595 DEBUG org.apache.commons.logging.impl.Jdk14Logger [http-nio-8080-exec-9] After request [uri=/api/crm/activity/create;client=127.0.0.1;user=sridhar;payload={"title":"mnnn","activityDateTime":"2020-12-07 23:23","activityType":"Reminder","description":"nnnn","leadId":"106942"}]
2020-12-07 23:21:39,597 DEBUG org.apache.commons.logging.impl.Jdk14Logger [http-nio-8080-exec-9] REQUEST DATA : uri=/api/crm/activity/create;payload={"title":"mnnn","activityDateTime":"2020-12-07 23:23","activityType":"Reminder","description":"nnnn","leadId":"106942"}]
2020-12-07 23:21:43,043 DEBUG org.apache.commons.logging.impl.Jdk14Logger [http-nio-8080-exec-1] Before request [uri=/api/crm/lead/validLeadStatus]
2020-12-07 23:21:43,044 DEBUG org.apache.commons.logging.impl.Jdk14Logger [http-nio-8080-exec-1] Before request [uri=/api/crm/lead/validLeadStatus;client=127.0.0.1;user=sridhar]
2020-12-07 23:21:43,061 DEBUG org.apache.commons.logging.impl.Jdk14Logger [http-nio-8080-exec-1] After request [uri=/api/crm/lead/validLeadStatus;client=127.0.0.1;user=sridhar]
2020-12-07 23:21:43,061 DEBUG org.apache.commons.logging.impl.Jdk14Logger [http-nio-8080-exec-1] REQUEST DATA : uri=/api/crm/lead/validLeadStatus]
2020-12-07 23:21:43,707 DEBUG org.apache.commons.logging.impl.Jdk14Logger [http-nio-8080-exec-10] Before request [uri=/api/crm/lead/getallinfo/106942]
2020-12-07 23:21:43,708 DEBUG org.apache.commons.logging.impl.Jdk14Logger [http-nio-8080-exec-3] Before request [uri=/api/crm/lead/106942]
2020-12-07 23:21:43,708 DEBUG org.apache.commons.logging.impl.Jdk14Logger [http-nio-8080-exec-10] Before request [uri=/api/crm/lead/getallinfo/106942;client=127.0.0.1;user=sridhar]
2020-12-07 23:21:43,709 DEBUG org.apache.commons.logging.impl.Jdk14Logger [http-nio-8080-exec-3] Before request [uri=/api/crm/lead/106942;client=127.0.0.1;user=sridhar]
2020-12-07 23:21:43,789 DEBUG org.apache.commons.logging.impl.Jdk14Logger [http-nio-8080-exec-3] After request [uri=/api/crm/lead/106942;client=127.0.0.1;user=sridhar]
2020-12-07 23:21:43,790 DEBUG org.apache.commons.logging.impl.Jdk14Logger [http-nio-8080-exec-3] REQUEST DATA : uri=/api/crm/lead/106942]
2020-12-07 23:21:43,843 DEBUG org.apache.commons.logging.impl.Jdk14Logger [http-nio-8080-exec-10] After request [uri=/api/crm/lead/getallinfo/106942;client=127.0.0.1;user=sridhar]
2020-12-07 23:21:43,855 DEBUG org.apache.commons.logging.impl.Jdk14Logger [http-nio-8080-exec-10] REQUEST DATA : uri=/api/crm/lead/getallinfo/106942]
2020-12-07 23:21:45,652 WARN org.apache.commons.logging.impl.Jdk14Logger [http-nio-8080-exec-8] JWT Token does not begin with 	Bearer String
2020-12-07 23:22:40,616 DEBUG org.apache.commons.logging.impl.Jdk14Logger [http-nio-8080-exec-7] Before request [uri=/api/crm/activity/validActivityTypes]
2020-12-07 23:22:40,620 DEBUG org.apache.commons.logging.impl.Jdk14Logger [http-nio-8080-exec-7] Before request [uri=/api/crm/activity/validActivityTypes;client=127.0.0.1;user=sridhar]
2020-12-07 23:22:40,631 DEBUG org.apache.commons.logging.impl.Jdk14Logger [http-nio-8080-exec-7] After request [uri=/api/crm/activity/validActivityTypes;client=127.0.0.1;user=sridhar]
2020-12-07 23:22:40,647 DEBUG org.apache.commons.logging.impl.Jdk14Logger [http-nio-8080-exec-7] REQUEST DATA : uri=/api/crm/activity/validActivityTypes]
2020-12-07 23:22:55,361 DEBUG org.apache.commons.logging.impl.Jdk14Logger [http-nio-8080-exec-2] Before request [uri=/api/crm/activity/create]
2020-12-07 23:22:55,363 DEBUG org.apache.commons.logging.impl.Jdk14Logger [http-nio-8080-exec-2] Before request [uri=/api/crm/activity/create;client=127.0.0.1;user=sridhar]
2020-12-07 23:22:55,486 DEBUG org.apache.commons.logging.impl.Jdk14Logger [http-nio-8080-exec-6] Before request [uri=/user/me]
2020-12-07 23:22:55,488 DEBUG org.apache.commons.logging.impl.Jdk14Logger [http-nio-8080-exec-6] Before request [uri=/user/me;client=127.0.0.1;user=sridhar]
2020-12-07 23:22:55,497 DEBUG org.apache.commons.logging.impl.Jdk14Logger [http-nio-8080-exec-6] After request [uri=/user/me;client=127.0.0.1;user=sridhar]
2020-12-07 23:22:55,498 DEBUG org.apache.commons.logging.impl.Jdk14Logger [http-nio-8080-exec-6] REQUEST DATA : uri=/user/me]
2020-12-07 23:22:55,610 DEBUG org.apache.commons.logging.impl.Jdk14Logger [http-nio-8080-exec-4] Before request [uri=/user/me]
2020-12-07 23:22:55,612 DEBUG org.apache.commons.logging.impl.Jdk14Logger [http-nio-8080-exec-4] Before request [uri=/user/me;client=127.0.0.1;user=sridhar]
2020-12-07 23:22:55,619 DEBUG org.apache.commons.logging.impl.Jdk14Logger [http-nio-8080-exec-4] After request [uri=/user/me;client=127.0.0.1;user=sridhar]
2020-12-07 23:22:55,623 DEBUG org.apache.commons.logging.impl.Jdk14Logger [http-nio-8080-exec-4] REQUEST DATA : uri=/user/me]
2020-12-07 23:22:55,701 DEBUG org.apache.commons.logging.impl.Jdk14Logger [http-nio-8080-exec-2] After request [uri=/api/crm/activity/create;client=127.0.0.1;user=sridhar;payload={"title":"  mmm","activityDateTime":"2020-12-07 23:25","activityType":"Task","description":"nnnn","leadId":"106942"}]
2020-12-07 23:22:55,705 DEBUG org.apache.commons.logging.impl.Jdk14Logger [http-nio-8080-exec-2] REQUEST DATA : uri=/api/crm/activity/create;payload={"title":"  mmm","activityDateTime":"2020-12-07 23:25","activityType":"Task","description":"nnnn","leadId":"106942"}]
2020-12-07 23:23:00,111 DEBUG org.apache.commons.logging.impl.Jdk14Logger [http-nio-8080-exec-9] Before request [uri=/api/crm/lead/validLeadStatus]
2020-12-07 23:23:00,112 DEBUG org.apache.commons.logging.impl.Jdk14Logger [http-nio-8080-exec-9] Before request [uri=/api/crm/lead/validLeadStatus;client=127.0.0.1;user=sridhar]
2020-12-07 23:23:00,126 DEBUG org.apache.commons.logging.impl.Jdk14Logger [http-nio-8080-exec-9] After request [uri=/api/crm/lead/validLeadStatus;client=127.0.0.1;user=sridhar]
2020-12-07 23:23:00,127 DEBUG org.apache.commons.logging.impl.Jdk14Logger [http-nio-8080-exec-9] REQUEST DATA : uri=/api/crm/lead/validLeadStatus]
2020-12-07 23:23:00,563 DEBUG org.apache.commons.logging.impl.Jdk14Logger [http-nio-8080-exec-1] Before request [uri=/api/crm/lead/106942]
2020-12-07 23:23:00,564 DEBUG org.apache.commons.logging.impl.Jdk14Logger [http-nio-8080-exec-1] Before request [uri=/api/crm/lead/106942;client=127.0.0.1;user=sridhar]
2020-12-07 23:23:00,598 DEBUG org.apache.commons.logging.impl.Jdk14Logger [http-nio-8080-exec-1] After request [uri=/api/crm/lead/106942;client=127.0.0.1;user=sridhar]
2020-12-07 23:23:00,599 DEBUG org.apache.commons.logging.impl.Jdk14Logger [http-nio-8080-exec-1] REQUEST DATA : uri=/api/crm/lead/106942]
2020-12-07 23:23:00,646 DEBUG org.apache.commons.logging.impl.Jdk14Logger [http-nio-8080-exec-3] Before request [uri=/api/crm/lead/getallinfo/106942]
2020-12-07 23:23:00,647 DEBUG org.apache.commons.logging.impl.Jdk14Logger [http-nio-8080-exec-3] Before request [uri=/api/crm/lead/getallinfo/106942;client=127.0.0.1;user=sridhar]
2020-12-07 23:23:00,736 DEBUG org.apache.commons.logging.impl.Jdk14Logger [http-nio-8080-exec-3] After request [uri=/api/crm/lead/getallinfo/106942;client=127.0.0.1;user=sridhar]
2020-12-07 23:23:00,738 DEBUG org.apache.commons.logging.impl.Jdk14Logger [http-nio-8080-exec-3] REQUEST DATA : uri=/api/crm/lead/getallinfo/106942]
2020-12-07 23:23:01,952 WARN org.apache.commons.logging.impl.Jdk14Logger [http-nio-8080-exec-10] JWT Token does not begin with 	Bearer String
2020-12-07 23:23:15,528 WARN org.apache.commons.logging.impl.Jdk14Logger [http-nio-8080-exec-8] JWT Token does not begin with 	Bearer String
2020-12-07 23:23:15,530 DEBUG org.apache.commons.logging.impl.Jdk14Logger [http-nio-8080-exec-8] Before request [uri=/notification/send]
2020-12-07 23:23:15,531 DEBUG org.apache.commons.logging.impl.Jdk14Logger [http-nio-8080-exec-8] Before request [uri=/notification/send;client=127.0.0.1]
2020-12-07 23:23:15,539 INFO com.ec.common.Service.AndroidTokenDetailsService [http-nio-8080-exec-8] Fetching token for user - 10001
2020-12-07 23:23:17,156 DEBUG org.apache.commons.logging.impl.Jdk14Logger [http-nio-8080-exec-8] After request [uri=/notification/send;client=127.0.0.1;payload={"targetUserId":10001,"title":"Upcoming Activity for - Archana","body":"Activity Type - Task. Time -23:25"}]
2020-12-07 23:23:17,182 DEBUG org.apache.commons.logging.impl.Jdk14Logger [http-nio-8080-exec-8] REQUEST DATA : uri=/notification/send;payload={"targetUserId":10001,"title":"Upcoming Activity for - Archana","body":"Activity Type - Task. Time -23:25"}]
2020-12-07 23:23:47,476 DEBUG org.apache.commons.logging.impl.Jdk14Logger [http-nio-8080-exec-5] Before request [uri=/api/crm/activity/106945]
2020-12-07 23:23:47,476 DEBUG org.apache.commons.logging.impl.Jdk14Logger [http-nio-8080-exec-5] Before request [uri=/api/crm/activity/106945;client=127.0.0.1;user=sridhar]
2020-12-07 23:23:47,502 DEBUG org.apache.commons.logging.impl.Jdk14Logger [http-nio-8080-exec-7] Before request [uri=/user/me]
2020-12-07 23:23:47,504 DEBUG org.apache.commons.logging.impl.Jdk14Logger [http-nio-8080-exec-7] Before request [uri=/user/me;client=127.0.0.1;user=sridhar]
2020-12-07 23:23:47,512 DEBUG org.apache.commons.logging.impl.Jdk14Logger [http-nio-8080-exec-7] After request [uri=/user/me;client=127.0.0.1;user=sridhar]
2020-12-07 23:23:47,513 DEBUG org.apache.commons.logging.impl.Jdk14Logger [http-nio-8080-exec-7] REQUEST DATA : uri=/user/me]
2020-12-07 23:23:47,567 DEBUG org.apache.commons.logging.impl.Jdk14Logger [http-nio-8080-exec-5] After request [uri=/api/crm/activity/106945;client=127.0.0.1;user=sridhar;payload={"closingComment":"nnn"}]
2020-12-07 23:23:47,570 DEBUG org.apache.commons.logging.impl.Jdk14Logger [http-nio-8080-exec-5] REQUEST DATA : uri=/api/crm/activity/106945;payload={"closingComment":"nnn"}]
2020-12-07 23:23:50,441 DEBUG org.apache.commons.logging.impl.Jdk14Logger [http-nio-8080-exec-6] Before request [uri=/api/crm/lead/validLeadStatus]
2020-12-07 23:23:50,442 DEBUG org.apache.commons.logging.impl.Jdk14Logger [http-nio-8080-exec-6] Before request [uri=/api/crm/lead/validLeadStatus;client=127.0.0.1;user=sridhar]
2020-12-07 23:23:50,452 DEBUG org.apache.commons.logging.impl.Jdk14Logger [http-nio-8080-exec-6] After request [uri=/api/crm/lead/validLeadStatus;client=127.0.0.1;user=sridhar]
2020-12-07 23:23:50,454 DEBUG org.apache.commons.logging.impl.Jdk14Logger [http-nio-8080-exec-6] REQUEST DATA : uri=/api/crm/lead/validLeadStatus]
2020-12-07 23:23:50,853 DEBUG org.apache.commons.logging.impl.Jdk14Logger [http-nio-8080-exec-4] Before request [uri=/api/crm/lead/106942]
2020-12-07 23:23:50,855 DEBUG org.apache.commons.logging.impl.Jdk14Logger [http-nio-8080-exec-4] Before request [uri=/api/crm/lead/106942;client=127.0.0.1;user=sridhar]
2020-12-07 23:23:50,872 DEBUG org.apache.commons.logging.impl.Jdk14Logger [http-nio-8080-exec-2] Before request [uri=/api/crm/lead/getallinfo/106942]
2020-12-07 23:23:50,874 DEBUG org.apache.commons.logging.impl.Jdk14Logger [http-nio-8080-exec-2] Before request [uri=/api/crm/lead/getallinfo/106942;client=127.0.0.1;user=sridhar]
2020-12-07 23:23:50,881 DEBUG org.apache.commons.logging.impl.Jdk14Logger [http-nio-8080-exec-4] After request [uri=/api/crm/lead/106942;client=127.0.0.1;user=sridhar]
2020-12-07 23:23:50,883 DEBUG org.apache.commons.logging.impl.Jdk14Logger [http-nio-8080-exec-4] REQUEST DATA : uri=/api/crm/lead/106942]
2020-12-07 23:23:50,943 DEBUG org.apache.commons.logging.impl.Jdk14Logger [http-nio-8080-exec-2] After request [uri=/api/crm/lead/getallinfo/106942;client=127.0.0.1;user=sridhar]
2020-12-07 23:23:50,944 DEBUG org.apache.commons.logging.impl.Jdk14Logger [http-nio-8080-exec-2] REQUEST DATA : uri=/api/crm/lead/getallinfo/106942]
2020-12-07 23:23:51,924 WARN org.apache.commons.logging.impl.Jdk14Logger [http-nio-8080-exec-9] JWT Token does not begin with 	Bearer String
2020-12-07 23:23:55,141 DEBUG org.apache.commons.logging.impl.Jdk14Logger [http-nio-8080-exec-1] Before request [uri=/api/crm/activity/validActivityTypes]
2020-12-07 23:23:55,145 DEBUG org.apache.commons.logging.impl.Jdk14Logger [http-nio-8080-exec-1] Before request [uri=/api/crm/activity/validActivityTypes;client=127.0.0.1;user=sridhar]
2020-12-07 23:23:55,161 DEBUG org.apache.commons.logging.impl.Jdk14Logger [http-nio-8080-exec-1] After request [uri=/api/crm/activity/validActivityTypes;client=127.0.0.1;user=sridhar]
2020-12-07 23:23:55,162 DEBUG org.apache.commons.logging.impl.Jdk14Logger [http-nio-8080-exec-1] REQUEST DATA : uri=/api/crm/activity/validActivityTypes]
2020-12-07 23:24:19,554 DEBUG org.apache.commons.logging.impl.Jdk14Logger [http-nio-8080-exec-3] Before request [uri=/api/crm/activity/create]
2020-12-07 23:24:19,556 DEBUG org.apache.commons.logging.impl.Jdk14Logger [http-nio-8080-exec-3] Before request [uri=/api/crm/activity/create;client=127.0.0.1;user=sridhar]
2020-12-07 23:24:19,641 DEBUG org.apache.commons.logging.impl.Jdk14Logger [http-nio-8080-exec-10] Before request [uri=/user/me]
2020-12-07 23:24:19,642 DEBUG org.apache.commons.logging.impl.Jdk14Logger [http-nio-8080-exec-10] Before request [uri=/user/me;client=127.0.0.1;user=sridhar]
2020-12-07 23:24:19,651 DEBUG org.apache.commons.logging.impl.Jdk14Logger [http-nio-8080-exec-10] After request [uri=/user/me;client=127.0.0.1;user=sridhar]
2020-12-07 23:24:19,652 DEBUG org.apache.commons.logging.impl.Jdk14Logger [http-nio-8080-exec-10] REQUEST DATA : uri=/user/me]
2020-12-07 23:24:19,694 DEBUG org.apache.commons.logging.impl.Jdk14Logger [http-nio-8080-exec-8] Before request [uri=/user/me]
2020-12-07 23:24:19,695 DEBUG org.apache.commons.logging.impl.Jdk14Logger [http-nio-8080-exec-8] Before request [uri=/user/me;client=127.0.0.1;user=sridhar]
2020-12-07 23:24:19,716 DEBUG org.apache.commons.logging.impl.Jdk14Logger [http-nio-8080-exec-8] After request [uri=/user/me;client=127.0.0.1;user=sridhar]
2020-12-07 23:24:19,717 DEBUG org.apache.commons.logging.impl.Jdk14Logger [http-nio-8080-exec-8] REQUEST DATA : uri=/user/me]
2020-12-07 23:24:19,828 DEBUG org.apache.commons.logging.impl.Jdk14Logger [http-nio-8080-exec-3] After request [uri=/api/crm/activity/create;client=127.0.0.1;user=sridhar;payload={"title":"  mmm","activityDateTime":"2020-12-07 23:28","activityType":"Reminder","description":"nnn","leadId":"106942"}]
2020-12-07 23:24:19,846 DEBUG org.apache.commons.logging.impl.Jdk14Logger [http-nio-8080-exec-3] REQUEST DATA : uri=/api/crm/activity/create;payload={"title":"  mmm","activityDateTime":"2020-12-07 23:28","activityType":"Reminder","description":"nnn","leadId":"106942"}]
2020-12-07 23:24:22,964 DEBUG org.apache.commons.logging.impl.Jdk14Logger [http-nio-8080-exec-7] Before request [uri=/api/crm/lead/validLeadStatus]
2020-12-07 23:24:22,966 DEBUG org.apache.commons.logging.impl.Jdk14Logger [http-nio-8080-exec-7] Before request [uri=/api/crm/lead/validLeadStatus;client=127.0.0.1;user=sridhar]
2020-12-07 23:24:22,985 DEBUG org.apache.commons.logging.impl.Jdk14Logger [http-nio-8080-exec-7] After request [uri=/api/crm/lead/validLeadStatus;client=127.0.0.1;user=sridhar]
2020-12-07 23:24:22,986 DEBUG org.apache.commons.logging.impl.Jdk14Logger [http-nio-8080-exec-7] REQUEST DATA : uri=/api/crm/lead/validLeadStatus]
2020-12-07 23:24:23,330 DEBUG org.apache.commons.logging.impl.Jdk14Logger [http-nio-8080-exec-5] Before request [uri=/api/crm/lead/106942]
2020-12-07 23:24:23,331 DEBUG org.apache.commons.logging.impl.Jdk14Logger [http-nio-8080-exec-5] Before request [uri=/api/crm/lead/106942;client=127.0.0.1;user=sridhar]
2020-12-07 23:24:23,362 DEBUG org.apache.commons.logging.impl.Jdk14Logger [http-nio-8080-exec-5] After request [uri=/api/crm/lead/106942;client=127.0.0.1;user=sridhar]
2020-12-07 23:24:23,363 DEBUG org.apache.commons.logging.impl.Jdk14Logger [http-nio-8080-exec-5] REQUEST DATA : uri=/api/crm/lead/106942]
2020-12-07 23:24:23,413 DEBUG org.apache.commons.logging.impl.Jdk14Logger [http-nio-8080-exec-6] Before request [uri=/api/crm/lead/getallinfo/106942]
2020-12-07 23:24:23,414 DEBUG org.apache.commons.logging.impl.Jdk14Logger [http-nio-8080-exec-6] Before request [uri=/api/crm/lead/getallinfo/106942;client=127.0.0.1;user=sridhar]
2020-12-07 23:24:23,581 DEBUG org.apache.commons.logging.impl.Jdk14Logger [http-nio-8080-exec-6] After request [uri=/api/crm/lead/getallinfo/106942;client=127.0.0.1;user=sridhar]
2020-12-07 23:24:23,582 DEBUG org.apache.commons.logging.impl.Jdk14Logger [http-nio-8080-exec-6] REQUEST DATA : uri=/api/crm/lead/getallinfo/106942]
2020-12-07 23:24:24,708 WARN org.apache.commons.logging.impl.Jdk14Logger [http-nio-8080-exec-4] JWT Token does not begin with 	Bearer String
2020-12-07 23:25:17,241 WARN org.apache.commons.logging.impl.Jdk14Logger [http-nio-8080-exec-2] JWT Token does not begin with 	Bearer String
2020-12-07 23:25:17,243 DEBUG org.apache.commons.logging.impl.Jdk14Logger [http-nio-8080-exec-2] Before request [uri=/notification/send]
2020-12-07 23:25:17,244 DEBUG org.apache.commons.logging.impl.Jdk14Logger [http-nio-8080-exec-2] Before request [uri=/notification/send;client=127.0.0.1]
2020-12-07 23:25:17,246 INFO com.ec.common.Service.AndroidTokenDetailsService [http-nio-8080-exec-2] Fetching token for user - 10001
2020-12-07 23:25:17,485 DEBUG org.apache.commons.logging.impl.Jdk14Logger [http-nio-8080-exec-2] After request [uri=/notification/send;client=127.0.0.1;payload={"targetUserId":10001,"title":"Upcoming Activity for - Archana","body":"Activity Type - Reminder. Time -23:28"}]
2020-12-07 23:25:17,488 DEBUG org.apache.commons.logging.impl.Jdk14Logger [http-nio-8080-exec-2] REQUEST DATA : uri=/notification/send;payload={"targetUserId":10001,"title":"Upcoming Activity for - Archana","body":"Activity Type - Reminder. Time -23:28"}]
2020-12-07 23:25:39,895 DEBUG org.apache.commons.logging.impl.Jdk14Logger [http-nio-8080-exec-9] Before request [uri=/api/crm/planner/activities]
2020-12-07 23:25:39,896 DEBUG org.apache.commons.logging.impl.Jdk14Logger [http-nio-8080-exec-9] Before request [uri=/api/crm/planner/activities;client=127.0.0.1;user=sridhar]
2020-12-07 23:25:40,198 DEBUG org.apache.commons.logging.impl.Jdk14Logger [http-nio-8080-exec-1] Before request [uri=/user/list]
2020-12-07 23:25:40,199 DEBUG org.apache.commons.logging.impl.Jdk14Logger [http-nio-8080-exec-1] Before request [uri=/user/list;client=127.0.0.1;user=sridhar]
2020-12-07 23:25:40,223 DEBUG org.apache.commons.logging.impl.Jdk14Logger [http-nio-8080-exec-1] After request [uri=/user/list;client=127.0.0.1;user=sridhar]
2020-12-07 23:25:40,224 DEBUG org.apache.commons.logging.impl.Jdk14Logger [http-nio-8080-exec-1] REQUEST DATA : uri=/user/list]
2020-12-07 23:25:40,435 DEBUG org.apache.commons.logging.impl.Jdk14Logger [http-nio-8080-exec-9] After request [uri=/api/crm/planner/activities;client=127.0.0.1;user=sridhar;payload={"filterData":[{"attrName":"activityStartDate","attrValue":["2020/12/07"]},{"attrName":"activityEndDate","attrValue":["2020/12/07"]},{"attrName":"activityStartDate","attrValue":["2020/12/07"]},{"attrName":"activityEndDate","attrValue":["2020/12/07"]}]}]
2020-12-07 23:25:40,436 DEBUG org.apache.commons.logging.impl.Jdk14Logger [http-nio-8080-exec-9] REQUEST DATA : uri=/api/crm/planner/activities;payload={"filterData":[{"attrName":"activityStartDate","attrValue":["2020/12/07"]},{"attrName":"activityEndDate","attrValue":["2020/12/07"]},{"attrName":"activityStartDate","attrValue":["2020/12/07"]},{"attrName":"activityEndDate","attrValue":["2020/12/07"]}]}]
2020-12-07 23:25:40,571 DEBUG org.apache.commons.logging.impl.Jdk14Logger [http-nio-8080-exec-10] Before request [uri=/api/crm/planner/activities]
2020-12-07 23:25:40,572 DEBUG org.apache.commons.logging.impl.Jdk14Logger [http-nio-8080-exec-10] Before request [uri=/api/crm/planner/activities;client=127.0.0.1;user=sridhar]
2020-12-07 23:25:40,656 DEBUG org.apache.commons.logging.impl.Jdk14Logger [http-nio-8080-exec-8] Before request [uri=/user/list]
2020-12-07 23:25:40,657 DEBUG org.apache.commons.logging.impl.Jdk14Logger [http-nio-8080-exec-8] Before request [uri=/user/list;client=127.0.0.1;user=sridhar]
2020-12-07 23:25:40,686 DEBUG org.apache.commons.logging.impl.Jdk14Logger [http-nio-8080-exec-8] After request [uri=/user/list;client=127.0.0.1;user=sridhar]
2020-12-07 23:25:40,687 DEBUG org.apache.commons.logging.impl.Jdk14Logger [http-nio-8080-exec-8] REQUEST DATA : uri=/user/list]
2020-12-07 23:25:40,767 DEBUG org.apache.commons.logging.impl.Jdk14Logger [http-nio-8080-exec-10] After request [uri=/api/crm/planner/activities;client=127.0.0.1;user=sridhar;payload={"filterData":[{"attrName":"activityStartDate","attrValue":["2020/12/07"]},{"attrName":"activityEndDate","attrValue":["2020/12/07"]},{"attrName":"activityStartDate","attrValue":["2020/12/07"]},{"attrName":"activityEndDate","attrValue":["2020/12/07"]}]}]
2020-12-07 23:25:40,770 DEBUG org.apache.commons.logging.impl.Jdk14Logger [http-nio-8080-exec-10] REQUEST DATA : uri=/api/crm/planner/activities;payload={"filterData":[{"attrName":"activityStartDate","attrValue":["2020/12/07"]},{"attrName":"activityEndDate","attrValue":["2020/12/07"]},{"attrName":"activityStartDate","attrValue":["2020/12/07"]},{"attrName":"activityEndDate","attrValue":["2020/12/07"]}]}]
2020-12-07 23:28:24,394 DEBUG org.apache.commons.logging.impl.Jdk14Logger [http-nio-8080-exec-7] Before request [uri=/api/crm/dashboard/topperformer]
2020-12-07 23:28:24,396 DEBUG org.apache.commons.logging.impl.Jdk14Logger [http-nio-8080-exec-7] Before request [uri=/api/crm/dashboard/topperformer;client=127.0.0.1;user=sridhar]
2020-12-07 23:28:24,411 DEBUG org.apache.commons.logging.impl.Jdk14Logger [http-nio-8080-exec-5] Before request [uri=/api/crm/dashboard/conversionratio]
2020-12-07 23:28:24,413 DEBUG org.apache.commons.logging.impl.Jdk14Logger [http-nio-8080-exec-5] Before request [uri=/api/crm/dashboard/conversionratio;client=127.0.0.1;user=sridhar]
2020-12-07 23:28:24,448 DEBUG org.apache.commons.logging.impl.Jdk14Logger [http-nio-8080-exec-6] Before request [uri=/api/crm/dashboard/stagnant]
2020-12-07 23:28:24,450 DEBUG org.apache.commons.logging.impl.Jdk14Logger [http-nio-8080-exec-6] Before request [uri=/api/crm/dashboard/stagnant;client=127.0.0.1;user=sridhar]
2020-12-07 23:28:24,466 DEBUG org.apache.commons.logging.impl.Jdk14Logger [http-nio-8080-exec-5] After request [uri=/api/crm/dashboard/conversionratio;client=127.0.0.1;user=sridhar]
2020-12-07 23:28:24,467 DEBUG org.apache.commons.logging.impl.Jdk14Logger [http-nio-8080-exec-5] REQUEST DATA : uri=/api/crm/dashboard/conversionratio]
2020-12-07 23:28:24,487 DEBUG org.apache.commons.logging.impl.Jdk14Logger [http-nio-8080-exec-7] After request [uri=/api/crm/dashboard/topperformer;client=127.0.0.1;user=sridhar]
2020-12-07 23:28:24,489 DEBUG org.apache.commons.logging.impl.Jdk14Logger [http-nio-8080-exec-7] REQUEST DATA : uri=/api/crm/dashboard/topperformer]
2020-12-07 23:28:24,640 DEBUG org.apache.commons.logging.impl.Jdk14Logger [http-nio-8080-exec-4] Before request [uri=/api/crm/dashboard/customerpipeline]
2020-12-07 23:28:24,642 DEBUG org.apache.commons.logging.impl.Jdk14Logger [http-nio-8080-exec-4] Before request [uri=/api/crm/dashboard/customerpipeline;client=127.0.0.1;user=sridhar]
2020-12-07 23:28:24,705 DEBUG org.apache.commons.logging.impl.Jdk14Logger [http-nio-8080-exec-2] Before request [uri=/user/byid/10001]
2020-12-07 23:28:24,706 DEBUG org.apache.commons.logging.impl.Jdk14Logger [http-nio-8080-exec-2] Before request [uri=/user/byid/10001;client=127.0.0.1;user=sridhar]
2020-12-07 23:28:24,722 DEBUG org.apache.commons.logging.impl.Jdk14Logger [http-nio-8080-exec-2] After request [uri=/user/byid/10001;client=127.0.0.1;user=sridhar]
2020-12-07 23:28:24,723 DEBUG org.apache.commons.logging.impl.Jdk14Logger [http-nio-8080-exec-2] REQUEST DATA : uri=/user/byid/10001]
2020-12-07 23:28:24,758 DEBUG org.apache.commons.logging.impl.Jdk14Logger [http-nio-8080-exec-1] Before request [uri=/user/byid/10001]
2020-12-07 23:28:24,759 DEBUG org.apache.commons.logging.impl.Jdk14Logger [http-nio-8080-exec-1] Before request [uri=/user/byid/10001;client=127.0.0.1;user=sridhar]
2020-12-07 23:28:24,773 DEBUG org.apache.commons.logging.impl.Jdk14Logger [http-nio-8080-exec-1] After request [uri=/user/byid/10001;client=127.0.0.1;user=sridhar]
2020-12-07 23:28:24,774 DEBUG org.apache.commons.logging.impl.Jdk14Logger [http-nio-8080-exec-1] REQUEST DATA : uri=/user/byid/10001]
2020-12-07 23:28:24,796 DEBUG org.apache.commons.logging.impl.Jdk14Logger [http-nio-8080-exec-9] Before request [uri=/user/byid/10001]
2020-12-07 23:28:24,798 DEBUG org.apache.commons.logging.impl.Jdk14Logger [http-nio-8080-exec-9] Before request [uri=/user/byid/10001;client=127.0.0.1;user=sridhar]
2020-12-07 23:28:24,812 DEBUG org.apache.commons.logging.impl.Jdk14Logger [http-nio-8080-exec-9] After request [uri=/user/byid/10001;client=127.0.0.1;user=sridhar]
2020-12-07 23:28:24,813 DEBUG org.apache.commons.logging.impl.Jdk14Logger [http-nio-8080-exec-9] REQUEST DATA : uri=/user/byid/10001]
2020-12-07 23:28:24,830 DEBUG org.apache.commons.logging.impl.Jdk14Logger [http-nio-8080-exec-8] Before request [uri=/user/byid/10001]
2020-12-07 23:28:24,831 DEBUG org.apache.commons.logging.impl.Jdk14Logger [http-nio-8080-exec-8] Before request [uri=/user/byid/10001;client=127.0.0.1;user=sridhar]
2020-12-07 23:28:24,843 DEBUG org.apache.commons.logging.impl.Jdk14Logger [http-nio-8080-exec-8] After request [uri=/user/byid/10001;client=127.0.0.1;user=sridhar]
2020-12-07 23:28:24,844 DEBUG org.apache.commons.logging.impl.Jdk14Logger [http-nio-8080-exec-8] REQUEST DATA : uri=/user/byid/10001]
2020-12-07 23:28:24,867 DEBUG org.apache.commons.logging.impl.Jdk14Logger [http-nio-8080-exec-6] After request [uri=/api/crm/dashboard/stagnant;client=127.0.0.1;user=sridhar]
2020-12-07 23:28:24,869 DEBUG org.apache.commons.logging.impl.Jdk14Logger [http-nio-8080-exec-6] REQUEST DATA : uri=/api/crm/dashboard/stagnant]
2020-12-07 23:28:24,879 DEBUG org.apache.commons.logging.impl.Jdk14Logger [http-nio-8080-exec-10] Before request [uri=/user/byid/10001]
2020-12-07 23:28:24,880 DEBUG org.apache.commons.logging.impl.Jdk14Logger [http-nio-8080-exec-10] Before request [uri=/user/byid/10001;client=127.0.0.1;user=sridhar]
2020-12-07 23:28:24,889 DEBUG org.apache.commons.logging.impl.Jdk14Logger [http-nio-8080-exec-10] After request [uri=/user/byid/10001;client=127.0.0.1;user=sridhar]
2020-12-07 23:28:24,890 DEBUG org.apache.commons.logging.impl.Jdk14Logger [http-nio-8080-exec-10] REQUEST DATA : uri=/user/byid/10001]
2020-12-07 23:28:24,922 DEBUG org.apache.commons.logging.impl.Jdk14Logger [http-nio-8080-exec-3] Before request [uri=/user/byid/10001]
2020-12-07 23:28:24,923 DEBUG org.apache.commons.logging.impl.Jdk14Logger [http-nio-8080-exec-3] Before request [uri=/user/byid/10001;client=127.0.0.1;user=sridhar]
2020-12-07 23:28:24,934 DEBUG org.apache.commons.logging.impl.Jdk14Logger [http-nio-8080-exec-3] After request [uri=/user/byid/10001;client=127.0.0.1;user=sridhar]
2020-12-07 23:28:24,935 DEBUG org.apache.commons.logging.impl.Jdk14Logger [http-nio-8080-exec-3] REQUEST DATA : uri=/user/byid/10001]
2020-12-07 23:28:24,956 DEBUG org.apache.commons.logging.impl.Jdk14Logger [http-nio-8080-exec-5] Before request [uri=/user/byid/10001]
2020-12-07 23:28:24,956 DEBUG org.apache.commons.logging.impl.Jdk14Logger [http-nio-8080-exec-5] Before request [uri=/user/byid/10001;client=127.0.0.1;user=sridhar]
2020-12-07 23:28:24,966 DEBUG org.apache.commons.logging.impl.Jdk14Logger [http-nio-8080-exec-5] After request [uri=/user/byid/10001;client=127.0.0.1;user=sridhar]
2020-12-07 23:28:24,970 DEBUG org.apache.commons.logging.impl.Jdk14Logger [http-nio-8080-exec-5] REQUEST DATA : uri=/user/byid/10001]
2020-12-07 23:28:24,989 DEBUG org.apache.commons.logging.impl.Jdk14Logger [http-nio-8080-exec-7] Before request [uri=/user/byid/10001]
2020-12-07 23:28:24,990 DEBUG org.apache.commons.logging.impl.Jdk14Logger [http-nio-8080-exec-7] Before request [uri=/user/byid/10001;client=127.0.0.1;user=sridhar]
2020-12-07 23:28:24,998 DEBUG org.apache.commons.logging.impl.Jdk14Logger [http-nio-8080-exec-7] After request [uri=/user/byid/10001;client=127.0.0.1;user=sridhar]
2020-12-07 23:28:24,999 DEBUG org.apache.commons.logging.impl.Jdk14Logger [http-nio-8080-exec-7] REQUEST DATA : uri=/user/byid/10001]
2020-12-07 23:28:25,020 DEBUG org.apache.commons.logging.impl.Jdk14Logger [http-nio-8080-exec-2] Before request [uri=/user/byid/10001]
2020-12-07 23:28:25,021 DEBUG org.apache.commons.logging.impl.Jdk14Logger [http-nio-8080-exec-2] Before request [uri=/user/byid/10001;client=127.0.0.1;user=sridhar]
2020-12-07 23:28:25,035 DEBUG org.apache.commons.logging.impl.Jdk14Logger [http-nio-8080-exec-2] After request [uri=/user/byid/10001;client=127.0.0.1;user=sridhar]
2020-12-07 23:28:25,036 DEBUG org.apache.commons.logging.impl.Jdk14Logger [http-nio-8080-exec-2] REQUEST DATA : uri=/user/byid/10001]
2020-12-07 23:28:25,056 DEBUG org.apache.commons.logging.impl.Jdk14Logger [http-nio-8080-exec-1] Before request [uri=/user/byid/10001]
2020-12-07 23:28:25,057 DEBUG org.apache.commons.logging.impl.Jdk14Logger [http-nio-8080-exec-1] Before request [uri=/user/byid/10001;client=127.0.0.1;user=sridhar]
2020-12-07 23:28:25,084 DEBUG org.apache.commons.logging.impl.Jdk14Logger [http-nio-8080-exec-1] After request [uri=/user/byid/10001;client=127.0.0.1;user=sridhar]
2020-12-07 23:28:25,084 DEBUG org.apache.commons.logging.impl.Jdk14Logger [http-nio-8080-exec-1] REQUEST DATA : uri=/user/byid/10001]
2020-12-07 23:28:25,163 DEBUG org.apache.commons.logging.impl.Jdk14Logger [http-nio-8080-exec-9] Before request [uri=/user/byid/10001]
2020-12-07 23:28:25,164 DEBUG org.apache.commons.logging.impl.Jdk14Logger [http-nio-8080-exec-9] Before request [uri=/user/byid/10001;client=127.0.0.1;user=sridhar]
2020-12-07 23:28:25,183 DEBUG org.apache.commons.logging.impl.Jdk14Logger [http-nio-8080-exec-9] After request [uri=/user/byid/10001;client=127.0.0.1;user=sridhar]
2020-12-07 23:28:25,184 DEBUG org.apache.commons.logging.impl.Jdk14Logger [http-nio-8080-exec-9] REQUEST DATA : uri=/user/byid/10001]
2020-12-07 23:28:25,208 DEBUG org.apache.commons.logging.impl.Jdk14Logger [http-nio-8080-exec-8] Before request [uri=/user/byid/10001]
2020-12-07 23:28:25,209 DEBUG org.apache.commons.logging.impl.Jdk14Logger [http-nio-8080-exec-8] Before request [uri=/user/byid/10001;client=127.0.0.1;user=sridhar]
2020-12-07 23:28:25,218 DEBUG org.apache.commons.logging.impl.Jdk14Logger [http-nio-8080-exec-8] After request [uri=/user/byid/10001;client=127.0.0.1;user=sridhar]
2020-12-07 23:28:25,219 DEBUG org.apache.commons.logging.impl.Jdk14Logger [http-nio-8080-exec-8] REQUEST DATA : uri=/user/byid/10001]
2020-12-07 23:28:25,241 DEBUG org.apache.commons.logging.impl.Jdk14Logger [http-nio-8080-exec-6] Before request [uri=/user/byid/10001]
2020-12-07 23:28:25,244 DEBUG org.apache.commons.logging.impl.Jdk14Logger [http-nio-8080-exec-6] Before request [uri=/user/byid/10001;client=127.0.0.1;user=sridhar]
2020-12-07 23:28:25,255 DEBUG org.apache.commons.logging.impl.Jdk14Logger [http-nio-8080-exec-6] After request [uri=/user/byid/10001;client=127.0.0.1;user=sridhar]
2020-12-07 23:28:25,257 DEBUG org.apache.commons.logging.impl.Jdk14Logger [http-nio-8080-exec-6] REQUEST DATA : uri=/user/byid/10001]
2020-12-07 23:28:25,285 DEBUG org.apache.commons.logging.impl.Jdk14Logger [http-nio-8080-exec-10] Before request [uri=/user/byid/10001]
2020-12-07 23:28:25,286 DEBUG org.apache.commons.logging.impl.Jdk14Logger [http-nio-8080-exec-10] Before request [uri=/user/byid/10001;client=127.0.0.1;user=sridhar]
2020-12-07 23:28:25,294 DEBUG org.apache.commons.logging.impl.Jdk14Logger [http-nio-8080-exec-10] After request [uri=/user/byid/10001;client=127.0.0.1;user=sridhar]
2020-12-07 23:28:25,295 DEBUG org.apache.commons.logging.impl.Jdk14Logger [http-nio-8080-exec-10] REQUEST DATA : uri=/user/byid/10001]
2020-12-07 23:28:25,318 DEBUG org.apache.commons.logging.impl.Jdk14Logger [http-nio-8080-exec-3] Before request [uri=/user/byid/10001]
2020-12-07 23:28:25,319 DEBUG org.apache.commons.logging.impl.Jdk14Logger [http-nio-8080-exec-3] Before request [uri=/user/byid/10001;client=127.0.0.1;user=sridhar]
2020-12-07 23:28:25,347 DEBUG org.apache.commons.logging.impl.Jdk14Logger [http-nio-8080-exec-3] After request [uri=/user/byid/10001;client=127.0.0.1;user=sridhar]
2020-12-07 23:28:25,348 DEBUG org.apache.commons.logging.impl.Jdk14Logger [http-nio-8080-exec-3] REQUEST DATA : uri=/user/byid/10001]
2020-12-07 23:28:25,364 DEBUG org.apache.commons.logging.impl.Jdk14Logger [http-nio-8080-exec-5] Before request [uri=/user/byid/10001]
2020-12-07 23:28:25,367 DEBUG org.apache.commons.logging.impl.Jdk14Logger [http-nio-8080-exec-5] Before request [uri=/user/byid/10001;client=127.0.0.1;user=sridhar]
2020-12-07 23:28:25,383 DEBUG org.apache.commons.logging.impl.Jdk14Logger [http-nio-8080-exec-5] After request [uri=/user/byid/10001;client=127.0.0.1;user=sridhar]
2020-12-07 23:28:25,384 DEBUG org.apache.commons.logging.impl.Jdk14Logger [http-nio-8080-exec-5] REQUEST DATA : uri=/user/byid/10001]
2020-12-07 23:28:25,407 DEBUG org.apache.commons.logging.impl.Jdk14Logger [http-nio-8080-exec-7] Before request [uri=/user/byid/10001]
2020-12-07 23:28:25,408 DEBUG org.apache.commons.logging.impl.Jdk14Logger [http-nio-8080-exec-7] Before request [uri=/user/byid/10001;client=127.0.0.1;user=sridhar]
2020-12-07 23:28:25,419 DEBUG org.apache.commons.logging.impl.Jdk14Logger [http-nio-8080-exec-7] After request [uri=/user/byid/10001;client=127.0.0.1;user=sridhar]
2020-12-07 23:28:25,420 DEBUG org.apache.commons.logging.impl.Jdk14Logger [http-nio-8080-exec-7] REQUEST DATA : uri=/user/byid/10001]
2020-12-07 23:28:25,436 DEBUG org.apache.commons.logging.impl.Jdk14Logger [http-nio-8080-exec-2] Before request [uri=/user/byid/10001]
2020-12-07 23:28:25,438 DEBUG org.apache.commons.logging.impl.Jdk14Logger [http-nio-8080-exec-2] Before request [uri=/user/byid/10001;client=127.0.0.1;user=sridhar]
2020-12-07 23:28:25,457 DEBUG org.apache.commons.logging.impl.Jdk14Logger [http-nio-8080-exec-2] After request [uri=/user/byid/10001;client=127.0.0.1;user=sridhar]
2020-12-07 23:28:25,458 DEBUG org.apache.commons.logging.impl.Jdk14Logger [http-nio-8080-exec-2] REQUEST DATA : uri=/user/byid/10001]
2020-12-07 23:28:25,482 DEBUG org.apache.commons.logging.impl.Jdk14Logger [http-nio-8080-exec-1] Before request [uri=/user/byid/10001]
2020-12-07 23:28:25,483 DEBUG org.apache.commons.logging.impl.Jdk14Logger [http-nio-8080-exec-1] Before request [uri=/user/byid/10001;client=127.0.0.1;user=sridhar]
2020-12-07 23:28:25,493 DEBUG org.apache.commons.logging.impl.Jdk14Logger [http-nio-8080-exec-1] After request [uri=/user/byid/10001;client=127.0.0.1;user=sridhar]
2020-12-07 23:28:25,494 DEBUG org.apache.commons.logging.impl.Jdk14Logger [http-nio-8080-exec-1] REQUEST DATA : uri=/user/byid/10001]
2020-12-07 23:28:25,505 DEBUG org.apache.commons.logging.impl.Jdk14Logger [http-nio-8080-exec-4] After request [uri=/api/crm/dashboard/customerpipeline;client=127.0.0.1;user=sridhar;payload={"fromDate":"2020-12-01","toDate":"2020-12-31"}]
2020-12-07 23:28:25,508 DEBUG org.apache.commons.logging.impl.Jdk14Logger [http-nio-8080-exec-4] REQUEST DATA : uri=/api/crm/dashboard/customerpipeline;payload={"fromDate":"2020-12-01","toDate":"2020-12-31"}]
2020-12-07 23:28:25,578 DEBUG org.apache.commons.logging.impl.Jdk14Logger [http-nio-8080-exec-9] Before request [uri=/api/crm/dashboard/topperformer]
2020-12-07 23:28:25,579 DEBUG org.apache.commons.logging.impl.Jdk14Logger [http-nio-8080-exec-9] Before request [uri=/api/crm/dashboard/topperformer;client=127.0.0.1;user=sridhar]
2020-12-07 23:28:25,592 DEBUG org.apache.commons.logging.impl.Jdk14Logger [http-nio-8080-exec-8] Before request [uri=/api/crm/dashboard/conversionratio]
2020-12-07 23:28:25,593 DEBUG org.apache.commons.logging.impl.Jdk14Logger [http-nio-8080-exec-8] Before request [uri=/api/crm/dashboard/conversionratio;client=127.0.0.1;user=sridhar]
2020-12-07 23:28:25,620 DEBUG org.apache.commons.logging.impl.Jdk14Logger [http-nio-8080-exec-8] After request [uri=/api/crm/dashboard/conversionratio;client=127.0.0.1;user=sridhar]
2020-12-07 23:28:25,621 DEBUG org.apache.commons.logging.impl.Jdk14Logger [http-nio-8080-exec-8] REQUEST DATA : uri=/api/crm/dashboard/conversionratio]
2020-12-07 23:28:25,622 DEBUG org.apache.commons.logging.impl.Jdk14Logger [http-nio-8080-exec-6] Before request [uri=/api/crm/dashboard/stagnant]
2020-12-07 23:28:25,627 DEBUG org.apache.commons.logging.impl.Jdk14Logger [http-nio-8080-exec-6] Before request [uri=/api/crm/dashboard/stagnant;client=127.0.0.1;user=sridhar]
2020-12-07 23:28:25,675 DEBUG org.apache.commons.logging.impl.Jdk14Logger [http-nio-8080-exec-9] After request [uri=/api/crm/dashboard/topperformer;client=127.0.0.1;user=sridhar]
2020-12-07 23:28:25,676 DEBUG org.apache.commons.logging.impl.Jdk14Logger [http-nio-8080-exec-9] REQUEST DATA : uri=/api/crm/dashboard/topperformer]
2020-12-07 23:28:25,682 DEBUG org.apache.commons.logging.impl.Jdk14Logger [http-nio-8080-exec-10] Before request [uri=/api/crm/dashboard/customerpipeline]
2020-12-07 23:28:25,683 DEBUG org.apache.commons.logging.impl.Jdk14Logger [http-nio-8080-exec-10] Before request [uri=/api/crm/dashboard/customerpipeline;client=127.0.0.1;user=sridhar]
2020-12-07 23:28:25,734 DEBUG org.apache.commons.logging.impl.Jdk14Logger [http-nio-8080-exec-3] Before request [uri=/user/byid/10001]
2020-12-07 23:28:25,737 DEBUG org.apache.commons.logging.impl.Jdk14Logger [http-nio-8080-exec-3] Before request [uri=/user/byid/10001;client=127.0.0.1;user=sridhar]
2020-12-07 23:28:25,765 DEBUG org.apache.commons.logging.impl.Jdk14Logger [http-nio-8080-exec-6] After request [uri=/api/crm/dashboard/stagnant;client=127.0.0.1;user=sridhar]
2020-12-07 23:28:25,766 DEBUG org.apache.commons.logging.impl.Jdk14Logger [http-nio-8080-exec-6] REQUEST DATA : uri=/api/crm/dashboard/stagnant]
2020-12-07 23:28:25,800 DEBUG org.apache.commons.logging.impl.Jdk14Logger [http-nio-8080-exec-3] After request [uri=/user/byid/10001;client=127.0.0.1;user=sridhar]
2020-12-07 23:28:25,802 DEBUG org.apache.commons.logging.impl.Jdk14Logger [http-nio-8080-exec-3] REQUEST DATA : uri=/user/byid/10001]
2020-12-07 23:28:25,824 DEBUG org.apache.commons.logging.impl.Jdk14Logger [http-nio-8080-exec-5] Before request [uri=/user/byid/10001]
2020-12-07 23:28:25,825 DEBUG org.apache.commons.logging.impl.Jdk14Logger [http-nio-8080-exec-5] Before request [uri=/user/byid/10001;client=127.0.0.1;user=sridhar]
2020-12-07 23:28:25,862 DEBUG org.apache.commons.logging.impl.Jdk14Logger [http-nio-8080-exec-5] After request [uri=/user/byid/10001;client=127.0.0.1;user=sridhar]
2020-12-07 23:28:25,863 DEBUG org.apache.commons.logging.impl.Jdk14Logger [http-nio-8080-exec-5] REQUEST DATA : uri=/user/byid/10001]
2020-12-07 23:28:25,889 DEBUG org.apache.commons.logging.impl.Jdk14Logger [http-nio-8080-exec-7] Before request [uri=/user/byid/10001]
2020-12-07 23:28:25,890 DEBUG org.apache.commons.logging.impl.Jdk14Logger [http-nio-8080-exec-7] Before request [uri=/user/byid/10001;client=127.0.0.1;user=sridhar]
2020-12-07 23:28:25,899 DEBUG org.apache.commons.logging.impl.Jdk14Logger [http-nio-8080-exec-7] After request [uri=/user/byid/10001;client=127.0.0.1;user=sridhar]
2020-12-07 23:28:25,900 DEBUG org.apache.commons.logging.impl.Jdk14Logger [http-nio-8080-exec-7] REQUEST DATA : uri=/user/byid/10001]
2020-12-07 23:28:25,926 DEBUG org.apache.commons.logging.impl.Jdk14Logger [http-nio-8080-exec-2] Before request [uri=/user/byid/10001]
2020-12-07 23:28:25,927 DEBUG org.apache.commons.logging.impl.Jdk14Logger [http-nio-8080-exec-2] Before request [uri=/user/byid/10001;client=127.0.0.1;user=sridhar]
2020-12-07 23:28:25,945 DEBUG org.apache.commons.logging.impl.Jdk14Logger [http-nio-8080-exec-2] After request [uri=/user/byid/10001;client=127.0.0.1;user=sridhar]
2020-12-07 23:28:25,946 DEBUG org.apache.commons.logging.impl.Jdk14Logger [http-nio-8080-exec-2] REQUEST DATA : uri=/user/byid/10001]
2020-12-07 23:28:25,987 DEBUG org.apache.commons.logging.impl.Jdk14Logger [http-nio-8080-exec-2] Before request [uri=/user/byid/10001]
2020-12-07 23:28:25,988 DEBUG org.apache.commons.logging.impl.Jdk14Logger [http-nio-8080-exec-2] Before request [uri=/user/byid/10001;client=127.0.0.1;user=sridhar]
2020-12-07 23:28:26,017 DEBUG org.apache.commons.logging.impl.Jdk14Logger [http-nio-8080-exec-2] After request [uri=/user/byid/10001;client=127.0.0.1;user=sridhar]
2020-12-07 23:28:26,018 DEBUG org.apache.commons.logging.impl.Jdk14Logger [http-nio-8080-exec-2] REQUEST DATA : uri=/user/byid/10001]
2020-12-07 23:28:26,038 DEBUG org.apache.commons.logging.impl.Jdk14Logger [http-nio-8080-exec-1] Before request [uri=/user/byid/10001]
2020-12-07 23:28:26,042 DEBUG org.apache.commons.logging.impl.Jdk14Logger [http-nio-8080-exec-1] Before request [uri=/user/byid/10001;client=127.0.0.1;user=sridhar]
2020-12-07 23:28:26,054 DEBUG org.apache.commons.logging.impl.Jdk14Logger [http-nio-8080-exec-1] After request [uri=/user/byid/10001;client=127.0.0.1;user=sridhar]
2020-12-07 23:28:26,057 DEBUG org.apache.commons.logging.impl.Jdk14Logger [http-nio-8080-exec-1] REQUEST DATA : uri=/user/byid/10001]
2020-12-07 23:28:26,087 DEBUG org.apache.commons.logging.impl.Jdk14Logger [http-nio-8080-exec-4] Before request [uri=/user/byid/10001]
2020-12-07 23:28:26,088 DEBUG org.apache.commons.logging.impl.Jdk14Logger [http-nio-8080-exec-4] Before request [uri=/user/byid/10001;client=127.0.0.1;user=sridhar]
2020-12-07 23:28:26,098 DEBUG org.apache.commons.logging.impl.Jdk14Logger [http-nio-8080-exec-4] After request [uri=/user/byid/10001;client=127.0.0.1;user=sridhar]
2020-12-07 23:28:26,099 DEBUG org.apache.commons.logging.impl.Jdk14Logger [http-nio-8080-exec-4] REQUEST DATA : uri=/user/byid/10001]
2020-12-07 23:28:26,126 DEBUG org.apache.commons.logging.impl.Jdk14Logger [http-nio-8080-exec-8] Before request [uri=/user/byid/10001]
2020-12-07 23:28:26,127 DEBUG org.apache.commons.logging.impl.Jdk14Logger [http-nio-8080-exec-8] Before request [uri=/user/byid/10001;client=127.0.0.1;user=sridhar]
2020-12-07 23:28:26,144 DEBUG org.apache.commons.logging.impl.Jdk14Logger [http-nio-8080-exec-8] After request [uri=/user/byid/10001;client=127.0.0.1;user=sridhar]
2020-12-07 23:28:26,145 DEBUG org.apache.commons.logging.impl.Jdk14Logger [http-nio-8080-exec-8] REQUEST DATA : uri=/user/byid/10001]
2020-12-07 23:28:26,166 DEBUG org.apache.commons.logging.impl.Jdk14Logger [http-nio-8080-exec-9] Before request [uri=/user/byid/10001]
2020-12-07 23:28:26,167 DEBUG org.apache.commons.logging.impl.Jdk14Logger [http-nio-8080-exec-9] Before request [uri=/user/byid/10001;client=127.0.0.1;user=sridhar]
2020-12-07 23:28:26,180 DEBUG org.apache.commons.logging.impl.Jdk14Logger [http-nio-8080-exec-9] After request [uri=/user/byid/10001;client=127.0.0.1;user=sridhar]
2020-12-07 23:28:26,181 DEBUG org.apache.commons.logging.impl.Jdk14Logger [http-nio-8080-exec-9] REQUEST DATA : uri=/user/byid/10001]
2020-12-07 23:28:26,206 DEBUG org.apache.commons.logging.impl.Jdk14Logger [http-nio-8080-exec-6] Before request [uri=/user/byid/10001]
2020-12-07 23:28:26,207 DEBUG org.apache.commons.logging.impl.Jdk14Logger [http-nio-8080-exec-6] Before request [uri=/user/byid/10001;client=127.0.0.1;user=sridhar]
2020-12-07 23:28:26,223 DEBUG org.apache.commons.logging.impl.Jdk14Logger [http-nio-8080-exec-6] After request [uri=/user/byid/10001;client=127.0.0.1;user=sridhar]
2020-12-07 23:28:26,224 DEBUG org.apache.commons.logging.impl.Jdk14Logger [http-nio-8080-exec-6] REQUEST DATA : uri=/user/byid/10001]
2020-12-07 23:28:26,339 DEBUG org.apache.commons.logging.impl.Jdk14Logger [http-nio-8080-exec-3] Before request [uri=/user/byid/10001]
2020-12-07 23:28:26,341 DEBUG org.apache.commons.logging.impl.Jdk14Logger [http-nio-8080-exec-3] Before request [uri=/user/byid/10001;client=127.0.0.1;user=sridhar]
2020-12-07 23:28:26,352 DEBUG org.apache.commons.logging.impl.Jdk14Logger [http-nio-8080-exec-3] After request [uri=/user/byid/10001;client=127.0.0.1;user=sridhar]
2020-12-07 23:28:26,353 DEBUG org.apache.commons.logging.impl.Jdk14Logger [http-nio-8080-exec-3] REQUEST DATA : uri=/user/byid/10001]
2020-12-07 23:28:26,414 DEBUG org.apache.commons.logging.impl.Jdk14Logger [http-nio-8080-exec-5] Before request [uri=/user/byid/10001]
2020-12-07 23:28:26,414 DEBUG org.apache.commons.logging.impl.Jdk14Logger [http-nio-8080-exec-5] Before request [uri=/user/byid/10001;client=127.0.0.1;user=sridhar]
2020-12-07 23:28:26,422 DEBUG org.apache.commons.logging.impl.Jdk14Logger [http-nio-8080-exec-5] After request [uri=/user/byid/10001;client=127.0.0.1;user=sridhar]
2020-12-07 23:28:26,423 DEBUG org.apache.commons.logging.impl.Jdk14Logger [http-nio-8080-exec-5] REQUEST DATA : uri=/user/byid/10001]
2020-12-07 23:28:26,445 DEBUG org.apache.commons.logging.impl.Jdk14Logger [http-nio-8080-exec-7] Before request [uri=/user/byid/10001]
2020-12-07 23:28:26,446 DEBUG org.apache.commons.logging.impl.Jdk14Logger [http-nio-8080-exec-7] Before request [uri=/user/byid/10001;client=127.0.0.1;user=sridhar]
2020-12-07 23:28:26,465 DEBUG org.apache.commons.logging.impl.Jdk14Logger [http-nio-8080-exec-7] After request [uri=/user/byid/10001;client=127.0.0.1;user=sridhar]
2020-12-07 23:28:26,466 DEBUG org.apache.commons.logging.impl.Jdk14Logger [http-nio-8080-exec-7] REQUEST DATA : uri=/user/byid/10001]
2020-12-07 23:28:26,489 DEBUG org.apache.commons.logging.impl.Jdk14Logger [http-nio-8080-exec-2] Before request [uri=/user/byid/10001]
2020-12-07 23:28:26,489 DEBUG org.apache.commons.logging.impl.Jdk14Logger [http-nio-8080-exec-2] Before request [uri=/user/byid/10001;client=127.0.0.1;user=sridhar]
2020-12-07 23:28:26,499 DEBUG org.apache.commons.logging.impl.Jdk14Logger [http-nio-8080-exec-2] After request [uri=/user/byid/10001;client=127.0.0.1;user=sridhar]
2020-12-07 23:28:26,501 DEBUG org.apache.commons.logging.impl.Jdk14Logger [http-nio-8080-exec-2] REQUEST DATA : uri=/user/byid/10001]
2020-12-07 23:28:26,525 DEBUG org.apache.commons.logging.impl.Jdk14Logger [http-nio-8080-exec-1] Before request [uri=/user/byid/10001]
2020-12-07 23:28:26,526 DEBUG org.apache.commons.logging.impl.Jdk14Logger [http-nio-8080-exec-1] Before request [uri=/user/byid/10001;client=127.0.0.1;user=sridhar]
2020-12-07 23:28:26,534 DEBUG org.apache.commons.logging.impl.Jdk14Logger [http-nio-8080-exec-1] After request [uri=/user/byid/10001;client=127.0.0.1;user=sridhar]
2020-12-07 23:28:26,535 DEBUG org.apache.commons.logging.impl.Jdk14Logger [http-nio-8080-exec-1] REQUEST DATA : uri=/user/byid/10001]
2020-12-07 23:28:26,557 DEBUG org.apache.commons.logging.impl.Jdk14Logger [http-nio-8080-exec-4] Before request [uri=/user/byid/10001]
2020-12-07 23:28:26,558 DEBUG org.apache.commons.logging.impl.Jdk14Logger [http-nio-8080-exec-4] Before request [uri=/user/byid/10001;client=127.0.0.1;user=sridhar]
2020-12-07 23:28:26,570 DEBUG org.apache.commons.logging.impl.Jdk14Logger [http-nio-8080-exec-4] After request [uri=/user/byid/10001;client=127.0.0.1;user=sridhar]
2020-12-07 23:28:26,570 DEBUG org.apache.commons.logging.impl.Jdk14Logger [http-nio-8080-exec-4] REQUEST DATA : uri=/user/byid/10001]
2020-12-07 23:28:26,595 DEBUG org.apache.commons.logging.impl.Jdk14Logger [http-nio-8080-exec-8] Before request [uri=/user/byid/10001]
2020-12-07 23:28:26,595 DEBUG org.apache.commons.logging.impl.Jdk14Logger [http-nio-8080-exec-8] Before request [uri=/user/byid/10001;client=127.0.0.1;user=sridhar]
2020-12-07 23:28:26,612 DEBUG org.apache.commons.logging.impl.Jdk14Logger [http-nio-8080-exec-8] After request [uri=/user/byid/10001;client=127.0.0.1;user=sridhar]
2020-12-07 23:28:26,614 DEBUG org.apache.commons.logging.impl.Jdk14Logger [http-nio-8080-exec-8] REQUEST DATA : uri=/user/byid/10001]
2020-12-07 23:28:26,628 DEBUG org.apache.commons.logging.impl.Jdk14Logger [http-nio-8080-exec-9] Before request [uri=/user/byid/10001]
2020-12-07 23:28:26,629 DEBUG org.apache.commons.logging.impl.Jdk14Logger [http-nio-8080-exec-9] Before request [uri=/user/byid/10001;client=127.0.0.1;user=sridhar]
2020-12-07 23:28:26,642 DEBUG org.apache.commons.logging.impl.Jdk14Logger [http-nio-8080-exec-9] After request [uri=/user/byid/10001;client=127.0.0.1;user=sridhar]
2020-12-07 23:28:26,644 DEBUG org.apache.commons.logging.impl.Jdk14Logger [http-nio-8080-exec-9] REQUEST DATA : uri=/user/byid/10001]
2020-12-07 23:28:26,660 DEBUG org.apache.commons.logging.impl.Jdk14Logger [http-nio-8080-exec-6] Before request [uri=/user/byid/10001]
2020-12-07 23:28:26,660 DEBUG org.apache.commons.logging.impl.Jdk14Logger [http-nio-8080-exec-6] Before request [uri=/user/byid/10001;client=127.0.0.1;user=sridhar]
2020-12-07 23:28:26,672 DEBUG org.apache.commons.logging.impl.Jdk14Logger [http-nio-8080-exec-6] After request [uri=/user/byid/10001;client=127.0.0.1;user=sridhar]
2020-12-07 23:28:26,673 DEBUG org.apache.commons.logging.impl.Jdk14Logger [http-nio-8080-exec-6] REQUEST DATA : uri=/user/byid/10001]
2020-12-07 23:28:26,684 DEBUG org.apache.commons.logging.impl.Jdk14Logger [http-nio-8080-exec-10] After request [uri=/api/crm/dashboard/customerpipeline;client=127.0.0.1;user=sridhar;payload={"fromDate":"2020-12-01","toDate":"2020-12-31"}]
2020-12-07 23:28:26,685 DEBUG org.apache.commons.logging.impl.Jdk14Logger [http-nio-8080-exec-10] REQUEST DATA : uri=/api/crm/dashboard/customerpipeline;payload={"fromDate":"2020-12-01","toDate":"2020-12-31"}]
2020-12-07 23:28:29,445 WARN org.apache.commons.logging.impl.Jdk14Logger [http-nio-8080-exec-3] JWT Token does not begin with 	Bearer String
2020-12-07 23:28:32,300 DEBUG org.apache.commons.logging.impl.Jdk14Logger [http-nio-8080-exec-5] Before request [uri=/api/crm/activity/getleadactivitypage?size=12&page=0]
2020-12-07 23:28:32,302 DEBUG org.apache.commons.logging.impl.Jdk14Logger [http-nio-8080-exec-5] Before request [uri=/api/crm/activity/getleadactivitypage?size=12&page=0;client=127.0.0.1;user=sridhar]
2020-12-07 23:28:32,410 DEBUG org.apache.commons.logging.impl.Jdk14Logger [http-nio-8080-exec-7] Before request [uri=/user/list]
2020-12-07 23:28:32,413 DEBUG org.apache.commons.logging.impl.Jdk14Logger [http-nio-8080-exec-7] Before request [uri=/user/list;client=127.0.0.1;user=sridhar]
2020-12-07 23:28:32,530 DEBUG org.apache.commons.logging.impl.Jdk14Logger [http-nio-8080-exec-7] After request [uri=/user/list;client=127.0.0.1;user=sridhar]
2020-12-07 23:28:32,532 DEBUG org.apache.commons.logging.impl.Jdk14Logger [http-nio-8080-exec-7] REQUEST DATA : uri=/user/list]
2020-12-07 23:28:32,662 DEBUG org.apache.commons.logging.impl.Jdk14Logger [http-nio-8080-exec-5] After request [uri=/api/crm/activity/getleadactivitypage?size=12&page=0;client=127.0.0.1;user=sridhar;payload={"filterData":[{"attrName":"globalSearch","attrValue":[]}]}]
2020-12-07 23:28:32,662 DEBUG org.apache.commons.logging.impl.Jdk14Logger [http-nio-8080-exec-5] REQUEST DATA : uri=/api/crm/activity/getleadactivitypage?size=12&page=0;payload={"filterData":[{"attrName":"globalSearch","attrValue":[]}]}]
2020-12-07 23:28:33,067 DEBUG org.apache.commons.logging.impl.Jdk14Logger [http-nio-8080-exec-2] Before request [uri=/api/crm/activity/getleadactivitypage?size=12&page=0]
2020-12-07 23:28:33,068 DEBUG org.apache.commons.logging.impl.Jdk14Logger [http-nio-8080-exec-2] Before request [uri=/api/crm/activity/getleadactivitypage?size=12&page=0;client=127.0.0.1;user=sridhar]
2020-12-07 23:28:33,162 DEBUG org.apache.commons.logging.impl.Jdk14Logger [http-nio-8080-exec-1] Before request [uri=/user/list]
2020-12-07 23:28:33,163 DEBUG org.apache.commons.logging.impl.Jdk14Logger [http-nio-8080-exec-1] Before request [uri=/user/list;client=127.0.0.1;user=sridhar]
2020-12-07 23:28:33,184 DEBUG org.apache.commons.logging.impl.Jdk14Logger [http-nio-8080-exec-1] After request [uri=/user/list;client=127.0.0.1;user=sridhar]
2020-12-07 23:28:33,186 DEBUG org.apache.commons.logging.impl.Jdk14Logger [http-nio-8080-exec-1] REQUEST DATA : uri=/user/list]
2020-12-07 23:28:33,568 DEBUG org.apache.commons.logging.impl.Jdk14Logger [http-nio-8080-exec-2] After request [uri=/api/crm/activity/getleadactivitypage?size=12&page=0;client=127.0.0.1;user=sridhar;payload={"filterData":[{"attrName":"globalSearch","attrValue":[]}]}]
2020-12-07 23:28:33,569 DEBUG org.apache.commons.logging.impl.Jdk14Logger [http-nio-8080-exec-2] REQUEST DATA : uri=/api/crm/activity/getleadactivitypage?size=12&page=0;payload={"filterData":[{"attrName":"globalSearch","attrValue":[]}]}]
2020-12-07 23:28:36,058 DEBUG org.apache.commons.logging.impl.Jdk14Logger [http-nio-8080-exec-4] Before request [uri=/api/crm/lead/validLeadStatus]
2020-12-07 23:28:36,059 DEBUG org.apache.commons.logging.impl.Jdk14Logger [http-nio-8080-exec-4] Before request [uri=/api/crm/lead/validLeadStatus;client=127.0.0.1;user=sridhar]
2020-12-07 23:28:36,068 DEBUG org.apache.commons.logging.impl.Jdk14Logger [http-nio-8080-exec-4] After request [uri=/api/crm/lead/validLeadStatus;client=127.0.0.1;user=sridhar]
2020-12-07 23:28:36,069 DEBUG org.apache.commons.logging.impl.Jdk14Logger [http-nio-8080-exec-4] REQUEST DATA : uri=/api/crm/lead/validLeadStatus]
2020-12-07 23:28:36,102 DEBUG org.apache.commons.logging.impl.Jdk14Logger [http-nio-8080-exec-8] Before request [uri=/api/crm/lead/validLeadStatus]
2020-12-07 23:28:36,103 DEBUG org.apache.commons.logging.impl.Jdk14Logger [http-nio-8080-exec-8] Before request [uri=/api/crm/lead/validLeadStatus;client=127.0.0.1;user=sridhar]
2020-12-07 23:28:36,117 DEBUG org.apache.commons.logging.impl.Jdk14Logger [http-nio-8080-exec-8] After request [uri=/api/crm/lead/validLeadStatus;client=127.0.0.1;user=sridhar]
2020-12-07 23:28:36,121 DEBUG org.apache.commons.logging.impl.Jdk14Logger [http-nio-8080-exec-8] REQUEST DATA : uri=/api/crm/lead/validLeadStatus]
2020-12-07 23:28:36,256 DEBUG org.apache.commons.logging.impl.Jdk14Logger [http-nio-8080-exec-9] Before request [uri=/api/crm/lead/106942]
2020-12-07 23:28:36,257 DEBUG org.apache.commons.logging.impl.Jdk14Logger [http-nio-8080-exec-9] Before request [uri=/api/crm/lead/106942;client=127.0.0.1;user=sridhar]
2020-12-07 23:28:36,271 DEBUG org.apache.commons.logging.impl.Jdk14Logger [http-nio-8080-exec-9] After request [uri=/api/crm/lead/106942;client=127.0.0.1;user=sridhar]
2020-12-07 23:28:36,272 DEBUG org.apache.commons.logging.impl.Jdk14Logger [http-nio-8080-exec-9] REQUEST DATA : uri=/api/crm/lead/106942]
2020-12-07 23:28:36,303 DEBUG org.apache.commons.logging.impl.Jdk14Logger [http-nio-8080-exec-6] Before request [uri=/api/crm/lead/getallinfo/106942]
2020-12-07 23:28:36,304 DEBUG org.apache.commons.logging.impl.Jdk14Logger [http-nio-8080-exec-6] Before request [uri=/api/crm/lead/getallinfo/106942;client=127.0.0.1;user=sridhar]
2020-12-07 23:28:36,479 DEBUG org.apache.commons.logging.impl.Jdk14Logger [http-nio-8080-exec-10] Before request [uri=/api/crm/lead/106942]
2020-12-07 23:28:36,481 DEBUG org.apache.commons.logging.impl.Jdk14Logger [http-nio-8080-exec-10] Before request [uri=/api/crm/lead/106942;client=127.0.0.1;user=sridhar]
2020-12-07 23:28:36,501 DEBUG org.apache.commons.logging.impl.Jdk14Logger [http-nio-8080-exec-10] After request [uri=/api/crm/lead/106942;client=127.0.0.1;user=sridhar]
2020-12-07 23:28:36,502 DEBUG org.apache.commons.logging.impl.Jdk14Logger [http-nio-8080-exec-10] REQUEST DATA : uri=/api/crm/lead/106942]
2020-12-07 23:28:36,652 DEBUG org.apache.commons.logging.impl.Jdk14Logger [http-nio-8080-exec-6] After request [uri=/api/crm/lead/getallinfo/106942;client=127.0.0.1;user=sridhar]
2020-12-07 23:28:36,654 DEBUG org.apache.commons.logging.impl.Jdk14Logger [http-nio-8080-exec-6] REQUEST DATA : uri=/api/crm/lead/getallinfo/106942]
2020-12-07 23:28:36,676 DEBUG org.apache.commons.logging.impl.Jdk14Logger [http-nio-8080-exec-3] Before request [uri=/api/crm/lead/getallinfo/106942]
2020-12-07 23:28:36,680 DEBUG org.apache.commons.logging.impl.Jdk14Logger [http-nio-8080-exec-3] Before request [uri=/api/crm/lead/getallinfo/106942;client=127.0.0.1;user=sridhar]
2020-12-07 23:28:36,747 DEBUG org.apache.commons.logging.impl.Jdk14Logger [http-nio-8080-exec-3] After request [uri=/api/crm/lead/getallinfo/106942;client=127.0.0.1;user=sridhar]
2020-12-07 23:28:36,748 DEBUG org.apache.commons.logging.impl.Jdk14Logger [http-nio-8080-exec-3] REQUEST DATA : uri=/api/crm/lead/getallinfo/106942]
2020-12-07 23:28:38,741 DEBUG org.apache.commons.logging.impl.Jdk14Logger [http-nio-8080-exec-7] Before request [uri=/api/crm/activity/validActivityTypes]
2020-12-07 23:28:38,742 DEBUG org.apache.commons.logging.impl.Jdk14Logger [http-nio-8080-exec-7] Before request [uri=/api/crm/activity/validActivityTypes;client=127.0.0.1;user=sridhar]
2020-12-07 23:28:38,790 DEBUG org.apache.commons.logging.impl.Jdk14Logger [http-nio-8080-exec-7] After request [uri=/api/crm/activity/validActivityTypes;client=127.0.0.1;user=sridhar]
2020-12-07 23:28:38,791 DEBUG org.apache.commons.logging.impl.Jdk14Logger [http-nio-8080-exec-7] REQUEST DATA : uri=/api/crm/activity/validActivityTypes]
2020-12-07 23:28:42,468 DEBUG org.apache.commons.logging.impl.Jdk14Logger [http-nio-8080-exec-5] Before request [uri=/api/crm/activity/106946]
2020-12-07 23:28:42,469 DEBUG org.apache.commons.logging.impl.Jdk14Logger [http-nio-8080-exec-5] Before request [uri=/api/crm/activity/106946;client=127.0.0.1;user=sridhar]
2020-12-07 23:28:42,506 DEBUG org.apache.commons.logging.impl.Jdk14Logger [http-nio-8080-exec-1] Before request [uri=/user/me]
2020-12-07 23:28:42,507 DEBUG org.apache.commons.logging.impl.Jdk14Logger [http-nio-8080-exec-1] Before request [uri=/user/me;client=127.0.0.1;user=sridhar]
2020-12-07 23:28:42,517 DEBUG org.apache.commons.logging.impl.Jdk14Logger [http-nio-8080-exec-1] After request [uri=/user/me;client=127.0.0.1;user=sridhar]
2020-12-07 23:28:42,518 DEBUG org.apache.commons.logging.impl.Jdk14Logger [http-nio-8080-exec-1] REQUEST DATA : uri=/user/me]
2020-12-07 23:28:42,599 DEBUG org.apache.commons.logging.impl.Jdk14Logger [http-nio-8080-exec-5] After request [uri=/api/crm/activity/106946;client=127.0.0.1;user=sridhar;payload={"closingComment":"sda"}]
2020-12-07 23:28:42,600 DEBUG org.apache.commons.logging.impl.Jdk14Logger [http-nio-8080-exec-5] REQUEST DATA : uri=/api/crm/activity/106946;payload={"closingComment":"sda"}]
2020-12-07 23:28:45,606 DEBUG org.apache.commons.logging.impl.Jdk14Logger [http-nio-8080-exec-2] Before request [uri=/api/crm/lead/validLeadStatus]
2020-12-07 23:28:45,609 DEBUG org.apache.commons.logging.impl.Jdk14Logger [http-nio-8080-exec-2] Before request [uri=/api/crm/lead/validLeadStatus;client=127.0.0.1;user=sridhar]
2020-12-07 23:28:45,625 DEBUG org.apache.commons.logging.impl.Jdk14Logger [http-nio-8080-exec-2] After request [uri=/api/crm/lead/validLeadStatus;client=127.0.0.1;user=sridhar]
2020-12-07 23:28:45,626 DEBUG org.apache.commons.logging.impl.Jdk14Logger [http-nio-8080-exec-2] REQUEST DATA : uri=/api/crm/lead/validLeadStatus]
2020-12-07 23:28:45,891 DEBUG org.apache.commons.logging.impl.Jdk14Logger [http-nio-8080-exec-4] Before request [uri=/api/crm/lead/106942]
2020-12-07 23:28:45,892 DEBUG org.apache.commons.logging.impl.Jdk14Logger [http-nio-8080-exec-4] Before request [uri=/api/crm/lead/106942;client=127.0.0.1;user=sridhar]
2020-12-07 23:28:45,915 DEBUG org.apache.commons.logging.impl.Jdk14Logger [http-nio-8080-exec-4] After request [uri=/api/crm/lead/106942;client=127.0.0.1;user=sridhar]
2020-12-07 23:28:45,916 DEBUG org.apache.commons.logging.impl.Jdk14Logger [http-nio-8080-exec-4] REQUEST DATA : uri=/api/crm/lead/106942]
2020-12-07 23:28:45,955 DEBUG org.apache.commons.logging.impl.Jdk14Logger [http-nio-8080-exec-8] Before request [uri=/api/crm/lead/getallinfo/106942]
2020-12-07 23:28:45,956 DEBUG org.apache.commons.logging.impl.Jdk14Logger [http-nio-8080-exec-8] Before request [uri=/api/crm/lead/getallinfo/106942;client=127.0.0.1;user=sridhar]
2020-12-07 23:28:46,016 DEBUG org.apache.commons.logging.impl.Jdk14Logger [http-nio-8080-exec-8] After request [uri=/api/crm/lead/getallinfo/106942;client=127.0.0.1;user=sridhar]
2020-12-07 23:28:46,018 DEBUG org.apache.commons.logging.impl.Jdk14Logger [http-nio-8080-exec-8] REQUEST DATA : uri=/api/crm/lead/getallinfo/106942]
2020-12-07 23:28:46,955 WARN org.apache.commons.logging.impl.Jdk14Logger [http-nio-8080-exec-9] JWT Token does not begin with 	Bearer String
2020-12-07 23:28:49,513 DEBUG org.apache.commons.logging.impl.Jdk14Logger [http-nio-8080-exec-10] Before request [uri=/api/crm/activity/106949]
2020-12-07 23:28:49,514 DEBUG org.apache.commons.logging.impl.Jdk14Logger [http-nio-8080-exec-10] Before request [uri=/api/crm/activity/106949;client=127.0.0.1;user=sridhar]
2020-12-07 23:28:49,540 DEBUG org.apache.commons.logging.impl.Jdk14Logger [http-nio-8080-exec-6] Before request [uri=/user/me]
2020-12-07 23:28:49,541 DEBUG org.apache.commons.logging.impl.Jdk14Logger [http-nio-8080-exec-6] Before request [uri=/user/me;client=127.0.0.1;user=sridhar]
2020-12-07 23:28:49,550 DEBUG org.apache.commons.logging.impl.Jdk14Logger [http-nio-8080-exec-6] After request [uri=/user/me;client=127.0.0.1;user=sridhar]
2020-12-07 23:28:49,551 DEBUG org.apache.commons.logging.impl.Jdk14Logger [http-nio-8080-exec-6] REQUEST DATA : uri=/user/me]
2020-12-07 23:28:49,576 DEBUG org.apache.commons.logging.impl.Jdk14Logger [http-nio-8080-exec-10] After request [uri=/api/crm/activity/106949;client=127.0.0.1;user=sridhar;payload={"closingComment":"adasd"}]
2020-12-07 23:28:49,577 DEBUG org.apache.commons.logging.impl.Jdk14Logger [http-nio-8080-exec-10] REQUEST DATA : uri=/api/crm/activity/106949;payload={"closingComment":"adasd"}]
2020-12-07 23:28:52,522 DEBUG org.apache.commons.logging.impl.Jdk14Logger [http-nio-8080-exec-3] Before request [uri=/api/crm/lead/validLeadStatus]
2020-12-07 23:28:52,523 DEBUG org.apache.commons.logging.impl.Jdk14Logger [http-nio-8080-exec-3] Before request [uri=/api/crm/lead/validLeadStatus;client=127.0.0.1;user=sridhar]
2020-12-07 23:28:52,540 DEBUG org.apache.commons.logging.impl.Jdk14Logger [http-nio-8080-exec-3] After request [uri=/api/crm/lead/validLeadStatus;client=127.0.0.1;user=sridhar]
2020-12-07 23:28:52,541 DEBUG org.apache.commons.logging.impl.Jdk14Logger [http-nio-8080-exec-3] REQUEST DATA : uri=/api/crm/lead/validLeadStatus]
2020-12-07 23:28:52,823 DEBUG org.apache.commons.logging.impl.Jdk14Logger [http-nio-8080-exec-1] Before request [uri=/api/crm/lead/getallinfo/106942]
2020-12-07 23:28:52,822 DEBUG org.apache.commons.logging.impl.Jdk14Logger [http-nio-8080-exec-7] Before request [uri=/api/crm/lead/106942]
2020-12-07 23:28:52,824 DEBUG org.apache.commons.logging.impl.Jdk14Logger [http-nio-8080-exec-7] Before request [uri=/api/crm/lead/106942;client=127.0.0.1;user=sridhar]
2020-12-07 23:28:52,824 DEBUG org.apache.commons.logging.impl.Jdk14Logger [http-nio-8080-exec-1] Before request [uri=/api/crm/lead/getallinfo/106942;client=127.0.0.1;user=sridhar]
2020-12-07 23:28:52,849 DEBUG org.apache.commons.logging.impl.Jdk14Logger [http-nio-8080-exec-7] After request [uri=/api/crm/lead/106942;client=127.0.0.1;user=sridhar]
2020-12-07 23:28:52,851 DEBUG org.apache.commons.logging.impl.Jdk14Logger [http-nio-8080-exec-7] REQUEST DATA : uri=/api/crm/lead/106942]
2020-12-07 23:28:52,953 DEBUG org.apache.commons.logging.impl.Jdk14Logger [http-nio-8080-exec-1] After request [uri=/api/crm/lead/getallinfo/106942;client=127.0.0.1;user=sridhar]
2020-12-07 23:28:52,956 DEBUG org.apache.commons.logging.impl.Jdk14Logger [http-nio-8080-exec-1] REQUEST DATA : uri=/api/crm/lead/getallinfo/106942]
2020-12-07 23:28:54,344 WARN org.apache.commons.logging.impl.Jdk14Logger [http-nio-8080-exec-5] JWT Token does not begin with 	Bearer String
2020-12-07 23:28:55,691 DEBUG org.apache.commons.logging.impl.Jdk14Logger [http-nio-8080-exec-2] Before request [uri=/api/crm/activity/validActivityTypes]
2020-12-07 23:28:55,692 DEBUG org.apache.commons.logging.impl.Jdk14Logger [http-nio-8080-exec-2] Before request [uri=/api/crm/activity/validActivityTypes;client=127.0.0.1;user=sridhar]
2020-12-07 23:28:55,707 DEBUG org.apache.commons.logging.impl.Jdk14Logger [http-nio-8080-exec-2] After request [uri=/api/crm/activity/validActivityTypes;client=127.0.0.1;user=sridhar]
2020-12-07 23:28:55,708 DEBUG org.apache.commons.logging.impl.Jdk14Logger [http-nio-8080-exec-2] REQUEST DATA : uri=/api/crm/activity/validActivityTypes]
2020-12-07 23:29:28,534 DEBUG org.apache.commons.logging.impl.Jdk14Logger [http-nio-8080-exec-4] Before request [uri=/api/crm/activity/create]
2020-12-07 23:29:28,539 DEBUG org.apache.commons.logging.impl.Jdk14Logger [http-nio-8080-exec-4] Before request [uri=/api/crm/activity/create;client=127.0.0.1;user=sridhar]
2020-12-07 23:29:28,584 DEBUG org.apache.commons.logging.impl.Jdk14Logger [http-nio-8080-exec-8] Before request [uri=/user/me]
2020-12-07 23:29:28,585 DEBUG org.apache.commons.logging.impl.Jdk14Logger [http-nio-8080-exec-8] Before request [uri=/user/me;client=127.0.0.1;user=sridhar]
2020-12-07 23:29:28,592 DEBUG org.apache.commons.logging.impl.Jdk14Logger [http-nio-8080-exec-8] After request [uri=/user/me;client=127.0.0.1;user=sridhar]
2020-12-07 23:29:28,594 DEBUG org.apache.commons.logging.impl.Jdk14Logger [http-nio-8080-exec-8] REQUEST DATA : uri=/user/me]
2020-12-07 23:29:28,639 DEBUG org.apache.commons.logging.impl.Jdk14Logger [http-nio-8080-exec-9] Before request [uri=/user/me]
2020-12-07 23:29:28,640 DEBUG org.apache.commons.logging.impl.Jdk14Logger [http-nio-8080-exec-9] Before request [uri=/user/me;client=127.0.0.1;user=sridhar]
2020-12-07 23:29:28,648 DEBUG org.apache.commons.logging.impl.Jdk14Logger [http-nio-8080-exec-9] After request [uri=/user/me;client=127.0.0.1;user=sridhar]
2020-12-07 23:29:28,649 DEBUG org.apache.commons.logging.impl.Jdk14Logger [http-nio-8080-exec-9] REQUEST DATA : uri=/user/me]
2020-12-07 23:29:28,710 DEBUG org.apache.commons.logging.impl.Jdk14Logger [http-nio-8080-exec-4] After request [uri=/api/crm/activity/create;client=127.0.0.1;user=sridhar;payload={"title":"asdsad","activityDateTime":"2020-12-07 23:33","activityType":"Reminder","description":"sdasd","leadId":"106942"}]
2020-12-07 23:29:28,714 DEBUG org.apache.commons.logging.impl.Jdk14Logger [http-nio-8080-exec-4] REQUEST DATA : uri=/api/crm/activity/create;payload={"title":"asdsad","activityDateTime":"2020-12-07 23:33","activityType":"Reminder","description":"sdasd","leadId":"106942"}]
2020-12-07 23:29:32,299 DEBUG org.apache.commons.logging.impl.Jdk14Logger [http-nio-8080-exec-6] Before request [uri=/api/crm/lead/validLeadStatus]
2020-12-07 23:29:32,300 DEBUG org.apache.commons.logging.impl.Jdk14Logger [http-nio-8080-exec-6] Before request [uri=/api/crm/lead/validLeadStatus;client=127.0.0.1;user=sridhar]
2020-12-07 23:29:32,310 DEBUG org.apache.commons.logging.impl.Jdk14Logger [http-nio-8080-exec-6] After request [uri=/api/crm/lead/validLeadStatus;client=127.0.0.1;user=sridhar]
2020-12-07 23:29:32,311 DEBUG org.apache.commons.logging.impl.Jdk14Logger [http-nio-8080-exec-6] REQUEST DATA : uri=/api/crm/lead/validLeadStatus]
2020-12-07 23:29:32,772 DEBUG org.apache.commons.logging.impl.Jdk14Logger [http-nio-8080-exec-10] Before request [uri=/api/crm/lead/106942]
2020-12-07 23:29:32,775 DEBUG org.apache.commons.logging.impl.Jdk14Logger [http-nio-8080-exec-10] Before request [uri=/api/crm/lead/106942;client=127.0.0.1;user=sridhar]
2020-12-07 23:29:32,810 DEBUG org.apache.commons.logging.impl.Jdk14Logger [http-nio-8080-exec-10] After request [uri=/api/crm/lead/106942;client=127.0.0.1;user=sridhar]
2020-12-07 23:29:32,811 DEBUG org.apache.commons.logging.impl.Jdk14Logger [http-nio-8080-exec-10] REQUEST DATA : uri=/api/crm/lead/106942]
2020-12-07 23:29:33,217 DEBUG org.apache.commons.logging.impl.Jdk14Logger [http-nio-8080-exec-3] Before request [uri=/api/crm/lead/getallinfo/106942]
2020-12-07 23:29:33,217 DEBUG org.apache.commons.logging.impl.Jdk14Logger [http-nio-8080-exec-3] Before request [uri=/api/crm/lead/getallinfo/106942;client=127.0.0.1;user=sridhar]
2020-12-07 23:29:33,490 DEBUG org.apache.commons.logging.impl.Jdk14Logger [http-nio-8080-exec-3] After request [uri=/api/crm/lead/getallinfo/106942;client=127.0.0.1;user=sridhar]
2020-12-07 23:29:33,491 DEBUG org.apache.commons.logging.impl.Jdk14Logger [http-nio-8080-exec-3] REQUEST DATA : uri=/api/crm/lead/getallinfo/106942]
2020-12-07 23:29:34,509 WARN org.apache.commons.logging.impl.Jdk14Logger [http-nio-8080-exec-7] JWT Token does not begin with 	Bearer String
2020-12-07 23:30:17,630 WARN org.apache.commons.logging.impl.Jdk14Logger [http-nio-8080-exec-1] JWT Token does not begin with 	Bearer String
2020-12-07 23:30:17,632 DEBUG org.apache.commons.logging.impl.Jdk14Logger [http-nio-8080-exec-1] Before request [uri=/notification/send]
2020-12-07 23:30:17,633 DEBUG org.apache.commons.logging.impl.Jdk14Logger [http-nio-8080-exec-1] Before request [uri=/notification/send;client=127.0.0.1]
2020-12-07 23:30:17,634 INFO com.ec.common.Service.AndroidTokenDetailsService [http-nio-8080-exec-1] Fetching token for user - 10001
2020-12-07 23:30:18,025 ERROR com.ec.common.Service.GatewayNotificationService [http-nio-8080-exec-1] Fail to send firebase notification
com.google.firebase.messaging.FirebaseMessagingException: The registration token is not a valid FCM registration token
	at com.google.firebase.messaging.FirebaseMessagingClientImpl.newException(FirebaseMessagingClientImpl.java:307)
	at com.google.firebase.messaging.FirebaseMessagingClientImpl.createExceptionFromResponse(FirebaseMessagingClientImpl.java:212)
	at com.google.firebase.messaging.FirebaseMessagingClientImpl.send(FirebaseMessagingClientImpl.java:128)
	at com.google.firebase.messaging.FirebaseMessaging$1.execute(FirebaseMessaging.java:139)
	at com.google.firebase.messaging.FirebaseMessaging$1.execute(FirebaseMessaging.java:136)
	at com.google.firebase.internal.CallableOperation.call(CallableOperation.java:36)
	at com.google.firebase.messaging.FirebaseMessaging.send(FirebaseMessaging.java:106)
	at com.google.firebase.messaging.FirebaseMessaging.send(FirebaseMessaging.java:90)
	at com.ec.common.Service.GatewayNotificationService.sendPnsToDevice(GatewayNotificationService.java:80)
	at com.ec.common.Controller.AndroidNotificationController.sendPnsToDevice(AndroidNotificationController.java:22)
	at sun.reflect.NativeMethodAccessorImpl.invoke0(Native Method)
	at sun.reflect.NativeMethodAccessorImpl.invoke(NativeMethodAccessorImpl.java:62)
	at sun.reflect.DelegatingMethodAccessorImpl.invoke(DelegatingMethodAccessorImpl.java:43)
	at java.lang.reflect.Method.invoke(Method.java:498)
	at org.springframework.web.method.support.InvocableHandlerMethod.doInvoke(InvocableHandlerMethod.java:209)
	at org.springframework.web.method.support.InvocableHandlerMethod.invokeForRequest(InvocableHandlerMethod.java:136)
	at org.springframework.web.servlet.mvc.method.annotation.ServletInvocableHandlerMethod.invokeAndHandle(ServletInvocableHandlerMethod.java:102)
	at org.springframework.web.servlet.mvc.method.annotation.RequestMappingHandlerAdapter.invokeHandlerMethod(RequestMappingHandlerAdapter.java:891)
	at org.springframework.web.servlet.mvc.method.annotation.RequestMappingHandlerAdapter.handleInternal(RequestMappingHandlerAdapter.java:797)
	at org.springframework.web.servlet.mvc.method.AbstractHandlerMethodAdapter.handle(AbstractHandlerMethodAdapter.java:87)
	at org.springframework.web.servlet.DispatcherServlet.doDispatch(DispatcherServlet.java:991)
	at org.springframework.web.servlet.DispatcherServlet.doService(DispatcherServlet.java:925)
	at org.springframework.web.servlet.FrameworkServlet.processRequest(FrameworkServlet.java:974)
	at org.springframework.web.servlet.FrameworkServlet.doPost(FrameworkServlet.java:877)
	at javax.servlet.http.HttpServlet.service(HttpServlet.java:661)
	at org.springframework.web.servlet.FrameworkServlet.service(FrameworkServlet.java:851)
	at javax.servlet.http.HttpServlet.service(HttpServlet.java:742)
	at org.apache.catalina.core.ApplicationFilterChain.internalDoFilter(ApplicationFilterChain.java:231)
	at org.apache.catalina.core.ApplicationFilterChain.doFilter(ApplicationFilterChain.java:166)
	at org.apache.tomcat.websocket.server.WsFilter.doFilter(WsFilter.java:52)
	at org.apache.catalina.core.ApplicationFilterChain.internalDoFilter(ApplicationFilterChain.java:193)
	at org.apache.catalina.core.ApplicationFilterChain.doFilter(ApplicationFilterChain.java:166)
	at org.springframework.web.filter.AbstractRequestLoggingFilter.doFilterInternal(AbstractRequestLoggingFilter.java:246)
	at org.springframework.web.filter.OncePerRequestFilter.doFilter(OncePerRequestFilter.java:107)
	at org.apache.catalina.core.ApplicationFilterChain.internalDoFilter(ApplicationFilterChain.java:193)
	at org.apache.catalina.core.ApplicationFilterChain.doFilter(ApplicationFilterChain.java:166)
	at org.springframework.web.filter.AbstractRequestLoggingFilter.doFilterInternal(AbstractRequestLoggingFilter.java:246)
	at org.springframework.web.filter.OncePerRequestFilter.doFilter(OncePerRequestFilter.java:107)
	at org.apache.catalina.core.ApplicationFilterChain.internalDoFilter(ApplicationFilterChain.java:193)
	at org.apache.catalina.core.ApplicationFilterChain.doFilter(ApplicationFilterChain.java:166)
	at org.springframework.web.filter.OncePerRequestFilter.doFilter(OncePerRequestFilter.java:101)
	at org.apache.catalina.core.ApplicationFilterChain.internalDoFilter(ApplicationFilterChain.java:193)
	at org.apache.catalina.core.ApplicationFilterChain.doFilter(ApplicationFilterChain.java:166)
	at org.springframework.boot.actuate.web.trace.servlet.HttpTraceFilter.doFilterInternal(HttpTraceFilter.java:90)
	at org.springframework.web.filter.OncePerRequestFilter.doFilter(OncePerRequestFilter.java:107)
	at org.apache.catalina.core.ApplicationFilterChain.internalDoFilter(ApplicationFilterChain.java:193)
	at org.apache.catalina.core.ApplicationFilterChain.doFilter(ApplicationFilterChain.java:166)
	at org.springframework.security.web.FilterChainProxy$VirtualFilterChain.doFilter(FilterChainProxy.java:320)
	at org.springframework.security.web.access.intercept.FilterSecurityInterceptor.invoke(FilterSecurityInterceptor.java:127)
	at org.springframework.security.web.access.intercept.FilterSecurityInterceptor.doFilter(FilterSecurityInterceptor.java:91)
	at org.springframework.security.web.FilterChainProxy$VirtualFilterChain.doFilter(FilterChainProxy.java:334)
	at org.springframework.security.web.access.ExceptionTranslationFilter.doFilter(ExceptionTranslationFilter.java:119)
	at org.springframework.security.web.FilterChainProxy$VirtualFilterChain.doFilter(FilterChainProxy.java:334)
	at org.springframework.security.web.session.SessionManagementFilter.doFilter(SessionManagementFilter.java:137)
	at org.springframework.security.web.FilterChainProxy$VirtualFilterChain.doFilter(FilterChainProxy.java:334)
	at org.springframework.security.web.authentication.AnonymousAuthenticationFilter.doFilter(AnonymousAuthenticationFilter.java:111)
	at org.springframework.security.web.FilterChainProxy$VirtualFilterChain.doFilter(FilterChainProxy.java:334)
	at org.springframework.security.web.servletapi.SecurityContextHolderAwareRequestFilter.doFilter(SecurityContextHolderAwareRequestFilter.java:170)
	at org.springframework.security.web.FilterChainProxy$VirtualFilterChain.doFilter(FilterChainProxy.java:334)
	at org.springframework.security.web.savedrequest.RequestCacheAwareFilter.doFilter(RequestCacheAwareFilter.java:63)
	at org.springframework.security.web.FilterChainProxy$VirtualFilterChain.doFilter(FilterChainProxy.java:334)
	at com.ec.common.JWTUtils.JwtRequestFilter.doFilterInternal(JwtRequestFilter.java:60)
	at org.springframework.web.filter.OncePerRequestFilter.doFilter(OncePerRequestFilter.java:107)
	at org.springframework.security.web.FilterChainProxy$VirtualFilterChain.doFilter(FilterChainProxy.java:334)
	at org.springframework.security.web.authentication.logout.LogoutFilter.doFilter(LogoutFilter.java:116)
	at org.springframework.security.web.FilterChainProxy$VirtualFilterChain.doFilter(FilterChainProxy.java:334)
	at org.springframework.web.filter.CorsFilter.doFilterInternal(CorsFilter.java:96)
	at org.springframework.web.filter.OncePerRequestFilter.doFilter(OncePerRequestFilter.java:107)
	at org.springframework.security.web.FilterChainProxy$VirtualFilterChain.doFilter(FilterChainProxy.java:334)
	at org.springframework.security.web.header.HeaderWriterFilter.doFilterInternal(HeaderWriterFilter.java:66)
	at org.springframework.web.filter.OncePerRequestFilter.doFilter(OncePerRequestFilter.java:107)
	at org.springframework.security.web.FilterChainProxy$VirtualFilterChain.doFilter(FilterChainProxy.java:334)
	at org.springframework.security.web.context.SecurityContextPersistenceFilter.doFilter(SecurityContextPersistenceFilter.java:105)
	at org.springframework.security.web.FilterChainProxy$VirtualFilterChain.doFilter(FilterChainProxy.java:334)
	at org.springframework.security.web.context.request.async.WebAsyncManagerIntegrationFilter.doFilterInternal(WebAsyncManagerIntegrationFilter.java:56)
	at org.springframework.web.filter.OncePerRequestFilter.doFilter(OncePerRequestFilter.java:107)
	at org.springframework.security.web.FilterChainProxy$VirtualFilterChain.doFilter(FilterChainProxy.java:334)
	at org.springframework.security.web.FilterChainProxy.doFilterInternal(FilterChainProxy.java:215)
	at org.springframework.security.web.FilterChainProxy.doFilter(FilterChainProxy.java:178)
	at org.springframework.web.filter.DelegatingFilterProxy.invokeDelegate(DelegatingFilterProxy.java:357)
	at org.springframework.web.filter.DelegatingFilterProxy.doFilter(DelegatingFilterProxy.java:270)
	at org.apache.catalina.core.ApplicationFilterChain.internalDoFilter(ApplicationFilterChain.java:193)
	at org.apache.catalina.core.ApplicationFilterChain.doFilter(ApplicationFilterChain.java:166)
	at org.springframework.boot.actuate.metrics.web.servlet.WebMvcMetricsFilter.filterAndRecordMetrics(WebMvcMetricsFilter.java:155)
	at org.springframework.boot.actuate.metrics.web.servlet.WebMvcMetricsFilter.filterAndRecordMetrics(WebMvcMetricsFilter.java:123)
	at org.springframework.boot.actuate.metrics.web.servlet.WebMvcMetricsFilter.doFilterInternal(WebMvcMetricsFilter.java:108)
	at org.springframework.web.filter.OncePerRequestFilter.doFilter(OncePerRequestFilter.java:107)
	at org.apache.catalina.core.ApplicationFilterChain.internalDoFilter(ApplicationFilterChain.java:193)
	at org.apache.catalina.core.ApplicationFilterChain.doFilter(ApplicationFilterChain.java:166)
	at org.springframework.web.filter.CharacterEncodingFilter.doFilterInternal(CharacterEncodingFilter.java:200)
	at org.springframework.web.filter.OncePerRequestFilter.doFilter(OncePerRequestFilter.java:107)
	at org.apache.catalina.core.ApplicationFilterChain.internalDoFilter(ApplicationFilterChain.java:193)
	at org.apache.catalina.core.ApplicationFilterChain.doFilter(ApplicationFilterChain.java:166)
	at org.apache.catalina.core.StandardWrapperValve.invoke(StandardWrapperValve.java:198)
	at org.apache.catalina.core.StandardContextValve.invoke(StandardContextValve.java:96)
	at org.apache.catalina.authenticator.AuthenticatorBase.invoke(AuthenticatorBase.java:493)
	at org.apache.catalina.core.StandardHostValve.invoke(StandardHostValve.java:140)
	at org.apache.catalina.valves.ErrorReportValve.invoke(ErrorReportValve.java:81)
	at org.apache.catalina.core.StandardEngineValve.invoke(StandardEngineValve.java:87)
	at org.apache.catalina.connector.CoyoteAdapter.service(CoyoteAdapter.java:342)
	at org.apache.coyote.http11.Http11Processor.service(Http11Processor.java:800)
	at org.apache.coyote.AbstractProcessorLight.process(AbstractProcessorLight.java:66)
	at org.apache.coyote.AbstractProtocol$ConnectionHandler.process(AbstractProtocol.java:806)
	at org.apache.tomcat.util.net.NioEndpoint$SocketProcessor.doRun(NioEndpoint.java:1498)
	at org.apache.tomcat.util.net.SocketProcessorBase.run(SocketProcessorBase.java:49)
	at java.util.concurrent.ThreadPoolExecutor.runWorker(ThreadPoolExecutor.java:1149)
	at java.util.concurrent.ThreadPoolExecutor$Worker.run(ThreadPoolExecutor.java:624)
	at org.apache.tomcat.util.threads.TaskThread$WrappingRunnable.run(TaskThread.java:61)
	at java.lang.Thread.run(Thread.java:748)
Caused by: com.google.api.client.http.HttpResponseException: 400 Bad Request
POST https://fcm.googleapis.com/v1/projects/evergreencity-6ff7c/messages:send
{
  "error": {
    "code": 400,
    "message": "The registration token is not a valid FCM registration token",
    "status": "INVALID_ARGUMENT",
    "details": [
      {
        "@type": "type.googleapis.com/google.firebase.fcm.v1.FcmError",
        "errorCode": "INVALID_ARGUMENT"
      }
    ]
  }
}

	at com.google.api.client.http.HttpRequest.execute(HttpRequest.java:1113)
	at com.google.firebase.messaging.FirebaseMessagingClientImpl.sendSingleRequest(FirebaseMessagingClientImpl.java:154)
	at com.google.firebase.messaging.FirebaseMessagingClientImpl.send(FirebaseMessagingClientImpl.java:126)
	... 106 common frames omitted
2020-12-07 23:30:18,033 DEBUG org.apache.commons.logging.impl.Jdk14Logger [http-nio-8080-exec-1] After request [uri=/notification/send;client=127.0.0.1;payload={"targetUserId":10001,"title":"Upcoming Activity for - Archana","body":"Activity Type - Reminder. Time -23:33"}]
2020-12-07 23:30:18,034 DEBUG org.apache.commons.logging.impl.Jdk14Logger [http-nio-8080-exec-1] REQUEST DATA : uri=/notification/send;payload={"targetUserId":10001,"title":"Upcoming Activity for - Archana","body":"Activity Type - Reminder. Time -23:33"}]
2020-12-07 23:31:18,086 WARN org.apache.commons.logging.impl.Jdk14Logger [http-nio-8080-exec-5] JWT Token does not begin with 	Bearer String
2020-12-07 23:31:18,087 DEBUG org.apache.commons.logging.impl.Jdk14Logger [http-nio-8080-exec-5] Before request [uri=/notification/send]
2020-12-07 23:31:18,088 DEBUG org.apache.commons.logging.impl.Jdk14Logger [http-nio-8080-exec-5] Before request [uri=/notification/send;client=127.0.0.1]
2020-12-07 23:31:18,090 INFO com.ec.common.Service.AndroidTokenDetailsService [http-nio-8080-exec-5] Fetching token for user - 10001
2020-12-07 23:31:18,259 ERROR com.ec.common.Service.GatewayNotificationService [http-nio-8080-exec-5] Fail to send firebase notification
com.google.firebase.messaging.FirebaseMessagingException: The registration token is not a valid FCM registration token
	at com.google.firebase.messaging.FirebaseMessagingClientImpl.newException(FirebaseMessagingClientImpl.java:307)
	at com.google.firebase.messaging.FirebaseMessagingClientImpl.createExceptionFromResponse(FirebaseMessagingClientImpl.java:212)
	at com.google.firebase.messaging.FirebaseMessagingClientImpl.send(FirebaseMessagingClientImpl.java:128)
	at com.google.firebase.messaging.FirebaseMessaging$1.execute(FirebaseMessaging.java:139)
	at com.google.firebase.messaging.FirebaseMessaging$1.execute(FirebaseMessaging.java:136)
	at com.google.firebase.internal.CallableOperation.call(CallableOperation.java:36)
	at com.google.firebase.messaging.FirebaseMessaging.send(FirebaseMessaging.java:106)
	at com.google.firebase.messaging.FirebaseMessaging.send(FirebaseMessaging.java:90)
	at com.ec.common.Service.GatewayNotificationService.sendPnsToDevice(GatewayNotificationService.java:80)
	at com.ec.common.Controller.AndroidNotificationController.sendPnsToDevice(AndroidNotificationController.java:22)
	at sun.reflect.NativeMethodAccessorImpl.invoke0(Native Method)
	at sun.reflect.NativeMethodAccessorImpl.invoke(NativeMethodAccessorImpl.java:62)
	at sun.reflect.DelegatingMethodAccessorImpl.invoke(DelegatingMethodAccessorImpl.java:43)
	at java.lang.reflect.Method.invoke(Method.java:498)
	at org.springframework.web.method.support.InvocableHandlerMethod.doInvoke(InvocableHandlerMethod.java:209)
	at org.springframework.web.method.support.InvocableHandlerMethod.invokeForRequest(InvocableHandlerMethod.java:136)
	at org.springframework.web.servlet.mvc.method.annotation.ServletInvocableHandlerMethod.invokeAndHandle(ServletInvocableHandlerMethod.java:102)
	at org.springframework.web.servlet.mvc.method.annotation.RequestMappingHandlerAdapter.invokeHandlerMethod(RequestMappingHandlerAdapter.java:891)
	at org.springframework.web.servlet.mvc.method.annotation.RequestMappingHandlerAdapter.handleInternal(RequestMappingHandlerAdapter.java:797)
	at org.springframework.web.servlet.mvc.method.AbstractHandlerMethodAdapter.handle(AbstractHandlerMethodAdapter.java:87)
	at org.springframework.web.servlet.DispatcherServlet.doDispatch(DispatcherServlet.java:991)
	at org.springframework.web.servlet.DispatcherServlet.doService(DispatcherServlet.java:925)
	at org.springframework.web.servlet.FrameworkServlet.processRequest(FrameworkServlet.java:974)
	at org.springframework.web.servlet.FrameworkServlet.doPost(FrameworkServlet.java:877)
	at javax.servlet.http.HttpServlet.service(HttpServlet.java:661)
	at org.springframework.web.servlet.FrameworkServlet.service(FrameworkServlet.java:851)
	at javax.servlet.http.HttpServlet.service(HttpServlet.java:742)
	at org.apache.catalina.core.ApplicationFilterChain.internalDoFilter(ApplicationFilterChain.java:231)
	at org.apache.catalina.core.ApplicationFilterChain.doFilter(ApplicationFilterChain.java:166)
	at org.apache.tomcat.websocket.server.WsFilter.doFilter(WsFilter.java:52)
	at org.apache.catalina.core.ApplicationFilterChain.internalDoFilter(ApplicationFilterChain.java:193)
	at org.apache.catalina.core.ApplicationFilterChain.doFilter(ApplicationFilterChain.java:166)
	at org.springframework.web.filter.AbstractRequestLoggingFilter.doFilterInternal(AbstractRequestLoggingFilter.java:246)
	at org.springframework.web.filter.OncePerRequestFilter.doFilter(OncePerRequestFilter.java:107)
	at org.apache.catalina.core.ApplicationFilterChain.internalDoFilter(ApplicationFilterChain.java:193)
	at org.apache.catalina.core.ApplicationFilterChain.doFilter(ApplicationFilterChain.java:166)
	at org.springframework.web.filter.AbstractRequestLoggingFilter.doFilterInternal(AbstractRequestLoggingFilter.java:246)
	at org.springframework.web.filter.OncePerRequestFilter.doFilter(OncePerRequestFilter.java:107)
	at org.apache.catalina.core.ApplicationFilterChain.internalDoFilter(ApplicationFilterChain.java:193)
	at org.apache.catalina.core.ApplicationFilterChain.doFilter(ApplicationFilterChain.java:166)
	at org.springframework.web.filter.OncePerRequestFilter.doFilter(OncePerRequestFilter.java:101)
	at org.apache.catalina.core.ApplicationFilterChain.internalDoFilter(ApplicationFilterChain.java:193)
	at org.apache.catalina.core.ApplicationFilterChain.doFilter(ApplicationFilterChain.java:166)
	at org.springframework.boot.actuate.web.trace.servlet.HttpTraceFilter.doFilterInternal(HttpTraceFilter.java:90)
	at org.springframework.web.filter.OncePerRequestFilter.doFilter(OncePerRequestFilter.java:107)
	at org.apache.catalina.core.ApplicationFilterChain.internalDoFilter(ApplicationFilterChain.java:193)
	at org.apache.catalina.core.ApplicationFilterChain.doFilter(ApplicationFilterChain.java:166)
	at org.springframework.security.web.FilterChainProxy$VirtualFilterChain.doFilter(FilterChainProxy.java:320)
	at org.springframework.security.web.access.intercept.FilterSecurityInterceptor.invoke(FilterSecurityInterceptor.java:127)
	at org.springframework.security.web.access.intercept.FilterSecurityInterceptor.doFilter(FilterSecurityInterceptor.java:91)
	at org.springframework.security.web.FilterChainProxy$VirtualFilterChain.doFilter(FilterChainProxy.java:334)
	at org.springframework.security.web.access.ExceptionTranslationFilter.doFilter(ExceptionTranslationFilter.java:119)
	at org.springframework.security.web.FilterChainProxy$VirtualFilterChain.doFilter(FilterChainProxy.java:334)
	at org.springframework.security.web.session.SessionManagementFilter.doFilter(SessionManagementFilter.java:137)
	at org.springframework.security.web.FilterChainProxy$VirtualFilterChain.doFilter(FilterChainProxy.java:334)
	at org.springframework.security.web.authentication.AnonymousAuthenticationFilter.doFilter(AnonymousAuthenticationFilter.java:111)
	at org.springframework.security.web.FilterChainProxy$VirtualFilterChain.doFilter(FilterChainProxy.java:334)
	at org.springframework.security.web.servletapi.SecurityContextHolderAwareRequestFilter.doFilter(SecurityContextHolderAwareRequestFilter.java:170)
	at org.springframework.security.web.FilterChainProxy$VirtualFilterChain.doFilter(FilterChainProxy.java:334)
	at org.springframework.security.web.savedrequest.RequestCacheAwareFilter.doFilter(RequestCacheAwareFilter.java:63)
	at org.springframework.security.web.FilterChainProxy$VirtualFilterChain.doFilter(FilterChainProxy.java:334)
	at com.ec.common.JWTUtils.JwtRequestFilter.doFilterInternal(JwtRequestFilter.java:60)
	at org.springframework.web.filter.OncePerRequestFilter.doFilter(OncePerRequestFilter.java:107)
	at org.springframework.security.web.FilterChainProxy$VirtualFilterChain.doFilter(FilterChainProxy.java:334)
	at org.springframework.security.web.authentication.logout.LogoutFilter.doFilter(LogoutFilter.java:116)
	at org.springframework.security.web.FilterChainProxy$VirtualFilterChain.doFilter(FilterChainProxy.java:334)
	at org.springframework.web.filter.CorsFilter.doFilterInternal(CorsFilter.java:96)
	at org.springframework.web.filter.OncePerRequestFilter.doFilter(OncePerRequestFilter.java:107)
	at org.springframework.security.web.FilterChainProxy$VirtualFilterChain.doFilter(FilterChainProxy.java:334)
	at org.springframework.security.web.header.HeaderWriterFilter.doFilterInternal(HeaderWriterFilter.java:66)
	at org.springframework.web.filter.OncePerRequestFilter.doFilter(OncePerRequestFilter.java:107)
	at org.springframework.security.web.FilterChainProxy$VirtualFilterChain.doFilter(FilterChainProxy.java:334)
	at org.springframework.security.web.context.SecurityContextPersistenceFilter.doFilter(SecurityContextPersistenceFilter.java:105)
	at org.springframework.security.web.FilterChainProxy$VirtualFilterChain.doFilter(FilterChainProxy.java:334)
	at org.springframework.security.web.context.request.async.WebAsyncManagerIntegrationFilter.doFilterInternal(WebAsyncManagerIntegrationFilter.java:56)
	at org.springframework.web.filter.OncePerRequestFilter.doFilter(OncePerRequestFilter.java:107)
	at org.springframework.security.web.FilterChainProxy$VirtualFilterChain.doFilter(FilterChainProxy.java:334)
	at org.springframework.security.web.FilterChainProxy.doFilterInternal(FilterChainProxy.java:215)
	at org.springframework.security.web.FilterChainProxy.doFilter(FilterChainProxy.java:178)
	at org.springframework.web.filter.DelegatingFilterProxy.invokeDelegate(DelegatingFilterProxy.java:357)
	at org.springframework.web.filter.DelegatingFilterProxy.doFilter(DelegatingFilterProxy.java:270)
	at org.apache.catalina.core.ApplicationFilterChain.internalDoFilter(ApplicationFilterChain.java:193)
	at org.apache.catalina.core.ApplicationFilterChain.doFilter(ApplicationFilterChain.java:166)
	at org.springframework.boot.actuate.metrics.web.servlet.WebMvcMetricsFilter.filterAndRecordMetrics(WebMvcMetricsFilter.java:155)
	at org.springframework.boot.actuate.metrics.web.servlet.WebMvcMetricsFilter.filterAndRecordMetrics(WebMvcMetricsFilter.java:123)
	at org.springframework.boot.actuate.metrics.web.servlet.WebMvcMetricsFilter.doFilterInternal(WebMvcMetricsFilter.java:108)
	at org.springframework.web.filter.OncePerRequestFilter.doFilter(OncePerRequestFilter.java:107)
	at org.apache.catalina.core.ApplicationFilterChain.internalDoFilter(ApplicationFilterChain.java:193)
	at org.apache.catalina.core.ApplicationFilterChain.doFilter(ApplicationFilterChain.java:166)
	at org.springframework.web.filter.CharacterEncodingFilter.doFilterInternal(CharacterEncodingFilter.java:200)
	at org.springframework.web.filter.OncePerRequestFilter.doFilter(OncePerRequestFilter.java:107)
	at org.apache.catalina.core.ApplicationFilterChain.internalDoFilter(ApplicationFilterChain.java:193)
	at org.apache.catalina.core.ApplicationFilterChain.doFilter(ApplicationFilterChain.java:166)
	at org.apache.catalina.core.StandardWrapperValve.invoke(StandardWrapperValve.java:198)
	at org.apache.catalina.core.StandardContextValve.invoke(StandardContextValve.java:96)
	at org.apache.catalina.authenticator.AuthenticatorBase.invoke(AuthenticatorBase.java:493)
	at org.apache.catalina.core.StandardHostValve.invoke(StandardHostValve.java:140)
	at org.apache.catalina.valves.ErrorReportValve.invoke(ErrorReportValve.java:81)
	at org.apache.catalina.core.StandardEngineValve.invoke(StandardEngineValve.java:87)
	at org.apache.catalina.connector.CoyoteAdapter.service(CoyoteAdapter.java:342)
	at org.apache.coyote.http11.Http11Processor.service(Http11Processor.java:800)
	at org.apache.coyote.AbstractProcessorLight.process(AbstractProcessorLight.java:66)
	at org.apache.coyote.AbstractProtocol$ConnectionHandler.process(AbstractProtocol.java:806)
	at org.apache.tomcat.util.net.NioEndpoint$SocketProcessor.doRun(NioEndpoint.java:1498)
	at org.apache.tomcat.util.net.SocketProcessorBase.run(SocketProcessorBase.java:49)
	at java.util.concurrent.ThreadPoolExecutor.runWorker(ThreadPoolExecutor.java:1149)
	at java.util.concurrent.ThreadPoolExecutor$Worker.run(ThreadPoolExecutor.java:624)
	at org.apache.tomcat.util.threads.TaskThread$WrappingRunnable.run(TaskThread.java:61)
	at java.lang.Thread.run(Thread.java:748)
Caused by: com.google.api.client.http.HttpResponseException: 400 Bad Request
POST https://fcm.googleapis.com/v1/projects/evergreencity-6ff7c/messages:send
{
  "error": {
    "code": 400,
    "message": "The registration token is not a valid FCM registration token",
    "status": "INVALID_ARGUMENT",
    "details": [
      {
        "@type": "type.googleapis.com/google.firebase.fcm.v1.FcmError",
        "errorCode": "INVALID_ARGUMENT"
      },
      {
        "@type": "type.googleapis.com/google.rpc.BadRequest",
        "fieldViolations": [
          {
            "field": "message.token",
            "description": "The registration token is not a valid FCM registration token"
          }
        ]
      }
    ]
  }
}

	at com.google.api.client.http.HttpRequest.execute(HttpRequest.java:1113)
	at com.google.firebase.messaging.FirebaseMessagingClientImpl.sendSingleRequest(FirebaseMessagingClientImpl.java:154)
	at com.google.firebase.messaging.FirebaseMessagingClientImpl.send(FirebaseMessagingClientImpl.java:126)
	... 106 common frames omitted
2020-12-07 23:31:18,288 DEBUG org.apache.commons.logging.impl.Jdk14Logger [http-nio-8080-exec-5] After request [uri=/notification/send;client=127.0.0.1;payload={"targetUserId":10001,"title":"Upcoming Activity for - Archana","body":"Activity Type - Reminder. Time -23:33"}]
2020-12-07 23:31:18,289 DEBUG org.apache.commons.logging.impl.Jdk14Logger [http-nio-8080-exec-5] REQUEST DATA : uri=/notification/send;payload={"targetUserId":10001,"title":"Upcoming Activity for - Archana","body":"Activity Type - Reminder. Time -23:33"}]
2020-12-07 23:38:21,622 DEBUG org.apache.commons.logging.impl.Jdk14Logger [http-nio-8080-exec-8] Before request [uri=/api/crm/activity/getleadactivitypage?size=12&page=0]
2020-12-07 23:38:21,628 DEBUG org.apache.commons.logging.impl.Jdk14Logger [http-nio-8080-exec-8] Before request [uri=/api/crm/activity/getleadactivitypage?size=12&page=0;client=127.0.0.1;user=sridhar]
2020-12-07 23:38:22,087 DEBUG org.apache.commons.logging.impl.Jdk14Logger [http-nio-8080-exec-9] Before request [uri=/user/list]
2020-12-07 23:38:22,089 DEBUG org.apache.commons.logging.impl.Jdk14Logger [http-nio-8080-exec-9] Before request [uri=/user/list;client=127.0.0.1;user=sridhar]
2020-12-07 23:38:22,124 DEBUG org.apache.commons.logging.impl.Jdk14Logger [http-nio-8080-exec-9] After request [uri=/user/list;client=127.0.0.1;user=sridhar]
2020-12-07 23:38:22,125 DEBUG org.apache.commons.logging.impl.Jdk14Logger [http-nio-8080-exec-9] REQUEST DATA : uri=/user/list]
2020-12-07 23:38:22,237 DEBUG org.apache.commons.logging.impl.Jdk14Logger [http-nio-8080-exec-8] After request [uri=/api/crm/activity/getleadactivitypage?size=12&page=0;client=127.0.0.1;user=sridhar;payload={"filterData":[{"attrName":"globalSearch","attrValue":[]}]}]
2020-12-07 23:38:22,239 DEBUG org.apache.commons.logging.impl.Jdk14Logger [http-nio-8080-exec-8] REQUEST DATA : uri=/api/crm/activity/getleadactivitypage?size=12&page=0;payload={"filterData":[{"attrName":"globalSearch","attrValue":[]}]}]
2020-12-07 23:38:22,528 DEBUG org.apache.commons.logging.impl.Jdk14Logger [http-nio-8080-exec-4] Before request [uri=/api/crm/activity/getleadactivitypage?size=12&page=0]
2020-12-07 23:38:22,529 DEBUG org.apache.commons.logging.impl.Jdk14Logger [http-nio-8080-exec-4] Before request [uri=/api/crm/activity/getleadactivitypage?size=12&page=0;client=127.0.0.1;user=sridhar]
2020-12-07 23:38:22,597 DEBUG org.apache.commons.logging.impl.Jdk14Logger [http-nio-8080-exec-6] Before request [uri=/user/list]
2020-12-07 23:38:22,598 DEBUG org.apache.commons.logging.impl.Jdk14Logger [http-nio-8080-exec-6] Before request [uri=/user/list;client=127.0.0.1;user=sridhar]
2020-12-07 23:38:22,612 DEBUG org.apache.commons.logging.impl.Jdk14Logger [http-nio-8080-exec-6] After request [uri=/user/list;client=127.0.0.1;user=sridhar]
2020-12-07 23:38:22,616 DEBUG org.apache.commons.logging.impl.Jdk14Logger [http-nio-8080-exec-6] REQUEST DATA : uri=/user/list]
2020-12-07 23:38:22,706 DEBUG org.apache.commons.logging.impl.Jdk14Logger [http-nio-8080-exec-4] After request [uri=/api/crm/activity/getleadactivitypage?size=12&page=0;client=127.0.0.1;user=sridhar;payload={"filterData":[{"attrName":"globalSearch","attrValue":[]}]}]
2020-12-07 23:38:22,707 DEBUG org.apache.commons.logging.impl.Jdk14Logger [http-nio-8080-exec-4] REQUEST DATA : uri=/api/crm/activity/getleadactivitypage?size=12&page=0;payload={"filterData":[{"attrName":"globalSearch","attrValue":[]}]}]
2020-12-07 23:38:25,741 DEBUG org.apache.commons.logging.impl.Jdk14Logger [http-nio-8080-exec-10] Before request [uri=/api/crm/lead/106942]
2020-12-07 23:38:25,742 DEBUG org.apache.commons.logging.impl.Jdk14Logger [http-nio-8080-exec-3] Before request [uri=/api/crm/lead/getallinfo/106942]
2020-12-07 23:38:25,742 DEBUG org.apache.commons.logging.impl.Jdk14Logger [http-nio-8080-exec-10] Before request [uri=/api/crm/lead/106942;client=127.0.0.1;user=sridhar]
2020-12-07 23:38:25,743 DEBUG org.apache.commons.logging.impl.Jdk14Logger [http-nio-8080-exec-3] Before request [uri=/api/crm/lead/getallinfo/106942;client=127.0.0.1;user=sridhar]
2020-12-07 23:38:25,768 DEBUG org.apache.commons.logging.impl.Jdk14Logger [http-nio-8080-exec-10] After request [uri=/api/crm/lead/106942;client=127.0.0.1;user=sridhar]
2020-12-07 23:38:25,770 DEBUG org.apache.commons.logging.impl.Jdk14Logger [http-nio-8080-exec-10] REQUEST DATA : uri=/api/crm/lead/106942]
2020-12-07 23:38:26,008 DEBUG org.apache.commons.logging.impl.Jdk14Logger [http-nio-8080-exec-3] After request [uri=/api/crm/lead/getallinfo/106942;client=127.0.0.1;user=sridhar]
2020-12-07 23:38:26,009 DEBUG org.apache.commons.logging.impl.Jdk14Logger [http-nio-8080-exec-3] REQUEST DATA : uri=/api/crm/lead/getallinfo/106942]
2020-12-07 23:38:26,301 DEBUG org.apache.commons.logging.impl.Jdk14Logger [http-nio-8080-exec-7] Before request [uri=/api/crm/lead/106942]
2020-12-07 23:38:26,302 DEBUG org.apache.commons.logging.impl.Jdk14Logger [http-nio-8080-exec-7] Before request [uri=/api/crm/lead/106942;client=127.0.0.1;user=sridhar]
2020-12-07 23:38:26,314 DEBUG org.apache.commons.logging.impl.Jdk14Logger [http-nio-8080-exec-1] Before request [uri=/api/crm/lead/getallinfo/106942]
2020-12-07 23:38:26,315 DEBUG org.apache.commons.logging.impl.Jdk14Logger [http-nio-8080-exec-1] Before request [uri=/api/crm/lead/getallinfo/106942;client=127.0.0.1;user=sridhar]
2020-12-07 23:38:26,323 DEBUG org.apache.commons.logging.impl.Jdk14Logger [http-nio-8080-exec-7] After request [uri=/api/crm/lead/106942;client=127.0.0.1;user=sridhar]
2020-12-07 23:38:26,325 DEBUG org.apache.commons.logging.impl.Jdk14Logger [http-nio-8080-exec-7] REQUEST DATA : uri=/api/crm/lead/106942]
2020-12-07 23:38:26,394 DEBUG org.apache.commons.logging.impl.Jdk14Logger [http-nio-8080-exec-1] After request [uri=/api/crm/lead/getallinfo/106942;client=127.0.0.1;user=sridhar]
2020-12-07 23:38:26,395 DEBUG org.apache.commons.logging.impl.Jdk14Logger [http-nio-8080-exec-1] REQUEST DATA : uri=/api/crm/lead/getallinfo/106942]
2020-12-07 23:39:47,291 INFO org.apache.commons.logging.impl.Jdk14Logger [RMI TCP Connection(31)-127.0.0.1] Application shutdown requested.
2020-12-07 23:39:47,296 INFO org.apache.commons.logging.impl.Jdk14Logger [RMI TCP Connection(31)-127.0.0.1] Closing org.springframework.boot.web.servlet.context.AnnotationConfigServletWebServerApplicationContext@413f69cc: startup date [Mon Dec 07 23:12:07 IST 2020]; parent: org.springframework.context.annotation.AnnotationConfigApplicationContext@65d09a04
2020-12-07 23:39:47,322 INFO org.apache.commons.logging.impl.Jdk14Logger [RMI TCP Connection(31)-127.0.0.1] Stopping filter initializer
2020-12-07 23:39:47,340 INFO org.apache.commons.logging.impl.Jdk14Logger [RMI TCP Connection(31)-127.0.0.1] Unregistering JMX-exposed beans on shutdown
2020-12-07 23:39:47,342 INFO org.apache.commons.logging.impl.Jdk14Logger [RMI TCP Connection(31)-127.0.0.1] Unregistering JMX-exposed beans
2020-12-07 23:39:47,388 INFO org.apache.commons.logging.impl.Jdk14Logger [RMI TCP Connection(31)-127.0.0.1] Closing JPA EntityManagerFactory for persistence unit 'default'
2020-12-07 23:39:47,407 INFO com.zaxxer.hikari.HikariDataSource [RMI TCP Connection(31)-127.0.0.1] HikariPool-1 - Shutdown initiated...
2020-12-07 23:39:47,460 INFO com.zaxxer.hikari.HikariDataSource [RMI TCP Connection(31)-127.0.0.1] HikariPool-1 - Shutdown completed.
2020-12-07 23:39:47,472 INFO org.apache.juli.logging.DirectJDKLog [RMI TCP Connection(31)-127.0.0.1] Pausing ProtocolHandler ["http-nio-8080"]
2020-12-07 23:39:47,534 INFO org.apache.juli.logging.DirectJDKLog [RMI TCP Connection(31)-127.0.0.1] Stopping service [Tomcat]
2020-12-07 23:39:47,559 INFO org.apache.juli.logging.DirectJDKLog [localhost-startStop-2] Destroying Spring FrameworkServlet 'dispatcherServlet'
2020-12-07 23:39:47,587 WARN org.apache.juli.logging.DirectJDKLog [localhost-startStop-2] The web application [ROOT] appears to have started a thread named [RxIoScheduler-1 (Evictor)] but has failed to stop it. This is very likely to create a memory leak. Stack trace of thread:
 sun.misc.Unsafe.park(Native Method)
 java.util.concurrent.locks.LockSupport.parkNanos(LockSupport.java:215)
 java.util.concurrent.locks.AbstractQueuedSynchronizer$ConditionObject.awaitNanos(AbstractQueuedSynchronizer.java:2078)
 java.util.concurrent.ScheduledThreadPoolExecutor$DelayedWorkQueue.take(ScheduledThreadPoolExecutor.java:1093)
 java.util.concurrent.ScheduledThreadPoolExecutor$DelayedWorkQueue.take(ScheduledThreadPoolExecutor.java:809)
 java.util.concurrent.ThreadPoolExecutor.getTask(ThreadPoolExecutor.java:1074)
 java.util.concurrent.ThreadPoolExecutor.runWorker(ThreadPoolExecutor.java:1134)
 java.util.concurrent.ThreadPoolExecutor$Worker.run(ThreadPoolExecutor.java:624)
 java.lang.Thread.run(Thread.java:748)
2020-12-07 23:39:47,589 WARN org.apache.juli.logging.DirectJDKLog [localhost-startStop-2] The web application [ROOT] appears to have started a thread named [expiringMap-0] but has failed to stop it. This is very likely to create a memory leak. Stack trace of thread:
 sun.misc.Unsafe.park(Native Method)
 java.util.concurrent.locks.LockSupport.parkNanos(LockSupport.java:215)
 java.util.concurrent.locks.AbstractQueuedSynchronizer$ConditionObject.awaitNanos(AbstractQueuedSynchronizer.java:2078)
 java.util.concurrent.ScheduledThreadPoolExecutor$DelayedWorkQueue.take(ScheduledThreadPoolExecutor.java:1093)
 java.util.concurrent.ScheduledThreadPoolExecutor$DelayedWorkQueue.take(ScheduledThreadPoolExecutor.java:809)
 java.util.concurrent.ThreadPoolExecutor.getTask(ThreadPoolExecutor.java:1074)
 java.util.concurrent.ThreadPoolExecutor.runWorker(ThreadPoolExecutor.java:1134)
 java.util.concurrent.ThreadPoolExecutor$Worker.run(ThreadPoolExecutor.java:624)
 java.lang.Thread.run(Thread.java:748)
2020-12-07 23:39:47,610 INFO org.apache.juli.logging.DirectJDKLog [RMI TCP Connection(31)-127.0.0.1] Stopping ProtocolHandler ["http-nio-8080"]
2020-12-07 23:39:47,627 INFO org.apache.juli.logging.DirectJDKLog [RMI TCP Connection(31)-127.0.0.1] Destroying ProtocolHandler ["http-nio-8080"]
