2020-12-06 21:32:52,375 INFO org.apache.commons.logging.impl.Jdk14Logger [main] Refreshing org.springframework.context.annotation.AnnotationConfigApplicationContext@1757cd72: startup date [Sun Dec 06 21:32:52 IST 2020]; root of context hierarchy
2020-12-06 21:32:52,963 INFO org.apache.commons.logging.impl.Jdk14Logger [main] JSR-330 'javax.inject.Inject' annotation found and supported for autowiring
2020-12-06 21:32:53,070 INFO org.apache.commons.logging.impl.Jdk14Logger [main] Bean 'configurationPropertiesRebinderAutoConfiguration' of type [org.springframework.cloud.autoconfigure.ConfigurationPropertiesRebinderAutoConfiguration$$EnhancerBySpringCGLIB$$8df7f4c8] is not eligible for getting processed by all BeanPostProcessors (for example: not eligible for auto-proxying)
2020-12-06 21:33:03,767 INFO org.apache.commons.logging.impl.Jdk14Logger [main] No active profile set, falling back to default profiles: default
2020-12-06 21:33:03,785 INFO org.apache.commons.logging.impl.Jdk14Logger [main] Refreshing org.springframework.boot.web.servlet.context.AnnotationConfigServletWebServerApplicationContext@12359a82: startup date [Sun Dec 06 21:33:03 IST 2020]; parent: org.springframework.context.annotation.AnnotationConfigApplicationContext@1757cd72
2020-12-06 21:33:06,109 INFO org.apache.commons.logging.impl.Jdk14Logger [main] Overriding bean definition for bean 'counterFactory' with a different definition: replacing [Root bean: class [null]; scope=; abstract=false; lazyInit=false; autowireMode=3; dependencyCheck=0; autowireCandidate=true; primary=false; factoryBeanName=org.springframework.cloud.netflix.zuul.ZuulServerAutoConfiguration$ZuulMetricsConfiguration; factoryMethodName=counterFactory; initMethodName=null; destroyMethodName=(inferred); defined in class path resource [org/springframework/cloud/netflix/zuul/ZuulServerAutoConfiguration$ZuulMetricsConfiguration.class]] with [Root bean: class [null]; scope=; abstract=false; lazyInit=false; autowireMode=3; dependencyCheck=0; autowireCandidate=true; primary=false; factoryBeanName=org.springframework.cloud.netflix.zuul.ZuulServerAutoConfiguration$ZuulCounterFactoryConfiguration; factoryMethodName=counterFactory; initMethodName=null; destroyMethodName=(inferred); defined in class path resource [org/springframework/cloud/netflix/zuul/ZuulServerAutoConfiguration$ZuulCounterFactoryConfiguration.class]]
2020-12-06 21:33:06,245 INFO org.apache.commons.logging.impl.Jdk14Logger [main] Overriding bean definition for bean 'dataSource' with a different definition: replacing [Root bean: class [null]; scope=refresh; abstract=false; lazyInit=false; autowireMode=3; dependencyCheck=0; autowireCandidate=false; primary=false; factoryBeanName=org.springframework.boot.autoconfigure.jdbc.DataSourceConfiguration$Hikari; factoryMethodName=dataSource; initMethodName=null; destroyMethodName=(inferred); defined in class path resource [org/springframework/boot/autoconfigure/jdbc/DataSourceConfiguration$Hikari.class]] with [Root bean: class [org.springframework.aop.scope.ScopedProxyFactoryBean]; scope=; abstract=false; lazyInit=false; autowireMode=0; dependencyCheck=0; autowireCandidate=true; primary=false; factoryBeanName=null; factoryMethodName=null; initMethodName=null; destroyMethodName=null; defined in BeanDefinition defined in class path resource [org/springframework/boot/autoconfigure/jdbc/DataSourceConfiguration$Hikari.class]]
2020-12-06 21:33:06,508 INFO org.apache.commons.logging.impl.Jdk14Logger [main] BeanFactory id=d9584f2f-316a-3d06-a470-48069670a8f9
2020-12-06 21:33:06,550 INFO org.apache.commons.logging.impl.Jdk14Logger [main] JSR-330 'javax.inject.Inject' annotation found and supported for autowiring
2020-12-06 21:33:06,714 INFO org.apache.commons.logging.impl.Jdk14Logger [main] Bean 'org.springframework.ws.config.annotation.DelegatingWsConfiguration' of type [org.springframework.ws.config.annotation.DelegatingWsConfiguration$$EnhancerBySpringCGLIB$$1675b6ca] is not eligible for getting processed by all BeanPostProcessors (for example: not eligible for auto-proxying)
2020-12-06 21:33:06,769 INFO org.apache.commons.logging.impl.Jdk14Logger [main] Supporting [WS-Addressing August 2004, WS-Addressing 1.0]
2020-12-06 21:33:06,922 INFO org.apache.commons.logging.impl.Jdk14Logger [main] Bean 'org.springframework.transaction.annotation.ProxyTransactionManagementConfiguration' of type [org.springframework.transaction.annotation.ProxyTransactionManagementConfiguration$$EnhancerBySpringCGLIB$$71ddf1cb] is not eligible for getting processed by all BeanPostProcessors (for example: not eligible for auto-proxying)
2020-12-06 21:33:07,312 INFO org.apache.commons.logging.impl.Jdk14Logger [main] Bean 'org.springframework.security.config.annotation.configuration.ObjectPostProcessorConfiguration' of type [org.springframework.security.config.annotation.configuration.ObjectPostProcessorConfiguration$$EnhancerBySpringCGLIB$$a8bba05] is not eligible for getting processed by all BeanPostProcessors (for example: not eligible for auto-proxying)
2020-12-06 21:33:07,324 INFO org.apache.commons.logging.impl.Jdk14Logger [main] Bean 'objectPostProcessor' of type [org.springframework.security.config.annotation.configuration.AutowireBeanFactoryObjectPostProcessor] is not eligible for getting processed by all BeanPostProcessors (for example: not eligible for auto-proxying)
2020-12-06 21:33:07,330 INFO org.apache.commons.logging.impl.Jdk14Logger [main] Bean 'org.springframework.security.access.expression.method.DefaultMethodSecurityExpressionHandler@65383667' of type [org.springframework.security.access.expression.method.DefaultMethodSecurityExpressionHandler] is not eligible for getting processed by all BeanPostProcessors (for example: not eligible for auto-proxying)
2020-12-06 21:33:07,342 INFO org.apache.commons.logging.impl.Jdk14Logger [main] Bean 'org.springframework.security.config.annotation.method.configuration.GlobalMethodSecurityConfiguration' of type [org.springframework.security.config.annotation.method.configuration.GlobalMethodSecurityConfiguration$$EnhancerBySpringCGLIB$$2f605cb7] is not eligible for getting processed by all BeanPostProcessors (for example: not eligible for auto-proxying)
2020-12-06 21:33:07,362 INFO org.apache.commons.logging.impl.Jdk14Logger [main] Bean 'methodSecurityMetadataSource' of type [org.springframework.security.access.method.DelegatingMethodSecurityMetadataSource] is not eligible for getting processed by all BeanPostProcessors (for example: not eligible for auto-proxying)
2020-12-06 21:33:07,407 INFO org.apache.commons.logging.impl.Jdk14Logger [main] Bean 'org.springframework.cloud.autoconfigure.ConfigurationPropertiesRebinderAutoConfiguration' of type [org.springframework.cloud.autoconfigure.ConfigurationPropertiesRebinderAutoConfiguration$$EnhancerBySpringCGLIB$$8df7f4c8] is not eligible for getting processed by all BeanPostProcessors (for example: not eligible for auto-proxying)
2020-12-06 21:33:08,201 INFO org.apache.commons.logging.impl.Jdk14Logger [main] Tomcat initialized with port(s): 8080 (http)
2020-12-06 21:33:08,230 INFO org.apache.juli.logging.DirectJDKLog [main] Initializing ProtocolHandler ["http-nio-8080"]
2020-12-06 21:33:08,246 INFO org.apache.juli.logging.DirectJDKLog [main] Starting service [Tomcat]
2020-12-06 21:33:08,247 INFO org.apache.juli.logging.DirectJDKLog [main] Starting Servlet Engine: Apache Tomcat/8.5.34
2020-12-06 21:33:08,253 INFO org.apache.juli.logging.DirectJDKLog [localhost-startStop-1] The APR based Apache Tomcat Native library which allows optimal performance in production environments was not found on the java.library.path: [/Users/bsridharpatnaik/Library/Java/Extensions:/Library/Java/Extensions:/Network/Library/Java/Extensions:/System/Library/Java/Extensions:/usr/lib/java:.]
2020-12-06 21:33:08,465 INFO org.apache.juli.logging.DirectJDKLog [localhost-startStop-1] Initializing Spring embedded WebApplicationContext
2020-12-06 21:33:08,466 INFO org.apache.commons.logging.impl.Jdk14Logger [localhost-startStop-1] Root WebApplicationContext: initialization completed in 4680 ms
2020-12-06 21:33:08,856 WARN com.netflix.config.sources.URLConfigurationSource [localhost-startStop-1] No URLs will be polled as dynamic configuration sources.
2020-12-06 21:33:08,859 INFO com.netflix.config.sources.URLConfigurationSource [localhost-startStop-1] To enable URLs as dynamic configuration sources, define System property archaius.configurationSource.additionalUrls or make config.properties available on classpath.
2020-12-06 21:33:08,895 INFO com.netflix.config.DynamicPropertyFactory [localhost-startStop-1] DynamicPropertyFactory is initialized with configuration sources: com.netflix.config.ConcurrentCompositeConfiguration@1eaf1464
2020-12-06 21:33:10,578 INFO com.zaxxer.hikari.HikariDataSource [localhost-startStop-1] HikariPool-1 - Starting...
2020-12-06 21:33:16,380 ERROR com.zaxxer.hikari.pool.HikariPool [localhost-startStop-1] HikariPool-1 - Exception during pool initialization.
com.mysql.jdbc.exceptions.jdbc4.MySQLNonTransientConnectionException: Could not create connection to database server. Attempted reconnect 3 times. Giving up.
	at sun.reflect.NativeConstructorAccessorImpl.newInstance0(Native Method)
	at sun.reflect.NativeConstructorAccessorImpl.newInstance(NativeConstructorAccessorImpl.java:62)
	at sun.reflect.DelegatingConstructorAccessorImpl.newInstance(DelegatingConstructorAccessorImpl.java:45)
	at java.lang.reflect.Constructor.newInstance(Constructor.java:423)
	at com.mysql.jdbc.Util.handleNewInstance(Util.java:425)
	at com.mysql.jdbc.Util.getInstance(Util.java:408)
	at com.mysql.jdbc.SQLError.createSQLException(SQLError.java:919)
	at com.mysql.jdbc.SQLError.createSQLException(SQLError.java:898)
	at com.mysql.jdbc.SQLError.createSQLException(SQLError.java:887)
	at com.mysql.jdbc.SQLError.createSQLException(SQLError.java:861)
	at com.mysql.jdbc.ConnectionImpl.connectWithRetries(ConnectionImpl.java:2105)
	at com.mysql.jdbc.ConnectionImpl.createNewIO(ConnectionImpl.java:2030)
	at com.mysql.jdbc.ConnectionImpl.<init>(ConnectionImpl.java:778)
	at com.mysql.jdbc.JDBC4Connection.<init>(JDBC4Connection.java:47)
	at sun.reflect.NativeConstructorAccessorImpl.newInstance0(Native Method)
	at sun.reflect.NativeConstructorAccessorImpl.newInstance(NativeConstructorAccessorImpl.java:62)
	at sun.reflect.DelegatingConstructorAccessorImpl.newInstance(DelegatingConstructorAccessorImpl.java:45)
	at java.lang.reflect.Constructor.newInstance(Constructor.java:423)
	at com.mysql.jdbc.Util.handleNewInstance(Util.java:425)
	at com.mysql.jdbc.ConnectionImpl.getInstance(ConnectionImpl.java:386)
	at com.mysql.jdbc.NonRegisteringDriver.connect(NonRegisteringDriver.java:330)
	at com.zaxxer.hikari.util.DriverDataSource.getConnection(DriverDataSource.java:117)
	at com.zaxxer.hikari.util.DriverDataSource.getConnection(DriverDataSource.java:123)
	at com.zaxxer.hikari.pool.PoolBase.newConnection(PoolBase.java:365)
	at com.zaxxer.hikari.pool.PoolBase.newPoolEntry(PoolBase.java:194)
	at com.zaxxer.hikari.pool.HikariPool.createPoolEntry(HikariPool.java:460)
	at com.zaxxer.hikari.pool.HikariPool.checkFailFast(HikariPool.java:534)
	at com.zaxxer.hikari.pool.HikariPool.<init>(HikariPool.java:115)
	at com.zaxxer.hikari.HikariDataSource.getConnection(HikariDataSource.java:112)
	at com.zaxxer.hikari.HikariDataSource$$FastClassBySpringCGLIB$$eeb1ae86.invoke(<generated>)
	at org.springframework.cglib.proxy.MethodProxy.invoke(MethodProxy.java:204)
	at org.springframework.aop.framework.CglibAopProxy$CglibMethodInvocation.invokeJoinpoint(CglibAopProxy.java:746)
	at org.springframework.aop.framework.ReflectiveMethodInvocation.proceed(ReflectiveMethodInvocation.java:163)
	at org.springframework.aop.support.DelegatingIntroductionInterceptor.doProceed(DelegatingIntroductionInterceptor.java:136)
	at org.springframework.aop.support.DelegatingIntroductionInterceptor.invoke(DelegatingIntroductionInterceptor.java:124)
	at org.springframework.aop.framework.ReflectiveMethodInvocation.proceed(ReflectiveMethodInvocation.java:185)
	at org.springframework.aop.framework.CglibAopProxy$DynamicAdvisedInterceptor.intercept(CglibAopProxy.java:688)
	at com.zaxxer.hikari.HikariDataSource$$EnhancerBySpringCGLIB$$240a67cc.getConnection(<generated>)
	at org.springframework.jdbc.datasource.DataSourceUtils.fetchConnection(DataSourceUtils.java:151)
	at org.springframework.jdbc.datasource.DataSourceUtils.doGetConnection(DataSourceUtils.java:115)
	at org.springframework.jdbc.datasource.DataSourceUtils.getConnection(DataSourceUtils.java:78)
	at org.springframework.jdbc.support.JdbcUtils.extractDatabaseMetaData(JdbcUtils.java:319)
	at org.springframework.jdbc.support.JdbcUtils.extractDatabaseMetaData(JdbcUtils.java:356)
	at org.springframework.boot.autoconfigure.orm.jpa.DatabaseLookup.getDatabase(DatabaseLookup.java:72)
	at org.springframework.boot.autoconfigure.orm.jpa.JpaProperties.determineDatabase(JpaProperties.java:166)
	at org.springframework.boot.autoconfigure.orm.jpa.JpaBaseConfiguration.jpaVendorAdapter(JpaBaseConfiguration.java:111)
	at org.springframework.boot.autoconfigure.orm.jpa.HibernateJpaConfiguration$$EnhancerBySpringCGLIB$$90b4b43a.CGLIB$jpaVendorAdapter$4(<generated>)
	at org.springframework.boot.autoconfigure.orm.jpa.HibernateJpaConfiguration$$EnhancerBySpringCGLIB$$90b4b43a$$FastClassBySpringCGLIB$$34f238b8.invoke(<generated>)
	at org.springframework.cglib.proxy.MethodProxy.invokeSuper(MethodProxy.java:228)
	at org.springframework.context.annotation.ConfigurationClassEnhancer$BeanMethodInterceptor.intercept(ConfigurationClassEnhancer.java:365)
	at org.springframework.boot.autoconfigure.orm.jpa.HibernateJpaConfiguration$$EnhancerBySpringCGLIB$$90b4b43a.jpaVendorAdapter(<generated>)
	at sun.reflect.NativeMethodAccessorImpl.invoke0(Native Method)
	at sun.reflect.NativeMethodAccessorImpl.invoke(NativeMethodAccessorImpl.java:62)
	at sun.reflect.DelegatingMethodAccessorImpl.invoke(DelegatingMethodAccessorImpl.java:43)
	at java.lang.reflect.Method.invoke(Method.java:498)
	at org.springframework.beans.factory.support.SimpleInstantiationStrategy.instantiate(SimpleInstantiationStrategy.java:154)
	at org.springframework.beans.factory.support.ConstructorResolver.instantiateUsingFactoryMethod(ConstructorResolver.java:582)
	at org.springframework.beans.factory.support.AbstractAutowireCapableBeanFactory.instantiateUsingFactoryMethod(AbstractAutowireCapableBeanFactory.java:1247)
	at org.springframework.beans.factory.support.AbstractAutowireCapableBeanFactory.createBeanInstance(AbstractAutowireCapableBeanFactory.java:1096)
	at org.springframework.beans.factory.support.AbstractAutowireCapableBeanFactory.doCreateBean(AbstractAutowireCapableBeanFactory.java:535)
	at org.springframework.beans.factory.support.AbstractAutowireCapableBeanFactory.createBean(AbstractAutowireCapableBeanFactory.java:495)
	at org.springframework.beans.factory.support.AbstractBeanFactory.lambda$doGetBean$0(AbstractBeanFactory.java:317)
	at org.springframework.beans.factory.support.DefaultSingletonBeanRegistry.getSingleton(DefaultSingletonBeanRegistry.java:222)
	at org.springframework.beans.factory.support.AbstractBeanFactory.doGetBean(AbstractBeanFactory.java:315)
	at org.springframework.beans.factory.support.AbstractBeanFactory.getBean(AbstractBeanFactory.java:199)
	at org.springframework.beans.factory.config.DependencyDescriptor.resolveCandidate(DependencyDescriptor.java:251)
	at org.springframework.beans.factory.support.DefaultListableBeanFactory.doResolveDependency(DefaultListableBeanFactory.java:1135)
	at org.springframework.beans.factory.support.DefaultListableBeanFactory.resolveDependency(DefaultListableBeanFactory.java:1062)
	at org.springframework.beans.factory.support.ConstructorResolver.resolveAutowiredArgument(ConstructorResolver.java:818)
	at org.springframework.beans.factory.support.ConstructorResolver.createArgumentArray(ConstructorResolver.java:724)
	at org.springframework.beans.factory.support.ConstructorResolver.instantiateUsingFactoryMethod(ConstructorResolver.java:474)
	at org.springframework.beans.factory.support.AbstractAutowireCapableBeanFactory.instantiateUsingFactoryMethod(AbstractAutowireCapableBeanFactory.java:1247)
	at org.springframework.beans.factory.support.AbstractAutowireCapableBeanFactory.createBeanInstance(AbstractAutowireCapableBeanFactory.java:1096)
	at org.springframework.beans.factory.support.AbstractAutowireCapableBeanFactory.doCreateBean(AbstractAutowireCapableBeanFactory.java:535)
	at org.springframework.beans.factory.support.AbstractAutowireCapableBeanFactory.createBean(AbstractAutowireCapableBeanFactory.java:495)
	at org.springframework.beans.factory.support.AbstractBeanFactory.lambda$doGetBean$0(AbstractBeanFactory.java:317)
	at org.springframework.beans.factory.support.DefaultSingletonBeanRegistry.getSingleton(DefaultSingletonBeanRegistry.java:222)
	at org.springframework.beans.factory.support.AbstractBeanFactory.doGetBean(AbstractBeanFactory.java:315)
	at org.springframework.beans.factory.support.AbstractBeanFactory.getBean(AbstractBeanFactory.java:199)
	at org.springframework.beans.factory.config.DependencyDescriptor.resolveCandidate(DependencyDescriptor.java:251)
	at org.springframework.beans.factory.support.DefaultListableBeanFactory.doResolveDependency(DefaultListableBeanFactory.java:1135)
	at org.springframework.beans.factory.support.DefaultListableBeanFactory.resolveDependency(DefaultListableBeanFactory.java:1062)
	at org.springframework.beans.factory.support.ConstructorResolver.resolveAutowiredArgument(ConstructorResolver.java:818)
	at org.springframework.beans.factory.support.ConstructorResolver.createArgumentArray(ConstructorResolver.java:724)
	at org.springframework.beans.factory.support.ConstructorResolver.instantiateUsingFactoryMethod(ConstructorResolver.java:474)
	at org.springframework.beans.factory.support.AbstractAutowireCapableBeanFactory.instantiateUsingFactoryMethod(AbstractAutowireCapableBeanFactory.java:1247)
	at org.springframework.beans.factory.support.AbstractAutowireCapableBeanFactory.createBeanInstance(AbstractAutowireCapableBeanFactory.java:1096)
	at org.springframework.beans.factory.support.AbstractAutowireCapableBeanFactory.doCreateBean(AbstractAutowireCapableBeanFactory.java:535)
	at org.springframework.beans.factory.support.AbstractAutowireCapableBeanFactory.createBean(AbstractAutowireCapableBeanFactory.java:495)
	at org.springframework.beans.factory.support.AbstractBeanFactory.lambda$doGetBean$0(AbstractBeanFactory.java:317)
	at org.springframework.beans.factory.support.DefaultSingletonBeanRegistry.getSingleton(DefaultSingletonBeanRegistry.java:222)
	at org.springframework.beans.factory.support.AbstractBeanFactory.doGetBean(AbstractBeanFactory.java:315)
	at org.springframework.beans.factory.support.AbstractBeanFactory.getBean(AbstractBeanFactory.java:199)
	at org.springframework.beans.factory.support.BeanDefinitionValueResolver.resolveReference(BeanDefinitionValueResolver.java:367)
	at org.springframework.beans.factory.support.BeanDefinitionValueResolver.resolveValueIfNecessary(BeanDefinitionValueResolver.java:110)
	at org.springframework.beans.factory.support.ConstructorResolver.resolveConstructorArguments(ConstructorResolver.java:625)
	at org.springframework.beans.factory.support.ConstructorResolver.instantiateUsingFactoryMethod(ConstructorResolver.java:444)
	at org.springframework.beans.factory.support.AbstractAutowireCapableBeanFactory.instantiateUsingFactoryMethod(AbstractAutowireCapableBeanFactory.java:1247)
	at org.springframework.beans.factory.support.AbstractAutowireCapableBeanFactory.createBeanInstance(AbstractAutowireCapableBeanFactory.java:1096)
	at org.springframework.beans.factory.support.AbstractAutowireCapableBeanFactory.doCreateBean(AbstractAutowireCapableBeanFactory.java:535)
	at org.springframework.beans.factory.support.AbstractAutowireCapableBeanFactory.createBean(AbstractAutowireCapableBeanFactory.java:495)
	at org.springframework.beans.factory.support.BeanDefinitionValueResolver.resolveInnerBean(BeanDefinitionValueResolver.java:312)
	at org.springframework.beans.factory.support.BeanDefinitionValueResolver.resolveValueIfNecessary(BeanDefinitionValueResolver.java:131)
	at org.springframework.beans.factory.support.AbstractAutowireCapableBeanFactory.applyPropertyValues(AbstractAutowireCapableBeanFactory.java:1602)
	at org.springframework.beans.factory.support.AbstractAutowireCapableBeanFactory.populateBean(AbstractAutowireCapableBeanFactory.java:1354)
	at org.springframework.beans.factory.support.AbstractAutowireCapableBeanFactory.doCreateBean(AbstractAutowireCapableBeanFactory.java:572)
	at org.springframework.beans.factory.support.AbstractAutowireCapableBeanFactory.createBean(AbstractAutowireCapableBeanFactory.java:495)
	at org.springframework.beans.factory.support.AbstractBeanFactory.lambda$doGetBean$0(AbstractBeanFactory.java:317)
	at org.springframework.beans.factory.support.DefaultSingletonBeanRegistry.getSingleton(DefaultSingletonBeanRegistry.java:222)
	at org.springframework.beans.factory.support.AbstractBeanFactory.doGetBean(AbstractBeanFactory.java:315)
	at org.springframework.beans.factory.support.AbstractBeanFactory.getBean(AbstractBeanFactory.java:199)
	at org.springframework.beans.factory.config.DependencyDescriptor.resolveCandidate(DependencyDescriptor.java:251)
	at org.springframework.beans.factory.support.DefaultListableBeanFactory.doResolveDependency(DefaultListableBeanFactory.java:1135)
	at org.springframework.beans.factory.support.DefaultListableBeanFactory.resolveDependency(DefaultListableBeanFactory.java:1062)
	at org.springframework.beans.factory.annotation.AutowiredAnnotationBeanPostProcessor$AutowiredFieldElement.inject(AutowiredAnnotationBeanPostProcessor.java:583)
	at org.springframework.beans.factory.annotation.InjectionMetadata.inject(InjectionMetadata.java:90)
	at org.springframework.beans.factory.annotation.AutowiredAnnotationBeanPostProcessor.postProcessPropertyValues(AutowiredAnnotationBeanPostProcessor.java:372)
	at org.springframework.beans.factory.support.AbstractAutowireCapableBeanFactory.populateBean(AbstractAutowireCapableBeanFactory.java:1341)
	at org.springframework.beans.factory.support.AbstractAutowireCapableBeanFactory.doCreateBean(AbstractAutowireCapableBeanFactory.java:572)
	at org.springframework.beans.factory.support.AbstractAutowireCapableBeanFactory.createBean(AbstractAutowireCapableBeanFactory.java:495)
	at org.springframework.beans.factory.support.AbstractBeanFactory.lambda$doGetBean$0(AbstractBeanFactory.java:317)
	at org.springframework.beans.factory.support.DefaultSingletonBeanRegistry.getSingleton(DefaultSingletonBeanRegistry.java:222)
	at org.springframework.beans.factory.support.AbstractBeanFactory.doGetBean(AbstractBeanFactory.java:315)
	at org.springframework.beans.factory.support.AbstractBeanFactory.getBean(AbstractBeanFactory.java:199)
	at org.springframework.beans.factory.config.DependencyDescriptor.resolveCandidate(DependencyDescriptor.java:251)
	at org.springframework.beans.factory.support.DefaultListableBeanFactory.doResolveDependency(DefaultListableBeanFactory.java:1135)
	at org.springframework.beans.factory.support.DefaultListableBeanFactory.resolveDependency(DefaultListableBeanFactory.java:1062)
	at org.springframework.beans.factory.annotation.AutowiredAnnotationBeanPostProcessor$AutowiredFieldElement.inject(AutowiredAnnotationBeanPostProcessor.java:583)
	at org.springframework.beans.factory.annotation.InjectionMetadata.inject(InjectionMetadata.java:90)
	at org.springframework.beans.factory.annotation.AutowiredAnnotationBeanPostProcessor.postProcessPropertyValues(AutowiredAnnotationBeanPostProcessor.java:372)
	at org.springframework.beans.factory.support.AbstractAutowireCapableBeanFactory.populateBean(AbstractAutowireCapableBeanFactory.java:1341)
	at org.springframework.beans.factory.support.AbstractAutowireCapableBeanFactory.doCreateBean(AbstractAutowireCapableBeanFactory.java:572)
	at org.springframework.beans.factory.support.AbstractAutowireCapableBeanFactory.createBean(AbstractAutowireCapableBeanFactory.java:495)
	at org.springframework.beans.factory.support.AbstractBeanFactory.lambda$doGetBean$0(AbstractBeanFactory.java:317)
	at org.springframework.beans.factory.support.DefaultSingletonBeanRegistry.getSingleton(DefaultSingletonBeanRegistry.java:222)
	at org.springframework.beans.factory.support.AbstractBeanFactory.doGetBean(AbstractBeanFactory.java:315)
	at org.springframework.beans.factory.support.AbstractBeanFactory.getBean(AbstractBeanFactory.java:204)
	at org.springframework.boot.web.servlet.ServletContextInitializerBeans.getOrderedBeansOfType(ServletContextInitializerBeans.java:226)
	at org.springframework.boot.web.servlet.ServletContextInitializerBeans.addAsRegistrationBean(ServletContextInitializerBeans.java:182)
	at org.springframework.boot.web.servlet.ServletContextInitializerBeans.addAsRegistrationBean(ServletContextInitializerBeans.java:177)
	at org.springframework.boot.web.servlet.ServletContextInitializerBeans.addAdaptableBeans(ServletContextInitializerBeans.java:159)
	at org.springframework.boot.web.servlet.ServletContextInitializerBeans.<init>(ServletContextInitializerBeans.java:81)
	at org.springframework.boot.web.servlet.context.ServletWebServerApplicationContext.getServletContextInitializerBeans(ServletWebServerApplicationContext.java:250)
	at org.springframework.boot.web.servlet.context.ServletWebServerApplicationContext.selfInitialize(ServletWebServerApplicationContext.java:237)
	at org.springframework.boot.web.embedded.tomcat.TomcatStarter.onStartup(TomcatStarter.java:54)
	at org.apache.catalina.core.StandardContext.startInternal(StandardContext.java:5245)
	at org.apache.catalina.util.LifecycleBase.start(LifecycleBase.java:150)
	at org.apache.catalina.core.ContainerBase$StartChild.call(ContainerBase.java:1420)
	at org.apache.catalina.core.ContainerBase$StartChild.call(ContainerBase.java:1410)
	at java.util.concurrent.FutureTask.run(FutureTask.java:266)
	at java.util.concurrent.ThreadPoolExecutor.runWorker(ThreadPoolExecutor.java:1149)
	at java.util.concurrent.ThreadPoolExecutor$Worker.run(ThreadPoolExecutor.java:624)
	at java.lang.Thread.run(Thread.java:748)
Caused by: java.sql.SQLException: Access denied for user 'root'@'localhost' (using password: YES)
	at com.mysql.jdbc.SQLError.createSQLException(SQLError.java:965)
	at com.mysql.jdbc.MysqlIO.checkErrorPacket(MysqlIO.java:3978)
	at com.mysql.jdbc.MysqlIO.checkErrorPacket(MysqlIO.java:3914)
	at com.mysql.jdbc.MysqlIO.checkErrorPacket(MysqlIO.java:871)
	at com.mysql.jdbc.MysqlIO.proceedHandshakeWithPluggableAuthentication(MysqlIO.java:1714)
	at com.mysql.jdbc.MysqlIO.doHandshake(MysqlIO.java:1224)
	at com.mysql.jdbc.ConnectionImpl.coreConnect(ConnectionImpl.java:2199)
	at com.mysql.jdbc.ConnectionImpl.connectWithRetries(ConnectionImpl.java:2046)
	... 142 common frames omitted
2020-12-06 21:33:16,391 WARN org.apache.commons.logging.impl.Jdk14Logger [localhost-startStop-1] Unable to determine jdbc url from datasource
org.springframework.jdbc.support.MetaDataAccessException: Could not get Connection for extracting meta-data; nested exception is org.springframework.jdbc.CannotGetJdbcConnectionException: Failed to obtain JDBC Connection; nested exception is com.mysql.jdbc.exceptions.jdbc4.MySQLNonTransientConnectionException: Could not create connection to database server. Attempted reconnect 3 times. Giving up.
	at org.springframework.jdbc.support.JdbcUtils.extractDatabaseMetaData(JdbcUtils.java:328)
	at org.springframework.jdbc.support.JdbcUtils.extractDatabaseMetaData(JdbcUtils.java:356)
	at org.springframework.boot.autoconfigure.orm.jpa.DatabaseLookup.getDatabase(DatabaseLookup.java:72)
	at org.springframework.boot.autoconfigure.orm.jpa.JpaProperties.determineDatabase(JpaProperties.java:166)
	at org.springframework.boot.autoconfigure.orm.jpa.JpaBaseConfiguration.jpaVendorAdapter(JpaBaseConfiguration.java:111)
	at org.springframework.boot.autoconfigure.orm.jpa.HibernateJpaConfiguration$$EnhancerBySpringCGLIB$$90b4b43a.CGLIB$jpaVendorAdapter$4(<generated>)
	at org.springframework.boot.autoconfigure.orm.jpa.HibernateJpaConfiguration$$EnhancerBySpringCGLIB$$90b4b43a$$FastClassBySpringCGLIB$$34f238b8.invoke(<generated>)
	at org.springframework.cglib.proxy.MethodProxy.invokeSuper(MethodProxy.java:228)
	at org.springframework.context.annotation.ConfigurationClassEnhancer$BeanMethodInterceptor.intercept(ConfigurationClassEnhancer.java:365)
	at org.springframework.boot.autoconfigure.orm.jpa.HibernateJpaConfiguration$$EnhancerBySpringCGLIB$$90b4b43a.jpaVendorAdapter(<generated>)
	at sun.reflect.NativeMethodAccessorImpl.invoke0(Native Method)
	at sun.reflect.NativeMethodAccessorImpl.invoke(NativeMethodAccessorImpl.java:62)
	at sun.reflect.DelegatingMethodAccessorImpl.invoke(DelegatingMethodAccessorImpl.java:43)
	at java.lang.reflect.Method.invoke(Method.java:498)
	at org.springframework.beans.factory.support.SimpleInstantiationStrategy.instantiate(SimpleInstantiationStrategy.java:154)
	at org.springframework.beans.factory.support.ConstructorResolver.instantiateUsingFactoryMethod(ConstructorResolver.java:582)
	at org.springframework.beans.factory.support.AbstractAutowireCapableBeanFactory.instantiateUsingFactoryMethod(AbstractAutowireCapableBeanFactory.java:1247)
	at org.springframework.beans.factory.support.AbstractAutowireCapableBeanFactory.createBeanInstance(AbstractAutowireCapableBeanFactory.java:1096)
	at org.springframework.beans.factory.support.AbstractAutowireCapableBeanFactory.doCreateBean(AbstractAutowireCapableBeanFactory.java:535)
	at org.springframework.beans.factory.support.AbstractAutowireCapableBeanFactory.createBean(AbstractAutowireCapableBeanFactory.java:495)
	at org.springframework.beans.factory.support.AbstractBeanFactory.lambda$doGetBean$0(AbstractBeanFactory.java:317)
	at org.springframework.beans.factory.support.DefaultSingletonBeanRegistry.getSingleton(DefaultSingletonBeanRegistry.java:222)
	at org.springframework.beans.factory.support.AbstractBeanFactory.doGetBean(AbstractBeanFactory.java:315)
	at org.springframework.beans.factory.support.AbstractBeanFactory.getBean(AbstractBeanFactory.java:199)
	at org.springframework.beans.factory.config.DependencyDescriptor.resolveCandidate(DependencyDescriptor.java:251)
	at org.springframework.beans.factory.support.DefaultListableBeanFactory.doResolveDependency(DefaultListableBeanFactory.java:1135)
	at org.springframework.beans.factory.support.DefaultListableBeanFactory.resolveDependency(DefaultListableBeanFactory.java:1062)
	at org.springframework.beans.factory.support.ConstructorResolver.resolveAutowiredArgument(ConstructorResolver.java:818)
	at org.springframework.beans.factory.support.ConstructorResolver.createArgumentArray(ConstructorResolver.java:724)
	at org.springframework.beans.factory.support.ConstructorResolver.instantiateUsingFactoryMethod(ConstructorResolver.java:474)
	at org.springframework.beans.factory.support.AbstractAutowireCapableBeanFactory.instantiateUsingFactoryMethod(AbstractAutowireCapableBeanFactory.java:1247)
	at org.springframework.beans.factory.support.AbstractAutowireCapableBeanFactory.createBeanInstance(AbstractAutowireCapableBeanFactory.java:1096)
	at org.springframework.beans.factory.support.AbstractAutowireCapableBeanFactory.doCreateBean(AbstractAutowireCapableBeanFactory.java:535)
	at org.springframework.beans.factory.support.AbstractAutowireCapableBeanFactory.createBean(AbstractAutowireCapableBeanFactory.java:495)
	at org.springframework.beans.factory.support.AbstractBeanFactory.lambda$doGetBean$0(AbstractBeanFactory.java:317)
	at org.springframework.beans.factory.support.DefaultSingletonBeanRegistry.getSingleton(DefaultSingletonBeanRegistry.java:222)
	at org.springframework.beans.factory.support.AbstractBeanFactory.doGetBean(AbstractBeanFactory.java:315)
	at org.springframework.beans.factory.support.AbstractBeanFactory.getBean(AbstractBeanFactory.java:199)
	at org.springframework.beans.factory.config.DependencyDescriptor.resolveCandidate(DependencyDescriptor.java:251)
	at org.springframework.beans.factory.support.DefaultListableBeanFactory.doResolveDependency(DefaultListableBeanFactory.java:1135)
	at org.springframework.beans.factory.support.DefaultListableBeanFactory.resolveDependency(DefaultListableBeanFactory.java:1062)
	at org.springframework.beans.factory.support.ConstructorResolver.resolveAutowiredArgument(ConstructorResolver.java:818)
	at org.springframework.beans.factory.support.ConstructorResolver.createArgumentArray(ConstructorResolver.java:724)
	at org.springframework.beans.factory.support.ConstructorResolver.instantiateUsingFactoryMethod(ConstructorResolver.java:474)
	at org.springframework.beans.factory.support.AbstractAutowireCapableBeanFactory.instantiateUsingFactoryMethod(AbstractAutowireCapableBeanFactory.java:1247)
	at org.springframework.beans.factory.support.AbstractAutowireCapableBeanFactory.createBeanInstance(AbstractAutowireCapableBeanFactory.java:1096)
	at org.springframework.beans.factory.support.AbstractAutowireCapableBeanFactory.doCreateBean(AbstractAutowireCapableBeanFactory.java:535)
	at org.springframework.beans.factory.support.AbstractAutowireCapableBeanFactory.createBean(AbstractAutowireCapableBeanFactory.java:495)
	at org.springframework.beans.factory.support.AbstractBeanFactory.lambda$doGetBean$0(AbstractBeanFactory.java:317)
	at org.springframework.beans.factory.support.DefaultSingletonBeanRegistry.getSingleton(DefaultSingletonBeanRegistry.java:222)
	at org.springframework.beans.factory.support.AbstractBeanFactory.doGetBean(AbstractBeanFactory.java:315)
	at org.springframework.beans.factory.support.AbstractBeanFactory.getBean(AbstractBeanFactory.java:199)
	at org.springframework.beans.factory.support.BeanDefinitionValueResolver.resolveReference(BeanDefinitionValueResolver.java:367)
	at org.springframework.beans.factory.support.BeanDefinitionValueResolver.resolveValueIfNecessary(BeanDefinitionValueResolver.java:110)
	at org.springframework.beans.factory.support.ConstructorResolver.resolveConstructorArguments(ConstructorResolver.java:625)
	at org.springframework.beans.factory.support.ConstructorResolver.instantiateUsingFactoryMethod(ConstructorResolver.java:444)
	at org.springframework.beans.factory.support.AbstractAutowireCapableBeanFactory.instantiateUsingFactoryMethod(AbstractAutowireCapableBeanFactory.java:1247)
	at org.springframework.beans.factory.support.AbstractAutowireCapableBeanFactory.createBeanInstance(AbstractAutowireCapableBeanFactory.java:1096)
	at org.springframework.beans.factory.support.AbstractAutowireCapableBeanFactory.doCreateBean(AbstractAutowireCapableBeanFactory.java:535)
	at org.springframework.beans.factory.support.AbstractAutowireCapableBeanFactory.createBean(AbstractAutowireCapableBeanFactory.java:495)
	at org.springframework.beans.factory.support.BeanDefinitionValueResolver.resolveInnerBean(BeanDefinitionValueResolver.java:312)
	at org.springframework.beans.factory.support.BeanDefinitionValueResolver.resolveValueIfNecessary(BeanDefinitionValueResolver.java:131)
	at org.springframework.beans.factory.support.AbstractAutowireCapableBeanFactory.applyPropertyValues(AbstractAutowireCapableBeanFactory.java:1602)
	at org.springframework.beans.factory.support.AbstractAutowireCapableBeanFactory.populateBean(AbstractAutowireCapableBeanFactory.java:1354)
	at org.springframework.beans.factory.support.AbstractAutowireCapableBeanFactory.doCreateBean(AbstractAutowireCapableBeanFactory.java:572)
	at org.springframework.beans.factory.support.AbstractAutowireCapableBeanFactory.createBean(AbstractAutowireCapableBeanFactory.java:495)
	at org.springframework.beans.factory.support.AbstractBeanFactory.lambda$doGetBean$0(AbstractBeanFactory.java:317)
	at org.springframework.beans.factory.support.DefaultSingletonBeanRegistry.getSingleton(DefaultSingletonBeanRegistry.java:222)
	at org.springframework.beans.factory.support.AbstractBeanFactory.doGetBean(AbstractBeanFactory.java:315)
	at org.springframework.beans.factory.support.AbstractBeanFactory.getBean(AbstractBeanFactory.java:199)
	at org.springframework.beans.factory.config.DependencyDescriptor.resolveCandidate(DependencyDescriptor.java:251)
	at org.springframework.beans.factory.support.DefaultListableBeanFactory.doResolveDependency(DefaultListableBeanFactory.java:1135)
	at org.springframework.beans.factory.support.DefaultListableBeanFactory.resolveDependency(DefaultListableBeanFactory.java:1062)
	at org.springframework.beans.factory.annotation.AutowiredAnnotationBeanPostProcessor$AutowiredFieldElement.inject(AutowiredAnnotationBeanPostProcessor.java:583)
	at org.springframework.beans.factory.annotation.InjectionMetadata.inject(InjectionMetadata.java:90)
	at org.springframework.beans.factory.annotation.AutowiredAnnotationBeanPostProcessor.postProcessPropertyValues(AutowiredAnnotationBeanPostProcessor.java:372)
	at org.springframework.beans.factory.support.AbstractAutowireCapableBeanFactory.populateBean(AbstractAutowireCapableBeanFactory.java:1341)
	at org.springframework.beans.factory.support.AbstractAutowireCapableBeanFactory.doCreateBean(AbstractAutowireCapableBeanFactory.java:572)
	at org.springframework.beans.factory.support.AbstractAutowireCapableBeanFactory.createBean(AbstractAutowireCapableBeanFactory.java:495)
	at org.springframework.beans.factory.support.AbstractBeanFactory.lambda$doGetBean$0(AbstractBeanFactory.java:317)
	at org.springframework.beans.factory.support.DefaultSingletonBeanRegistry.getSingleton(DefaultSingletonBeanRegistry.java:222)
	at org.springframework.beans.factory.support.AbstractBeanFactory.doGetBean(AbstractBeanFactory.java:315)
	at org.springframework.beans.factory.support.AbstractBeanFactory.getBean(AbstractBeanFactory.java:199)
	at org.springframework.beans.factory.config.DependencyDescriptor.resolveCandidate(DependencyDescriptor.java:251)
	at org.springframework.beans.factory.support.DefaultListableBeanFactory.doResolveDependency(DefaultListableBeanFactory.java:1135)
	at org.springframework.beans.factory.support.DefaultListableBeanFactory.resolveDependency(DefaultListableBeanFactory.java:1062)
	at org.springframework.beans.factory.annotation.AutowiredAnnotationBeanPostProcessor$AutowiredFieldElement.inject(AutowiredAnnotationBeanPostProcessor.java:583)
	at org.springframework.beans.factory.annotation.InjectionMetadata.inject(InjectionMetadata.java:90)
	at org.springframework.beans.factory.annotation.AutowiredAnnotationBeanPostProcessor.postProcessPropertyValues(AutowiredAnnotationBeanPostProcessor.java:372)
	at org.springframework.beans.factory.support.AbstractAutowireCapableBeanFactory.populateBean(AbstractAutowireCapableBeanFactory.java:1341)
	at org.springframework.beans.factory.support.AbstractAutowireCapableBeanFactory.doCreateBean(AbstractAutowireCapableBeanFactory.java:572)
	at org.springframework.beans.factory.support.AbstractAutowireCapableBeanFactory.createBean(AbstractAutowireCapableBeanFactory.java:495)
	at org.springframework.beans.factory.support.AbstractBeanFactory.lambda$doGetBean$0(AbstractBeanFactory.java:317)
	at org.springframework.beans.factory.support.DefaultSingletonBeanRegistry.getSingleton(DefaultSingletonBeanRegistry.java:222)
	at org.springframework.beans.factory.support.AbstractBeanFactory.doGetBean(AbstractBeanFactory.java:315)
	at org.springframework.beans.factory.support.AbstractBeanFactory.getBean(AbstractBeanFactory.java:204)
	at org.springframework.boot.web.servlet.ServletContextInitializerBeans.getOrderedBeansOfType(ServletContextInitializerBeans.java:226)
	at org.springframework.boot.web.servlet.ServletContextInitializerBeans.addAsRegistrationBean(ServletContextInitializerBeans.java:182)
	at org.springframework.boot.web.servlet.ServletContextInitializerBeans.addAsRegistrationBean(ServletContextInitializerBeans.java:177)
	at org.springframework.boot.web.servlet.ServletContextInitializerBeans.addAdaptableBeans(ServletContextInitializerBeans.java:159)
	at org.springframework.boot.web.servlet.ServletContextInitializerBeans.<init>(ServletContextInitializerBeans.java:81)
	at org.springframework.boot.web.servlet.context.ServletWebServerApplicationContext.getServletContextInitializerBeans(ServletWebServerApplicationContext.java:250)
	at org.springframework.boot.web.servlet.context.ServletWebServerApplicationContext.selfInitialize(ServletWebServerApplicationContext.java:237)
	at org.springframework.boot.web.embedded.tomcat.TomcatStarter.onStartup(TomcatStarter.java:54)
	at org.apache.catalina.core.StandardContext.startInternal(StandardContext.java:5245)
	at org.apache.catalina.util.LifecycleBase.start(LifecycleBase.java:150)
	at org.apache.catalina.core.ContainerBase$StartChild.call(ContainerBase.java:1420)
	at org.apache.catalina.core.ContainerBase$StartChild.call(ContainerBase.java:1410)
	at java.util.concurrent.FutureTask.run(FutureTask.java:266)
	at java.util.concurrent.ThreadPoolExecutor.runWorker(ThreadPoolExecutor.java:1149)
	at java.util.concurrent.ThreadPoolExecutor$Worker.run(ThreadPoolExecutor.java:624)
	at java.lang.Thread.run(Thread.java:748)
Caused by: org.springframework.jdbc.CannotGetJdbcConnectionException: Failed to obtain JDBC Connection; nested exception is com.mysql.jdbc.exceptions.jdbc4.MySQLNonTransientConnectionException: Could not create connection to database server. Attempted reconnect 3 times. Giving up.
	at org.springframework.jdbc.datasource.DataSourceUtils.getConnection(DataSourceUtils.java:81)
	at org.springframework.jdbc.support.JdbcUtils.extractDatabaseMetaData(JdbcUtils.java:319)
	... 111 common frames omitted
Caused by: com.mysql.jdbc.exceptions.jdbc4.MySQLNonTransientConnectionException: Could not create connection to database server. Attempted reconnect 3 times. Giving up.
	at sun.reflect.NativeConstructorAccessorImpl.newInstance0(Native Method)
	at sun.reflect.NativeConstructorAccessorImpl.newInstance(NativeConstructorAccessorImpl.java:62)
	at sun.reflect.DelegatingConstructorAccessorImpl.newInstance(DelegatingConstructorAccessorImpl.java:45)
	at java.lang.reflect.Constructor.newInstance(Constructor.java:423)
	at com.mysql.jdbc.Util.handleNewInstance(Util.java:425)
	at com.mysql.jdbc.Util.getInstance(Util.java:408)
	at com.mysql.jdbc.SQLError.createSQLException(SQLError.java:919)
	at com.mysql.jdbc.SQLError.createSQLException(SQLError.java:898)
	at com.mysql.jdbc.SQLError.createSQLException(SQLError.java:887)
	at com.mysql.jdbc.SQLError.createSQLException(SQLError.java:861)
	at com.mysql.jdbc.ConnectionImpl.connectWithRetries(ConnectionImpl.java:2105)
	at com.mysql.jdbc.ConnectionImpl.createNewIO(ConnectionImpl.java:2030)
	at com.mysql.jdbc.ConnectionImpl.<init>(ConnectionImpl.java:778)
	at com.mysql.jdbc.JDBC4Connection.<init>(JDBC4Connection.java:47)
	at sun.reflect.NativeConstructorAccessorImpl.newInstance0(Native Method)
	at sun.reflect.NativeConstructorAccessorImpl.newInstance(NativeConstructorAccessorImpl.java:62)
	at sun.reflect.DelegatingConstructorAccessorImpl.newInstance(DelegatingConstructorAccessorImpl.java:45)
	at java.lang.reflect.Constructor.newInstance(Constructor.java:423)
	at com.mysql.jdbc.Util.handleNewInstance(Util.java:425)
	at com.mysql.jdbc.ConnectionImpl.getInstance(ConnectionImpl.java:386)
	at com.mysql.jdbc.NonRegisteringDriver.connect(NonRegisteringDriver.java:330)
	at com.zaxxer.hikari.util.DriverDataSource.getConnection(DriverDataSource.java:117)
	at com.zaxxer.hikari.util.DriverDataSource.getConnection(DriverDataSource.java:123)
	at com.zaxxer.hikari.pool.PoolBase.newConnection(PoolBase.java:365)
	at com.zaxxer.hikari.pool.PoolBase.newPoolEntry(PoolBase.java:194)
	at com.zaxxer.hikari.pool.HikariPool.createPoolEntry(HikariPool.java:460)
	at com.zaxxer.hikari.pool.HikariPool.checkFailFast(HikariPool.java:534)
	at com.zaxxer.hikari.pool.HikariPool.<init>(HikariPool.java:115)
	at com.zaxxer.hikari.HikariDataSource.getConnection(HikariDataSource.java:112)
	at com.zaxxer.hikari.HikariDataSource$$FastClassBySpringCGLIB$$eeb1ae86.invoke(<generated>)
	at org.springframework.cglib.proxy.MethodProxy.invoke(MethodProxy.java:204)
	at org.springframework.aop.framework.CglibAopProxy$CglibMethodInvocation.invokeJoinpoint(CglibAopProxy.java:746)
	at org.springframework.aop.framework.ReflectiveMethodInvocation.proceed(ReflectiveMethodInvocation.java:163)
	at org.springframework.aop.support.DelegatingIntroductionInterceptor.doProceed(DelegatingIntroductionInterceptor.java:136)
	at org.springframework.aop.support.DelegatingIntroductionInterceptor.invoke(DelegatingIntroductionInterceptor.java:124)
	at org.springframework.aop.framework.ReflectiveMethodInvocation.proceed(ReflectiveMethodInvocation.java:185)
	at org.springframework.aop.framework.CglibAopProxy$DynamicAdvisedInterceptor.intercept(CglibAopProxy.java:688)
	at com.zaxxer.hikari.HikariDataSource$$EnhancerBySpringCGLIB$$240a67cc.getConnection(<generated>)
	at org.springframework.jdbc.datasource.DataSourceUtils.fetchConnection(DataSourceUtils.java:151)
	at org.springframework.jdbc.datasource.DataSourceUtils.doGetConnection(DataSourceUtils.java:115)
	at org.springframework.jdbc.datasource.DataSourceUtils.getConnection(DataSourceUtils.java:78)
	... 112 common frames omitted
Caused by: java.sql.SQLException: Access denied for user 'root'@'localhost' (using password: YES)
	at com.mysql.jdbc.SQLError.createSQLException(SQLError.java:965)
	at com.mysql.jdbc.MysqlIO.checkErrorPacket(MysqlIO.java:3978)
	at com.mysql.jdbc.MysqlIO.checkErrorPacket(MysqlIO.java:3914)
	at com.mysql.jdbc.MysqlIO.checkErrorPacket(MysqlIO.java:871)
	at com.mysql.jdbc.MysqlIO.proceedHandshakeWithPluggableAuthentication(MysqlIO.java:1714)
	at com.mysql.jdbc.MysqlIO.doHandshake(MysqlIO.java:1224)
	at com.mysql.jdbc.ConnectionImpl.coreConnect(ConnectionImpl.java:2199)
	at com.mysql.jdbc.ConnectionImpl.connectWithRetries(ConnectionImpl.java:2046)
	... 142 common frames omitted
2020-12-06 21:33:16,475 INFO org.apache.commons.logging.impl.Jdk14Logger [localhost-startStop-1] Building JPA container EntityManagerFactory for persistence unit 'default'
2020-12-06 21:33:16,508 INFO org.hibernate.jpa.internal.util.LogHelper [localhost-startStop-1] HHH000204: Processing PersistenceUnitInfo [name: default]
2020-12-06 21:33:16,681 INFO org.hibernate.Version [localhost-startStop-1] HHH000412: Hibernate ORM core version 5.4.22.Final
2020-12-06 21:33:17,128 INFO org.hibernate.annotations.common.reflection.java.JavaReflectionManager [localhost-startStop-1] HCANN000001: Hibernate Commons Annotations {5.1.0.Final}
2020-12-06 21:33:17,575 INFO com.zaxxer.hikari.HikariDataSource [localhost-startStop-1] HikariPool-1 - Starting...
2020-12-06 21:33:22,614 ERROR com.zaxxer.hikari.pool.HikariPool [localhost-startStop-1] HikariPool-1 - Exception during pool initialization.
com.mysql.jdbc.exceptions.jdbc4.MySQLNonTransientConnectionException: Could not create connection to database server. Attempted reconnect 3 times. Giving up.
	at sun.reflect.NativeConstructorAccessorImpl.newInstance0(Native Method)
	at sun.reflect.NativeConstructorAccessorImpl.newInstance(NativeConstructorAccessorImpl.java:62)
	at sun.reflect.DelegatingConstructorAccessorImpl.newInstance(DelegatingConstructorAccessorImpl.java:45)
	at java.lang.reflect.Constructor.newInstance(Constructor.java:423)
	at com.mysql.jdbc.Util.handleNewInstance(Util.java:425)
	at com.mysql.jdbc.Util.getInstance(Util.java:408)
	at com.mysql.jdbc.SQLError.createSQLException(SQLError.java:919)
	at com.mysql.jdbc.SQLError.createSQLException(SQLError.java:898)
	at com.mysql.jdbc.SQLError.createSQLException(SQLError.java:887)
	at com.mysql.jdbc.SQLError.createSQLException(SQLError.java:861)
	at com.mysql.jdbc.ConnectionImpl.connectWithRetries(ConnectionImpl.java:2105)
	at com.mysql.jdbc.ConnectionImpl.createNewIO(ConnectionImpl.java:2030)
	at com.mysql.jdbc.ConnectionImpl.<init>(ConnectionImpl.java:778)
	at com.mysql.jdbc.JDBC4Connection.<init>(JDBC4Connection.java:47)
	at sun.reflect.NativeConstructorAccessorImpl.newInstance0(Native Method)
	at sun.reflect.NativeConstructorAccessorImpl.newInstance(NativeConstructorAccessorImpl.java:62)
	at sun.reflect.DelegatingConstructorAccessorImpl.newInstance(DelegatingConstructorAccessorImpl.java:45)
	at java.lang.reflect.Constructor.newInstance(Constructor.java:423)
	at com.mysql.jdbc.Util.handleNewInstance(Util.java:425)
	at com.mysql.jdbc.ConnectionImpl.getInstance(ConnectionImpl.java:386)
	at com.mysql.jdbc.NonRegisteringDriver.connect(NonRegisteringDriver.java:330)
	at com.zaxxer.hikari.util.DriverDataSource.getConnection(DriverDataSource.java:117)
	at com.zaxxer.hikari.util.DriverDataSource.getConnection(DriverDataSource.java:123)
	at com.zaxxer.hikari.pool.PoolBase.newConnection(PoolBase.java:365)
	at com.zaxxer.hikari.pool.PoolBase.newPoolEntry(PoolBase.java:194)
	at com.zaxxer.hikari.pool.HikariPool.createPoolEntry(HikariPool.java:460)
	at com.zaxxer.hikari.pool.HikariPool.checkFailFast(HikariPool.java:534)
	at com.zaxxer.hikari.pool.HikariPool.<init>(HikariPool.java:115)
	at com.zaxxer.hikari.HikariDataSource.getConnection(HikariDataSource.java:112)
	at com.zaxxer.hikari.HikariDataSource$$FastClassBySpringCGLIB$$eeb1ae86.invoke(<generated>)
	at org.springframework.cglib.proxy.MethodProxy.invoke(MethodProxy.java:204)
	at org.springframework.aop.framework.CglibAopProxy$CglibMethodInvocation.invokeJoinpoint(CglibAopProxy.java:746)
	at org.springframework.aop.framework.ReflectiveMethodInvocation.proceed(ReflectiveMethodInvocation.java:163)
	at org.springframework.aop.support.DelegatingIntroductionInterceptor.doProceed(DelegatingIntroductionInterceptor.java:136)
	at org.springframework.aop.support.DelegatingIntroductionInterceptor.invoke(DelegatingIntroductionInterceptor.java:124)
	at org.springframework.aop.framework.ReflectiveMethodInvocation.proceed(ReflectiveMethodInvocation.java:185)
	at org.springframework.aop.framework.CglibAopProxy$DynamicAdvisedInterceptor.intercept(CglibAopProxy.java:688)
	at com.zaxxer.hikari.HikariDataSource$$EnhancerBySpringCGLIB$$240a67cc.getConnection(<generated>)
	at org.hibernate.engine.jdbc.connections.internal.DatasourceConnectionProviderImpl.getConnection(DatasourceConnectionProviderImpl.java:122)
	at org.hibernate.engine.jdbc.env.internal.JdbcEnvironmentInitiator$ConnectionProviderJdbcConnectionAccess.obtainConnection(JdbcEnvironmentInitiator.java:180)
	at org.hibernate.engine.jdbc.env.internal.JdbcEnvironmentInitiator.initiateService(JdbcEnvironmentInitiator.java:68)
	at org.hibernate.engine.jdbc.env.internal.JdbcEnvironmentInitiator.initiateService(JdbcEnvironmentInitiator.java:35)
	at org.hibernate.boot.registry.internal.StandardServiceRegistryImpl.initiateService(StandardServiceRegistryImpl.java:101)
	at org.hibernate.service.internal.AbstractServiceRegistryImpl.createService(AbstractServiceRegistryImpl.java:263)
	at org.hibernate.service.internal.AbstractServiceRegistryImpl.initializeService(AbstractServiceRegistryImpl.java:237)
	at org.hibernate.service.internal.AbstractServiceRegistryImpl.getService(AbstractServiceRegistryImpl.java:214)
	at org.hibernate.id.factory.internal.DefaultIdentifierGeneratorFactory.injectServices(DefaultIdentifierGeneratorFactory.java:152)
	at org.hibernate.service.internal.AbstractServiceRegistryImpl.injectDependencies(AbstractServiceRegistryImpl.java:286)
	at org.hibernate.service.internal.AbstractServiceRegistryImpl.initializeService(AbstractServiceRegistryImpl.java:243)
	at org.hibernate.service.internal.AbstractServiceRegistryImpl.getService(AbstractServiceRegistryImpl.java:214)
	at org.hibernate.boot.internal.InFlightMetadataCollectorImpl.<init>(InFlightMetadataCollectorImpl.java:176)
	at org.hibernate.boot.model.process.spi.MetadataBuildingProcess.complete(MetadataBuildingProcess.java:118)
	at org.hibernate.jpa.boot.internal.EntityManagerFactoryBuilderImpl.metadata(EntityManagerFactoryBuilderImpl.java:1224)
	at org.hibernate.jpa.boot.internal.EntityManagerFactoryBuilderImpl.build(EntityManagerFactoryBuilderImpl.java:1255)
	at org.springframework.orm.jpa.vendor.SpringHibernateJpaPersistenceProvider.createContainerEntityManagerFactory(SpringHibernateJpaPersistenceProvider.java:57)
	at org.springframework.orm.jpa.LocalContainerEntityManagerFactoryBean.createNativeEntityManagerFactory(LocalContainerEntityManagerFactoryBean.java:365)
	at org.springframework.orm.jpa.AbstractEntityManagerFactoryBean.buildNativeEntityManagerFactory(AbstractEntityManagerFactoryBean.java:390)
	at org.springframework.orm.jpa.AbstractEntityManagerFactoryBean.afterPropertiesSet(AbstractEntityManagerFactoryBean.java:377)
	at org.springframework.orm.jpa.LocalContainerEntityManagerFactoryBean.afterPropertiesSet(LocalContainerEntityManagerFactoryBean.java:341)
	at org.springframework.beans.factory.support.AbstractAutowireCapableBeanFactory.invokeInitMethods(AbstractAutowireCapableBeanFactory.java:1758)
	at org.springframework.beans.factory.support.AbstractAutowireCapableBeanFactory.initializeBean(AbstractAutowireCapableBeanFactory.java:1695)
	at org.springframework.beans.factory.support.AbstractAutowireCapableBeanFactory.doCreateBean(AbstractAutowireCapableBeanFactory.java:573)
	at org.springframework.beans.factory.support.AbstractAutowireCapableBeanFactory.createBean(AbstractAutowireCapableBeanFactory.java:495)
	at org.springframework.beans.factory.support.AbstractBeanFactory.lambda$doGetBean$0(AbstractBeanFactory.java:317)
	at org.springframework.beans.factory.support.DefaultSingletonBeanRegistry.getSingleton(DefaultSingletonBeanRegistry.java:222)
	at org.springframework.beans.factory.support.AbstractBeanFactory.doGetBean(AbstractBeanFactory.java:315)
	at org.springframework.beans.factory.support.AbstractBeanFactory.getBean(AbstractBeanFactory.java:199)
	at org.springframework.beans.factory.support.BeanDefinitionValueResolver.resolveReference(BeanDefinitionValueResolver.java:367)
	at org.springframework.beans.factory.support.BeanDefinitionValueResolver.resolveValueIfNecessary(BeanDefinitionValueResolver.java:110)
	at org.springframework.beans.factory.support.ConstructorResolver.resolveConstructorArguments(ConstructorResolver.java:625)
	at org.springframework.beans.factory.support.ConstructorResolver.instantiateUsingFactoryMethod(ConstructorResolver.java:444)
	at org.springframework.beans.factory.support.AbstractAutowireCapableBeanFactory.instantiateUsingFactoryMethod(AbstractAutowireCapableBeanFactory.java:1247)
	at org.springframework.beans.factory.support.AbstractAutowireCapableBeanFactory.createBeanInstance(AbstractAutowireCapableBeanFactory.java:1096)
	at org.springframework.beans.factory.support.AbstractAutowireCapableBeanFactory.doCreateBean(AbstractAutowireCapableBeanFactory.java:535)
	at org.springframework.beans.factory.support.AbstractAutowireCapableBeanFactory.createBean(AbstractAutowireCapableBeanFactory.java:495)
	at org.springframework.beans.factory.support.BeanDefinitionValueResolver.resolveInnerBean(BeanDefinitionValueResolver.java:312)
	at org.springframework.beans.factory.support.BeanDefinitionValueResolver.resolveValueIfNecessary(BeanDefinitionValueResolver.java:131)
	at org.springframework.beans.factory.support.AbstractAutowireCapableBeanFactory.applyPropertyValues(AbstractAutowireCapableBeanFactory.java:1602)
	at org.springframework.beans.factory.support.AbstractAutowireCapableBeanFactory.populateBean(AbstractAutowireCapableBeanFactory.java:1354)
	at org.springframework.beans.factory.support.AbstractAutowireCapableBeanFactory.doCreateBean(AbstractAutowireCapableBeanFactory.java:572)
	at org.springframework.beans.factory.support.AbstractAutowireCapableBeanFactory.createBean(AbstractAutowireCapableBeanFactory.java:495)
	at org.springframework.beans.factory.support.AbstractBeanFactory.lambda$doGetBean$0(AbstractBeanFactory.java:317)
	at org.springframework.beans.factory.support.DefaultSingletonBeanRegistry.getSingleton(DefaultSingletonBeanRegistry.java:222)
	at org.springframework.beans.factory.support.AbstractBeanFactory.doGetBean(AbstractBeanFactory.java:315)
	at org.springframework.beans.factory.support.AbstractBeanFactory.getBean(AbstractBeanFactory.java:199)
	at org.springframework.beans.factory.config.DependencyDescriptor.resolveCandidate(DependencyDescriptor.java:251)
	at org.springframework.beans.factory.support.DefaultListableBeanFactory.doResolveDependency(DefaultListableBeanFactory.java:1135)
	at org.springframework.beans.factory.support.DefaultListableBeanFactory.resolveDependency(DefaultListableBeanFactory.java:1062)
	at org.springframework.beans.factory.annotation.AutowiredAnnotationBeanPostProcessor$AutowiredFieldElement.inject(AutowiredAnnotationBeanPostProcessor.java:583)
	at org.springframework.beans.factory.annotation.InjectionMetadata.inject(InjectionMetadata.java:90)
	at org.springframework.beans.factory.annotation.AutowiredAnnotationBeanPostProcessor.postProcessPropertyValues(AutowiredAnnotationBeanPostProcessor.java:372)
	at org.springframework.beans.factory.support.AbstractAutowireCapableBeanFactory.populateBean(AbstractAutowireCapableBeanFactory.java:1341)
	at org.springframework.beans.factory.support.AbstractAutowireCapableBeanFactory.doCreateBean(AbstractAutowireCapableBeanFactory.java:572)
	at org.springframework.beans.factory.support.AbstractAutowireCapableBeanFactory.createBean(AbstractAutowireCapableBeanFactory.java:495)
	at org.springframework.beans.factory.support.AbstractBeanFactory.lambda$doGetBean$0(AbstractBeanFactory.java:317)
	at org.springframework.beans.factory.support.DefaultSingletonBeanRegistry.getSingleton(DefaultSingletonBeanRegistry.java:222)
	at org.springframework.beans.factory.support.AbstractBeanFactory.doGetBean(AbstractBeanFactory.java:315)
	at org.springframework.beans.factory.support.AbstractBeanFactory.getBean(AbstractBeanFactory.java:199)
	at org.springframework.beans.factory.config.DependencyDescriptor.resolveCandidate(DependencyDescriptor.java:251)
	at org.springframework.beans.factory.support.DefaultListableBeanFactory.doResolveDependency(DefaultListableBeanFactory.java:1135)
	at org.springframework.beans.factory.support.DefaultListableBeanFactory.resolveDependency(DefaultListableBeanFactory.java:1062)
	at org.springframework.beans.factory.annotation.AutowiredAnnotationBeanPostProcessor$AutowiredFieldElement.inject(AutowiredAnnotationBeanPostProcessor.java:583)
	at org.springframework.beans.factory.annotation.InjectionMetadata.inject(InjectionMetadata.java:90)
	at org.springframework.beans.factory.annotation.AutowiredAnnotationBeanPostProcessor.postProcessPropertyValues(AutowiredAnnotationBeanPostProcessor.java:372)
	at org.springframework.beans.factory.support.AbstractAutowireCapableBeanFactory.populateBean(AbstractAutowireCapableBeanFactory.java:1341)
	at org.springframework.beans.factory.support.AbstractAutowireCapableBeanFactory.doCreateBean(AbstractAutowireCapableBeanFactory.java:572)
	at org.springframework.beans.factory.support.AbstractAutowireCapableBeanFactory.createBean(AbstractAutowireCapableBeanFactory.java:495)
	at org.springframework.beans.factory.support.AbstractBeanFactory.lambda$doGetBean$0(AbstractBeanFactory.java:317)
	at org.springframework.beans.factory.support.DefaultSingletonBeanRegistry.getSingleton(DefaultSingletonBeanRegistry.java:222)
	at org.springframework.beans.factory.support.AbstractBeanFactory.doGetBean(AbstractBeanFactory.java:315)
	at org.springframework.beans.factory.support.AbstractBeanFactory.getBean(AbstractBeanFactory.java:204)
	at org.springframework.boot.web.servlet.ServletContextInitializerBeans.getOrderedBeansOfType(ServletContextInitializerBeans.java:226)
	at org.springframework.boot.web.servlet.ServletContextInitializerBeans.addAsRegistrationBean(ServletContextInitializerBeans.java:182)
	at org.springframework.boot.web.servlet.ServletContextInitializerBeans.addAsRegistrationBean(ServletContextInitializerBeans.java:177)
	at org.springframework.boot.web.servlet.ServletContextInitializerBeans.addAdaptableBeans(ServletContextInitializerBeans.java:159)
	at org.springframework.boot.web.servlet.ServletContextInitializerBeans.<init>(ServletContextInitializerBeans.java:81)
	at org.springframework.boot.web.servlet.context.ServletWebServerApplicationContext.getServletContextInitializerBeans(ServletWebServerApplicationContext.java:250)
	at org.springframework.boot.web.servlet.context.ServletWebServerApplicationContext.selfInitialize(ServletWebServerApplicationContext.java:237)
	at org.springframework.boot.web.embedded.tomcat.TomcatStarter.onStartup(TomcatStarter.java:54)
	at org.apache.catalina.core.StandardContext.startInternal(StandardContext.java:5245)
	at org.apache.catalina.util.LifecycleBase.start(LifecycleBase.java:150)
	at org.apache.catalina.core.ContainerBase$StartChild.call(ContainerBase.java:1420)
	at org.apache.catalina.core.ContainerBase$StartChild.call(ContainerBase.java:1410)
	at java.util.concurrent.FutureTask.run(FutureTask.java:266)
	at java.util.concurrent.ThreadPoolExecutor.runWorker(ThreadPoolExecutor.java:1149)
	at java.util.concurrent.ThreadPoolExecutor$Worker.run(ThreadPoolExecutor.java:624)
	at java.lang.Thread.run(Thread.java:748)
Caused by: java.sql.SQLException: Access denied for user 'root'@'localhost' (using password: YES)
	at com.mysql.jdbc.SQLError.createSQLException(SQLError.java:965)
	at com.mysql.jdbc.MysqlIO.checkErrorPacket(MysqlIO.java:3978)
	at com.mysql.jdbc.MysqlIO.checkErrorPacket(MysqlIO.java:3914)
	at com.mysql.jdbc.MysqlIO.checkErrorPacket(MysqlIO.java:871)
	at com.mysql.jdbc.MysqlIO.proceedHandshakeWithPluggableAuthentication(MysqlIO.java:1714)
	at com.mysql.jdbc.MysqlIO.doHandshake(MysqlIO.java:1224)
	at com.mysql.jdbc.ConnectionImpl.coreConnect(ConnectionImpl.java:2199)
	at com.mysql.jdbc.ConnectionImpl.connectWithRetries(ConnectionImpl.java:2046)
	... 116 common frames omitted
2020-12-06 21:33:22,617 WARN org.hibernate.engine.jdbc.env.internal.JdbcEnvironmentInitiator [localhost-startStop-1] HHH000342: Could not obtain connection to query metadata : Could not create connection to database server. Attempted reconnect 3 times. Giving up.
2020-12-06 21:33:22,650 INFO org.hibernate.dialect.Dialect [localhost-startStop-1] HHH000400: Using dialect: org.hibernate.dialect.MySQL5InnoDBDialect
2020-12-06 21:33:22,732 INFO org.hibernate.envers.boot.internal.EnversServiceImpl [localhost-startStop-1] Envers integration enabled? : true
2020-12-06 21:33:24,560 INFO com.zaxxer.hikari.HikariDataSource [localhost-startStop-1] HikariPool-1 - Starting...
2020-12-06 21:33:29,604 ERROR com.zaxxer.hikari.pool.HikariPool [localhost-startStop-1] HikariPool-1 - Exception during pool initialization.
com.mysql.jdbc.exceptions.jdbc4.MySQLNonTransientConnectionException: Could not create connection to database server. Attempted reconnect 3 times. Giving up.
	at sun.reflect.NativeConstructorAccessorImpl.newInstance0(Native Method)
	at sun.reflect.NativeConstructorAccessorImpl.newInstance(NativeConstructorAccessorImpl.java:62)
	at sun.reflect.DelegatingConstructorAccessorImpl.newInstance(DelegatingConstructorAccessorImpl.java:45)
	at java.lang.reflect.Constructor.newInstance(Constructor.java:423)
	at com.mysql.jdbc.Util.handleNewInstance(Util.java:425)
	at com.mysql.jdbc.Util.getInstance(Util.java:408)
	at com.mysql.jdbc.SQLError.createSQLException(SQLError.java:919)
	at com.mysql.jdbc.SQLError.createSQLException(SQLError.java:898)
	at com.mysql.jdbc.SQLError.createSQLException(SQLError.java:887)
	at com.mysql.jdbc.SQLError.createSQLException(SQLError.java:861)
	at com.mysql.jdbc.ConnectionImpl.connectWithRetries(ConnectionImpl.java:2105)
	at com.mysql.jdbc.ConnectionImpl.createNewIO(ConnectionImpl.java:2030)
	at com.mysql.jdbc.ConnectionImpl.<init>(ConnectionImpl.java:778)
	at com.mysql.jdbc.JDBC4Connection.<init>(JDBC4Connection.java:47)
	at sun.reflect.NativeConstructorAccessorImpl.newInstance0(Native Method)
	at sun.reflect.NativeConstructorAccessorImpl.newInstance(NativeConstructorAccessorImpl.java:62)
	at sun.reflect.DelegatingConstructorAccessorImpl.newInstance(DelegatingConstructorAccessorImpl.java:45)
	at java.lang.reflect.Constructor.newInstance(Constructor.java:423)
	at com.mysql.jdbc.Util.handleNewInstance(Util.java:425)
	at com.mysql.jdbc.ConnectionImpl.getInstance(ConnectionImpl.java:386)
	at com.mysql.jdbc.NonRegisteringDriver.connect(NonRegisteringDriver.java:330)
	at com.zaxxer.hikari.util.DriverDataSource.getConnection(DriverDataSource.java:117)
	at com.zaxxer.hikari.util.DriverDataSource.getConnection(DriverDataSource.java:123)
	at com.zaxxer.hikari.pool.PoolBase.newConnection(PoolBase.java:365)
	at com.zaxxer.hikari.pool.PoolBase.newPoolEntry(PoolBase.java:194)
	at com.zaxxer.hikari.pool.HikariPool.createPoolEntry(HikariPool.java:460)
	at com.zaxxer.hikari.pool.HikariPool.checkFailFast(HikariPool.java:534)
	at com.zaxxer.hikari.pool.HikariPool.<init>(HikariPool.java:115)
	at com.zaxxer.hikari.HikariDataSource.getConnection(HikariDataSource.java:112)
	at com.zaxxer.hikari.HikariDataSource$$FastClassBySpringCGLIB$$eeb1ae86.invoke(<generated>)
	at org.springframework.cglib.proxy.MethodProxy.invoke(MethodProxy.java:204)
	at org.springframework.aop.framework.CglibAopProxy$CglibMethodInvocation.invokeJoinpoint(CglibAopProxy.java:746)
	at org.springframework.aop.framework.ReflectiveMethodInvocation.proceed(ReflectiveMethodInvocation.java:163)
	at org.springframework.aop.support.DelegatingIntroductionInterceptor.doProceed(DelegatingIntroductionInterceptor.java:136)
	at org.springframework.aop.support.DelegatingIntroductionInterceptor.invoke(DelegatingIntroductionInterceptor.java:124)
	at org.springframework.aop.framework.ReflectiveMethodInvocation.proceed(ReflectiveMethodInvocation.java:185)
	at org.springframework.aop.framework.CglibAopProxy$DynamicAdvisedInterceptor.intercept(CglibAopProxy.java:688)
	at com.zaxxer.hikari.HikariDataSource$$EnhancerBySpringCGLIB$$240a67cc.getConnection(<generated>)
	at org.hibernate.engine.jdbc.connections.internal.DatasourceConnectionProviderImpl.getConnection(DatasourceConnectionProviderImpl.java:122)
	at org.hibernate.engine.jdbc.env.internal.JdbcEnvironmentInitiator$ConnectionProviderJdbcConnectionAccess.obtainConnection(JdbcEnvironmentInitiator.java:180)
	at org.hibernate.resource.transaction.backend.jdbc.internal.DdlTransactionIsolatorNonJtaImpl.getIsolatedConnection(DdlTransactionIsolatorNonJtaImpl.java:43)
	at org.hibernate.tool.schema.internal.exec.ImprovedExtractionContextImpl.getJdbcConnection(ImprovedExtractionContextImpl.java:60)
	at org.hibernate.tool.schema.internal.exec.ImprovedExtractionContextImpl.getJdbcDatabaseMetaData(ImprovedExtractionContextImpl.java:67)
	at org.hibernate.tool.schema.extract.internal.InformationExtractorJdbcDatabaseMetaDataImpl.getTables(InformationExtractorJdbcDatabaseMetaDataImpl.java:333)
	at org.hibernate.tool.schema.extract.internal.DatabaseInformationImpl.getTablesInformation(DatabaseInformationImpl.java:120)
	at org.hibernate.tool.schema.internal.GroupedSchemaMigratorImpl.performTablesMigration(GroupedSchemaMigratorImpl.java:65)
	at org.hibernate.tool.schema.internal.AbstractSchemaMigrator.performMigration(AbstractSchemaMigrator.java:207)
	at org.hibernate.tool.schema.internal.AbstractSchemaMigrator.doMigration(AbstractSchemaMigrator.java:114)
	at org.hibernate.tool.schema.spi.SchemaManagementToolCoordinator.performDatabaseAction(SchemaManagementToolCoordinator.java:184)
	at org.hibernate.tool.schema.spi.SchemaManagementToolCoordinator.process(SchemaManagementToolCoordinator.java:73)
	at org.hibernate.internal.SessionFactoryImpl.<init>(SessionFactoryImpl.java:316)
	at org.hibernate.boot.internal.SessionFactoryBuilderImpl.build(SessionFactoryBuilderImpl.java:469)
	at org.hibernate.jpa.boot.internal.EntityManagerFactoryBuilderImpl.build(EntityManagerFactoryBuilderImpl.java:1259)
	at org.springframework.orm.jpa.vendor.SpringHibernateJpaPersistenceProvider.createContainerEntityManagerFactory(SpringHibernateJpaPersistenceProvider.java:57)
	at org.springframework.orm.jpa.LocalContainerEntityManagerFactoryBean.createNativeEntityManagerFactory(LocalContainerEntityManagerFactoryBean.java:365)
	at org.springframework.orm.jpa.AbstractEntityManagerFactoryBean.buildNativeEntityManagerFactory(AbstractEntityManagerFactoryBean.java:390)
	at org.springframework.orm.jpa.AbstractEntityManagerFactoryBean.afterPropertiesSet(AbstractEntityManagerFactoryBean.java:377)
	at org.springframework.orm.jpa.LocalContainerEntityManagerFactoryBean.afterPropertiesSet(LocalContainerEntityManagerFactoryBean.java:341)
	at org.springframework.beans.factory.support.AbstractAutowireCapableBeanFactory.invokeInitMethods(AbstractAutowireCapableBeanFactory.java:1758)
	at org.springframework.beans.factory.support.AbstractAutowireCapableBeanFactory.initializeBean(AbstractAutowireCapableBeanFactory.java:1695)
	at org.springframework.beans.factory.support.AbstractAutowireCapableBeanFactory.doCreateBean(AbstractAutowireCapableBeanFactory.java:573)
	at org.springframework.beans.factory.support.AbstractAutowireCapableBeanFactory.createBean(AbstractAutowireCapableBeanFactory.java:495)
	at org.springframework.beans.factory.support.AbstractBeanFactory.lambda$doGetBean$0(AbstractBeanFactory.java:317)
	at org.springframework.beans.factory.support.DefaultSingletonBeanRegistry.getSingleton(DefaultSingletonBeanRegistry.java:222)
	at org.springframework.beans.factory.support.AbstractBeanFactory.doGetBean(AbstractBeanFactory.java:315)
	at org.springframework.beans.factory.support.AbstractBeanFactory.getBean(AbstractBeanFactory.java:199)
	at org.springframework.beans.factory.support.BeanDefinitionValueResolver.resolveReference(BeanDefinitionValueResolver.java:367)
	at org.springframework.beans.factory.support.BeanDefinitionValueResolver.resolveValueIfNecessary(BeanDefinitionValueResolver.java:110)
	at org.springframework.beans.factory.support.ConstructorResolver.resolveConstructorArguments(ConstructorResolver.java:625)
	at org.springframework.beans.factory.support.ConstructorResolver.instantiateUsingFactoryMethod(ConstructorResolver.java:444)
	at org.springframework.beans.factory.support.AbstractAutowireCapableBeanFactory.instantiateUsingFactoryMethod(AbstractAutowireCapableBeanFactory.java:1247)
	at org.springframework.beans.factory.support.AbstractAutowireCapableBeanFactory.createBeanInstance(AbstractAutowireCapableBeanFactory.java:1096)
	at org.springframework.beans.factory.support.AbstractAutowireCapableBeanFactory.doCreateBean(AbstractAutowireCapableBeanFactory.java:535)
	at org.springframework.beans.factory.support.AbstractAutowireCapableBeanFactory.createBean(AbstractAutowireCapableBeanFactory.java:495)
	at org.springframework.beans.factory.support.BeanDefinitionValueResolver.resolveInnerBean(BeanDefinitionValueResolver.java:312)
	at org.springframework.beans.factory.support.BeanDefinitionValueResolver.resolveValueIfNecessary(BeanDefinitionValueResolver.java:131)
	at org.springframework.beans.factory.support.AbstractAutowireCapableBeanFactory.applyPropertyValues(AbstractAutowireCapableBeanFactory.java:1602)
	at org.springframework.beans.factory.support.AbstractAutowireCapableBeanFactory.populateBean(AbstractAutowireCapableBeanFactory.java:1354)
	at org.springframework.beans.factory.support.AbstractAutowireCapableBeanFactory.doCreateBean(AbstractAutowireCapableBeanFactory.java:572)
	at org.springframework.beans.factory.support.AbstractAutowireCapableBeanFactory.createBean(AbstractAutowireCapableBeanFactory.java:495)
	at org.springframework.beans.factory.support.AbstractBeanFactory.lambda$doGetBean$0(AbstractBeanFactory.java:317)
	at org.springframework.beans.factory.support.DefaultSingletonBeanRegistry.getSingleton(DefaultSingletonBeanRegistry.java:222)
	at org.springframework.beans.factory.support.AbstractBeanFactory.doGetBean(AbstractBeanFactory.java:315)
	at org.springframework.beans.factory.support.AbstractBeanFactory.getBean(AbstractBeanFactory.java:199)
	at org.springframework.beans.factory.config.DependencyDescriptor.resolveCandidate(DependencyDescriptor.java:251)
	at org.springframework.beans.factory.support.DefaultListableBeanFactory.doResolveDependency(DefaultListableBeanFactory.java:1135)
	at org.springframework.beans.factory.support.DefaultListableBeanFactory.resolveDependency(DefaultListableBeanFactory.java:1062)
	at org.springframework.beans.factory.annotation.AutowiredAnnotationBeanPostProcessor$AutowiredFieldElement.inject(AutowiredAnnotationBeanPostProcessor.java:583)
	at org.springframework.beans.factory.annotation.InjectionMetadata.inject(InjectionMetadata.java:90)
	at org.springframework.beans.factory.annotation.AutowiredAnnotationBeanPostProcessor.postProcessPropertyValues(AutowiredAnnotationBeanPostProcessor.java:372)
	at org.springframework.beans.factory.support.AbstractAutowireCapableBeanFactory.populateBean(AbstractAutowireCapableBeanFactory.java:1341)
	at org.springframework.beans.factory.support.AbstractAutowireCapableBeanFactory.doCreateBean(AbstractAutowireCapableBeanFactory.java:572)
	at org.springframework.beans.factory.support.AbstractAutowireCapableBeanFactory.createBean(AbstractAutowireCapableBeanFactory.java:495)
	at org.springframework.beans.factory.support.AbstractBeanFactory.lambda$doGetBean$0(AbstractBeanFactory.java:317)
	at org.springframework.beans.factory.support.DefaultSingletonBeanRegistry.getSingleton(DefaultSingletonBeanRegistry.java:222)
	at org.springframework.beans.factory.support.AbstractBeanFactory.doGetBean(AbstractBeanFactory.java:315)
	at org.springframework.beans.factory.support.AbstractBeanFactory.getBean(AbstractBeanFactory.java:199)
	at org.springframework.beans.factory.config.DependencyDescriptor.resolveCandidate(DependencyDescriptor.java:251)
	at org.springframework.beans.factory.support.DefaultListableBeanFactory.doResolveDependency(DefaultListableBeanFactory.java:1135)
	at org.springframework.beans.factory.support.DefaultListableBeanFactory.resolveDependency(DefaultListableBeanFactory.java:1062)
	at org.springframework.beans.factory.annotation.AutowiredAnnotationBeanPostProcessor$AutowiredFieldElement.inject(AutowiredAnnotationBeanPostProcessor.java:583)
	at org.springframework.beans.factory.annotation.InjectionMetadata.inject(InjectionMetadata.java:90)
	at org.springframework.beans.factory.annotation.AutowiredAnnotationBeanPostProcessor.postProcessPropertyValues(AutowiredAnnotationBeanPostProcessor.java:372)
	at org.springframework.beans.factory.support.AbstractAutowireCapableBeanFactory.populateBean(AbstractAutowireCapableBeanFactory.java:1341)
	at org.springframework.beans.factory.support.AbstractAutowireCapableBeanFactory.doCreateBean(AbstractAutowireCapableBeanFactory.java:572)
	at org.springframework.beans.factory.support.AbstractAutowireCapableBeanFactory.createBean(AbstractAutowireCapableBeanFactory.java:495)
	at org.springframework.beans.factory.support.AbstractBeanFactory.lambda$doGetBean$0(AbstractBeanFactory.java:317)
	at org.springframework.beans.factory.support.DefaultSingletonBeanRegistry.getSingleton(DefaultSingletonBeanRegistry.java:222)
	at org.springframework.beans.factory.support.AbstractBeanFactory.doGetBean(AbstractBeanFactory.java:315)
	at org.springframework.beans.factory.support.AbstractBeanFactory.getBean(AbstractBeanFactory.java:204)
	at org.springframework.boot.web.servlet.ServletContextInitializerBeans.getOrderedBeansOfType(ServletContextInitializerBeans.java:226)
	at org.springframework.boot.web.servlet.ServletContextInitializerBeans.addAsRegistrationBean(ServletContextInitializerBeans.java:182)
	at org.springframework.boot.web.servlet.ServletContextInitializerBeans.addAsRegistrationBean(ServletContextInitializerBeans.java:177)
	at org.springframework.boot.web.servlet.ServletContextInitializerBeans.addAdaptableBeans(ServletContextInitializerBeans.java:159)
	at org.springframework.boot.web.servlet.ServletContextInitializerBeans.<init>(ServletContextInitializerBeans.java:81)
	at org.springframework.boot.web.servlet.context.ServletWebServerApplicationContext.getServletContextInitializerBeans(ServletWebServerApplicationContext.java:250)
	at org.springframework.boot.web.servlet.context.ServletWebServerApplicationContext.selfInitialize(ServletWebServerApplicationContext.java:237)
	at org.springframework.boot.web.embedded.tomcat.TomcatStarter.onStartup(TomcatStarter.java:54)
	at org.apache.catalina.core.StandardContext.startInternal(StandardContext.java:5245)
	at org.apache.catalina.util.LifecycleBase.start(LifecycleBase.java:150)
	at org.apache.catalina.core.ContainerBase$StartChild.call(ContainerBase.java:1420)
	at org.apache.catalina.core.ContainerBase$StartChild.call(ContainerBase.java:1410)
	at java.util.concurrent.FutureTask.run(FutureTask.java:266)
	at java.util.concurrent.ThreadPoolExecutor.runWorker(ThreadPoolExecutor.java:1149)
	at java.util.concurrent.ThreadPoolExecutor$Worker.run(ThreadPoolExecutor.java:624)
	at java.lang.Thread.run(Thread.java:748)
Caused by: java.sql.SQLException: Access denied for user 'root'@'localhost' (using password: YES)
	at com.mysql.jdbc.SQLError.createSQLException(SQLError.java:965)
	at com.mysql.jdbc.MysqlIO.checkErrorPacket(MysqlIO.java:3978)
	at com.mysql.jdbc.MysqlIO.checkErrorPacket(MysqlIO.java:3914)
	at com.mysql.jdbc.MysqlIO.checkErrorPacket(MysqlIO.java:871)
	at com.mysql.jdbc.MysqlIO.proceedHandshakeWithPluggableAuthentication(MysqlIO.java:1714)
	at com.mysql.jdbc.MysqlIO.doHandshake(MysqlIO.java:1224)
	at com.mysql.jdbc.ConnectionImpl.coreConnect(ConnectionImpl.java:2199)
	at com.mysql.jdbc.ConnectionImpl.connectWithRetries(ConnectionImpl.java:2046)
	... 115 common frames omitted
2020-12-06 21:33:29,606 WARN org.hibernate.engine.jdbc.spi.SqlExceptionHelper [localhost-startStop-1] SQL Error: 0, SQLState: 08001
2020-12-06 21:33:29,607 ERROR org.hibernate.engine.jdbc.spi.SqlExceptionHelper [localhost-startStop-1] Could not create connection to database server. Attempted reconnect 3 times. Giving up.
2020-12-06 21:33:29,620 ERROR org.apache.commons.logging.impl.Jdk14Logger [localhost-startStop-1] Error starting Tomcat context. Exception: org.springframework.beans.factory.UnsatisfiedDependencyException. Message: Error creating bean with name 'jwtRequestFilter': Unsatisfied dependency expressed through field 'jwtUserDetailsService'; nested exception is org.springframework.beans.factory.UnsatisfiedDependencyException: Error creating bean with name 'jwtUserDetailsService': Unsatisfied dependency expressed through field 'userRepo'; nested exception is org.springframework.beans.factory.BeanCreationException: Error creating bean with name 'userRepository': Cannot create inner bean '(inner bean)#2b9b4221' of type [org.springframework.orm.jpa.SharedEntityManagerCreator] while setting bean property 'entityManager'; nested exception is org.springframework.beans.factory.BeanCreationException: Error creating bean with name '(inner bean)#2b9b4221': Cannot resolve reference to bean 'entityManagerFactory' while setting constructor argument; nested exception is org.springframework.beans.factory.BeanCreationException: Error creating bean with name 'entityManagerFactory' defined in class path resource [org/springframework/boot/autoconfigure/orm/jpa/HibernateJpaConfiguration.class]: Invocation of init method failed; nested exception is javax.persistence.PersistenceException: [PersistenceUnit: default] Unable to build Hibernate SessionFactory; nested exception is org.hibernate.exception.JDBCConnectionException: Unable to open JDBC Connection for DDL execution
2020-12-06 21:33:29,665 INFO org.apache.juli.logging.DirectJDKLog [main] Stopping service [Tomcat]
2020-12-06 21:33:29,671 WARN org.apache.juli.logging.DirectJDKLog [localhost-startStop-1] The web application [ROOT] appears to have started a thread named [spring.cloud.inetutils] but has failed to stop it. This is very likely to create a memory leak. Stack trace of thread:
 sun.misc.Unsafe.park(Native Method)
 java.util.concurrent.locks.LockSupport.park(LockSupport.java:175)
 java.util.concurrent.locks.AbstractQueuedSynchronizer$ConditionObject.await(AbstractQueuedSynchronizer.java:2039)
 java.util.concurrent.LinkedBlockingQueue.take(LinkedBlockingQueue.java:442)
 java.util.concurrent.ThreadPoolExecutor.getTask(ThreadPoolExecutor.java:1074)
 java.util.concurrent.ThreadPoolExecutor.runWorker(ThreadPoolExecutor.java:1134)
 java.util.concurrent.ThreadPoolExecutor$Worker.run(ThreadPoolExecutor.java:624)
 java.lang.Thread.run(Thread.java:748)
2020-12-06 21:33:29,672 WARN org.apache.juli.logging.DirectJDKLog [localhost-startStop-1] The web application [ROOT] appears to have started a thread named [RxIoScheduler-1 (Evictor)] but has failed to stop it. This is very likely to create a memory leak. Stack trace of thread:
 sun.misc.Unsafe.park(Native Method)
 java.util.concurrent.locks.LockSupport.parkNanos(LockSupport.java:215)
 java.util.concurrent.locks.AbstractQueuedSynchronizer$ConditionObject.awaitNanos(AbstractQueuedSynchronizer.java:2078)
 java.util.concurrent.ScheduledThreadPoolExecutor$DelayedWorkQueue.take(ScheduledThreadPoolExecutor.java:1093)
 java.util.concurrent.ScheduledThreadPoolExecutor$DelayedWorkQueue.take(ScheduledThreadPoolExecutor.java:809)
 java.util.concurrent.ThreadPoolExecutor.getTask(ThreadPoolExecutor.java:1074)
 java.util.concurrent.ThreadPoolExecutor.runWorker(ThreadPoolExecutor.java:1134)
 java.util.concurrent.ThreadPoolExecutor$Worker.run(ThreadPoolExecutor.java:624)
 java.lang.Thread.run(Thread.java:748)
2020-12-06 21:33:29,676 WARN org.apache.commons.logging.impl.Jdk14Logger [main] Exception encountered during context initialization - cancelling refresh attempt: org.springframework.context.ApplicationContextException: Unable to start web server; nested exception is org.springframework.boot.web.server.WebServerException: Unable to start embedded Tomcat
2020-12-06 21:41:27,238 INFO org.apache.commons.logging.impl.Jdk14Logger [main] Refreshing org.springframework.context.annotation.AnnotationConfigApplicationContext@1f59a598: startup date [Sun Dec 06 21:41:27 IST 2020]; root of context hierarchy
2020-12-06 21:41:27,524 INFO org.apache.commons.logging.impl.Jdk14Logger [main] JSR-330 'javax.inject.Inject' annotation found and supported for autowiring
2020-12-06 21:41:27,574 INFO org.apache.commons.logging.impl.Jdk14Logger [main] Bean 'configurationPropertiesRebinderAutoConfiguration' of type [org.springframework.cloud.autoconfigure.ConfigurationPropertiesRebinderAutoConfiguration$$EnhancerBySpringCGLIB$$7facc2d7] is not eligible for getting processed by all BeanPostProcessors (for example: not eligible for auto-proxying)
2020-12-06 21:41:37,830 INFO org.apache.commons.logging.impl.Jdk14Logger [main] No active profile set, falling back to default profiles: default
2020-12-06 21:41:37,845 INFO org.apache.commons.logging.impl.Jdk14Logger [main] Refreshing org.springframework.boot.web.servlet.context.AnnotationConfigServletWebServerApplicationContext@54504ecd: startup date [Sun Dec 06 21:41:37 IST 2020]; parent: org.springframework.context.annotation.AnnotationConfigApplicationContext@1f59a598
2020-12-06 21:41:40,081 INFO org.apache.commons.logging.impl.Jdk14Logger [main] Overriding bean definition for bean 'counterFactory' with a different definition: replacing [Root bean: class [null]; scope=; abstract=false; lazyInit=false; autowireMode=3; dependencyCheck=0; autowireCandidate=true; primary=false; factoryBeanName=org.springframework.cloud.netflix.zuul.ZuulServerAutoConfiguration$ZuulMetricsConfiguration; factoryMethodName=counterFactory; initMethodName=null; destroyMethodName=(inferred); defined in class path resource [org/springframework/cloud/netflix/zuul/ZuulServerAutoConfiguration$ZuulMetricsConfiguration.class]] with [Root bean: class [null]; scope=; abstract=false; lazyInit=false; autowireMode=3; dependencyCheck=0; autowireCandidate=true; primary=false; factoryBeanName=org.springframework.cloud.netflix.zuul.ZuulServerAutoConfiguration$ZuulCounterFactoryConfiguration; factoryMethodName=counterFactory; initMethodName=null; destroyMethodName=(inferred); defined in class path resource [org/springframework/cloud/netflix/zuul/ZuulServerAutoConfiguration$ZuulCounterFactoryConfiguration.class]]
2020-12-06 21:41:40,287 INFO org.apache.commons.logging.impl.Jdk14Logger [main] Overriding bean definition for bean 'dataSource' with a different definition: replacing [Root bean: class [null]; scope=refresh; abstract=false; lazyInit=false; autowireMode=3; dependencyCheck=0; autowireCandidate=false; primary=false; factoryBeanName=org.springframework.boot.autoconfigure.jdbc.DataSourceConfiguration$Hikari; factoryMethodName=dataSource; initMethodName=null; destroyMethodName=(inferred); defined in class path resource [org/springframework/boot/autoconfigure/jdbc/DataSourceConfiguration$Hikari.class]] with [Root bean: class [org.springframework.aop.scope.ScopedProxyFactoryBean]; scope=; abstract=false; lazyInit=false; autowireMode=0; dependencyCheck=0; autowireCandidate=true; primary=false; factoryBeanName=null; factoryMethodName=null; initMethodName=null; destroyMethodName=null; defined in BeanDefinition defined in class path resource [org/springframework/boot/autoconfigure/jdbc/DataSourceConfiguration$Hikari.class]]
2020-12-06 21:41:41,277 INFO org.apache.commons.logging.impl.Jdk14Logger [main] BeanFactory id=d9584f2f-316a-3d06-a470-48069670a8f9
2020-12-06 21:41:41,399 INFO org.apache.commons.logging.impl.Jdk14Logger [main] JSR-330 'javax.inject.Inject' annotation found and supported for autowiring
2020-12-06 21:41:41,603 INFO org.apache.commons.logging.impl.Jdk14Logger [main] Bean 'org.springframework.ws.config.annotation.DelegatingWsConfiguration' of type [org.springframework.ws.config.annotation.DelegatingWsConfiguration$$EnhancerBySpringCGLIB$$82a84d9] is not eligible for getting processed by all BeanPostProcessors (for example: not eligible for auto-proxying)
2020-12-06 21:41:41,758 INFO org.apache.commons.logging.impl.Jdk14Logger [main] Supporting [WS-Addressing August 2004, WS-Addressing 1.0]
2020-12-06 21:41:42,021 INFO org.apache.commons.logging.impl.Jdk14Logger [main] Bean 'org.springframework.transaction.annotation.ProxyTransactionManagementConfiguration' of type [org.springframework.transaction.annotation.ProxyTransactionManagementConfiguration$$EnhancerBySpringCGLIB$$6392bfda] is not eligible for getting processed by all BeanPostProcessors (for example: not eligible for auto-proxying)
2020-12-06 21:41:42,454 INFO org.apache.commons.logging.impl.Jdk14Logger [main] Bean 'org.springframework.security.config.annotation.configuration.ObjectPostProcessorConfiguration' of type [org.springframework.security.config.annotation.configuration.ObjectPostProcessorConfiguration$$EnhancerBySpringCGLIB$$fc408814] is not eligible for getting processed by all BeanPostProcessors (for example: not eligible for auto-proxying)
2020-12-06 21:41:42,470 INFO org.apache.commons.logging.impl.Jdk14Logger [main] Bean 'objectPostProcessor' of type [org.springframework.security.config.annotation.configuration.AutowireBeanFactoryObjectPostProcessor] is not eligible for getting processed by all BeanPostProcessors (for example: not eligible for auto-proxying)
2020-12-06 21:41:42,475 INFO org.apache.commons.logging.impl.Jdk14Logger [main] Bean 'org.springframework.security.access.expression.method.DefaultMethodSecurityExpressionHandler@61f6d381' of type [org.springframework.security.access.expression.method.DefaultMethodSecurityExpressionHandler] is not eligible for getting processed by all BeanPostProcessors (for example: not eligible for auto-proxying)
2020-12-06 21:41:42,490 INFO org.apache.commons.logging.impl.Jdk14Logger [main] Bean 'org.springframework.security.config.annotation.method.configuration.GlobalMethodSecurityConfiguration' of type [org.springframework.security.config.annotation.method.configuration.GlobalMethodSecurityConfiguration$$EnhancerBySpringCGLIB$$21152ac6] is not eligible for getting processed by all BeanPostProcessors (for example: not eligible for auto-proxying)
2020-12-06 21:41:42,511 INFO org.apache.commons.logging.impl.Jdk14Logger [main] Bean 'methodSecurityMetadataSource' of type [org.springframework.security.access.method.DelegatingMethodSecurityMetadataSource] is not eligible for getting processed by all BeanPostProcessors (for example: not eligible for auto-proxying)
2020-12-06 21:41:42,564 INFO org.apache.commons.logging.impl.Jdk14Logger [main] Bean 'org.springframework.cloud.autoconfigure.ConfigurationPropertiesRebinderAutoConfiguration' of type [org.springframework.cloud.autoconfigure.ConfigurationPropertiesRebinderAutoConfiguration$$EnhancerBySpringCGLIB$$7facc2d7] is not eligible for getting processed by all BeanPostProcessors (for example: not eligible for auto-proxying)
2020-12-06 21:41:43,436 INFO org.apache.commons.logging.impl.Jdk14Logger [main] Tomcat initialized with port(s): 8080 (http)
2020-12-06 21:41:43,457 INFO org.apache.juli.logging.DirectJDKLog [main] Initializing ProtocolHandler ["http-nio-8080"]
2020-12-06 21:41:43,473 INFO org.apache.juli.logging.DirectJDKLog [main] Starting service [Tomcat]
2020-12-06 21:41:43,474 INFO org.apache.juli.logging.DirectJDKLog [main] Starting Servlet Engine: Apache Tomcat/8.5.34
2020-12-06 21:41:43,480 INFO org.apache.juli.logging.DirectJDKLog [localhost-startStop-1] The APR based Apache Tomcat Native library which allows optimal performance in production environments was not found on the java.library.path: [/Users/bsridharpatnaik/Library/Java/Extensions:/Library/Java/Extensions:/Network/Library/Java/Extensions:/System/Library/Java/Extensions:/usr/lib/java:.]
2020-12-06 21:41:43,657 INFO org.apache.juli.logging.DirectJDKLog [localhost-startStop-1] Initializing Spring embedded WebApplicationContext
2020-12-06 21:41:43,658 INFO org.apache.commons.logging.impl.Jdk14Logger [localhost-startStop-1] Root WebApplicationContext: initialization completed in 5813 ms
2020-12-06 21:41:44,096 WARN com.netflix.config.sources.URLConfigurationSource [localhost-startStop-1] No URLs will be polled as dynamic configuration sources.
2020-12-06 21:41:44,097 INFO com.netflix.config.sources.URLConfigurationSource [localhost-startStop-1] To enable URLs as dynamic configuration sources, define System property archaius.configurationSource.additionalUrls or make config.properties available on classpath.
2020-12-06 21:41:44,114 INFO com.netflix.config.DynamicPropertyFactory [localhost-startStop-1] DynamicPropertyFactory is initialized with configuration sources: com.netflix.config.ConcurrentCompositeConfiguration@781f1cfd
2020-12-06 21:41:47,284 INFO com.zaxxer.hikari.HikariDataSource [localhost-startStop-1] HikariPool-1 - Starting...
2020-12-06 21:41:47,808 INFO com.zaxxer.hikari.HikariDataSource [localhost-startStop-1] HikariPool-1 - Start completed.
2020-12-06 21:41:48,113 INFO org.apache.commons.logging.impl.Jdk14Logger [localhost-startStop-1] Building JPA container EntityManagerFactory for persistence unit 'default'
2020-12-06 21:41:48,172 INFO org.hibernate.jpa.internal.util.LogHelper [localhost-startStop-1] HHH000204: Processing PersistenceUnitInfo [name: default]
2020-12-06 21:41:48,421 INFO org.hibernate.Version [localhost-startStop-1] HHH000412: Hibernate ORM core version 5.4.22.Final
2020-12-06 21:41:48,704 INFO org.hibernate.annotations.common.reflection.java.JavaReflectionManager [localhost-startStop-1] HCANN000001: Hibernate Commons Annotations {5.1.0.Final}
2020-12-06 21:41:49,210 INFO org.hibernate.dialect.Dialect [localhost-startStop-1] HHH000400: Using dialect: org.hibernate.dialect.MySQL5InnoDBDialect
2020-12-06 21:41:49,277 INFO org.hibernate.envers.boot.internal.EnversServiceImpl [localhost-startStop-1] Envers integration enabled? : true
2020-12-06 21:41:51,496 INFO org.hibernate.engine.transaction.jta.platform.internal.JtaPlatformInitiator [localhost-startStop-1] HHH000490: Using JtaPlatform implementation: [org.hibernate.engine.transaction.jta.platform.internal.NoJtaPlatform]
2020-12-06 21:41:51,516 INFO org.apache.commons.logging.impl.Jdk14Logger [localhost-startStop-1] Initialized JPA EntityManagerFactory for persistence unit 'default'
2020-12-06 21:41:52,632 INFO org.apache.commons.logging.impl.Jdk14Logger [localhost-startStop-1] Mapping filter: 'characterEncodingFilter' to: [/*]
2020-12-06 21:41:52,633 INFO org.apache.commons.logging.impl.Jdk14Logger [localhost-startStop-1] Mapping filter: 'webMvcMetricsFilter' to: [/*]
2020-12-06 21:41:52,634 INFO org.apache.commons.logging.impl.Jdk14Logger [localhost-startStop-1] Mapping filter: 'springSecurityFilterChain' to: [/*]
2020-12-06 21:41:52,634 INFO org.apache.commons.logging.impl.Jdk14Logger [localhost-startStop-1] Mapping filter: 'httpTraceFilter' to: [/*]
2020-12-06 21:41:52,634 INFO org.apache.commons.logging.impl.Jdk14Logger [localhost-startStop-1] Mapping filter: 'jwtRequestFilter' to: [/*]
2020-12-06 21:41:52,635 INFO org.apache.commons.logging.impl.Jdk14Logger [localhost-startStop-1] Mapping filter: 'logFilter' to: [/*]
2020-12-06 21:41:52,635 INFO org.apache.commons.logging.impl.Jdk14Logger [localhost-startStop-1] Mapping filter: 'requestLoggingFilter' to: [/*]
2020-12-06 21:41:52,635 INFO org.apache.commons.logging.impl.Jdk14Logger [localhost-startStop-1] Servlet dispatcherServlet mapped to [/]
2020-12-06 21:41:52,638 INFO org.apache.commons.logging.impl.Jdk14Logger [localhost-startStop-1] Servlet messageDispatcherServlet mapped to [/services/*]
2020-12-06 21:41:52,639 INFO org.apache.commons.logging.impl.Jdk14Logger [localhost-startStop-1] Servlet zuulServlet mapped to [/zuul/*]
2020-12-06 21:41:52,660 DEBUG org.apache.commons.logging.impl.Jdk14Logger [localhost-startStop-1] Initializing filter 'requestLoggingFilter'
2020-12-06 21:41:52,660 DEBUG org.apache.commons.logging.impl.Jdk14Logger [localhost-startStop-1] Filter 'requestLoggingFilter' configured successfully
2020-12-06 21:41:52,661 DEBUG org.apache.commons.logging.impl.Jdk14Logger [localhost-startStop-1] Initializing filter 'logFilter'
2020-12-06 21:41:52,661 DEBUG org.apache.commons.logging.impl.Jdk14Logger [localhost-startStop-1] Filter 'logFilter' configured successfully
2020-12-06 21:41:53,798 WARN org.apache.commons.logging.impl.Jdk14Logger [main] spring.jpa.open-in-view is enabled by default. Therefore, database queries may be performed during view rendering. Explicitly configure spring.jpa.open-in-view to disable this warning
2020-12-06 21:41:53,903 INFO org.apache.commons.logging.impl.Jdk14Logger [main] Mapped "{[/contact],methods=[GET],produces=[application/json || text/json]}" onto public com.ec.common.Data.ContactsWithTypeAhead com.ec.common.Controller.ContactController.returnAllContacts(java.lang.Integer,org.springframework.data.domain.Pageable)
2020-12-06 21:41:53,905 INFO org.apache.commons.logging.impl.Jdk14Logger [main] Mapped "{[/contact],methods=[POST],produces=[application/json || text/json]}" onto public com.ec.common.Data.ContactsWithTypeAhead com.ec.common.Controller.ContactController.returnFilteredContacts(com.ec.common.Filters.FilterDataList,org.springframework.data.domain.Pageable)
2020-12-06 21:41:53,906 INFO org.apache.commons.logging.impl.Jdk14Logger [main] Mapped "{[/contact/{id}],methods=[GET],produces=[application/json || text/json]}" onto public com.ec.common.Model.ContactAllInfo com.ec.common.Controller.ContactController.findContactbyvehicleNoContacts(long) throws java.lang.Exception
2020-12-06 21:41:53,907 INFO org.apache.commons.logging.impl.Jdk14Logger [main] Mapped "{[/contact/{id}],methods=[DELETE],produces=[application/json || text/json]}" onto public org.springframework.http.ResponseEntity<?> com.ec.common.Controller.ContactController.deleteContact(java.lang.Long) throws java.lang.Exception
2020-12-06 21:41:53,907 INFO org.apache.commons.logging.impl.Jdk14Logger [main] Mapped "{[/contact/create],methods=[POST],produces=[application/json || text/json]}" onto public com.ec.common.Model.ContactAllInfo com.ec.common.Controller.ContactController.createContact(com.ec.common.Model.ContactAllInfo) throws java.lang.Exception
2020-12-06 21:41:53,908 INFO org.apache.commons.logging.impl.Jdk14Logger [main] Mapped "{[/contact/{id}],methods=[PUT],produces=[application/json || text/json]}" onto public com.ec.common.Model.ContactAllInfo com.ec.common.Controller.ContactController.updateContact(java.lang.Long,com.ec.common.Model.ContactAllInfo) throws java.lang.Exception
2020-12-06 21:41:53,908 INFO org.apache.commons.logging.impl.Jdk14Logger [main] Mapped "{[/contact/iscontactused/{id}],methods=[GET],produces=[application/json || text/json]}" onto public java.lang.Boolean com.ec.common.Controller.ContactController.checkIfContactUsed(long) throws java.lang.Exception
2020-12-06 21:41:53,909 INFO org.apache.commons.logging.impl.Jdk14Logger [main] Mapped "{[/emailconfig],methods=[GET],produces=[application/json || text/json]}" onto public com.ec.common.Data.EmailConfigData com.ec.common.Controller.EmailController.returnEmailConfig()
2020-12-06 21:41:53,910 INFO org.apache.commons.logging.impl.Jdk14Logger [main] Mapped "{[/lanotification/token],methods=[POST]}" onto public java.lang.String com.ec.common.Controller.LeadActivityNotificationController.sendPnsToDevice(com.ec.common.Data.LANotificationRequestDto)
2020-12-06 21:41:53,911 INFO org.apache.commons.logging.impl.Jdk14Logger [main] Mapped "{[/ec/login],methods=[POST],produces=[application/json || text/json]}" onto public org.springframework.http.ResponseEntity<?> com.ec.common.Controller.LoginController.login(com.ec.common.Data.UserSignInData) throws java.lang.Exception
2020-12-06 21:41:53,913 INFO org.apache.commons.logging.impl.Jdk14Logger [main] Mapped "{[/role],methods=[GET],produces=[application/json || text/json]}" onto public org.springframework.data.domain.Page<com.ec.common.Model.Role> com.ec.common.Controller.RoleController.returnAllRoles(org.springframework.data.domain.Pageable)
2020-12-06 21:41:53,915 INFO org.apache.commons.logging.impl.Jdk14Logger [main] Mapped "{[/role/create],methods=[POST],produces=[application/json || text/json]}" onto public com.ec.common.Model.Role com.ec.common.Controller.RoleController.createRole(com.ec.common.Model.Role) throws java.lang.Exception
2020-12-06 21:41:53,917 INFO org.apache.commons.logging.impl.Jdk14Logger [main] Mapped "{[/token],methods=[PUT],produces=[application/json || text/json]}" onto public void com.ec.common.Controller.TokenController.updateTokenForUser(com.ec.common.Data.TokenData) throws java.lang.Exception
2020-12-06 21:41:53,918 INFO org.apache.commons.logging.impl.Jdk14Logger [main] Mapped "{[/token],methods=[GET],produces=[application/json || text/json]}" onto public java.util.List<com.ec.common.Data.AndroidTokenDetailsDTO> com.ec.common.Controller.TokenController.getAllTokens()
2020-12-06 21:41:53,919 INFO org.apache.commons.logging.impl.Jdk14Logger [main] Mapped "{[/token],methods=[DELETE],produces=[application/json || text/json]}" onto public void com.ec.common.Controller.TokenController.DeleteToken() throws java.lang.Exception
2020-12-06 21:41:53,926 INFO org.apache.commons.logging.impl.Jdk14Logger [main] Mapped "{[/user],methods=[POST],produces=[application/json || text/json]}" onto public com.ec.common.Data.UserListWithTypeAheadData com.ec.common.Controller.UserController.returnFilteredContacts(com.ec.common.Filters.FilterDataList,org.springframework.data.domain.Pageable)
2020-12-06 21:41:53,927 INFO org.apache.commons.logging.impl.Jdk14Logger [main] Mapped "{[/user],methods=[GET],produces=[application/json || text/json]}" onto public com.ec.common.Data.UserListWithTypeAheadData com.ec.common.Controller.UserController.returnAllUsers(org.springframework.data.domain.Pageable)
2020-12-06 21:41:53,927 INFO org.apache.commons.logging.impl.Jdk14Logger [main] Mapped "{[/user/create],methods=[POST],produces=[application/json || text/json]}" onto public com.ec.common.Model.User com.ec.common.Controller.UserController.createUser(com.ec.common.Data.CreateUserData) throws java.lang.Exception
2020-12-06 21:41:53,929 INFO org.apache.commons.logging.impl.Jdk14Logger [main] Mapped "{[/user/{id}],methods=[PUT],produces=[application/json || text/json]}" onto public com.ec.common.Model.User com.ec.common.Controller.UserController.updateUser(java.lang.Long,com.ec.common.Data.CreateUserData) throws java.lang.Exception
2020-12-06 21:41:53,930 INFO org.apache.commons.logging.impl.Jdk14Logger [main] Mapped "{[/user/updatepassword],methods=[POST],produces=[application/json || text/json]}" onto public com.ec.common.Model.User com.ec.common.Controller.UserController.updateUser(com.ec.common.Data.ResetPasswordData) throws java.lang.Exception
2020-12-06 21:41:53,932 INFO org.apache.commons.logging.impl.Jdk14Logger [main] Mapped "{[/user/{id}],methods=[GET],produces=[application/json || text/json]}" onto public com.ec.common.Model.User com.ec.common.Controller.UserController.findUserByID(long) throws java.lang.Exception
2020-12-06 21:41:53,933 INFO org.apache.commons.logging.impl.Jdk14Logger [main] Mapped "{[/user/list],methods=[GET],produces=[application/json || text/json]}" onto public java.util.List<com.ec.common.Data.UserReturnData> com.ec.common.Controller.UserController.findLimitedDetailsForUserByID() throws java.lang.Exception
2020-12-06 21:41:53,934 INFO org.apache.commons.logging.impl.Jdk14Logger [main] Mapped "{[/user/byid/{id}],methods=[GET],produces=[application/json || text/json]}" onto public com.ec.common.Data.UserReturnData com.ec.common.Controller.UserController.findLimitedDetailsForUserByID(long) throws java.lang.Exception
2020-12-06 21:41:53,934 INFO org.apache.commons.logging.impl.Jdk14Logger [main] Mapped "{[/user/byname/{name}],methods=[GET],produces=[application/json || text/json]}" onto public com.ec.common.Data.UserReturnData com.ec.common.Controller.UserController.findLimitedDetailsForUserByID(java.lang.String) throws java.lang.Exception
2020-12-06 21:41:53,935 INFO org.apache.commons.logging.impl.Jdk14Logger [main] Mapped "{[/user/updateroles],methods=[POST],produces=[application/json || text/json]}" onto public com.ec.common.Model.User com.ec.common.Controller.UserController.updateRolesForUser(com.ec.common.Data.UpdateRolesForUserData) throws java.lang.Exception
2020-12-06 21:41:53,935 INFO org.apache.commons.logging.impl.Jdk14Logger [main] Mapped "{[/user/me],methods=[GET],produces=[application/json]}" onto public com.ec.common.Data.UserReturnData com.ec.common.Controller.UserController.returnUserName()
2020-12-06 21:41:53,938 INFO org.apache.commons.logging.impl.Jdk14Logger [main] Mapped "{[/error]}" onto public org.springframework.http.ResponseEntity<java.util.Map<java.lang.String, java.lang.Object>> org.springframework.boot.autoconfigure.web.servlet.error.BasicErrorController.error(javax.servlet.http.HttpServletRequest)
2020-12-06 21:41:53,939 INFO org.apache.commons.logging.impl.Jdk14Logger [main] Mapped "{[/error],produces=[text/html]}" onto public org.springframework.web.servlet.ModelAndView org.springframework.boot.autoconfigure.web.servlet.error.BasicErrorController.errorHtml(javax.servlet.http.HttpServletRequest,javax.servlet.http.HttpServletResponse)
2020-12-06 21:41:54,014 INFO org.apache.commons.logging.impl.Jdk14Logger [main] Mapped URL path [/eureka/**] onto handler of type [class org.springframework.web.servlet.resource.ResourceHttpRequestHandler]
2020-12-06 21:41:54,341 INFO org.apache.commons.logging.impl.Jdk14Logger [main] Looking for @ControllerAdvice: org.springframework.boot.web.servlet.context.AnnotationConfigServletWebServerApplicationContext@54504ecd: startup date [Sun Dec 06 21:41:37 IST 2020]; parent: org.springframework.context.annotation.AnnotationConfigApplicationContext@1f59a598
2020-12-06 21:41:54,751 INFO org.apache.commons.logging.impl.Jdk14Logger [main] Creating filter chain: Ant [pattern='/*/'], []
2020-12-06 21:41:54,752 INFO org.apache.commons.logging.impl.Jdk14Logger [main] Creating filter chain: Ant [pattern='/eureka/**.**'], []
2020-12-06 21:41:54,754 INFO org.apache.commons.logging.impl.Jdk14Logger [main] Creating filter chain: Ant [pattern='/eureka/**'], []
2020-12-06 21:41:54,755 INFO org.apache.commons.logging.impl.Jdk14Logger [main] Creating filter chain: Ant [pattern='**/scripts/**.js'], []
2020-12-06 21:41:54,755 INFO org.apache.commons.logging.impl.Jdk14Logger [main] Creating filter chain: Ant [pattern='/**.jpg'], []
2020-12-06 21:41:54,756 INFO org.apache.commons.logging.impl.Jdk14Logger [main] Creating filter chain: Ant [pattern='/**.ico'], []
2020-12-06 21:41:54,757 INFO org.apache.commons.logging.impl.Jdk14Logger [main] Creating filter chain: Ant [pattern='/**.html'], []
2020-12-06 21:41:54,758 INFO org.apache.commons.logging.impl.Jdk14Logger [main] Creating filter chain: Ant [pattern='/header.html'], []
2020-12-06 21:41:54,759 INFO org.apache.commons.logging.impl.Jdk14Logger [main] Creating filter chain: Ant [pattern='**.html'], []
2020-12-06 21:41:54,759 INFO org.apache.commons.logging.impl.Jdk14Logger [main] Creating filter chain: Ant [pattern='/**.css'], []
2020-12-06 21:41:54,759 INFO org.apache.commons.logging.impl.Jdk14Logger [main] Creating filter chain: Ant [pattern='/**.js'], []
2020-12-06 21:41:54,760 INFO org.apache.commons.logging.impl.Jdk14Logger [main] Creating filter chain: Ant [pattern='/eureka/**/**'], []
2020-12-06 21:41:54,760 INFO org.apache.commons.logging.impl.Jdk14Logger [main] Creating filter chain: Ant [pattern='/**', OPTIONS], []
2020-12-06 21:41:54,948 INFO org.apache.commons.logging.impl.Jdk14Logger [main] Creating filter chain: org.springframework.security.web.util.matcher.AnyRequestMatcher@1, [org.springframework.security.web.context.request.async.WebAsyncManagerIntegrationFilter@3520958b, org.springframework.security.web.context.SecurityContextPersistenceFilter@40d848f9, org.springframework.security.web.header.HeaderWriterFilter@58a765ce, org.springframework.web.filter.CorsFilter@6cc64028, org.springframework.security.web.authentication.logout.LogoutFilter@f882465, com.ec.common.JWTUtils.JwtRequestFilter@19de27a5, org.springframework.security.web.savedrequest.RequestCacheAwareFilter@646cd766, org.springframework.security.web.servletapi.SecurityContextHolderAwareRequestFilter@6c742b84, org.springframework.security.web.authentication.AnonymousAuthenticationFilter@291a4791, org.springframework.security.web.session.SessionManagementFilter@551be9f6, org.springframework.security.web.access.ExceptionTranslationFilter@8fcc534, org.springframework.security.web.access.intercept.FilterSecurityInterceptor@10f405ff]
2020-12-06 21:41:55,049 WARN com.netflix.config.sources.URLConfigurationSource [main] No URLs will be polled as dynamic configuration sources.
2020-12-06 21:41:55,050 INFO com.netflix.config.sources.URLConfigurationSource [main] To enable URLs as dynamic configuration sources, define System property archaius.configurationSource.additionalUrls or make config.properties available on classpath.
2020-12-06 21:41:56,107 INFO org.apache.commons.logging.impl.Jdk14Logger [main] Exposing 2 endpoint(s) beneath base path '/actuator'
2020-12-06 21:41:56,123 INFO org.apache.commons.logging.impl.Jdk14Logger [main] Mapped "{[/actuator/health],methods=[GET],produces=[application/vnd.spring-boot.actuator.v2+json || application/json]}" onto public java.lang.Object org.springframework.boot.actuate.endpoint.web.servlet.AbstractWebMvcEndpointHandlerMapping$OperationHandler.handle(javax.servlet.http.HttpServletRequest,java.util.Map<java.lang.String, java.lang.String>)
2020-12-06 21:41:56,124 INFO org.apache.commons.logging.impl.Jdk14Logger [main] Mapped "{[/actuator/info],methods=[GET],produces=[application/vnd.spring-boot.actuator.v2+json || application/json]}" onto public java.lang.Object org.springframework.boot.actuate.endpoint.web.servlet.AbstractWebMvcEndpointHandlerMapping$OperationHandler.handle(javax.servlet.http.HttpServletRequest,java.util.Map<java.lang.String, java.lang.String>)
2020-12-06 21:41:56,125 INFO org.apache.commons.logging.impl.Jdk14Logger [main] Mapped "{[/actuator],methods=[GET],produces=[application/vnd.spring-boot.actuator.v2+json || application/json]}" onto protected java.util.Map<java.lang.String, java.util.Map<java.lang.String, org.springframework.boot.actuate.endpoint.web.Link>> org.springframework.boot.actuate.endpoint.web.servlet.WebMvcEndpointHandlerMapping.links(javax.servlet.http.HttpServletRequest,javax.servlet.http.HttpServletResponse)
2020-12-06 21:41:56,931 INFO org.apache.commons.logging.impl.Jdk14Logger [main] Starting filter initializer
2020-12-06 21:41:56,989 INFO org.apache.commons.logging.impl.Jdk14Logger [main] Registering beans for JMX exposure on startup
2020-12-06 21:41:56,993 INFO org.apache.commons.logging.impl.Jdk14Logger [main] Bean with name 'dataSource' has been autodetected for JMX exposure
2020-12-06 21:41:57,006 INFO org.apache.commons.logging.impl.Jdk14Logger [main] Bean with name 'environmentManager' has been autodetected for JMX exposure
2020-12-06 21:41:57,008 INFO org.apache.commons.logging.impl.Jdk14Logger [main] Bean with name 'refreshScope' has been autodetected for JMX exposure
2020-12-06 21:41:57,010 INFO org.apache.commons.logging.impl.Jdk14Logger [main] Bean with name 'configurationPropertiesRebinder' has been autodetected for JMX exposure
2020-12-06 21:41:57,016 INFO org.apache.commons.logging.impl.Jdk14Logger [main] Located managed bean 'environmentManager': registering with JMX server as MBean [gateway:name=environmentManager,type=EnvironmentManager]
2020-12-06 21:41:57,026 INFO org.apache.commons.logging.impl.Jdk14Logger [main] Located managed bean 'refreshScope': registering with JMX server as MBean [gateway:name=refreshScope,type=RefreshScope]
2020-12-06 21:41:57,040 INFO org.apache.commons.logging.impl.Jdk14Logger [main] Located managed bean 'configurationPropertiesRebinder': registering with JMX server as MBean [gateway:name=configurationPropertiesRebinder,context=54504ecd,type=ConfigurationPropertiesRebinder]
2020-12-06 21:41:57,051 INFO org.apache.commons.logging.impl.Jdk14Logger [main] Located MBean 'dataSource': registering with JMX server as MBean [gateway:name=dataSource,type=HikariDataSource]
2020-12-06 21:41:57,083 INFO org.apache.juli.logging.DirectJDKLog [main] Starting ProtocolHandler ["http-nio-8080"]
2020-12-06 21:41:57,100 INFO org.apache.juli.logging.DirectJDKLog [main] Using a shared selector for servlet write/read
2020-12-06 21:41:57,127 INFO org.apache.commons.logging.impl.Jdk14Logger [main] Tomcat started on port(s): 8080 (http) with context path ''
2020-12-06 21:41:57,132 INFO org.apache.commons.logging.impl.Jdk14Logger [main] Started GatewayApplication in 40.703 seconds (JVM running for 47.001)
2020-12-06 21:42:20,160 INFO org.apache.juli.logging.DirectJDKLog [RMI TCP Connection(1)-127.0.0.1] Initializing Spring FrameworkServlet 'dispatcherServlet'
2020-12-06 21:42:20,160 INFO org.apache.commons.logging.impl.Jdk14Logger [RMI TCP Connection(1)-127.0.0.1] FrameworkServlet 'dispatcherServlet': initialization started
2020-12-06 21:42:20,192 INFO org.apache.commons.logging.impl.Jdk14Logger [RMI TCP Connection(1)-127.0.0.1] FrameworkServlet 'dispatcherServlet': initialization completed in 31 ms
2020-12-06 21:45:37,135 INFO org.apache.commons.logging.impl.Jdk14Logger [http-nio-8080-exec-2] Mapped URL path [/api/inventory/**] onto handler of type [class org.springframework.cloud.netflix.zuul.web.ZuulController]
2020-12-06 21:45:37,139 INFO org.apache.commons.logging.impl.Jdk14Logger [http-nio-8080-exec-2] Mapped URL path [/api/crm/**] onto handler of type [class org.springframework.cloud.netflix.zuul.web.ZuulController]
2020-12-06 21:45:43,634 WARN org.apache.commons.logging.impl.Jdk14Logger [http-nio-8080-exec-3] JWT Token does not begin with 	Bearer String
2020-12-06 21:45:43,649 DEBUG org.apache.commons.logging.impl.Jdk14Logger [http-nio-8080-exec-3] Before request [uri=/ec/login]
2020-12-06 21:45:43,650 DEBUG org.apache.commons.logging.impl.Jdk14Logger [http-nio-8080-exec-3] Before request [uri=/ec/login;client=0:0:0:0:0:0:0:1]
2020-12-06 21:45:44,742 DEBUG org.apache.commons.logging.impl.Jdk14Logger [http-nio-8080-exec-3] After request [uri=/ec/login;client=0:0:0:0:0:0:0:1;payload={
	"userName":"sridhar",
	"password":"Test@123"
}]
2020-12-06 21:45:44,743 DEBUG org.apache.commons.logging.impl.Jdk14Logger [http-nio-8080-exec-3] REQUEST DATA : uri=/ec/login;payload={
	"userName":"sridhar",
	"password":"Test@123"
}]
2020-12-06 21:45:47,054 DEBUG org.apache.commons.logging.impl.Jdk14Logger [http-nio-8080-exec-4] Before request [uri=/notification/send]
2020-12-06 21:45:47,057 DEBUG org.apache.commons.logging.impl.Jdk14Logger [http-nio-8080-exec-4] Before request [uri=/notification/send;client=0:0:0:0:0:0:0:1;user=sridhar]
2020-12-06 21:45:47,069 WARN org.apache.commons.logging.impl.Jdk14Logger [http-nio-8080-exec-4] No mapping found for HTTP request with URI [/notification/send] in DispatcherServlet with name 'dispatcherServlet'
2020-12-06 21:45:47,071 DEBUG org.apache.commons.logging.impl.Jdk14Logger [http-nio-8080-exec-4] After request [uri=/notification/send;client=0:0:0:0:0:0:0:1;user=sridhar]
2020-12-06 21:45:47,072 DEBUG org.apache.commons.logging.impl.Jdk14Logger [http-nio-8080-exec-4] REQUEST DATA : uri=/notification/send]
2020-12-06 21:45:53,129 INFO org.apache.commons.logging.impl.Jdk14Logger [RMI TCP Connection(3)-127.0.0.1] Application shutdown requested.
2020-12-06 21:45:53,135 INFO org.apache.commons.logging.impl.Jdk14Logger [RMI TCP Connection(3)-127.0.0.1] Closing org.springframework.boot.web.servlet.context.AnnotationConfigServletWebServerApplicationContext@54504ecd: startup date [Sun Dec 06 21:41:37 IST 2020]; parent: org.springframework.context.annotation.AnnotationConfigApplicationContext@1f59a598
2020-12-06 21:45:53,141 INFO org.apache.commons.logging.impl.Jdk14Logger [RMI TCP Connection(3)-127.0.0.1] Stopping filter initializer
2020-12-06 21:45:53,149 INFO org.apache.commons.logging.impl.Jdk14Logger [RMI TCP Connection(3)-127.0.0.1] Unregistering JMX-exposed beans on shutdown
2020-12-06 21:45:53,152 INFO org.apache.commons.logging.impl.Jdk14Logger [RMI TCP Connection(3)-127.0.0.1] Unregistering JMX-exposed beans
2020-12-06 21:45:53,210 INFO org.apache.commons.logging.impl.Jdk14Logger [RMI TCP Connection(3)-127.0.0.1] Closing JPA EntityManagerFactory for persistence unit 'default'
2020-12-06 21:45:53,216 INFO com.zaxxer.hikari.HikariDataSource [RMI TCP Connection(3)-127.0.0.1] HikariPool-1 - Shutdown initiated...
2020-12-06 21:45:53,243 INFO com.zaxxer.hikari.HikariDataSource [RMI TCP Connection(3)-127.0.0.1] HikariPool-1 - Shutdown completed.
2020-12-06 21:45:53,246 INFO org.apache.juli.logging.DirectJDKLog [RMI TCP Connection(3)-127.0.0.1] Pausing ProtocolHandler ["http-nio-8080"]
2020-12-06 21:45:53,303 INFO org.apache.juli.logging.DirectJDKLog [RMI TCP Connection(3)-127.0.0.1] Stopping service [Tomcat]
2020-12-06 21:45:53,309 INFO org.apache.juli.logging.DirectJDKLog [localhost-startStop-2] Waiting for [1] instance(s) to be deallocated for Servlet [dispatcherServlet]
2020-12-06 21:45:54,332 INFO org.apache.juli.logging.DirectJDKLog [localhost-startStop-2] Waiting for [1] instance(s) to be deallocated for Servlet [dispatcherServlet]
2020-12-06 21:45:55,374 INFO org.apache.juli.logging.DirectJDKLog [localhost-startStop-2] Waiting for [1] instance(s) to be deallocated for Servlet [dispatcherServlet]
2020-12-06 21:45:55,479 INFO org.apache.juli.logging.DirectJDKLog [localhost-startStop-2] Destroying Spring FrameworkServlet 'dispatcherServlet'
2020-12-06 21:45:55,488 WARN org.apache.juli.logging.DirectJDKLog [localhost-startStop-2] The web application [ROOT] appears to have started a thread named [RxIoScheduler-1 (Evictor)] but has failed to stop it. This is very likely to create a memory leak. Stack trace of thread:
 sun.misc.Unsafe.park(Native Method)
 java.util.concurrent.locks.LockSupport.parkNanos(LockSupport.java:215)
 java.util.concurrent.locks.AbstractQueuedSynchronizer$ConditionObject.awaitNanos(AbstractQueuedSynchronizer.java:2078)
 java.util.concurrent.ScheduledThreadPoolExecutor$DelayedWorkQueue.take(ScheduledThreadPoolExecutor.java:1093)
 java.util.concurrent.ScheduledThreadPoolExecutor$DelayedWorkQueue.take(ScheduledThreadPoolExecutor.java:809)
 java.util.concurrent.ThreadPoolExecutor.getTask(ThreadPoolExecutor.java:1074)
 java.util.concurrent.ThreadPoolExecutor.runWorker(ThreadPoolExecutor.java:1134)
 java.util.concurrent.ThreadPoolExecutor$Worker.run(ThreadPoolExecutor.java:624)
 java.lang.Thread.run(Thread.java:748)
2020-12-06 21:45:55,495 INFO org.apache.juli.logging.DirectJDKLog [RMI TCP Connection(3)-127.0.0.1] Stopping ProtocolHandler ["http-nio-8080"]
2020-12-06 21:45:55,501 INFO org.apache.juli.logging.DirectJDKLog [RMI TCP Connection(3)-127.0.0.1] Destroying ProtocolHandler ["http-nio-8080"]
2020-12-06 21:46:14,262 INFO org.apache.commons.logging.impl.Jdk14Logger [main] Refreshing org.springframework.context.annotation.AnnotationConfigApplicationContext@65d09a04: startup date [Sun Dec 06 21:46:14 IST 2020]; root of context hierarchy
2020-12-06 21:46:14,474 INFO org.apache.commons.logging.impl.Jdk14Logger [main] JSR-330 'javax.inject.Inject' annotation found and supported for autowiring
2020-12-06 21:46:14,534 INFO org.apache.commons.logging.impl.Jdk14Logger [main] Bean 'configurationPropertiesRebinderAutoConfiguration' of type [org.springframework.cloud.autoconfigure.ConfigurationPropertiesRebinderAutoConfiguration$$EnhancerBySpringCGLIB$$7fcc0191] is not eligible for getting processed by all BeanPostProcessors (for example: not eligible for auto-proxying)
2020-12-06 21:46:24,789 INFO org.apache.commons.logging.impl.Jdk14Logger [main] No active profile set, falling back to default profiles: default
2020-12-06 21:46:24,805 INFO org.apache.commons.logging.impl.Jdk14Logger [main] Refreshing org.springframework.boot.web.servlet.context.AnnotationConfigServletWebServerApplicationContext@413f69cc: startup date [Sun Dec 06 21:46:24 IST 2020]; parent: org.springframework.context.annotation.AnnotationConfigApplicationContext@65d09a04
2020-12-06 21:46:25,260 WARN org.apache.commons.logging.impl.Jdk14Logger [main] Exception encountered during context initialization - cancelling refresh attempt: org.springframework.beans.factory.BeanDefinitionStoreException: Failed to parse configuration class [com.ec.common.GatewayApplication]; nested exception is java.io.FileNotFoundException: class path resource [com/ec/common/Controller/LeadActivityNotificationController.class] cannot be opened because it does not exist
2020-12-06 21:47:58,283 INFO org.apache.commons.logging.impl.Jdk14Logger [main] Refreshing org.springframework.context.annotation.AnnotationConfigApplicationContext@445b295b: startup date [Sun Dec 06 21:47:58 IST 2020]; root of context hierarchy
2020-12-06 21:47:58,486 INFO org.apache.commons.logging.impl.Jdk14Logger [main] JSR-330 'javax.inject.Inject' annotation found and supported for autowiring
2020-12-06 21:47:58,534 INFO org.apache.commons.logging.impl.Jdk14Logger [main] Bean 'configurationPropertiesRebinderAutoConfiguration' of type [org.springframework.cloud.autoconfigure.ConfigurationPropertiesRebinderAutoConfiguration$$EnhancerBySpringCGLIB$$1e7d5e6d] is not eligible for getting processed by all BeanPostProcessors (for example: not eligible for auto-proxying)
2020-12-06 21:48:08,786 INFO org.apache.commons.logging.impl.Jdk14Logger [main] No active profile set, falling back to default profiles: default
2020-12-06 21:48:08,810 INFO org.apache.commons.logging.impl.Jdk14Logger [main] Refreshing org.springframework.boot.web.servlet.context.AnnotationConfigServletWebServerApplicationContext@479460a6: startup date [Sun Dec 06 21:48:08 IST 2020]; parent: org.springframework.context.annotation.AnnotationConfigApplicationContext@445b295b
2020-12-06 21:48:09,340 WARN org.apache.commons.logging.impl.Jdk14Logger [main] Exception encountered during context initialization - cancelling refresh attempt: org.springframework.beans.factory.BeanDefinitionStoreException: Failed to parse configuration class [com.ec.common.GatewayApplication]; nested exception is java.io.FileNotFoundException: class path resource [com/ec/common/Controller/LeadActivityNotificationController.class] cannot be opened because it does not exist
2020-12-06 21:49:17,430 INFO org.apache.commons.logging.impl.Jdk14Logger [main] Refreshing org.springframework.context.annotation.AnnotationConfigApplicationContext@6a2f6f80: startup date [Sun Dec 06 21:49:17 IST 2020]; root of context hierarchy
2020-12-06 21:49:17,641 INFO org.apache.commons.logging.impl.Jdk14Logger [main] JSR-330 'javax.inject.Inject' annotation found and supported for autowiring
2020-12-06 21:49:17,695 INFO org.apache.commons.logging.impl.Jdk14Logger [main] Bean 'configurationPropertiesRebinderAutoConfiguration' of type [org.springframework.cloud.autoconfigure.ConfigurationPropertiesRebinderAutoConfiguration$$EnhancerBySpringCGLIB$$8a33be65] is not eligible for getting processed by all BeanPostProcessors (for example: not eligible for auto-proxying)
2020-12-06 21:49:27,932 INFO org.apache.commons.logging.impl.Jdk14Logger [main] No active profile set, falling back to default profiles: default
2020-12-06 21:49:27,947 INFO org.apache.commons.logging.impl.Jdk14Logger [main] Refreshing org.springframework.boot.web.servlet.context.AnnotationConfigServletWebServerApplicationContext@c7ba306: startup date [Sun Dec 06 21:49:27 IST 2020]; parent: org.springframework.context.annotation.AnnotationConfigApplicationContext@6a2f6f80
2020-12-06 21:49:29,460 INFO org.apache.commons.logging.impl.Jdk14Logger [main] Overriding bean definition for bean 'counterFactory' with a different definition: replacing [Root bean: class [null]; scope=; abstract=false; lazyInit=false; autowireMode=3; dependencyCheck=0; autowireCandidate=true; primary=false; factoryBeanName=org.springframework.cloud.netflix.zuul.ZuulServerAutoConfiguration$ZuulMetricsConfiguration; factoryMethodName=counterFactory; initMethodName=null; destroyMethodName=(inferred); defined in class path resource [org/springframework/cloud/netflix/zuul/ZuulServerAutoConfiguration$ZuulMetricsConfiguration.class]] with [Root bean: class [null]; scope=; abstract=false; lazyInit=false; autowireMode=3; dependencyCheck=0; autowireCandidate=true; primary=false; factoryBeanName=org.springframework.cloud.netflix.zuul.ZuulServerAutoConfiguration$ZuulCounterFactoryConfiguration; factoryMethodName=counterFactory; initMethodName=null; destroyMethodName=(inferred); defined in class path resource [org/springframework/cloud/netflix/zuul/ZuulServerAutoConfiguration$ZuulCounterFactoryConfiguration.class]]
2020-12-06 21:49:29,548 INFO org.apache.commons.logging.impl.Jdk14Logger [main] Overriding bean definition for bean 'dataSource' with a different definition: replacing [Root bean: class [null]; scope=refresh; abstract=false; lazyInit=false; autowireMode=3; dependencyCheck=0; autowireCandidate=false; primary=false; factoryBeanName=org.springframework.boot.autoconfigure.jdbc.DataSourceConfiguration$Hikari; factoryMethodName=dataSource; initMethodName=null; destroyMethodName=(inferred); defined in class path resource [org/springframework/boot/autoconfigure/jdbc/DataSourceConfiguration$Hikari.class]] with [Root bean: class [org.springframework.aop.scope.ScopedProxyFactoryBean]; scope=; abstract=false; lazyInit=false; autowireMode=0; dependencyCheck=0; autowireCandidate=true; primary=false; factoryBeanName=null; factoryMethodName=null; initMethodName=null; destroyMethodName=null; defined in BeanDefinition defined in class path resource [org/springframework/boot/autoconfigure/jdbc/DataSourceConfiguration$Hikari.class]]
2020-12-06 21:49:29,781 INFO org.apache.commons.logging.impl.Jdk14Logger [main] BeanFactory id=bb8b181d-0340-3c55-a426-ad88a035fa76
2020-12-06 21:49:29,817 INFO org.apache.commons.logging.impl.Jdk14Logger [main] JSR-330 'javax.inject.Inject' annotation found and supported for autowiring
2020-12-06 21:49:29,958 INFO org.apache.commons.logging.impl.Jdk14Logger [main] Bean 'org.springframework.ws.config.annotation.DelegatingWsConfiguration' of type [org.springframework.ws.config.annotation.DelegatingWsConfiguration$$EnhancerBySpringCGLIB$$12b18067] is not eligible for getting processed by all BeanPostProcessors (for example: not eligible for auto-proxying)
2020-12-06 21:49:30,005 INFO org.apache.commons.logging.impl.Jdk14Logger [main] Supporting [WS-Addressing August 2004, WS-Addressing 1.0]
2020-12-06 21:49:30,133 INFO org.apache.commons.logging.impl.Jdk14Logger [main] Bean 'org.springframework.transaction.annotation.ProxyTransactionManagementConfiguration' of type [org.springframework.transaction.annotation.ProxyTransactionManagementConfiguration$$EnhancerBySpringCGLIB$$6e19bb68] is not eligible for getting processed by all BeanPostProcessors (for example: not eligible for auto-proxying)
2020-12-06 21:49:30,359 INFO org.apache.commons.logging.impl.Jdk14Logger [main] Bean 'org.springframework.security.config.annotation.configuration.ObjectPostProcessorConfiguration' of type [org.springframework.security.config.annotation.configuration.ObjectPostProcessorConfiguration$$EnhancerBySpringCGLIB$$6c783a2] is not eligible for getting processed by all BeanPostProcessors (for example: not eligible for auto-proxying)
2020-12-06 21:49:30,375 INFO org.apache.commons.logging.impl.Jdk14Logger [main] Bean 'objectPostProcessor' of type [org.springframework.security.config.annotation.configuration.AutowireBeanFactoryObjectPostProcessor] is not eligible for getting processed by all BeanPostProcessors (for example: not eligible for auto-proxying)
2020-12-06 21:49:30,380 INFO org.apache.commons.logging.impl.Jdk14Logger [main] Bean 'org.springframework.security.access.expression.method.DefaultMethodSecurityExpressionHandler@767f6ee7' of type [org.springframework.security.access.expression.method.DefaultMethodSecurityExpressionHandler] is not eligible for getting processed by all BeanPostProcessors (for example: not eligible for auto-proxying)
2020-12-06 21:49:30,393 INFO org.apache.commons.logging.impl.Jdk14Logger [main] Bean 'org.springframework.security.config.annotation.method.configuration.GlobalMethodSecurityConfiguration' of type [org.springframework.security.config.annotation.method.configuration.GlobalMethodSecurityConfiguration$$EnhancerBySpringCGLIB$$2b9c2654] is not eligible for getting processed by all BeanPostProcessors (for example: not eligible for auto-proxying)
2020-12-06 21:49:30,410 INFO org.apache.commons.logging.impl.Jdk14Logger [main] Bean 'methodSecurityMetadataSource' of type [org.springframework.security.access.method.DelegatingMethodSecurityMetadataSource] is not eligible for getting processed by all BeanPostProcessors (for example: not eligible for auto-proxying)
2020-12-06 21:49:30,456 INFO org.apache.commons.logging.impl.Jdk14Logger [main] Bean 'org.springframework.cloud.autoconfigure.ConfigurationPropertiesRebinderAutoConfiguration' of type [org.springframework.cloud.autoconfigure.ConfigurationPropertiesRebinderAutoConfiguration$$EnhancerBySpringCGLIB$$8a33be65] is not eligible for getting processed by all BeanPostProcessors (for example: not eligible for auto-proxying)
2020-12-06 21:49:31,121 INFO org.apache.commons.logging.impl.Jdk14Logger [main] Tomcat initialized with port(s): 8080 (http)
2020-12-06 21:49:31,137 INFO org.apache.juli.logging.DirectJDKLog [main] Initializing ProtocolHandler ["http-nio-8080"]
2020-12-06 21:49:31,149 INFO org.apache.juli.logging.DirectJDKLog [main] Starting service [Tomcat]
2020-12-06 21:49:31,150 INFO org.apache.juli.logging.DirectJDKLog [main] Starting Servlet Engine: Apache Tomcat/8.5.34
2020-12-06 21:49:31,155 INFO org.apache.juli.logging.DirectJDKLog [localhost-startStop-1] The APR based Apache Tomcat Native library which allows optimal performance in production environments was not found on the java.library.path: [/Users/bsridharpatnaik/Library/Java/Extensions:/Library/Java/Extensions:/Network/Library/Java/Extensions:/System/Library/Java/Extensions:/usr/lib/java:.]
2020-12-06 21:49:31,306 INFO org.apache.juli.logging.DirectJDKLog [localhost-startStop-1] Initializing Spring embedded WebApplicationContext
2020-12-06 21:49:31,307 INFO org.apache.commons.logging.impl.Jdk14Logger [localhost-startStop-1] Root WebApplicationContext: initialization completed in 3360 ms
2020-12-06 21:49:31,559 WARN com.netflix.config.sources.URLConfigurationSource [localhost-startStop-1] No URLs will be polled as dynamic configuration sources.
2020-12-06 21:49:31,560 INFO com.netflix.config.sources.URLConfigurationSource [localhost-startStop-1] To enable URLs as dynamic configuration sources, define System property archaius.configurationSource.additionalUrls or make config.properties available on classpath.
2020-12-06 21:49:31,572 INFO com.netflix.config.DynamicPropertyFactory [localhost-startStop-1] DynamicPropertyFactory is initialized with configuration sources: com.netflix.config.ConcurrentCompositeConfiguration@728fdd55
2020-12-06 21:49:33,103 INFO com.zaxxer.hikari.HikariDataSource [localhost-startStop-1] HikariPool-1 - Starting...
2020-12-06 21:49:33,548 INFO com.zaxxer.hikari.HikariDataSource [localhost-startStop-1] HikariPool-1 - Start completed.
2020-12-06 21:49:33,635 INFO org.apache.commons.logging.impl.Jdk14Logger [localhost-startStop-1] Building JPA container EntityManagerFactory for persistence unit 'default'
2020-12-06 21:49:33,656 INFO org.hibernate.jpa.internal.util.LogHelper [localhost-startStop-1] HHH000204: Processing PersistenceUnitInfo [name: default]
2020-12-06 21:49:33,788 INFO org.hibernate.Version [localhost-startStop-1] HHH000412: Hibernate ORM core version 5.4.22.Final
2020-12-06 21:49:33,961 INFO org.hibernate.annotations.common.reflection.java.JavaReflectionManager [localhost-startStop-1] HCANN000001: Hibernate Commons Annotations {5.1.0.Final}
2020-12-06 21:49:34,255 INFO org.hibernate.dialect.Dialect [localhost-startStop-1] HHH000400: Using dialect: org.hibernate.dialect.MySQL5InnoDBDialect
2020-12-06 21:49:34,310 INFO org.hibernate.envers.boot.internal.EnversServiceImpl [localhost-startStop-1] Envers integration enabled? : true
2020-12-06 21:49:35,691 INFO org.hibernate.engine.transaction.jta.platform.internal.JtaPlatformInitiator [localhost-startStop-1] HHH000490: Using JtaPlatform implementation: [org.hibernate.engine.transaction.jta.platform.internal.NoJtaPlatform]
2020-12-06 21:49:35,702 INFO org.apache.commons.logging.impl.Jdk14Logger [localhost-startStop-1] Initialized JPA EntityManagerFactory for persistence unit 'default'
2020-12-06 21:49:36,527 INFO org.apache.commons.logging.impl.Jdk14Logger [localhost-startStop-1] Mapping filter: 'characterEncodingFilter' to: [/*]
2020-12-06 21:49:36,528 INFO org.apache.commons.logging.impl.Jdk14Logger [localhost-startStop-1] Mapping filter: 'webMvcMetricsFilter' to: [/*]
2020-12-06 21:49:36,529 INFO org.apache.commons.logging.impl.Jdk14Logger [localhost-startStop-1] Mapping filter: 'springSecurityFilterChain' to: [/*]
2020-12-06 21:49:36,530 INFO org.apache.commons.logging.impl.Jdk14Logger [localhost-startStop-1] Mapping filter: 'httpTraceFilter' to: [/*]
2020-12-06 21:49:36,530 INFO org.apache.commons.logging.impl.Jdk14Logger [localhost-startStop-1] Mapping filter: 'jwtRequestFilter' to: [/*]
2020-12-06 21:49:36,530 INFO org.apache.commons.logging.impl.Jdk14Logger [localhost-startStop-1] Mapping filter: 'logFilter' to: [/*]
2020-12-06 21:49:36,531 INFO org.apache.commons.logging.impl.Jdk14Logger [localhost-startStop-1] Mapping filter: 'requestLoggingFilter' to: [/*]
2020-12-06 21:49:36,531 INFO org.apache.commons.logging.impl.Jdk14Logger [localhost-startStop-1] Servlet dispatcherServlet mapped to [/]
2020-12-06 21:49:36,533 INFO org.apache.commons.logging.impl.Jdk14Logger [localhost-startStop-1] Servlet messageDispatcherServlet mapped to [/services/*]
2020-12-06 21:49:36,534 INFO org.apache.commons.logging.impl.Jdk14Logger [localhost-startStop-1] Servlet zuulServlet mapped to [/zuul/*]
2020-12-06 21:49:36,550 DEBUG org.apache.commons.logging.impl.Jdk14Logger [localhost-startStop-1] Initializing filter 'requestLoggingFilter'
2020-12-06 21:49:36,551 DEBUG org.apache.commons.logging.impl.Jdk14Logger [localhost-startStop-1] Filter 'requestLoggingFilter' configured successfully
2020-12-06 21:49:36,552 DEBUG org.apache.commons.logging.impl.Jdk14Logger [localhost-startStop-1] Initializing filter 'logFilter'
2020-12-06 21:49:36,552 DEBUG org.apache.commons.logging.impl.Jdk14Logger [localhost-startStop-1] Filter 'logFilter' configured successfully
2020-12-06 21:49:37,359 WARN org.apache.commons.logging.impl.Jdk14Logger [main] spring.jpa.open-in-view is enabled by default. Therefore, database queries may be performed during view rendering. Explicitly configure spring.jpa.open-in-view to disable this warning
2020-12-06 21:49:37,434 INFO org.apache.commons.logging.impl.Jdk14Logger [main] Mapped "{[/notification/send],methods=[POST]}" onto public java.lang.String com.ec.common.Controller.AndroidNotificationController.sendPnsToDevice(com.ec.common.Data.LANotificationRequestDto)
2020-12-06 21:49:37,440 INFO org.apache.commons.logging.impl.Jdk14Logger [main] Mapped "{[/contact],methods=[GET],produces=[application/json || text/json]}" onto public com.ec.common.Data.ContactsWithTypeAhead com.ec.common.Controller.ContactController.returnAllContacts(java.lang.Integer,org.springframework.data.domain.Pageable)
2020-12-06 21:49:37,442 INFO org.apache.commons.logging.impl.Jdk14Logger [main] Mapped "{[/contact],methods=[POST],produces=[application/json || text/json]}" onto public com.ec.common.Data.ContactsWithTypeAhead com.ec.common.Controller.ContactController.returnFilteredContacts(com.ec.common.Filters.FilterDataList,org.springframework.data.domain.Pageable)
2020-12-06 21:49:37,442 INFO org.apache.commons.logging.impl.Jdk14Logger [main] Mapped "{[/contact/{id}],methods=[GET],produces=[application/json || text/json]}" onto public com.ec.common.Model.ContactAllInfo com.ec.common.Controller.ContactController.findContactbyvehicleNoContacts(long) throws java.lang.Exception
2020-12-06 21:49:37,443 INFO org.apache.commons.logging.impl.Jdk14Logger [main] Mapped "{[/contact/{id}],methods=[DELETE],produces=[application/json || text/json]}" onto public org.springframework.http.ResponseEntity<?> com.ec.common.Controller.ContactController.deleteContact(java.lang.Long) throws java.lang.Exception
2020-12-06 21:49:37,444 INFO org.apache.commons.logging.impl.Jdk14Logger [main] Mapped "{[/contact/create],methods=[POST],produces=[application/json || text/json]}" onto public com.ec.common.Model.ContactAllInfo com.ec.common.Controller.ContactController.createContact(com.ec.common.Model.ContactAllInfo) throws java.lang.Exception
2020-12-06 21:49:37,445 INFO org.apache.commons.logging.impl.Jdk14Logger [main] Mapped "{[/contact/{id}],methods=[PUT],produces=[application/json || text/json]}" onto public com.ec.common.Model.ContactAllInfo com.ec.common.Controller.ContactController.updateContact(java.lang.Long,com.ec.common.Model.ContactAllInfo) throws java.lang.Exception
2020-12-06 21:49:37,445 INFO org.apache.commons.logging.impl.Jdk14Logger [main] Mapped "{[/contact/iscontactused/{id}],methods=[GET],produces=[application/json || text/json]}" onto public java.lang.Boolean com.ec.common.Controller.ContactController.checkIfContactUsed(long) throws java.lang.Exception
2020-12-06 21:49:37,446 INFO org.apache.commons.logging.impl.Jdk14Logger [main] Mapped "{[/emailconfig],methods=[GET],produces=[application/json || text/json]}" onto public com.ec.common.Data.EmailConfigData com.ec.common.Controller.EmailController.returnEmailConfig()
2020-12-06 21:49:37,447 INFO org.apache.commons.logging.impl.Jdk14Logger [main] Mapped "{[/ec/login],methods=[POST],produces=[application/json || text/json]}" onto public org.springframework.http.ResponseEntity<?> com.ec.common.Controller.LoginController.login(com.ec.common.Data.UserSignInData) throws java.lang.Exception
2020-12-06 21:49:37,448 INFO org.apache.commons.logging.impl.Jdk14Logger [main] Mapped "{[/role],methods=[GET],produces=[application/json || text/json]}" onto public org.springframework.data.domain.Page<com.ec.common.Model.Role> com.ec.common.Controller.RoleController.returnAllRoles(org.springframework.data.domain.Pageable)
2020-12-06 21:49:37,449 INFO org.apache.commons.logging.impl.Jdk14Logger [main] Mapped "{[/role/create],methods=[POST],produces=[application/json || text/json]}" onto public com.ec.common.Model.Role com.ec.common.Controller.RoleController.createRole(com.ec.common.Model.Role) throws java.lang.Exception
2020-12-06 21:49:37,451 INFO org.apache.commons.logging.impl.Jdk14Logger [main] Mapped "{[/token],methods=[PUT],produces=[application/json || text/json]}" onto public void com.ec.common.Controller.TokenController.updateTokenForUser(com.ec.common.Data.TokenData) throws java.lang.Exception
2020-12-06 21:49:37,452 INFO org.apache.commons.logging.impl.Jdk14Logger [main] Mapped "{[/token],methods=[GET],produces=[application/json || text/json]}" onto public java.util.List<com.ec.common.Data.AndroidTokenDetailsDTO> com.ec.common.Controller.TokenController.getAllTokens()
2020-12-06 21:49:37,452 INFO org.apache.commons.logging.impl.Jdk14Logger [main] Mapped "{[/token],methods=[DELETE],produces=[application/json || text/json]}" onto public void com.ec.common.Controller.TokenController.DeleteToken() throws java.lang.Exception
2020-12-06 21:49:37,457 INFO org.apache.commons.logging.impl.Jdk14Logger [main] Mapped "{[/user],methods=[POST],produces=[application/json || text/json]}" onto public com.ec.common.Data.UserListWithTypeAheadData com.ec.common.Controller.UserController.returnFilteredContacts(com.ec.common.Filters.FilterDataList,org.springframework.data.domain.Pageable)
2020-12-06 21:49:37,458 INFO org.apache.commons.logging.impl.Jdk14Logger [main] Mapped "{[/user],methods=[GET],produces=[application/json || text/json]}" onto public com.ec.common.Data.UserListWithTypeAheadData com.ec.common.Controller.UserController.returnAllUsers(org.springframework.data.domain.Pageable)
2020-12-06 21:49:37,458 INFO org.apache.commons.logging.impl.Jdk14Logger [main] Mapped "{[/user/create],methods=[POST],produces=[application/json || text/json]}" onto public com.ec.common.Model.User com.ec.common.Controller.UserController.createUser(com.ec.common.Data.CreateUserData) throws java.lang.Exception
2020-12-06 21:49:37,460 INFO org.apache.commons.logging.impl.Jdk14Logger [main] Mapped "{[/user/{id}],methods=[PUT],produces=[application/json || text/json]}" onto public com.ec.common.Model.User com.ec.common.Controller.UserController.updateUser(java.lang.Long,com.ec.common.Data.CreateUserData) throws java.lang.Exception
2020-12-06 21:49:37,461 INFO org.apache.commons.logging.impl.Jdk14Logger [main] Mapped "{[/user/updatepassword],methods=[POST],produces=[application/json || text/json]}" onto public com.ec.common.Model.User com.ec.common.Controller.UserController.updateUser(com.ec.common.Data.ResetPasswordData) throws java.lang.Exception
2020-12-06 21:49:37,462 INFO org.apache.commons.logging.impl.Jdk14Logger [main] Mapped "{[/user/{id}],methods=[GET],produces=[application/json || text/json]}" onto public com.ec.common.Model.User com.ec.common.Controller.UserController.findUserByID(long) throws java.lang.Exception
2020-12-06 21:49:37,463 INFO org.apache.commons.logging.impl.Jdk14Logger [main] Mapped "{[/user/list],methods=[GET],produces=[application/json || text/json]}" onto public java.util.List<com.ec.common.Data.UserReturnData> com.ec.common.Controller.UserController.findLimitedDetailsForUserByID() throws java.lang.Exception
2020-12-06 21:49:37,463 INFO org.apache.commons.logging.impl.Jdk14Logger [main] Mapped "{[/user/byid/{id}],methods=[GET],produces=[application/json || text/json]}" onto public com.ec.common.Data.UserReturnData com.ec.common.Controller.UserController.findLimitedDetailsForUserByID(long) throws java.lang.Exception
2020-12-06 21:49:37,464 INFO org.apache.commons.logging.impl.Jdk14Logger [main] Mapped "{[/user/byname/{name}],methods=[GET],produces=[application/json || text/json]}" onto public com.ec.common.Data.UserReturnData com.ec.common.Controller.UserController.findLimitedDetailsForUserByID(java.lang.String) throws java.lang.Exception
2020-12-06 21:49:37,464 INFO org.apache.commons.logging.impl.Jdk14Logger [main] Mapped "{[/user/updateroles],methods=[POST],produces=[application/json || text/json]}" onto public com.ec.common.Model.User com.ec.common.Controller.UserController.updateRolesForUser(com.ec.common.Data.UpdateRolesForUserData) throws java.lang.Exception
2020-12-06 21:49:37,465 INFO org.apache.commons.logging.impl.Jdk14Logger [main] Mapped "{[/user/me],methods=[GET],produces=[application/json]}" onto public com.ec.common.Data.UserReturnData com.ec.common.Controller.UserController.returnUserName()
2020-12-06 21:49:37,468 INFO org.apache.commons.logging.impl.Jdk14Logger [main] Mapped "{[/error]}" onto public org.springframework.http.ResponseEntity<java.util.Map<java.lang.String, java.lang.Object>> org.springframework.boot.autoconfigure.web.servlet.error.BasicErrorController.error(javax.servlet.http.HttpServletRequest)
2020-12-06 21:49:37,468 INFO org.apache.commons.logging.impl.Jdk14Logger [main] Mapped "{[/error],produces=[text/html]}" onto public org.springframework.web.servlet.ModelAndView org.springframework.boot.autoconfigure.web.servlet.error.BasicErrorController.errorHtml(javax.servlet.http.HttpServletRequest,javax.servlet.http.HttpServletResponse)
2020-12-06 21:49:37,596 INFO org.apache.commons.logging.impl.Jdk14Logger [main] Mapped URL path [/eureka/**] onto handler of type [class org.springframework.web.servlet.resource.ResourceHttpRequestHandler]
2020-12-06 21:49:37,932 INFO org.apache.commons.logging.impl.Jdk14Logger [main] Looking for @ControllerAdvice: org.springframework.boot.web.servlet.context.AnnotationConfigServletWebServerApplicationContext@c7ba306: startup date [Sun Dec 06 21:49:27 IST 2020]; parent: org.springframework.context.annotation.AnnotationConfigApplicationContext@6a2f6f80
2020-12-06 21:49:38,119 INFO org.apache.commons.logging.impl.Jdk14Logger [main] Creating filter chain: Ant [pattern='/*/'], []
2020-12-06 21:49:38,120 INFO org.apache.commons.logging.impl.Jdk14Logger [main] Creating filter chain: Ant [pattern='/eureka/**.**'], []
2020-12-06 21:49:38,120 INFO org.apache.commons.logging.impl.Jdk14Logger [main] Creating filter chain: Ant [pattern='/eureka/**'], []
2020-12-06 21:49:38,121 INFO org.apache.commons.logging.impl.Jdk14Logger [main] Creating filter chain: Ant [pattern='**/scripts/**.js'], []
2020-12-06 21:49:38,122 INFO org.apache.commons.logging.impl.Jdk14Logger [main] Creating filter chain: Ant [pattern='/**.jpg'], []
2020-12-06 21:49:38,122 INFO org.apache.commons.logging.impl.Jdk14Logger [main] Creating filter chain: Ant [pattern='/**.ico'], []
2020-12-06 21:49:38,123 INFO org.apache.commons.logging.impl.Jdk14Logger [main] Creating filter chain: Ant [pattern='/**.html'], []
2020-12-06 21:49:38,123 INFO org.apache.commons.logging.impl.Jdk14Logger [main] Creating filter chain: Ant [pattern='/header.html'], []
2020-12-06 21:49:38,123 INFO org.apache.commons.logging.impl.Jdk14Logger [main] Creating filter chain: Ant [pattern='**.html'], []
2020-12-06 21:49:38,124 INFO org.apache.commons.logging.impl.Jdk14Logger [main] Creating filter chain: Ant [pattern='/**.css'], []
2020-12-06 21:49:38,124 INFO org.apache.commons.logging.impl.Jdk14Logger [main] Creating filter chain: Ant [pattern='/**.js'], []
2020-12-06 21:49:38,125 INFO org.apache.commons.logging.impl.Jdk14Logger [main] Creating filter chain: Ant [pattern='/eureka/**/**'], []
2020-12-06 21:49:38,126 INFO org.apache.commons.logging.impl.Jdk14Logger [main] Creating filter chain: Ant [pattern='/**', OPTIONS], []
2020-12-06 21:49:38,238 INFO org.apache.commons.logging.impl.Jdk14Logger [main] Creating filter chain: org.springframework.security.web.util.matcher.AnyRequestMatcher@1, [org.springframework.security.web.context.request.async.WebAsyncManagerIntegrationFilter@2dff7085, org.springframework.security.web.context.SecurityContextPersistenceFilter@15214920, org.springframework.security.web.header.HeaderWriterFilter@339f3a55, org.springframework.web.filter.CorsFilter@2faa55bb, org.springframework.security.web.authentication.logout.LogoutFilter@4b957db0, com.ec.common.JWTUtils.JwtRequestFilter@73656295, org.springframework.security.web.savedrequest.RequestCacheAwareFilter@3a3b10f4, org.springframework.security.web.servletapi.SecurityContextHolderAwareRequestFilter@43a4a9e5, org.springframework.security.web.authentication.AnonymousAuthenticationFilter@501957bf, org.springframework.security.web.session.SessionManagementFilter@685f5d0d, org.springframework.security.web.access.ExceptionTranslationFilter@6d0290d8, org.springframework.security.web.access.intercept.FilterSecurityInterceptor@3a296107]
2020-12-06 21:49:38,309 WARN com.netflix.config.sources.URLConfigurationSource [main] No URLs will be polled as dynamic configuration sources.
2020-12-06 21:49:38,309 INFO com.netflix.config.sources.URLConfigurationSource [main] To enable URLs as dynamic configuration sources, define System property archaius.configurationSource.additionalUrls or make config.properties available on classpath.
2020-12-06 21:49:39,201 INFO org.apache.commons.logging.impl.Jdk14Logger [main] Exposing 2 endpoint(s) beneath base path '/actuator'
2020-12-06 21:49:39,217 INFO org.apache.commons.logging.impl.Jdk14Logger [main] Mapped "{[/actuator/health],methods=[GET],produces=[application/vnd.spring-boot.actuator.v2+json || application/json]}" onto public java.lang.Object org.springframework.boot.actuate.endpoint.web.servlet.AbstractWebMvcEndpointHandlerMapping$OperationHandler.handle(javax.servlet.http.HttpServletRequest,java.util.Map<java.lang.String, java.lang.String>)
2020-12-06 21:49:39,219 INFO org.apache.commons.logging.impl.Jdk14Logger [main] Mapped "{[/actuator/info],methods=[GET],produces=[application/vnd.spring-boot.actuator.v2+json || application/json]}" onto public java.lang.Object org.springframework.boot.actuate.endpoint.web.servlet.AbstractWebMvcEndpointHandlerMapping$OperationHandler.handle(javax.servlet.http.HttpServletRequest,java.util.Map<java.lang.String, java.lang.String>)
2020-12-06 21:49:39,220 INFO org.apache.commons.logging.impl.Jdk14Logger [main] Mapped "{[/actuator],methods=[GET],produces=[application/vnd.spring-boot.actuator.v2+json || application/json]}" onto protected java.util.Map<java.lang.String, java.util.Map<java.lang.String, org.springframework.boot.actuate.endpoint.web.Link>> org.springframework.boot.actuate.endpoint.web.servlet.WebMvcEndpointHandlerMapping.links(javax.servlet.http.HttpServletRequest,javax.servlet.http.HttpServletResponse)
2020-12-06 21:49:39,859 INFO org.apache.commons.logging.impl.Jdk14Logger [main] Starting filter initializer
2020-12-06 21:49:39,914 INFO org.apache.commons.logging.impl.Jdk14Logger [main] Registering beans for JMX exposure on startup
2020-12-06 21:49:39,917 INFO org.apache.commons.logging.impl.Jdk14Logger [main] Bean with name 'dataSource' has been autodetected for JMX exposure
2020-12-06 21:49:39,930 INFO org.apache.commons.logging.impl.Jdk14Logger [main] Bean with name 'environmentManager' has been autodetected for JMX exposure
2020-12-06 21:49:39,932 INFO org.apache.commons.logging.impl.Jdk14Logger [main] Bean with name 'refreshScope' has been autodetected for JMX exposure
2020-12-06 21:49:39,935 INFO org.apache.commons.logging.impl.Jdk14Logger [main] Bean with name 'configurationPropertiesRebinder' has been autodetected for JMX exposure
2020-12-06 21:49:39,939 INFO org.apache.commons.logging.impl.Jdk14Logger [main] Located managed bean 'environmentManager': registering with JMX server as MBean [gateway:name=environmentManager,type=EnvironmentManager]
2020-12-06 21:49:39,952 INFO org.apache.commons.logging.impl.Jdk14Logger [main] Located managed bean 'refreshScope': registering with JMX server as MBean [gateway:name=refreshScope,type=RefreshScope]
2020-12-06 21:49:39,966 INFO org.apache.commons.logging.impl.Jdk14Logger [main] Located managed bean 'configurationPropertiesRebinder': registering with JMX server as MBean [gateway:name=configurationPropertiesRebinder,context=c7ba306,type=ConfigurationPropertiesRebinder]
2020-12-06 21:49:39,974 INFO org.apache.commons.logging.impl.Jdk14Logger [main] Located MBean 'dataSource': registering with JMX server as MBean [gateway:name=dataSource,type=HikariDataSource]
2020-12-06 21:49:40,006 INFO org.apache.juli.logging.DirectJDKLog [main] Starting ProtocolHandler ["http-nio-8080"]
2020-12-06 21:49:40,022 INFO org.apache.juli.logging.DirectJDKLog [main] Using a shared selector for servlet write/read
2020-12-06 21:49:40,053 INFO org.apache.commons.logging.impl.Jdk14Logger [main] Tomcat started on port(s): 8080 (http) with context path ''
2020-12-06 21:49:40,057 INFO org.apache.commons.logging.impl.Jdk14Logger [main] Started GatewayApplication in 33.303 seconds (JVM running for 38.919)
2020-12-06 21:49:44,318 INFO org.apache.juli.logging.DirectJDKLog [http-nio-8080-exec-2] Initializing Spring FrameworkServlet 'dispatcherServlet'
2020-12-06 21:49:44,320 INFO org.apache.commons.logging.impl.Jdk14Logger [http-nio-8080-exec-2] FrameworkServlet 'dispatcherServlet': initialization started
2020-12-06 21:49:44,418 INFO org.apache.commons.logging.impl.Jdk14Logger [http-nio-8080-exec-2] FrameworkServlet 'dispatcherServlet': initialization completed in 97 ms
2020-12-06 21:49:44,450 INFO org.apache.commons.logging.impl.Jdk14Logger [http-nio-8080-exec-2] Mapped URL path [/api/inventory/**] onto handler of type [class org.springframework.cloud.netflix.zuul.web.ZuulController]
2020-12-06 21:49:44,450 INFO org.apache.commons.logging.impl.Jdk14Logger [http-nio-8080-exec-2] Mapped URL path [/api/crm/**] onto handler of type [class org.springframework.cloud.netflix.zuul.web.ZuulController]
2020-12-06 21:49:45,236 DEBUG org.apache.commons.logging.impl.Jdk14Logger [http-nio-8080-exec-2] Before request [uri=/notification/send]
2020-12-06 21:49:45,237 DEBUG org.apache.commons.logging.impl.Jdk14Logger [http-nio-8080-exec-2] Before request [uri=/notification/send;client=0:0:0:0:0:0:0:1;user=sridhar]
2020-12-06 21:49:46,613 DEBUG org.apache.commons.logging.impl.Jdk14Logger [http-nio-8080-exec-2] After request [uri=/notification/send;client=0:0:0:0:0:0:0:1;user=sridhar;payload={
    "target":"cBxdLUKLSNO0kjQ5-4ltQr:APA91bGD1QU8fYs1u9SmfhrlqGYJgnpueZkf73xewOwIHHCpHYXtrkjpL-N_OkZeNU_aAgXf0Wk_NwwQRh2NTwQPfnVNQqoMeni85Q3iaKxrjbP0Ra4xsN69UQlTaCG9g3LPIZx49BaD",
    "title":"test",
    "body":"dsd"
}]
2020-12-06 21:49:46,615 DEBUG org.apache.commons.logging.impl.Jdk14Logger [http-nio-8080-exec-2] REQUEST DATA : uri=/notification/send;payload={
    "target":"cBxdLUKLSNO0kjQ5-4ltQr:APA91bGD1QU8fYs1u9SmfhrlqGYJgnpueZkf73xewOwIHHCpHYXtrkjpL-N_OkZeNU_aAgXf0Wk_NwwQRh2NTwQPfnVNQqoMeni85Q3iaKxrjbP0Ra4xsN69UQlTaCG9g3LPIZx49BaD",
    "title":"test",
    "body":"dsd"
}]
2020-12-06 21:51:55,647 INFO org.apache.commons.logging.impl.Jdk14Logger [RMI TCP Connection(5)-127.0.0.1] Application shutdown requested.
2020-12-06 21:51:55,654 INFO org.apache.commons.logging.impl.Jdk14Logger [RMI TCP Connection(5)-127.0.0.1] Closing org.springframework.boot.web.servlet.context.AnnotationConfigServletWebServerApplicationContext@c7ba306: startup date [Sun Dec 06 21:49:27 IST 2020]; parent: org.springframework.context.annotation.AnnotationConfigApplicationContext@6a2f6f80
2020-12-06 21:51:55,683 INFO org.apache.commons.logging.impl.Jdk14Logger [RMI TCP Connection(5)-127.0.0.1] Stopping filter initializer
2020-12-06 21:51:55,696 INFO org.apache.commons.logging.impl.Jdk14Logger [RMI TCP Connection(5)-127.0.0.1] Unregistering JMX-exposed beans on shutdown
2020-12-06 21:51:55,699 INFO org.apache.commons.logging.impl.Jdk14Logger [RMI TCP Connection(5)-127.0.0.1] Unregistering JMX-exposed beans
2020-12-06 21:51:55,745 INFO org.apache.commons.logging.impl.Jdk14Logger [RMI TCP Connection(5)-127.0.0.1] Closing JPA EntityManagerFactory for persistence unit 'default'
2020-12-06 21:51:55,761 INFO com.zaxxer.hikari.HikariDataSource [RMI TCP Connection(5)-127.0.0.1] HikariPool-1 - Shutdown initiated...
2020-12-06 21:51:55,812 INFO com.zaxxer.hikari.HikariDataSource [RMI TCP Connection(5)-127.0.0.1] HikariPool-1 - Shutdown completed.
2020-12-06 21:51:55,815 INFO org.apache.juli.logging.DirectJDKLog [RMI TCP Connection(5)-127.0.0.1] Pausing ProtocolHandler ["http-nio-8080"]
2020-12-06 21:51:55,879 INFO org.apache.juli.logging.DirectJDKLog [RMI TCP Connection(5)-127.0.0.1] Stopping service [Tomcat]
2020-12-06 21:51:55,901 INFO org.apache.juli.logging.DirectJDKLog [localhost-startStop-2] Destroying Spring FrameworkServlet 'dispatcherServlet'
2020-12-06 21:51:55,912 WARN org.apache.juli.logging.DirectJDKLog [localhost-startStop-2] The web application [ROOT] appears to have started a thread named [RxIoScheduler-1 (Evictor)] but has failed to stop it. This is very likely to create a memory leak. Stack trace of thread:
 sun.misc.Unsafe.park(Native Method)
 java.util.concurrent.locks.LockSupport.parkNanos(LockSupport.java:215)
 java.util.concurrent.locks.AbstractQueuedSynchronizer$ConditionObject.awaitNanos(AbstractQueuedSynchronizer.java:2078)
 java.util.concurrent.ScheduledThreadPoolExecutor$DelayedWorkQueue.take(ScheduledThreadPoolExecutor.java:1093)
 java.util.concurrent.ScheduledThreadPoolExecutor$DelayedWorkQueue.take(ScheduledThreadPoolExecutor.java:809)
 java.util.concurrent.ThreadPoolExecutor.getTask(ThreadPoolExecutor.java:1074)
 java.util.concurrent.ThreadPoolExecutor.runWorker(ThreadPoolExecutor.java:1134)
 java.util.concurrent.ThreadPoolExecutor$Worker.run(ThreadPoolExecutor.java:624)
 java.lang.Thread.run(Thread.java:748)
2020-12-06 21:51:55,925 INFO org.apache.juli.logging.DirectJDKLog [RMI TCP Connection(5)-127.0.0.1] Stopping ProtocolHandler ["http-nio-8080"]
2020-12-06 21:51:55,942 INFO org.apache.juli.logging.DirectJDKLog [RMI TCP Connection(5)-127.0.0.1] Destroying ProtocolHandler ["http-nio-8080"]
