2020-11-12 00:31:54,260 WARN com.zaxxer.hikari.pool.HikariPool$HouseKeeper [HikariPool-1 housekeeper] HikariPool-1 - Thread starvation or clock leap detected (housekeeper delta=15m58s805ms).
2020-11-12 01:07:43,075 WARN com.zaxxer.hikari.pool.HikariPool$HouseKeeper [HikariPool-1 housekeeper] HikariPool-1 - Thread starvation or clock leap detected (housekeeper delta=15m48s589ms).
2020-11-12 07:45:07,104 WARN com.zaxxer.hikari.pool.HikariPool$HouseKeeper [HikariPool-1 housekeeper] HikariPool-1 - Thread starvation or clock leap detected (housekeeper delta=6h37m23s467ms).
2020-11-12 11:10:17,144 WARN com.zaxxer.hikari.pool.HikariPool$HouseKeeper [HikariPool-1 housekeeper] HikariPool-1 - Thread starvation or clock leap detected (housekeeper delta=3h24m39s665ms).
2020-11-12 14:18:07,112 WARN com.zaxxer.hikari.pool.HikariPool$HouseKeeper [HikariPool-1 housekeeper] HikariPool-1 - Thread starvation or clock leap detected (housekeeper delta=29m48s873ms).
2020-11-12 15:03:10,590 WARN com.zaxxer.hikari.pool.HikariPool$HouseKeeper [HikariPool-1 housekeeper] HikariPool-1 - Thread starvation or clock leap detected (housekeeper delta=45m3s546ms).
2020-11-12 16:30:38,211 WARN com.zaxxer.hikari.pool.HikariPool$HouseKeeper [HikariPool-1 housekeeper] HikariPool-1 - Thread starvation or clock leap detected (housekeeper delta=1h27m27s621ms).
2020-11-12 17:05:36,872 WARN org.apache.commons.logging.impl.Jdk14Logger [http-nio-8080-exec-7] JWT Token does not begin with 	Bearer String
2020-11-12 17:05:36,970 DEBUG org.apache.commons.logging.impl.Jdk14Logger [http-nio-8080-exec-7] Before request [uri=/ec/login]
2020-11-12 17:05:36,985 DEBUG org.apache.commons.logging.impl.Jdk14Logger [http-nio-8080-exec-7] Before request [uri=/ec/login;client=127.0.0.1]
2020-11-12 17:05:37,767 DEBUG org.apache.commons.logging.impl.Jdk14Logger [http-nio-8080-exec-7] After request [uri=/ec/login;client=127.0.0.1;payload={"userName":"sridhar","password":"Test@123"}]
2020-11-12 17:05:37,774 DEBUG org.apache.commons.logging.impl.Jdk14Logger [http-nio-8080-exec-7] REQUEST DATA : uri=/ec/login;payload={"userName":"sridhar","password":"Test@123"}]
2020-11-12 17:05:38,357 DEBUG org.apache.commons.logging.impl.Jdk14Logger [http-nio-8080-exec-8] Before request [uri=/api/inventory/dashboard]
2020-11-12 17:05:38,381 DEBUG org.apache.commons.logging.impl.Jdk14Logger [http-nio-8080-exec-8] Before request [uri=/api/inventory/dashboard;client=127.0.0.1;user=sridhar]
2020-11-12 17:05:38,748 WARN org.apache.commons.logging.impl.Jdk14Logger [http-nio-8080-exec-8] Error during filtering
com.netflix.zuul.exception.ZuulException: Forwarding error
	at org.springframework.cloud.netflix.zuul.filters.route.SimpleHostRoutingFilter.handleException(SimpleHostRoutingFilter.java:237)
	at org.springframework.cloud.netflix.zuul.filters.route.SimpleHostRoutingFilter.run(SimpleHostRoutingFilter.java:217)
	at com.netflix.zuul.ZuulFilter.runFilter(ZuulFilter.java:117)
	at com.netflix.zuul.FilterProcessor.processZuulFilter(FilterProcessor.java:193)
	at com.netflix.zuul.FilterProcessor.runFilters(FilterProcessor.java:157)
	at com.netflix.zuul.FilterProcessor.route(FilterProcessor.java:118)
	at com.netflix.zuul.ZuulRunner.route(ZuulRunner.java:96)
	at com.netflix.zuul.http.ZuulServlet.route(ZuulServlet.java:116)
	at com.netflix.zuul.http.ZuulServlet.service(ZuulServlet.java:81)
	at org.springframework.web.servlet.mvc.ServletWrappingController.handleRequestInternal(ServletWrappingController.java:165)
	at org.springframework.cloud.netflix.zuul.web.ZuulController.handleRequest(ZuulController.java:44)
	at org.springframework.web.servlet.mvc.SimpleControllerHandlerAdapter.handle(SimpleControllerHandlerAdapter.java:52)
	at org.springframework.web.servlet.DispatcherServlet.doDispatch(DispatcherServlet.java:991)
	at org.springframework.web.servlet.DispatcherServlet.doService(DispatcherServlet.java:925)
	at org.springframework.web.servlet.FrameworkServlet.processRequest(FrameworkServlet.java:974)
	at org.springframework.web.servlet.FrameworkServlet.doGet(FrameworkServlet.java:866)
	at javax.servlet.http.HttpServlet.service(HttpServlet.java:635)
	at org.springframework.web.servlet.FrameworkServlet.service(FrameworkServlet.java:851)
	at javax.servlet.http.HttpServlet.service(HttpServlet.java:742)
	at org.apache.catalina.core.ApplicationFilterChain.internalDoFilter(ApplicationFilterChain.java:231)
	at org.apache.catalina.core.ApplicationFilterChain.doFilter(ApplicationFilterChain.java:166)
	at org.apache.tomcat.websocket.server.WsFilter.doFilter(WsFilter.java:52)
	at org.apache.catalina.core.ApplicationFilterChain.internalDoFilter(ApplicationFilterChain.java:193)
	at org.apache.catalina.core.ApplicationFilterChain.doFilter(ApplicationFilterChain.java:166)
	at org.springframework.web.filter.AbstractRequestLoggingFilter.doFilterInternal(AbstractRequestLoggingFilter.java:246)
	at org.springframework.web.filter.OncePerRequestFilter.doFilter(OncePerRequestFilter.java:107)
	at org.apache.catalina.core.ApplicationFilterChain.internalDoFilter(ApplicationFilterChain.java:193)
	at org.apache.catalina.core.ApplicationFilterChain.doFilter(ApplicationFilterChain.java:166)
	at org.springframework.web.filter.AbstractRequestLoggingFilter.doFilterInternal(AbstractRequestLoggingFilter.java:246)
	at org.springframework.web.filter.OncePerRequestFilter.doFilter(OncePerRequestFilter.java:107)
	at org.apache.catalina.core.ApplicationFilterChain.internalDoFilter(ApplicationFilterChain.java:193)
	at org.apache.catalina.core.ApplicationFilterChain.doFilter(ApplicationFilterChain.java:166)
	at org.springframework.web.filter.OncePerRequestFilter.doFilter(OncePerRequestFilter.java:101)
	at org.apache.catalina.core.ApplicationFilterChain.internalDoFilter(ApplicationFilterChain.java:193)
	at org.apache.catalina.core.ApplicationFilterChain.doFilter(ApplicationFilterChain.java:166)
	at org.springframework.boot.actuate.web.trace.servlet.HttpTraceFilter.doFilterInternal(HttpTraceFilter.java:90)
	at org.springframework.web.filter.OncePerRequestFilter.doFilter(OncePerRequestFilter.java:107)
	at org.apache.catalina.core.ApplicationFilterChain.internalDoFilter(ApplicationFilterChain.java:193)
	at org.apache.catalina.core.ApplicationFilterChain.doFilter(ApplicationFilterChain.java:166)
	at org.springframework.security.web.FilterChainProxy$VirtualFilterChain.doFilter(FilterChainProxy.java:320)
	at org.springframework.security.web.access.intercept.FilterSecurityInterceptor.invoke(FilterSecurityInterceptor.java:127)
	at org.springframework.security.web.access.intercept.FilterSecurityInterceptor.doFilter(FilterSecurityInterceptor.java:91)
	at org.springframework.security.web.FilterChainProxy$VirtualFilterChain.doFilter(FilterChainProxy.java:334)
	at org.springframework.security.web.access.ExceptionTranslationFilter.doFilter(ExceptionTranslationFilter.java:119)
	at org.springframework.security.web.FilterChainProxy$VirtualFilterChain.doFilter(FilterChainProxy.java:334)
	at org.springframework.security.web.session.SessionManagementFilter.doFilter(SessionManagementFilter.java:137)
	at org.springframework.security.web.FilterChainProxy$VirtualFilterChain.doFilter(FilterChainProxy.java:334)
	at org.springframework.security.web.authentication.AnonymousAuthenticationFilter.doFilter(AnonymousAuthenticationFilter.java:111)
	at org.springframework.security.web.FilterChainProxy$VirtualFilterChain.doFilter(FilterChainProxy.java:334)
	at org.springframework.security.web.servletapi.SecurityContextHolderAwareRequestFilter.doFilter(SecurityContextHolderAwareRequestFilter.java:170)
	at org.springframework.security.web.FilterChainProxy$VirtualFilterChain.doFilter(FilterChainProxy.java:334)
	at org.springframework.security.web.savedrequest.RequestCacheAwareFilter.doFilter(RequestCacheAwareFilter.java:63)
	at org.springframework.security.web.FilterChainProxy$VirtualFilterChain.doFilter(FilterChainProxy.java:334)
	at com.ec.common.JWTUtils.JwtRequestFilter.doFilterInternal(JwtRequestFilter.java:60)
	at org.springframework.web.filter.OncePerRequestFilter.doFilter(OncePerRequestFilter.java:107)
	at org.springframework.security.web.FilterChainProxy$VirtualFilterChain.doFilter(FilterChainProxy.java:334)
	at org.springframework.security.web.authentication.logout.LogoutFilter.doFilter(LogoutFilter.java:116)
	at org.springframework.security.web.FilterChainProxy$VirtualFilterChain.doFilter(FilterChainProxy.java:334)
	at org.springframework.web.filter.CorsFilter.doFilterInternal(CorsFilter.java:96)
	at org.springframework.web.filter.OncePerRequestFilter.doFilter(OncePerRequestFilter.java:107)
	at org.springframework.security.web.FilterChainProxy$VirtualFilterChain.doFilter(FilterChainProxy.java:334)
	at org.springframework.security.web.header.HeaderWriterFilter.doFilterInternal(HeaderWriterFilter.java:66)
	at org.springframework.web.filter.OncePerRequestFilter.doFilter(OncePerRequestFilter.java:107)
	at org.springframework.security.web.FilterChainProxy$VirtualFilterChain.doFilter(FilterChainProxy.java:334)
	at org.springframework.security.web.context.SecurityContextPersistenceFilter.doFilter(SecurityContextPersistenceFilter.java:105)
	at org.springframework.security.web.FilterChainProxy$VirtualFilterChain.doFilter(FilterChainProxy.java:334)
	at org.springframework.security.web.context.request.async.WebAsyncManagerIntegrationFilter.doFilterInternal(WebAsyncManagerIntegrationFilter.java:56)
	at org.springframework.web.filter.OncePerRequestFilter.doFilter(OncePerRequestFilter.java:107)
	at org.springframework.security.web.FilterChainProxy$VirtualFilterChain.doFilter(FilterChainProxy.java:334)
	at org.springframework.security.web.FilterChainProxy.doFilterInternal(FilterChainProxy.java:215)
	at org.springframework.security.web.FilterChainProxy.doFilter(FilterChainProxy.java:178)
	at org.springframework.web.filter.DelegatingFilterProxy.invokeDelegate(DelegatingFilterProxy.java:357)
	at org.springframework.web.filter.DelegatingFilterProxy.doFilter(DelegatingFilterProxy.java:270)
	at org.apache.catalina.core.ApplicationFilterChain.internalDoFilter(ApplicationFilterChain.java:193)
	at org.apache.catalina.core.ApplicationFilterChain.doFilter(ApplicationFilterChain.java:166)
	at org.springframework.boot.actuate.metrics.web.servlet.WebMvcMetricsFilter.filterAndRecordMetrics(WebMvcMetricsFilter.java:155)
	at org.springframework.boot.actuate.metrics.web.servlet.WebMvcMetricsFilter.filterAndRecordMetrics(WebMvcMetricsFilter.java:123)
	at org.springframework.boot.actuate.metrics.web.servlet.WebMvcMetricsFilter.doFilterInternal(WebMvcMetricsFilter.java:108)
	at org.springframework.web.filter.OncePerRequestFilter.doFilter(OncePerRequestFilter.java:107)
	at org.apache.catalina.core.ApplicationFilterChain.internalDoFilter(ApplicationFilterChain.java:193)
	at org.apache.catalina.core.ApplicationFilterChain.doFilter(ApplicationFilterChain.java:166)
	at org.springframework.web.filter.CharacterEncodingFilter.doFilterInternal(CharacterEncodingFilter.java:200)
	at org.springframework.web.filter.OncePerRequestFilter.doFilter(OncePerRequestFilter.java:107)
	at org.apache.catalina.core.ApplicationFilterChain.internalDoFilter(ApplicationFilterChain.java:193)
	at org.apache.catalina.core.ApplicationFilterChain.doFilter(ApplicationFilterChain.java:166)
	at org.apache.catalina.core.StandardWrapperValve.invoke(StandardWrapperValve.java:198)
	at org.apache.catalina.core.StandardContextValve.invoke(StandardContextValve.java:96)
	at org.apache.catalina.authenticator.AuthenticatorBase.invoke(AuthenticatorBase.java:493)
	at org.apache.catalina.core.StandardHostValve.invoke(StandardHostValve.java:140)
	at org.apache.catalina.valves.ErrorReportValve.invoke(ErrorReportValve.java:81)
	at org.apache.catalina.core.StandardEngineValve.invoke(StandardEngineValve.java:87)
	at org.apache.catalina.connector.CoyoteAdapter.service(CoyoteAdapter.java:342)
	at org.apache.coyote.http11.Http11Processor.service(Http11Processor.java:800)
	at org.apache.coyote.AbstractProcessorLight.process(AbstractProcessorLight.java:66)
	at org.apache.coyote.AbstractProtocol$ConnectionHandler.process(AbstractProtocol.java:806)
	at org.apache.tomcat.util.net.NioEndpoint$SocketProcessor.doRun(NioEndpoint.java:1498)
	at org.apache.tomcat.util.net.SocketProcessorBase.run(SocketProcessorBase.java:49)
	at java.util.concurrent.ThreadPoolExecutor.runWorker(ThreadPoolExecutor.java:1149)
	at java.util.concurrent.ThreadPoolExecutor$Worker.run(ThreadPoolExecutor.java:624)
	at org.apache.tomcat.util.threads.TaskThread$WrappingRunnable.run(TaskThread.java:61)
	at java.lang.Thread.run(Thread.java:748)
Caused by: org.apache.http.conn.HttpHostConnectException: Connect to localhost:8081 [localhost/127.0.0.1, localhost/0:0:0:0:0:0:0:1] failed: Connection refused (Connection refused)
	at org.apache.http.impl.conn.DefaultHttpClientConnectionOperator.connect(DefaultHttpClientConnectionOperator.java:159)
	at org.apache.http.impl.conn.PoolingHttpClientConnectionManager.connect(PoolingHttpClientConnectionManager.java:373)
	at org.apache.http.impl.execchain.MainClientExec.establishRoute(MainClientExec.java:394)
	at org.apache.http.impl.execchain.MainClientExec.execute(MainClientExec.java:237)
	at org.apache.http.impl.execchain.ProtocolExec.execute(ProtocolExec.java:185)
	at org.apache.http.impl.execchain.RetryExec.execute(RetryExec.java:89)
	at org.apache.http.impl.client.InternalHttpClient.doExecute(InternalHttpClient.java:185)
	at org.apache.http.impl.client.CloseableHttpClient.execute(CloseableHttpClient.java:118)
	at org.springframework.cloud.netflix.zuul.filters.route.SimpleHostRoutingFilter.forwardRequest(SimpleHostRoutingFilter.java:387)
	at org.springframework.cloud.netflix.zuul.filters.route.SimpleHostRoutingFilter.forward(SimpleHostRoutingFilter.java:306)
	at org.springframework.cloud.netflix.zuul.filters.route.SimpleHostRoutingFilter.run(SimpleHostRoutingFilter.java:212)
	... 99 common frames omitted
Caused by: java.net.ConnectException: Connection refused (Connection refused)
	at java.net.PlainSocketImpl.socketConnect(Native Method)
	at java.net.AbstractPlainSocketImpl.doConnect(AbstractPlainSocketImpl.java:350)
	at java.net.AbstractPlainSocketImpl.connectToAddress(AbstractPlainSocketImpl.java:206)
	at java.net.AbstractPlainSocketImpl.connect(AbstractPlainSocketImpl.java:188)
	at java.net.SocksSocketImpl.connect(SocksSocketImpl.java:392)
	at java.net.Socket.connect(Socket.java:589)
	at org.apache.http.conn.socket.PlainConnectionSocketFactory.connectSocket(PlainConnectionSocketFactory.java:75)
	at org.apache.http.impl.conn.DefaultHttpClientConnectionOperator.connect(DefaultHttpClientConnectionOperator.java:142)
	... 109 common frames omitted
2020-11-12 17:05:39,100 DEBUG org.apache.commons.logging.impl.Jdk14Logger [http-nio-8080-exec-9] Before request [uri=/api/inventory/dashboard]
2020-11-12 17:05:39,102 DEBUG org.apache.commons.logging.impl.Jdk14Logger [http-nio-8080-exec-9] Before request [uri=/api/inventory/dashboard;client=127.0.0.1;user=sridhar]
2020-11-12 17:05:39,109 WARN org.apache.commons.logging.impl.Jdk14Logger [http-nio-8080-exec-9] Error during filtering
com.netflix.zuul.exception.ZuulException: Forwarding error
	at org.springframework.cloud.netflix.zuul.filters.route.SimpleHostRoutingFilter.handleException(SimpleHostRoutingFilter.java:237)
	at org.springframework.cloud.netflix.zuul.filters.route.SimpleHostRoutingFilter.run(SimpleHostRoutingFilter.java:217)
	at com.netflix.zuul.ZuulFilter.runFilter(ZuulFilter.java:117)
	at com.netflix.zuul.FilterProcessor.processZuulFilter(FilterProcessor.java:193)
	at com.netflix.zuul.FilterProcessor.runFilters(FilterProcessor.java:157)
	at com.netflix.zuul.FilterProcessor.route(FilterProcessor.java:118)
	at com.netflix.zuul.ZuulRunner.route(ZuulRunner.java:96)
	at com.netflix.zuul.http.ZuulServlet.route(ZuulServlet.java:116)
	at com.netflix.zuul.http.ZuulServlet.service(ZuulServlet.java:81)
	at org.springframework.web.servlet.mvc.ServletWrappingController.handleRequestInternal(ServletWrappingController.java:165)
	at org.springframework.cloud.netflix.zuul.web.ZuulController.handleRequest(ZuulController.java:44)
	at org.springframework.web.servlet.mvc.SimpleControllerHandlerAdapter.handle(SimpleControllerHandlerAdapter.java:52)
	at org.springframework.web.servlet.DispatcherServlet.doDispatch(DispatcherServlet.java:991)
	at org.springframework.web.servlet.DispatcherServlet.doService(DispatcherServlet.java:925)
	at org.springframework.web.servlet.FrameworkServlet.processRequest(FrameworkServlet.java:974)
	at org.springframework.web.servlet.FrameworkServlet.doGet(FrameworkServlet.java:866)
	at javax.servlet.http.HttpServlet.service(HttpServlet.java:635)
	at org.springframework.web.servlet.FrameworkServlet.service(FrameworkServlet.java:851)
	at javax.servlet.http.HttpServlet.service(HttpServlet.java:742)
	at org.apache.catalina.core.ApplicationFilterChain.internalDoFilter(ApplicationFilterChain.java:231)
	at org.apache.catalina.core.ApplicationFilterChain.doFilter(ApplicationFilterChain.java:166)
	at org.apache.tomcat.websocket.server.WsFilter.doFilter(WsFilter.java:52)
	at org.apache.catalina.core.ApplicationFilterChain.internalDoFilter(ApplicationFilterChain.java:193)
	at org.apache.catalina.core.ApplicationFilterChain.doFilter(ApplicationFilterChain.java:166)
	at org.springframework.web.filter.AbstractRequestLoggingFilter.doFilterInternal(AbstractRequestLoggingFilter.java:246)
	at org.springframework.web.filter.OncePerRequestFilter.doFilter(OncePerRequestFilter.java:107)
	at org.apache.catalina.core.ApplicationFilterChain.internalDoFilter(ApplicationFilterChain.java:193)
	at org.apache.catalina.core.ApplicationFilterChain.doFilter(ApplicationFilterChain.java:166)
	at org.springframework.web.filter.AbstractRequestLoggingFilter.doFilterInternal(AbstractRequestLoggingFilter.java:246)
	at org.springframework.web.filter.OncePerRequestFilter.doFilter(OncePerRequestFilter.java:107)
	at org.apache.catalina.core.ApplicationFilterChain.internalDoFilter(ApplicationFilterChain.java:193)
	at org.apache.catalina.core.ApplicationFilterChain.doFilter(ApplicationFilterChain.java:166)
	at org.springframework.web.filter.OncePerRequestFilter.doFilter(OncePerRequestFilter.java:101)
	at org.apache.catalina.core.ApplicationFilterChain.internalDoFilter(ApplicationFilterChain.java:193)
	at org.apache.catalina.core.ApplicationFilterChain.doFilter(ApplicationFilterChain.java:166)
	at org.springframework.boot.actuate.web.trace.servlet.HttpTraceFilter.doFilterInternal(HttpTraceFilter.java:90)
	at org.springframework.web.filter.OncePerRequestFilter.doFilter(OncePerRequestFilter.java:107)
	at org.apache.catalina.core.ApplicationFilterChain.internalDoFilter(ApplicationFilterChain.java:193)
	at org.apache.catalina.core.ApplicationFilterChain.doFilter(ApplicationFilterChain.java:166)
	at org.springframework.security.web.FilterChainProxy$VirtualFilterChain.doFilter(FilterChainProxy.java:320)
	at org.springframework.security.web.access.intercept.FilterSecurityInterceptor.invoke(FilterSecurityInterceptor.java:127)
	at org.springframework.security.web.access.intercept.FilterSecurityInterceptor.doFilter(FilterSecurityInterceptor.java:91)
	at org.springframework.security.web.FilterChainProxy$VirtualFilterChain.doFilter(FilterChainProxy.java:334)
	at org.springframework.security.web.access.ExceptionTranslationFilter.doFilter(ExceptionTranslationFilter.java:119)
	at org.springframework.security.web.FilterChainProxy$VirtualFilterChain.doFilter(FilterChainProxy.java:334)
	at org.springframework.security.web.session.SessionManagementFilter.doFilter(SessionManagementFilter.java:137)
	at org.springframework.security.web.FilterChainProxy$VirtualFilterChain.doFilter(FilterChainProxy.java:334)
	at org.springframework.security.web.authentication.AnonymousAuthenticationFilter.doFilter(AnonymousAuthenticationFilter.java:111)
	at org.springframework.security.web.FilterChainProxy$VirtualFilterChain.doFilter(FilterChainProxy.java:334)
	at org.springframework.security.web.servletapi.SecurityContextHolderAwareRequestFilter.doFilter(SecurityContextHolderAwareRequestFilter.java:170)
	at org.springframework.security.web.FilterChainProxy$VirtualFilterChain.doFilter(FilterChainProxy.java:334)
	at org.springframework.security.web.savedrequest.RequestCacheAwareFilter.doFilter(RequestCacheAwareFilter.java:63)
	at org.springframework.security.web.FilterChainProxy$VirtualFilterChain.doFilter(FilterChainProxy.java:334)
	at com.ec.common.JWTUtils.JwtRequestFilter.doFilterInternal(JwtRequestFilter.java:60)
	at org.springframework.web.filter.OncePerRequestFilter.doFilter(OncePerRequestFilter.java:107)
	at org.springframework.security.web.FilterChainProxy$VirtualFilterChain.doFilter(FilterChainProxy.java:334)
	at org.springframework.security.web.authentication.logout.LogoutFilter.doFilter(LogoutFilter.java:116)
	at org.springframework.security.web.FilterChainProxy$VirtualFilterChain.doFilter(FilterChainProxy.java:334)
	at org.springframework.web.filter.CorsFilter.doFilterInternal(CorsFilter.java:96)
	at org.springframework.web.filter.OncePerRequestFilter.doFilter(OncePerRequestFilter.java:107)
	at org.springframework.security.web.FilterChainProxy$VirtualFilterChain.doFilter(FilterChainProxy.java:334)
	at org.springframework.security.web.header.HeaderWriterFilter.doFilterInternal(HeaderWriterFilter.java:66)
	at org.springframework.web.filter.OncePerRequestFilter.doFilter(OncePerRequestFilter.java:107)
	at org.springframework.security.web.FilterChainProxy$VirtualFilterChain.doFilter(FilterChainProxy.java:334)
	at org.springframework.security.web.context.SecurityContextPersistenceFilter.doFilter(SecurityContextPersistenceFilter.java:105)
	at org.springframework.security.web.FilterChainProxy$VirtualFilterChain.doFilter(FilterChainProxy.java:334)
	at org.springframework.security.web.context.request.async.WebAsyncManagerIntegrationFilter.doFilterInternal(WebAsyncManagerIntegrationFilter.java:56)
	at org.springframework.web.filter.OncePerRequestFilter.doFilter(OncePerRequestFilter.java:107)
	at org.springframework.security.web.FilterChainProxy$VirtualFilterChain.doFilter(FilterChainProxy.java:334)
	at org.springframework.security.web.FilterChainProxy.doFilterInternal(FilterChainProxy.java:215)
	at org.springframework.security.web.FilterChainProxy.doFilter(FilterChainProxy.java:178)
	at org.springframework.web.filter.DelegatingFilterProxy.invokeDelegate(DelegatingFilterProxy.java:357)
	at org.springframework.web.filter.DelegatingFilterProxy.doFilter(DelegatingFilterProxy.java:270)
	at org.apache.catalina.core.ApplicationFilterChain.internalDoFilter(ApplicationFilterChain.java:193)
	at org.apache.catalina.core.ApplicationFilterChain.doFilter(ApplicationFilterChain.java:166)
	at org.springframework.boot.actuate.metrics.web.servlet.WebMvcMetricsFilter.filterAndRecordMetrics(WebMvcMetricsFilter.java:155)
	at org.springframework.boot.actuate.metrics.web.servlet.WebMvcMetricsFilter.filterAndRecordMetrics(WebMvcMetricsFilter.java:123)
	at org.springframework.boot.actuate.metrics.web.servlet.WebMvcMetricsFilter.doFilterInternal(WebMvcMetricsFilter.java:108)
	at org.springframework.web.filter.OncePerRequestFilter.doFilter(OncePerRequestFilter.java:107)
	at org.apache.catalina.core.ApplicationFilterChain.internalDoFilter(ApplicationFilterChain.java:193)
	at org.apache.catalina.core.ApplicationFilterChain.doFilter(ApplicationFilterChain.java:166)
	at org.springframework.web.filter.CharacterEncodingFilter.doFilterInternal(CharacterEncodingFilter.java:200)
	at org.springframework.web.filter.OncePerRequestFilter.doFilter(OncePerRequestFilter.java:107)
	at org.apache.catalina.core.ApplicationFilterChain.internalDoFilter(ApplicationFilterChain.java:193)
	at org.apache.catalina.core.ApplicationFilterChain.doFilter(ApplicationFilterChain.java:166)
	at org.apache.catalina.core.StandardWrapperValve.invoke(StandardWrapperValve.java:198)
	at org.apache.catalina.core.StandardContextValve.invoke(StandardContextValve.java:96)
	at org.apache.catalina.authenticator.AuthenticatorBase.invoke(AuthenticatorBase.java:493)
	at org.apache.catalina.core.StandardHostValve.invoke(StandardHostValve.java:140)
	at org.apache.catalina.valves.ErrorReportValve.invoke(ErrorReportValve.java:81)
	at org.apache.catalina.core.StandardEngineValve.invoke(StandardEngineValve.java:87)
	at org.apache.catalina.connector.CoyoteAdapter.service(CoyoteAdapter.java:342)
	at org.apache.coyote.http11.Http11Processor.service(Http11Processor.java:800)
	at org.apache.coyote.AbstractProcessorLight.process(AbstractProcessorLight.java:66)
	at org.apache.coyote.AbstractProtocol$ConnectionHandler.process(AbstractProtocol.java:806)
	at org.apache.tomcat.util.net.NioEndpoint$SocketProcessor.doRun(NioEndpoint.java:1498)
	at org.apache.tomcat.util.net.SocketProcessorBase.run(SocketProcessorBase.java:49)
	at java.util.concurrent.ThreadPoolExecutor.runWorker(ThreadPoolExecutor.java:1149)
	at java.util.concurrent.ThreadPoolExecutor$Worker.run(ThreadPoolExecutor.java:624)
	at org.apache.tomcat.util.threads.TaskThread$WrappingRunnable.run(TaskThread.java:61)
	at java.lang.Thread.run(Thread.java:748)
Caused by: org.apache.http.conn.HttpHostConnectException: Connect to localhost:8081 [localhost/127.0.0.1, localhost/0:0:0:0:0:0:0:1] failed: Connection refused (Connection refused)
	at org.apache.http.impl.conn.DefaultHttpClientConnectionOperator.connect(DefaultHttpClientConnectionOperator.java:159)
	at org.apache.http.impl.conn.PoolingHttpClientConnectionManager.connect(PoolingHttpClientConnectionManager.java:373)
	at org.apache.http.impl.execchain.MainClientExec.establishRoute(MainClientExec.java:394)
	at org.apache.http.impl.execchain.MainClientExec.execute(MainClientExec.java:237)
	at org.apache.http.impl.execchain.ProtocolExec.execute(ProtocolExec.java:185)
	at org.apache.http.impl.execchain.RetryExec.execute(RetryExec.java:89)
	at org.apache.http.impl.client.InternalHttpClient.doExecute(InternalHttpClient.java:185)
	at org.apache.http.impl.client.CloseableHttpClient.execute(CloseableHttpClient.java:118)
	at org.springframework.cloud.netflix.zuul.filters.route.SimpleHostRoutingFilter.forwardRequest(SimpleHostRoutingFilter.java:387)
	at org.springframework.cloud.netflix.zuul.filters.route.SimpleHostRoutingFilter.forward(SimpleHostRoutingFilter.java:306)
	at org.springframework.cloud.netflix.zuul.filters.route.SimpleHostRoutingFilter.run(SimpleHostRoutingFilter.java:212)
	... 99 common frames omitted
Caused by: java.net.ConnectException: Connection refused (Connection refused)
	at java.net.PlainSocketImpl.socketConnect(Native Method)
	at java.net.AbstractPlainSocketImpl.doConnect(AbstractPlainSocketImpl.java:350)
	at java.net.AbstractPlainSocketImpl.connectToAddress(AbstractPlainSocketImpl.java:206)
	at java.net.AbstractPlainSocketImpl.connect(AbstractPlainSocketImpl.java:188)
	at java.net.SocksSocketImpl.connect(SocksSocketImpl.java:392)
	at java.net.Socket.connect(Socket.java:589)
	at org.apache.http.conn.socket.PlainConnectionSocketFactory.connectSocket(PlainConnectionSocketFactory.java:75)
	at org.apache.http.impl.conn.DefaultHttpClientConnectionOperator.connect(DefaultHttpClientConnectionOperator.java:142)
	... 109 common frames omitted
2020-11-12 17:05:39,146 DEBUG org.apache.commons.logging.impl.Jdk14Logger [http-nio-8080-exec-8] After request [uri=/api/inventory/dashboard;client=127.0.0.1;user=sridhar]
2020-11-12 17:05:39,147 DEBUG org.apache.commons.logging.impl.Jdk14Logger [http-nio-8080-exec-8] REQUEST DATA : uri=/api/inventory/dashboard]
2020-11-12 17:05:39,167 DEBUG org.apache.commons.logging.impl.Jdk14Logger [http-nio-8080-exec-9] After request [uri=/api/inventory/dashboard;client=127.0.0.1;user=sridhar]
2020-11-12 17:05:39,170 DEBUG org.apache.commons.logging.impl.Jdk14Logger [http-nio-8080-exec-9] REQUEST DATA : uri=/api/inventory/dashboard]
2020-11-12 17:05:41,714 DEBUG org.apache.commons.logging.impl.Jdk14Logger [http-nio-8080-exec-10] Before request [uri=/api/crm/dashboard/topperformer]
2020-11-12 17:05:41,716 DEBUG org.apache.commons.logging.impl.Jdk14Logger [http-nio-8080-exec-10] Before request [uri=/api/crm/dashboard/topperformer;client=127.0.0.1;user=sridhar]
2020-11-12 17:05:41,751 DEBUG org.apache.commons.logging.impl.Jdk14Logger [http-nio-8080-exec-1] Before request [uri=/api/crm/dashboard/conversionratio]
2020-11-12 17:05:41,752 DEBUG org.apache.commons.logging.impl.Jdk14Logger [http-nio-8080-exec-1] Before request [uri=/api/crm/dashboard/conversionratio;client=127.0.0.1;user=sridhar]
2020-11-12 17:05:41,803 DEBUG org.apache.commons.logging.impl.Jdk14Logger [http-nio-8080-exec-2] Before request [uri=/api/crm/dashboard/stagnant]
2020-11-12 17:05:41,804 DEBUG org.apache.commons.logging.impl.Jdk14Logger [http-nio-8080-exec-2] Before request [uri=/api/crm/dashboard/stagnant;client=127.0.0.1;user=sridhar]
2020-11-12 17:05:41,818 DEBUG org.apache.commons.logging.impl.Jdk14Logger [http-nio-8080-exec-4] Before request [uri=/api/crm/dashboard/customerpipeline]
2020-11-12 17:05:41,819 DEBUG org.apache.commons.logging.impl.Jdk14Logger [http-nio-8080-exec-4] Before request [uri=/api/crm/dashboard/customerpipeline;client=127.0.0.1;user=sridhar]
2020-11-12 17:05:42,089 DEBUG org.apache.commons.logging.impl.Jdk14Logger [http-nio-8080-exec-3] Before request [uri=/api/crm/dashboard/customerpipeline]
2020-11-12 17:05:42,090 DEBUG org.apache.commons.logging.impl.Jdk14Logger [http-nio-8080-exec-3] Before request [uri=/api/crm/dashboard/customerpipeline;client=127.0.0.1;user=sridhar]
2020-11-12 17:05:43,479 DEBUG org.apache.commons.logging.impl.Jdk14Logger [http-nio-8080-exec-2] After request [uri=/api/crm/dashboard/stagnant;client=127.0.0.1;user=sridhar]
2020-11-12 17:05:43,481 DEBUG org.apache.commons.logging.impl.Jdk14Logger [http-nio-8080-exec-2] REQUEST DATA : uri=/api/crm/dashboard/stagnant]
2020-11-12 17:05:43,511 DEBUG org.apache.commons.logging.impl.Jdk14Logger [http-nio-8080-exec-5] Before request [uri=/api/crm/dashboard/stagnant]
2020-11-12 17:05:43,513 DEBUG org.apache.commons.logging.impl.Jdk14Logger [http-nio-8080-exec-5] Before request [uri=/api/crm/dashboard/stagnant;client=127.0.0.1;user=sridhar]
2020-11-12 17:05:43,535 DEBUG org.apache.commons.logging.impl.Jdk14Logger [http-nio-8080-exec-10] After request [uri=/api/crm/dashboard/topperformer;client=127.0.0.1;user=sridhar]
2020-11-12 17:05:43,536 DEBUG org.apache.commons.logging.impl.Jdk14Logger [http-nio-8080-exec-10] REQUEST DATA : uri=/api/crm/dashboard/topperformer]
2020-11-12 17:05:43,559 DEBUG org.apache.commons.logging.impl.Jdk14Logger [http-nio-8080-exec-1] After request [uri=/api/crm/dashboard/conversionratio;client=127.0.0.1;user=sridhar]
2020-11-12 17:05:43,560 DEBUG org.apache.commons.logging.impl.Jdk14Logger [http-nio-8080-exec-1] REQUEST DATA : uri=/api/crm/dashboard/conversionratio]
2020-11-12 17:05:43,569 DEBUG org.apache.commons.logging.impl.Jdk14Logger [http-nio-8080-exec-6] Before request [uri=/api/crm/dashboard/topperformer]
2020-11-12 17:05:43,572 DEBUG org.apache.commons.logging.impl.Jdk14Logger [http-nio-8080-exec-6] Before request [uri=/api/crm/dashboard/topperformer;client=127.0.0.1;user=sridhar]
2020-11-12 17:05:43,586 DEBUG org.apache.commons.logging.impl.Jdk14Logger [http-nio-8080-exec-7] Before request [uri=/api/crm/dashboard/conversionratio]
2020-11-12 17:05:43,588 DEBUG org.apache.commons.logging.impl.Jdk14Logger [http-nio-8080-exec-7] Before request [uri=/api/crm/dashboard/conversionratio;client=127.0.0.1;user=sridhar]
2020-11-12 17:05:43,609 DEBUG org.apache.commons.logging.impl.Jdk14Logger [http-nio-8080-exec-6] After request [uri=/api/crm/dashboard/topperformer;client=127.0.0.1;user=sridhar]
2020-11-12 17:05:43,612 DEBUG org.apache.commons.logging.impl.Jdk14Logger [http-nio-8080-exec-6] REQUEST DATA : uri=/api/crm/dashboard/topperformer]
2020-11-12 17:05:43,627 DEBUG org.apache.commons.logging.impl.Jdk14Logger [http-nio-8080-exec-7] After request [uri=/api/crm/dashboard/conversionratio;client=127.0.0.1;user=sridhar]
2020-11-12 17:05:43,629 DEBUG org.apache.commons.logging.impl.Jdk14Logger [http-nio-8080-exec-7] REQUEST DATA : uri=/api/crm/dashboard/conversionratio]
2020-11-12 17:05:43,647 DEBUG org.apache.commons.logging.impl.Jdk14Logger [http-nio-8080-exec-5] After request [uri=/api/crm/dashboard/stagnant;client=127.0.0.1;user=sridhar]
2020-11-12 17:05:43,649 DEBUG org.apache.commons.logging.impl.Jdk14Logger [http-nio-8080-exec-5] REQUEST DATA : uri=/api/crm/dashboard/stagnant]
2020-11-12 17:05:43,740 DEBUG org.apache.commons.logging.impl.Jdk14Logger [http-nio-8080-exec-3] After request [uri=/api/crm/dashboard/customerpipeline;client=127.0.0.1;user=sridhar;payload={"fromDate":"2020-11-01","toDate":"2020-11-30"}]
2020-11-12 17:05:43,740 DEBUG org.apache.commons.logging.impl.Jdk14Logger [http-nio-8080-exec-3] REQUEST DATA : uri=/api/crm/dashboard/customerpipeline;payload={"fromDate":"2020-11-01","toDate":"2020-11-30"}]
2020-11-12 17:05:43,742 DEBUG org.apache.commons.logging.impl.Jdk14Logger [http-nio-8080-exec-4] After request [uri=/api/crm/dashboard/customerpipeline;client=127.0.0.1;user=sridhar;payload={"fromDate":"2020-11-01","toDate":"2020-11-30"}]
2020-11-12 17:05:43,743 DEBUG org.apache.commons.logging.impl.Jdk14Logger [http-nio-8080-exec-4] REQUEST DATA : uri=/api/crm/dashboard/customerpipeline;payload={"fromDate":"2020-11-01","toDate":"2020-11-30"}]
2020-11-12 17:06:14,732 DEBUG org.apache.commons.logging.impl.Jdk14Logger [http-nio-8080-exec-9] Before request [uri=/api/crm/pipeline/activities]
2020-11-12 17:06:14,734 DEBUG org.apache.commons.logging.impl.Jdk14Logger [http-nio-8080-exec-9] Before request [uri=/api/crm/pipeline/activities;client=127.0.0.1;user=sridhar]
2020-11-12 17:06:14,961 DEBUG org.apache.commons.logging.impl.Jdk14Logger [http-nio-8080-exec-8] Before request [uri=/api/crm/pipeline/activities]
2020-11-12 17:06:14,962 DEBUG org.apache.commons.logging.impl.Jdk14Logger [http-nio-8080-exec-8] Before request [uri=/api/crm/pipeline/activities;client=127.0.0.1;user=sridhar]
2020-11-12 17:06:15,332 DEBUG org.apache.commons.logging.impl.Jdk14Logger [http-nio-8080-exec-2] Before request [uri=/user/list]
2020-11-12 17:06:15,335 DEBUG org.apache.commons.logging.impl.Jdk14Logger [http-nio-8080-exec-2] Before request [uri=/user/list;client=127.0.0.1;user=sridhar]
2020-11-12 17:06:15,337 DEBUG org.apache.commons.logging.impl.Jdk14Logger [http-nio-8080-exec-10] Before request [uri=/user/list]
2020-11-12 17:06:15,338 DEBUG org.apache.commons.logging.impl.Jdk14Logger [http-nio-8080-exec-10] Before request [uri=/user/list;client=127.0.0.1;user=sridhar]
2020-11-12 17:06:15,581 DEBUG org.apache.commons.logging.impl.Jdk14Logger [http-nio-8080-exec-10] After request [uri=/user/list;client=127.0.0.1;user=sridhar]
2020-11-12 17:06:15,582 DEBUG org.apache.commons.logging.impl.Jdk14Logger [http-nio-8080-exec-10] REQUEST DATA : uri=/user/list]
2020-11-12 17:06:15,605 DEBUG org.apache.commons.logging.impl.Jdk14Logger [http-nio-8080-exec-2] After request [uri=/user/list;client=127.0.0.1;user=sridhar]
2020-11-12 17:06:15,617 DEBUG org.apache.commons.logging.impl.Jdk14Logger [http-nio-8080-exec-2] REQUEST DATA : uri=/user/list]
2020-11-12 17:06:19,188 DEBUG org.apache.commons.logging.impl.Jdk14Logger [http-nio-8080-exec-9] After request [uri=/api/crm/pipeline/activities;client=127.0.0.1;user=sridhar;payload={"filterData":[]}]
2020-11-12 17:06:19,189 DEBUG org.apache.commons.logging.impl.Jdk14Logger [http-nio-8080-exec-9] REQUEST DATA : uri=/api/crm/pipeline/activities;payload={"filterData":[]}]
2020-11-12 17:06:19,327 DEBUG org.apache.commons.logging.impl.Jdk14Logger [http-nio-8080-exec-8] After request [uri=/api/crm/pipeline/activities;client=127.0.0.1;user=sridhar;payload={"filterData":[]}]
2020-11-12 17:06:19,328 DEBUG org.apache.commons.logging.impl.Jdk14Logger [http-nio-8080-exec-8] REQUEST DATA : uri=/api/crm/pipeline/activities;payload={"filterData":[]}]
2020-11-12 17:06:27,602 DEBUG org.apache.commons.logging.impl.Jdk14Logger [http-nio-8080-exec-1] Before request [uri=/api/crm/dashboard/topperformer]
2020-11-12 17:06:27,603 DEBUG org.apache.commons.logging.impl.Jdk14Logger [http-nio-8080-exec-1] Before request [uri=/api/crm/dashboard/topperformer;client=127.0.0.1;user=sridhar]
2020-11-12 17:06:27,614 DEBUG org.apache.commons.logging.impl.Jdk14Logger [http-nio-8080-exec-5] Before request [uri=/api/crm/dashboard/conversionratio]
2020-11-12 17:06:27,622 DEBUG org.apache.commons.logging.impl.Jdk14Logger [http-nio-8080-exec-6] Before request [uri=/api/crm/dashboard/stagnant]
2020-11-12 17:06:27,627 DEBUG org.apache.commons.logging.impl.Jdk14Logger [http-nio-8080-exec-5] Before request [uri=/api/crm/dashboard/conversionratio;client=127.0.0.1;user=sridhar]
2020-11-12 17:06:27,629 DEBUG org.apache.commons.logging.impl.Jdk14Logger [http-nio-8080-exec-6] Before request [uri=/api/crm/dashboard/stagnant;client=127.0.0.1;user=sridhar]
2020-11-12 17:06:27,657 DEBUG org.apache.commons.logging.impl.Jdk14Logger [http-nio-8080-exec-7] Before request [uri=/api/crm/dashboard/customerpipeline]
2020-11-12 17:06:27,658 DEBUG org.apache.commons.logging.impl.Jdk14Logger [http-nio-8080-exec-7] Before request [uri=/api/crm/dashboard/customerpipeline;client=127.0.0.1;user=sridhar]
2020-11-12 17:06:27,684 DEBUG org.apache.commons.logging.impl.Jdk14Logger [http-nio-8080-exec-1] After request [uri=/api/crm/dashboard/topperformer;client=127.0.0.1;user=sridhar]
2020-11-12 17:06:27,685 DEBUG org.apache.commons.logging.impl.Jdk14Logger [http-nio-8080-exec-1] REQUEST DATA : uri=/api/crm/dashboard/topperformer]
2020-11-12 17:06:27,715 DEBUG org.apache.commons.logging.impl.Jdk14Logger [http-nio-8080-exec-3] Before request [uri=/api/crm/dashboard/customerpipeline]
2020-11-12 17:06:27,719 DEBUG org.apache.commons.logging.impl.Jdk14Logger [http-nio-8080-exec-3] Before request [uri=/api/crm/dashboard/customerpipeline;client=127.0.0.1;user=sridhar]
2020-11-12 17:06:27,751 DEBUG org.apache.commons.logging.impl.Jdk14Logger [http-nio-8080-exec-4] Before request [uri=/api/crm/dashboard/topperformer]
2020-11-12 17:06:27,753 DEBUG org.apache.commons.logging.impl.Jdk14Logger [http-nio-8080-exec-4] Before request [uri=/api/crm/dashboard/topperformer;client=127.0.0.1;user=sridhar]
2020-11-12 17:06:27,782 DEBUG org.apache.commons.logging.impl.Jdk14Logger [http-nio-8080-exec-3] After request [uri=/api/crm/dashboard/customerpipeline;client=127.0.0.1;user=sridhar;payload={"fromDate":"2020-11-01","toDate":"2020-11-30"}]
2020-11-12 17:06:27,782 DEBUG org.apache.commons.logging.impl.Jdk14Logger [http-nio-8080-exec-3] REQUEST DATA : uri=/api/crm/dashboard/customerpipeline;payload={"fromDate":"2020-11-01","toDate":"2020-11-30"}]
2020-11-12 17:06:27,792 DEBUG org.apache.commons.logging.impl.Jdk14Logger [http-nio-8080-exec-4] After request [uri=/api/crm/dashboard/topperformer;client=127.0.0.1;user=sridhar]
2020-11-12 17:06:27,793 DEBUG org.apache.commons.logging.impl.Jdk14Logger [http-nio-8080-exec-4] REQUEST DATA : uri=/api/crm/dashboard/topperformer]
2020-11-12 17:06:27,805 DEBUG org.apache.commons.logging.impl.Jdk14Logger [http-nio-8080-exec-6] After request [uri=/api/crm/dashboard/stagnant;client=127.0.0.1;user=sridhar]
2020-11-12 17:06:27,812 DEBUG org.apache.commons.logging.impl.Jdk14Logger [http-nio-8080-exec-6] REQUEST DATA : uri=/api/crm/dashboard/stagnant]
2020-11-12 17:06:27,813 DEBUG org.apache.commons.logging.impl.Jdk14Logger [http-nio-8080-exec-7] After request [uri=/api/crm/dashboard/customerpipeline;client=127.0.0.1;user=sridhar;payload={"fromDate":"2020-11-01","toDate":"2020-11-30"}]
2020-11-12 17:06:27,814 DEBUG org.apache.commons.logging.impl.Jdk14Logger [http-nio-8080-exec-7] REQUEST DATA : uri=/api/crm/dashboard/customerpipeline;payload={"fromDate":"2020-11-01","toDate":"2020-11-30"}]
2020-11-12 17:06:27,814 DEBUG org.apache.commons.logging.impl.Jdk14Logger [http-nio-8080-exec-10] Before request [uri=/api/crm/dashboard/stagnant]
2020-11-12 17:06:27,817 DEBUG org.apache.commons.logging.impl.Jdk14Logger [http-nio-8080-exec-10] Before request [uri=/api/crm/dashboard/stagnant;client=127.0.0.1;user=sridhar]
2020-11-12 17:06:27,821 DEBUG org.apache.commons.logging.impl.Jdk14Logger [http-nio-8080-exec-5] After request [uri=/api/crm/dashboard/conversionratio;client=127.0.0.1;user=sridhar]
2020-11-12 17:06:27,825 DEBUG org.apache.commons.logging.impl.Jdk14Logger [http-nio-8080-exec-5] REQUEST DATA : uri=/api/crm/dashboard/conversionratio]
2020-11-12 17:06:27,874 DEBUG org.apache.commons.logging.impl.Jdk14Logger [http-nio-8080-exec-10] After request [uri=/api/crm/dashboard/stagnant;client=127.0.0.1;user=sridhar]
2020-11-12 17:06:27,886 DEBUG org.apache.commons.logging.impl.Jdk14Logger [http-nio-8080-exec-2] Before request [uri=/api/crm/dashboard/conversionratio]
2020-11-12 17:06:27,889 DEBUG org.apache.commons.logging.impl.Jdk14Logger [http-nio-8080-exec-2] Before request [uri=/api/crm/dashboard/conversionratio;client=127.0.0.1;user=sridhar]
2020-11-12 17:06:27,875 DEBUG org.apache.commons.logging.impl.Jdk14Logger [http-nio-8080-exec-10] REQUEST DATA : uri=/api/crm/dashboard/stagnant]
2020-11-12 17:06:27,935 DEBUG org.apache.commons.logging.impl.Jdk14Logger [http-nio-8080-exec-2] After request [uri=/api/crm/dashboard/conversionratio;client=127.0.0.1;user=sridhar]
2020-11-12 17:06:27,937 DEBUG org.apache.commons.logging.impl.Jdk14Logger [http-nio-8080-exec-2] REQUEST DATA : uri=/api/crm/dashboard/conversionratio]
2020-11-12 17:06:46,227 DEBUG org.apache.commons.logging.impl.Jdk14Logger [http-nio-8080-exec-9] Before request [uri=/api/crm/dashboard/topperformer]
2020-11-12 17:06:46,227 DEBUG org.apache.commons.logging.impl.Jdk14Logger [http-nio-8080-exec-8] Before request [uri=/api/crm/dashboard/stagnant]
2020-11-12 17:06:46,228 DEBUG org.apache.commons.logging.impl.Jdk14Logger [http-nio-8080-exec-9] Before request [uri=/api/crm/dashboard/topperformer;client=127.0.0.1;user=sridhar]
2020-11-12 17:06:46,228 DEBUG org.apache.commons.logging.impl.Jdk14Logger [http-nio-8080-exec-8] Before request [uri=/api/crm/dashboard/stagnant;client=127.0.0.1;user=sridhar]
2020-11-12 17:06:46,239 DEBUG org.apache.commons.logging.impl.Jdk14Logger [http-nio-8080-exec-1] Before request [uri=/api/crm/dashboard/customerpipeline]
2020-11-12 17:06:46,240 DEBUG org.apache.commons.logging.impl.Jdk14Logger [http-nio-8080-exec-1] Before request [uri=/api/crm/dashboard/customerpipeline;client=127.0.0.1;user=sridhar]
2020-11-12 17:06:46,250 DEBUG org.apache.commons.logging.impl.Jdk14Logger [http-nio-8080-exec-3] Before request [uri=/api/crm/dashboard/conversionratio]
2020-11-12 17:06:46,251 DEBUG org.apache.commons.logging.impl.Jdk14Logger [http-nio-8080-exec-3] Before request [uri=/api/crm/dashboard/conversionratio;client=127.0.0.1;user=sridhar]
2020-11-12 17:06:46,273 DEBUG org.apache.commons.logging.impl.Jdk14Logger [http-nio-8080-exec-9] After request [uri=/api/crm/dashboard/topperformer;client=127.0.0.1;user=sridhar]
2020-11-12 17:06:46,274 DEBUG org.apache.commons.logging.impl.Jdk14Logger [http-nio-8080-exec-9] REQUEST DATA : uri=/api/crm/dashboard/topperformer]
2020-11-12 17:06:46,279 DEBUG org.apache.commons.logging.impl.Jdk14Logger [http-nio-8080-exec-8] After request [uri=/api/crm/dashboard/stagnant;client=127.0.0.1;user=sridhar]
2020-11-12 17:06:46,280 DEBUG org.apache.commons.logging.impl.Jdk14Logger [http-nio-8080-exec-8] REQUEST DATA : uri=/api/crm/dashboard/stagnant]
2020-11-12 17:06:46,295 DEBUG org.apache.commons.logging.impl.Jdk14Logger [http-nio-8080-exec-1] After request [uri=/api/crm/dashboard/customerpipeline;client=127.0.0.1;user=sridhar;payload={"fromDate":"2020-11-01","toDate":"2020-11-30"}]
2020-11-12 17:06:46,325 DEBUG org.apache.commons.logging.impl.Jdk14Logger [http-nio-8080-exec-1] REQUEST DATA : uri=/api/crm/dashboard/customerpipeline;payload={"fromDate":"2020-11-01","toDate":"2020-11-30"}]
2020-11-12 17:06:46,350 DEBUG org.apache.commons.logging.impl.Jdk14Logger [http-nio-8080-exec-3] After request [uri=/api/crm/dashboard/conversionratio;client=127.0.0.1;user=sridhar]
2020-11-12 17:06:46,351 DEBUG org.apache.commons.logging.impl.Jdk14Logger [http-nio-8080-exec-3] REQUEST DATA : uri=/api/crm/dashboard/conversionratio]
2020-11-12 17:06:58,767 DEBUG org.apache.commons.logging.impl.Jdk14Logger [http-nio-8080-exec-4] Before request [uri=/api/crm/dashboard/topperformer]
2020-11-12 17:06:58,768 DEBUG org.apache.commons.logging.impl.Jdk14Logger [http-nio-8080-exec-4] Before request [uri=/api/crm/dashboard/topperformer;client=127.0.0.1;user=sridhar]
2020-11-12 17:06:58,770 DEBUG org.apache.commons.logging.impl.Jdk14Logger [http-nio-8080-exec-7] Before request [uri=/api/crm/dashboard/stagnant]
2020-11-12 17:06:58,771 DEBUG org.apache.commons.logging.impl.Jdk14Logger [http-nio-8080-exec-7] Before request [uri=/api/crm/dashboard/stagnant;client=127.0.0.1;user=sridhar]
2020-11-12 17:06:58,776 DEBUG org.apache.commons.logging.impl.Jdk14Logger [http-nio-8080-exec-6] Before request [uri=/api/crm/dashboard/customerpipeline]
2020-11-12 17:06:58,779 DEBUG org.apache.commons.logging.impl.Jdk14Logger [http-nio-8080-exec-6] Before request [uri=/api/crm/dashboard/customerpipeline;client=127.0.0.1;user=sridhar]
2020-11-12 17:06:58,787 DEBUG org.apache.commons.logging.impl.Jdk14Logger [http-nio-8080-exec-5] Before request [uri=/api/crm/dashboard/conversionratio]
2020-11-12 17:06:58,790 DEBUG org.apache.commons.logging.impl.Jdk14Logger [http-nio-8080-exec-5] Before request [uri=/api/crm/dashboard/conversionratio;client=127.0.0.1;user=sridhar]
2020-11-12 17:06:58,806 DEBUG org.apache.commons.logging.impl.Jdk14Logger [http-nio-8080-exec-7] After request [uri=/api/crm/dashboard/stagnant;client=127.0.0.1;user=sridhar]
2020-11-12 17:06:58,809 DEBUG org.apache.commons.logging.impl.Jdk14Logger [http-nio-8080-exec-6] After request [uri=/api/crm/dashboard/customerpipeline;client=127.0.0.1;user=sridhar;payload={"fromDate":"2020-11-01","toDate":"2020-11-30"}]
2020-11-12 17:06:58,810 DEBUG org.apache.commons.logging.impl.Jdk14Logger [http-nio-8080-exec-6] REQUEST DATA : uri=/api/crm/dashboard/customerpipeline;payload={"fromDate":"2020-11-01","toDate":"2020-11-30"}]
2020-11-12 17:06:58,809 DEBUG org.apache.commons.logging.impl.Jdk14Logger [http-nio-8080-exec-7] REQUEST DATA : uri=/api/crm/dashboard/stagnant]
2020-11-12 17:06:58,814 DEBUG org.apache.commons.logging.impl.Jdk14Logger [http-nio-8080-exec-4] After request [uri=/api/crm/dashboard/topperformer;client=127.0.0.1;user=sridhar]
2020-11-12 17:06:58,815 DEBUG org.apache.commons.logging.impl.Jdk14Logger [http-nio-8080-exec-4] REQUEST DATA : uri=/api/crm/dashboard/topperformer]
2020-11-12 17:06:58,851 DEBUG org.apache.commons.logging.impl.Jdk14Logger [http-nio-8080-exec-5] After request [uri=/api/crm/dashboard/conversionratio;client=127.0.0.1;user=sridhar]
2020-11-12 17:06:58,854 DEBUG org.apache.commons.logging.impl.Jdk14Logger [http-nio-8080-exec-5] REQUEST DATA : uri=/api/crm/dashboard/conversionratio]
2020-11-12 18:48:25,761 WARN org.apache.commons.logging.impl.Jdk14Logger [http-nio-8080-exec-9] JWT Token does not begin with 	Bearer String
2020-11-12 18:48:25,836 DEBUG org.apache.commons.logging.impl.Jdk14Logger [http-nio-8080-exec-9] Before request [uri=/ec/login]
2020-11-12 18:48:25,840 DEBUG org.apache.commons.logging.impl.Jdk14Logger [http-nio-8080-exec-9] Before request [uri=/ec/login;client=0:0:0:0:0:0:0:1]
2020-11-12 18:48:26,406 DEBUG org.apache.commons.logging.impl.Jdk14Logger [http-nio-8080-exec-9] After request [uri=/ec/login;client=0:0:0:0:0:0:0:1;payload={
	"userName":"sridhar",
	"password":"Test@123"
}]
2020-11-12 18:48:26,409 DEBUG org.apache.commons.logging.impl.Jdk14Logger [http-nio-8080-exec-9] REQUEST DATA : uri=/ec/login;payload={
	"userName":"sridhar",
	"password":"Test@123"
}]
2020-11-12 18:52:16,299 DEBUG org.apache.commons.logging.impl.Jdk14Logger [http-nio-8080-exec-7] Before request [uri=/lanotification/token]
2020-11-12 18:52:16,311 DEBUG org.apache.commons.logging.impl.Jdk14Logger [http-nio-8080-exec-7] Before request [uri=/lanotification/token;client=0:0:0:0:0:0:0:1;user=sridhar]
2020-11-12 18:52:20,838 ERROR com.ec.common.Service.LeadActivityNotificationService [http-nio-8080-exec-7] Fail to send firebase notification
com.google.firebase.messaging.FirebaseMessagingException: Requested entity was not found.
	at com.google.firebase.messaging.FirebaseMessagingClientImpl.newException(FirebaseMessagingClientImpl.java:307)
	at com.google.firebase.messaging.FirebaseMessagingClientImpl.createExceptionFromResponse(FirebaseMessagingClientImpl.java:212)
	at com.google.firebase.messaging.FirebaseMessagingClientImpl.send(FirebaseMessagingClientImpl.java:128)
	at com.google.firebase.messaging.FirebaseMessaging$1.execute(FirebaseMessaging.java:139)
	at com.google.firebase.messaging.FirebaseMessaging$1.execute(FirebaseMessaging.java:136)
	at com.google.firebase.internal.CallableOperation.call(CallableOperation.java:36)
	at com.google.firebase.messaging.FirebaseMessaging.send(FirebaseMessaging.java:106)
	at com.google.firebase.messaging.FirebaseMessaging.send(FirebaseMessaging.java:90)
	at com.ec.common.Service.LeadActivityNotificationService.sendPnsToDevice(LeadActivityNotificationService.java:66)
	at com.ec.common.Controller.LeadActivityNotificationController.sendPnsToDevice(LeadActivityNotificationController.java:22)
	at sun.reflect.NativeMethodAccessorImpl.invoke0(Native Method)
	at sun.reflect.NativeMethodAccessorImpl.invoke(NativeMethodAccessorImpl.java:62)
	at sun.reflect.DelegatingMethodAccessorImpl.invoke(DelegatingMethodAccessorImpl.java:43)
	at java.lang.reflect.Method.invoke(Method.java:498)
	at org.springframework.web.method.support.InvocableHandlerMethod.doInvoke(InvocableHandlerMethod.java:209)
	at org.springframework.web.method.support.InvocableHandlerMethod.invokeForRequest(InvocableHandlerMethod.java:136)
	at org.springframework.web.servlet.mvc.method.annotation.ServletInvocableHandlerMethod.invokeAndHandle(ServletInvocableHandlerMethod.java:102)
	at org.springframework.web.servlet.mvc.method.annotation.RequestMappingHandlerAdapter.invokeHandlerMethod(RequestMappingHandlerAdapter.java:891)
	at org.springframework.web.servlet.mvc.method.annotation.RequestMappingHandlerAdapter.handleInternal(RequestMappingHandlerAdapter.java:797)
	at org.springframework.web.servlet.mvc.method.AbstractHandlerMethodAdapter.handle(AbstractHandlerMethodAdapter.java:87)
	at org.springframework.web.servlet.DispatcherServlet.doDispatch(DispatcherServlet.java:991)
	at org.springframework.web.servlet.DispatcherServlet.doService(DispatcherServlet.java:925)
	at org.springframework.web.servlet.FrameworkServlet.processRequest(FrameworkServlet.java:974)
	at org.springframework.web.servlet.FrameworkServlet.doPost(FrameworkServlet.java:877)
	at javax.servlet.http.HttpServlet.service(HttpServlet.java:661)
	at org.springframework.web.servlet.FrameworkServlet.service(FrameworkServlet.java:851)
	at javax.servlet.http.HttpServlet.service(HttpServlet.java:742)
	at org.apache.catalina.core.ApplicationFilterChain.internalDoFilter(ApplicationFilterChain.java:231)
	at org.apache.catalina.core.ApplicationFilterChain.doFilter(ApplicationFilterChain.java:166)
	at org.apache.tomcat.websocket.server.WsFilter.doFilter(WsFilter.java:52)
	at org.apache.catalina.core.ApplicationFilterChain.internalDoFilter(ApplicationFilterChain.java:193)
	at org.apache.catalina.core.ApplicationFilterChain.doFilter(ApplicationFilterChain.java:166)
	at org.springframework.web.filter.AbstractRequestLoggingFilter.doFilterInternal(AbstractRequestLoggingFilter.java:246)
	at org.springframework.web.filter.OncePerRequestFilter.doFilter(OncePerRequestFilter.java:107)
	at org.apache.catalina.core.ApplicationFilterChain.internalDoFilter(ApplicationFilterChain.java:193)
	at org.apache.catalina.core.ApplicationFilterChain.doFilter(ApplicationFilterChain.java:166)
	at org.springframework.web.filter.AbstractRequestLoggingFilter.doFilterInternal(AbstractRequestLoggingFilter.java:246)
	at org.springframework.web.filter.OncePerRequestFilter.doFilter(OncePerRequestFilter.java:107)
	at org.apache.catalina.core.ApplicationFilterChain.internalDoFilter(ApplicationFilterChain.java:193)
	at org.apache.catalina.core.ApplicationFilterChain.doFilter(ApplicationFilterChain.java:166)
	at org.springframework.web.filter.OncePerRequestFilter.doFilter(OncePerRequestFilter.java:101)
	at org.apache.catalina.core.ApplicationFilterChain.internalDoFilter(ApplicationFilterChain.java:193)
	at org.apache.catalina.core.ApplicationFilterChain.doFilter(ApplicationFilterChain.java:166)
	at org.springframework.boot.actuate.web.trace.servlet.HttpTraceFilter.doFilterInternal(HttpTraceFilter.java:90)
	at org.springframework.web.filter.OncePerRequestFilter.doFilter(OncePerRequestFilter.java:107)
	at org.apache.catalina.core.ApplicationFilterChain.internalDoFilter(ApplicationFilterChain.java:193)
	at org.apache.catalina.core.ApplicationFilterChain.doFilter(ApplicationFilterChain.java:166)
	at org.springframework.security.web.FilterChainProxy$VirtualFilterChain.doFilter(FilterChainProxy.java:320)
	at org.springframework.security.web.access.intercept.FilterSecurityInterceptor.invoke(FilterSecurityInterceptor.java:127)
	at org.springframework.security.web.access.intercept.FilterSecurityInterceptor.doFilter(FilterSecurityInterceptor.java:91)
	at org.springframework.security.web.FilterChainProxy$VirtualFilterChain.doFilter(FilterChainProxy.java:334)
	at org.springframework.security.web.access.ExceptionTranslationFilter.doFilter(ExceptionTranslationFilter.java:119)
	at org.springframework.security.web.FilterChainProxy$VirtualFilterChain.doFilter(FilterChainProxy.java:334)
	at org.springframework.security.web.session.SessionManagementFilter.doFilter(SessionManagementFilter.java:137)
	at org.springframework.security.web.FilterChainProxy$VirtualFilterChain.doFilter(FilterChainProxy.java:334)
	at org.springframework.security.web.authentication.AnonymousAuthenticationFilter.doFilter(AnonymousAuthenticationFilter.java:111)
	at org.springframework.security.web.FilterChainProxy$VirtualFilterChain.doFilter(FilterChainProxy.java:334)
	at org.springframework.security.web.servletapi.SecurityContextHolderAwareRequestFilter.doFilter(SecurityContextHolderAwareRequestFilter.java:170)
	at org.springframework.security.web.FilterChainProxy$VirtualFilterChain.doFilter(FilterChainProxy.java:334)
	at org.springframework.security.web.savedrequest.RequestCacheAwareFilter.doFilter(RequestCacheAwareFilter.java:63)
	at org.springframework.security.web.FilterChainProxy$VirtualFilterChain.doFilter(FilterChainProxy.java:334)
	at com.ec.common.JWTUtils.JwtRequestFilter.doFilterInternal(JwtRequestFilter.java:60)
	at org.springframework.web.filter.OncePerRequestFilter.doFilter(OncePerRequestFilter.java:107)
	at org.springframework.security.web.FilterChainProxy$VirtualFilterChain.doFilter(FilterChainProxy.java:334)
	at org.springframework.security.web.authentication.logout.LogoutFilter.doFilter(LogoutFilter.java:116)
	at org.springframework.security.web.FilterChainProxy$VirtualFilterChain.doFilter(FilterChainProxy.java:334)
	at org.springframework.web.filter.CorsFilter.doFilterInternal(CorsFilter.java:96)
	at org.springframework.web.filter.OncePerRequestFilter.doFilter(OncePerRequestFilter.java:107)
	at org.springframework.security.web.FilterChainProxy$VirtualFilterChain.doFilter(FilterChainProxy.java:334)
	at org.springframework.security.web.header.HeaderWriterFilter.doFilterInternal(HeaderWriterFilter.java:66)
	at org.springframework.web.filter.OncePerRequestFilter.doFilter(OncePerRequestFilter.java:107)
	at org.springframework.security.web.FilterChainProxy$VirtualFilterChain.doFilter(FilterChainProxy.java:334)
	at org.springframework.security.web.context.SecurityContextPersistenceFilter.doFilter(SecurityContextPersistenceFilter.java:105)
	at org.springframework.security.web.FilterChainProxy$VirtualFilterChain.doFilter(FilterChainProxy.java:334)
	at org.springframework.security.web.context.request.async.WebAsyncManagerIntegrationFilter.doFilterInternal(WebAsyncManagerIntegrationFilter.java:56)
	at org.springframework.web.filter.OncePerRequestFilter.doFilter(OncePerRequestFilter.java:107)
	at org.springframework.security.web.FilterChainProxy$VirtualFilterChain.doFilter(FilterChainProxy.java:334)
	at org.springframework.security.web.FilterChainProxy.doFilterInternal(FilterChainProxy.java:215)
	at org.springframework.security.web.FilterChainProxy.doFilter(FilterChainProxy.java:178)
	at org.springframework.web.filter.DelegatingFilterProxy.invokeDelegate(DelegatingFilterProxy.java:357)
	at org.springframework.web.filter.DelegatingFilterProxy.doFilter(DelegatingFilterProxy.java:270)
	at org.apache.catalina.core.ApplicationFilterChain.internalDoFilter(ApplicationFilterChain.java:193)
	at org.apache.catalina.core.ApplicationFilterChain.doFilter(ApplicationFilterChain.java:166)
	at org.springframework.boot.actuate.metrics.web.servlet.WebMvcMetricsFilter.filterAndRecordMetrics(WebMvcMetricsFilter.java:155)
	at org.springframework.boot.actuate.metrics.web.servlet.WebMvcMetricsFilter.filterAndRecordMetrics(WebMvcMetricsFilter.java:123)
	at org.springframework.boot.actuate.metrics.web.servlet.WebMvcMetricsFilter.doFilterInternal(WebMvcMetricsFilter.java:108)
	at org.springframework.web.filter.OncePerRequestFilter.doFilter(OncePerRequestFilter.java:107)
	at org.apache.catalina.core.ApplicationFilterChain.internalDoFilter(ApplicationFilterChain.java:193)
	at org.apache.catalina.core.ApplicationFilterChain.doFilter(ApplicationFilterChain.java:166)
	at org.springframework.web.filter.CharacterEncodingFilter.doFilterInternal(CharacterEncodingFilter.java:200)
	at org.springframework.web.filter.OncePerRequestFilter.doFilter(OncePerRequestFilter.java:107)
	at org.apache.catalina.core.ApplicationFilterChain.internalDoFilter(ApplicationFilterChain.java:193)
	at org.apache.catalina.core.ApplicationFilterChain.doFilter(ApplicationFilterChain.java:166)
	at org.apache.catalina.core.StandardWrapperValve.invoke(StandardWrapperValve.java:198)
	at org.apache.catalina.core.StandardContextValve.invoke(StandardContextValve.java:96)
	at org.apache.catalina.authenticator.AuthenticatorBase.invoke(AuthenticatorBase.java:493)
	at org.apache.catalina.core.StandardHostValve.invoke(StandardHostValve.java:140)
	at org.apache.catalina.valves.ErrorReportValve.invoke(ErrorReportValve.java:81)
	at org.apache.catalina.core.StandardEngineValve.invoke(StandardEngineValve.java:87)
	at org.apache.catalina.connector.CoyoteAdapter.service(CoyoteAdapter.java:342)
	at org.apache.coyote.http11.Http11Processor.service(Http11Processor.java:800)
	at org.apache.coyote.AbstractProcessorLight.process(AbstractProcessorLight.java:66)
	at org.apache.coyote.AbstractProtocol$ConnectionHandler.process(AbstractProtocol.java:806)
	at org.apache.tomcat.util.net.NioEndpoint$SocketProcessor.doRun(NioEndpoint.java:1498)
	at org.apache.tomcat.util.net.SocketProcessorBase.run(SocketProcessorBase.java:49)
	at java.util.concurrent.ThreadPoolExecutor.runWorker(ThreadPoolExecutor.java:1149)
	at java.util.concurrent.ThreadPoolExecutor$Worker.run(ThreadPoolExecutor.java:624)
	at org.apache.tomcat.util.threads.TaskThread$WrappingRunnable.run(TaskThread.java:61)
	at java.lang.Thread.run(Thread.java:748)
Caused by: com.google.api.client.http.HttpResponseException: 404 Not Found
POST https://fcm.googleapis.com/v1/projects/evergreencity-6ff7c/messages:send
{
  "error": {
    "code": 404,
    "message": "Requested entity was not found.",
    "status": "NOT_FOUND",
    "details": [
      {
        "@type": "type.googleapis.com/google.firebase.fcm.v1.FcmError",
        "errorCode": "UNREGISTERED"
      }
    ]
  }
}

	at com.google.api.client.http.HttpRequest.execute(HttpRequest.java:1113)
	at com.google.firebase.messaging.FirebaseMessagingClientImpl.sendSingleRequest(FirebaseMessagingClientImpl.java:154)
	at com.google.firebase.messaging.FirebaseMessagingClientImpl.send(FirebaseMessagingClientImpl.java:126)
	... 106 common frames omitted
2020-11-12 18:52:20,871 DEBUG org.apache.commons.logging.impl.Jdk14Logger [http-nio-8080-exec-7] After request [uri=/lanotification/token;client=0:0:0:0:0:0:0:1;user=sridhar;payload={
    "target": "fg0vkrfbTLuYmE7va1XDHu:APA91bEK-y2qmENQdC_4AIeLr6iU8lQ64ipcL1_bQmUcofguGAoVTSmCPc4PMHnS9d4qbQAP-DwEoRg3TzfXZrQGRXfHwZiu9DcrfpIyn_QSWDWixV-RMtK8-cgdWsFrTITvLKsfAlFM",
    "title":"dasdas",
    "body":"sadasd"
}]
2020-11-12 18:52:20,880 DEBUG org.apache.commons.logging.impl.Jdk14Logger [http-nio-8080-exec-7] REQUEST DATA : uri=/lanotification/token;payload={
    "target": "fg0vkrfbTLuYmE7va1XDHu:APA91bEK-y2qmENQdC_4AIeLr6iU8lQ64ipcL1_bQmUcofguGAoVTSmCPc4PMHnS9d4qbQAP-DwEoRg3TzfXZrQGRXfHwZiu9DcrfpIyn_QSWDWixV-RMtK8-cgdWsFrTITvLKsfAlFM",
    "title":"dasdas",
    "body":"sadasd"
}]
2020-11-12 18:52:44,981 DEBUG org.apache.commons.logging.impl.Jdk14Logger [http-nio-8080-exec-6] Before request [uri=/lanotification/token]
2020-11-12 18:52:45,006 DEBUG org.apache.commons.logging.impl.Jdk14Logger [http-nio-8080-exec-6] Before request [uri=/lanotification/token;client=0:0:0:0:0:0:0:1;user=sridhar]
2020-11-12 18:52:45,256 ERROR com.ec.common.Service.LeadActivityNotificationService [http-nio-8080-exec-6] Fail to send firebase notification
com.google.firebase.messaging.FirebaseMessagingException: Requested entity was not found.
	at com.google.firebase.messaging.FirebaseMessagingClientImpl.newException(FirebaseMessagingClientImpl.java:307)
	at com.google.firebase.messaging.FirebaseMessagingClientImpl.createExceptionFromResponse(FirebaseMessagingClientImpl.java:212)
	at com.google.firebase.messaging.FirebaseMessagingClientImpl.send(FirebaseMessagingClientImpl.java:128)
	at com.google.firebase.messaging.FirebaseMessaging$1.execute(FirebaseMessaging.java:139)
	at com.google.firebase.messaging.FirebaseMessaging$1.execute(FirebaseMessaging.java:136)
	at com.google.firebase.internal.CallableOperation.call(CallableOperation.java:36)
	at com.google.firebase.messaging.FirebaseMessaging.send(FirebaseMessaging.java:106)
	at com.google.firebase.messaging.FirebaseMessaging.send(FirebaseMessaging.java:90)
	at com.ec.common.Service.LeadActivityNotificationService.sendPnsToDevice(LeadActivityNotificationService.java:66)
	at com.ec.common.Controller.LeadActivityNotificationController.sendPnsToDevice(LeadActivityNotificationController.java:22)
	at sun.reflect.NativeMethodAccessorImpl.invoke0(Native Method)
	at sun.reflect.NativeMethodAccessorImpl.invoke(NativeMethodAccessorImpl.java:62)
	at sun.reflect.DelegatingMethodAccessorImpl.invoke(DelegatingMethodAccessorImpl.java:43)
	at java.lang.reflect.Method.invoke(Method.java:498)
	at org.springframework.web.method.support.InvocableHandlerMethod.doInvoke(InvocableHandlerMethod.java:209)
	at org.springframework.web.method.support.InvocableHandlerMethod.invokeForRequest(InvocableHandlerMethod.java:136)
	at org.springframework.web.servlet.mvc.method.annotation.ServletInvocableHandlerMethod.invokeAndHandle(ServletInvocableHandlerMethod.java:102)
	at org.springframework.web.servlet.mvc.method.annotation.RequestMappingHandlerAdapter.invokeHandlerMethod(RequestMappingHandlerAdapter.java:891)
	at org.springframework.web.servlet.mvc.method.annotation.RequestMappingHandlerAdapter.handleInternal(RequestMappingHandlerAdapter.java:797)
	at org.springframework.web.servlet.mvc.method.AbstractHandlerMethodAdapter.handle(AbstractHandlerMethodAdapter.java:87)
	at org.springframework.web.servlet.DispatcherServlet.doDispatch(DispatcherServlet.java:991)
	at org.springframework.web.servlet.DispatcherServlet.doService(DispatcherServlet.java:925)
	at org.springframework.web.servlet.FrameworkServlet.processRequest(FrameworkServlet.java:974)
	at org.springframework.web.servlet.FrameworkServlet.doPost(FrameworkServlet.java:877)
	at javax.servlet.http.HttpServlet.service(HttpServlet.java:661)
	at org.springframework.web.servlet.FrameworkServlet.service(FrameworkServlet.java:851)
	at javax.servlet.http.HttpServlet.service(HttpServlet.java:742)
	at org.apache.catalina.core.ApplicationFilterChain.internalDoFilter(ApplicationFilterChain.java:231)
	at org.apache.catalina.core.ApplicationFilterChain.doFilter(ApplicationFilterChain.java:166)
	at org.apache.tomcat.websocket.server.WsFilter.doFilter(WsFilter.java:52)
	at org.apache.catalina.core.ApplicationFilterChain.internalDoFilter(ApplicationFilterChain.java:193)
	at org.apache.catalina.core.ApplicationFilterChain.doFilter(ApplicationFilterChain.java:166)
	at org.springframework.web.filter.AbstractRequestLoggingFilter.doFilterInternal(AbstractRequestLoggingFilter.java:246)
	at org.springframework.web.filter.OncePerRequestFilter.doFilter(OncePerRequestFilter.java:107)
	at org.apache.catalina.core.ApplicationFilterChain.internalDoFilter(ApplicationFilterChain.java:193)
	at org.apache.catalina.core.ApplicationFilterChain.doFilter(ApplicationFilterChain.java:166)
	at org.springframework.web.filter.AbstractRequestLoggingFilter.doFilterInternal(AbstractRequestLoggingFilter.java:246)
	at org.springframework.web.filter.OncePerRequestFilter.doFilter(OncePerRequestFilter.java:107)
	at org.apache.catalina.core.ApplicationFilterChain.internalDoFilter(ApplicationFilterChain.java:193)
	at org.apache.catalina.core.ApplicationFilterChain.doFilter(ApplicationFilterChain.java:166)
	at org.springframework.web.filter.OncePerRequestFilter.doFilter(OncePerRequestFilter.java:101)
	at org.apache.catalina.core.ApplicationFilterChain.internalDoFilter(ApplicationFilterChain.java:193)
	at org.apache.catalina.core.ApplicationFilterChain.doFilter(ApplicationFilterChain.java:166)
	at org.springframework.boot.actuate.web.trace.servlet.HttpTraceFilter.doFilterInternal(HttpTraceFilter.java:90)
	at org.springframework.web.filter.OncePerRequestFilter.doFilter(OncePerRequestFilter.java:107)
	at org.apache.catalina.core.ApplicationFilterChain.internalDoFilter(ApplicationFilterChain.java:193)
	at org.apache.catalina.core.ApplicationFilterChain.doFilter(ApplicationFilterChain.java:166)
	at org.springframework.security.web.FilterChainProxy$VirtualFilterChain.doFilter(FilterChainProxy.java:320)
	at org.springframework.security.web.access.intercept.FilterSecurityInterceptor.invoke(FilterSecurityInterceptor.java:127)
	at org.springframework.security.web.access.intercept.FilterSecurityInterceptor.doFilter(FilterSecurityInterceptor.java:91)
	at org.springframework.security.web.FilterChainProxy$VirtualFilterChain.doFilter(FilterChainProxy.java:334)
	at org.springframework.security.web.access.ExceptionTranslationFilter.doFilter(ExceptionTranslationFilter.java:119)
	at org.springframework.security.web.FilterChainProxy$VirtualFilterChain.doFilter(FilterChainProxy.java:334)
	at org.springframework.security.web.session.SessionManagementFilter.doFilter(SessionManagementFilter.java:137)
	at org.springframework.security.web.FilterChainProxy$VirtualFilterChain.doFilter(FilterChainProxy.java:334)
	at org.springframework.security.web.authentication.AnonymousAuthenticationFilter.doFilter(AnonymousAuthenticationFilter.java:111)
	at org.springframework.security.web.FilterChainProxy$VirtualFilterChain.doFilter(FilterChainProxy.java:334)
	at org.springframework.security.web.servletapi.SecurityContextHolderAwareRequestFilter.doFilter(SecurityContextHolderAwareRequestFilter.java:170)
	at org.springframework.security.web.FilterChainProxy$VirtualFilterChain.doFilter(FilterChainProxy.java:334)
	at org.springframework.security.web.savedrequest.RequestCacheAwareFilter.doFilter(RequestCacheAwareFilter.java:63)
	at org.springframework.security.web.FilterChainProxy$VirtualFilterChain.doFilter(FilterChainProxy.java:334)
	at com.ec.common.JWTUtils.JwtRequestFilter.doFilterInternal(JwtRequestFilter.java:60)
	at org.springframework.web.filter.OncePerRequestFilter.doFilter(OncePerRequestFilter.java:107)
	at org.springframework.security.web.FilterChainProxy$VirtualFilterChain.doFilter(FilterChainProxy.java:334)
	at org.springframework.security.web.authentication.logout.LogoutFilter.doFilter(LogoutFilter.java:116)
	at org.springframework.security.web.FilterChainProxy$VirtualFilterChain.doFilter(FilterChainProxy.java:334)
	at org.springframework.web.filter.CorsFilter.doFilterInternal(CorsFilter.java:96)
	at org.springframework.web.filter.OncePerRequestFilter.doFilter(OncePerRequestFilter.java:107)
	at org.springframework.security.web.FilterChainProxy$VirtualFilterChain.doFilter(FilterChainProxy.java:334)
	at org.springframework.security.web.header.HeaderWriterFilter.doFilterInternal(HeaderWriterFilter.java:66)
	at org.springframework.web.filter.OncePerRequestFilter.doFilter(OncePerRequestFilter.java:107)
	at org.springframework.security.web.FilterChainProxy$VirtualFilterChain.doFilter(FilterChainProxy.java:334)
	at org.springframework.security.web.context.SecurityContextPersistenceFilter.doFilter(SecurityContextPersistenceFilter.java:105)
	at org.springframework.security.web.FilterChainProxy$VirtualFilterChain.doFilter(FilterChainProxy.java:334)
	at org.springframework.security.web.context.request.async.WebAsyncManagerIntegrationFilter.doFilterInternal(WebAsyncManagerIntegrationFilter.java:56)
	at org.springframework.web.filter.OncePerRequestFilter.doFilter(OncePerRequestFilter.java:107)
	at org.springframework.security.web.FilterChainProxy$VirtualFilterChain.doFilter(FilterChainProxy.java:334)
	at org.springframework.security.web.FilterChainProxy.doFilterInternal(FilterChainProxy.java:215)
	at org.springframework.security.web.FilterChainProxy.doFilter(FilterChainProxy.java:178)
	at org.springframework.web.filter.DelegatingFilterProxy.invokeDelegate(DelegatingFilterProxy.java:357)
	at org.springframework.web.filter.DelegatingFilterProxy.doFilter(DelegatingFilterProxy.java:270)
	at org.apache.catalina.core.ApplicationFilterChain.internalDoFilter(ApplicationFilterChain.java:193)
	at org.apache.catalina.core.ApplicationFilterChain.doFilter(ApplicationFilterChain.java:166)
	at org.springframework.boot.actuate.metrics.web.servlet.WebMvcMetricsFilter.filterAndRecordMetrics(WebMvcMetricsFilter.java:155)
	at org.springframework.boot.actuate.metrics.web.servlet.WebMvcMetricsFilter.filterAndRecordMetrics(WebMvcMetricsFilter.java:123)
	at org.springframework.boot.actuate.metrics.web.servlet.WebMvcMetricsFilter.doFilterInternal(WebMvcMetricsFilter.java:108)
	at org.springframework.web.filter.OncePerRequestFilter.doFilter(OncePerRequestFilter.java:107)
	at org.apache.catalina.core.ApplicationFilterChain.internalDoFilter(ApplicationFilterChain.java:193)
	at org.apache.catalina.core.ApplicationFilterChain.doFilter(ApplicationFilterChain.java:166)
	at org.springframework.web.filter.CharacterEncodingFilter.doFilterInternal(CharacterEncodingFilter.java:200)
	at org.springframework.web.filter.OncePerRequestFilter.doFilter(OncePerRequestFilter.java:107)
	at org.apache.catalina.core.ApplicationFilterChain.internalDoFilter(ApplicationFilterChain.java:193)
	at org.apache.catalina.core.ApplicationFilterChain.doFilter(ApplicationFilterChain.java:166)
	at org.apache.catalina.core.StandardWrapperValve.invoke(StandardWrapperValve.java:198)
	at org.apache.catalina.core.StandardContextValve.invoke(StandardContextValve.java:96)
	at org.apache.catalina.authenticator.AuthenticatorBase.invoke(AuthenticatorBase.java:493)
	at org.apache.catalina.core.StandardHostValve.invoke(StandardHostValve.java:140)
	at org.apache.catalina.valves.ErrorReportValve.invoke(ErrorReportValve.java:81)
	at org.apache.catalina.core.StandardEngineValve.invoke(StandardEngineValve.java:87)
	at org.apache.catalina.connector.CoyoteAdapter.service(CoyoteAdapter.java:342)
	at org.apache.coyote.http11.Http11Processor.service(Http11Processor.java:800)
	at org.apache.coyote.AbstractProcessorLight.process(AbstractProcessorLight.java:66)
	at org.apache.coyote.AbstractProtocol$ConnectionHandler.process(AbstractProtocol.java:806)
	at org.apache.tomcat.util.net.NioEndpoint$SocketProcessor.doRun(NioEndpoint.java:1498)
	at org.apache.tomcat.util.net.SocketProcessorBase.run(SocketProcessorBase.java:49)
	at java.util.concurrent.ThreadPoolExecutor.runWorker(ThreadPoolExecutor.java:1149)
	at java.util.concurrent.ThreadPoolExecutor$Worker.run(ThreadPoolExecutor.java:624)
	at org.apache.tomcat.util.threads.TaskThread$WrappingRunnable.run(TaskThread.java:61)
	at java.lang.Thread.run(Thread.java:748)
Caused by: com.google.api.client.http.HttpResponseException: 404 Not Found
POST https://fcm.googleapis.com/v1/projects/evergreencity-6ff7c/messages:send
{
  "error": {
    "code": 404,
    "message": "Requested entity was not found.",
    "status": "NOT_FOUND",
    "details": [
      {
        "@type": "type.googleapis.com/google.firebase.fcm.v1.FcmError",
        "errorCode": "UNREGISTERED"
      }
    ]
  }
}

	at com.google.api.client.http.HttpRequest.execute(HttpRequest.java:1113)
	at com.google.firebase.messaging.FirebaseMessagingClientImpl.sendSingleRequest(FirebaseMessagingClientImpl.java:154)
	at com.google.firebase.messaging.FirebaseMessagingClientImpl.send(FirebaseMessagingClientImpl.java:126)
	... 106 common frames omitted
2020-11-12 18:52:45,289 DEBUG org.apache.commons.logging.impl.Jdk14Logger [http-nio-8080-exec-6] After request [uri=/lanotification/token;client=0:0:0:0:0:0:0:1;user=sridhar;payload={
    "target": "fg0vkrfbTLuYmE7va1XDHu:APA91bEK-y2qmENQdC_4AIeLr6iU8lQ64ipcL1_bQmUcofguGAoVTSmCPc4PMHnS9d4qbQAP-DwEoRg3TzfXZrQGRXfHwZiu9DcrfpIyn_QSWDWixV-RMtK8-cgdWsFrTITvLKsfAlFM",
    "title":"dasdas",
    "body":"sadasd"
}]
2020-11-12 18:52:45,292 DEBUG org.apache.commons.logging.impl.Jdk14Logger [http-nio-8080-exec-6] REQUEST DATA : uri=/lanotification/token;payload={
    "target": "fg0vkrfbTLuYmE7va1XDHu:APA91bEK-y2qmENQdC_4AIeLr6iU8lQ64ipcL1_bQmUcofguGAoVTSmCPc4PMHnS9d4qbQAP-DwEoRg3TzfXZrQGRXfHwZiu9DcrfpIyn_QSWDWixV-RMtK8-cgdWsFrTITvLKsfAlFM",
    "title":"dasdas",
    "body":"sadasd"
}]
2020-11-12 18:59:10,669 DEBUG org.apache.commons.logging.impl.Jdk14Logger [http-nio-8080-exec-5] Before request [uri=/lanotification/token]
2020-11-12 18:59:10,686 DEBUG org.apache.commons.logging.impl.Jdk14Logger [http-nio-8080-exec-5] Before request [uri=/lanotification/token;client=0:0:0:0:0:0:0:1;user=sridhar]
2020-11-12 18:59:11,255 ERROR com.ec.common.Service.LeadActivityNotificationService [http-nio-8080-exec-5] Fail to send firebase notification
com.google.firebase.messaging.FirebaseMessagingException: Requested entity was not found.
	at com.google.firebase.messaging.FirebaseMessagingClientImpl.newException(FirebaseMessagingClientImpl.java:307)
	at com.google.firebase.messaging.FirebaseMessagingClientImpl.createExceptionFromResponse(FirebaseMessagingClientImpl.java:212)
	at com.google.firebase.messaging.FirebaseMessagingClientImpl.send(FirebaseMessagingClientImpl.java:128)
	at com.google.firebase.messaging.FirebaseMessaging$1.execute(FirebaseMessaging.java:139)
	at com.google.firebase.messaging.FirebaseMessaging$1.execute(FirebaseMessaging.java:136)
	at com.google.firebase.internal.CallableOperation.call(CallableOperation.java:36)
	at com.google.firebase.messaging.FirebaseMessaging.send(FirebaseMessaging.java:106)
	at com.google.firebase.messaging.FirebaseMessaging.send(FirebaseMessaging.java:90)
	at com.ec.common.Service.LeadActivityNotificationService.sendPnsToDevice(LeadActivityNotificationService.java:66)
	at com.ec.common.Controller.LeadActivityNotificationController.sendPnsToDevice(LeadActivityNotificationController.java:22)
	at sun.reflect.NativeMethodAccessorImpl.invoke0(Native Method)
	at sun.reflect.NativeMethodAccessorImpl.invoke(NativeMethodAccessorImpl.java:62)
	at sun.reflect.DelegatingMethodAccessorImpl.invoke(DelegatingMethodAccessorImpl.java:43)
	at java.lang.reflect.Method.invoke(Method.java:498)
	at org.springframework.web.method.support.InvocableHandlerMethod.doInvoke(InvocableHandlerMethod.java:209)
	at org.springframework.web.method.support.InvocableHandlerMethod.invokeForRequest(InvocableHandlerMethod.java:136)
	at org.springframework.web.servlet.mvc.method.annotation.ServletInvocableHandlerMethod.invokeAndHandle(ServletInvocableHandlerMethod.java:102)
	at org.springframework.web.servlet.mvc.method.annotation.RequestMappingHandlerAdapter.invokeHandlerMethod(RequestMappingHandlerAdapter.java:891)
	at org.springframework.web.servlet.mvc.method.annotation.RequestMappingHandlerAdapter.handleInternal(RequestMappingHandlerAdapter.java:797)
	at org.springframework.web.servlet.mvc.method.AbstractHandlerMethodAdapter.handle(AbstractHandlerMethodAdapter.java:87)
	at org.springframework.web.servlet.DispatcherServlet.doDispatch(DispatcherServlet.java:991)
	at org.springframework.web.servlet.DispatcherServlet.doService(DispatcherServlet.java:925)
	at org.springframework.web.servlet.FrameworkServlet.processRequest(FrameworkServlet.java:974)
	at org.springframework.web.servlet.FrameworkServlet.doPost(FrameworkServlet.java:877)
	at javax.servlet.http.HttpServlet.service(HttpServlet.java:661)
	at org.springframework.web.servlet.FrameworkServlet.service(FrameworkServlet.java:851)
	at javax.servlet.http.HttpServlet.service(HttpServlet.java:742)
	at org.apache.catalina.core.ApplicationFilterChain.internalDoFilter(ApplicationFilterChain.java:231)
	at org.apache.catalina.core.ApplicationFilterChain.doFilter(ApplicationFilterChain.java:166)
	at org.apache.tomcat.websocket.server.WsFilter.doFilter(WsFilter.java:52)
	at org.apache.catalina.core.ApplicationFilterChain.internalDoFilter(ApplicationFilterChain.java:193)
	at org.apache.catalina.core.ApplicationFilterChain.doFilter(ApplicationFilterChain.java:166)
	at org.springframework.web.filter.AbstractRequestLoggingFilter.doFilterInternal(AbstractRequestLoggingFilter.java:246)
	at org.springframework.web.filter.OncePerRequestFilter.doFilter(OncePerRequestFilter.java:107)
	at org.apache.catalina.core.ApplicationFilterChain.internalDoFilter(ApplicationFilterChain.java:193)
	at org.apache.catalina.core.ApplicationFilterChain.doFilter(ApplicationFilterChain.java:166)
	at org.springframework.web.filter.AbstractRequestLoggingFilter.doFilterInternal(AbstractRequestLoggingFilter.java:246)
	at org.springframework.web.filter.OncePerRequestFilter.doFilter(OncePerRequestFilter.java:107)
	at org.apache.catalina.core.ApplicationFilterChain.internalDoFilter(ApplicationFilterChain.java:193)
	at org.apache.catalina.core.ApplicationFilterChain.doFilter(ApplicationFilterChain.java:166)
	at org.springframework.web.filter.OncePerRequestFilter.doFilter(OncePerRequestFilter.java:101)
	at org.apache.catalina.core.ApplicationFilterChain.internalDoFilter(ApplicationFilterChain.java:193)
	at org.apache.catalina.core.ApplicationFilterChain.doFilter(ApplicationFilterChain.java:166)
	at org.springframework.boot.actuate.web.trace.servlet.HttpTraceFilter.doFilterInternal(HttpTraceFilter.java:90)
	at org.springframework.web.filter.OncePerRequestFilter.doFilter(OncePerRequestFilter.java:107)
	at org.apache.catalina.core.ApplicationFilterChain.internalDoFilter(ApplicationFilterChain.java:193)
	at org.apache.catalina.core.ApplicationFilterChain.doFilter(ApplicationFilterChain.java:166)
	at org.springframework.security.web.FilterChainProxy$VirtualFilterChain.doFilter(FilterChainProxy.java:320)
	at org.springframework.security.web.access.intercept.FilterSecurityInterceptor.invoke(FilterSecurityInterceptor.java:127)
	at org.springframework.security.web.access.intercept.FilterSecurityInterceptor.doFilter(FilterSecurityInterceptor.java:91)
	at org.springframework.security.web.FilterChainProxy$VirtualFilterChain.doFilter(FilterChainProxy.java:334)
	at org.springframework.security.web.access.ExceptionTranslationFilter.doFilter(ExceptionTranslationFilter.java:119)
	at org.springframework.security.web.FilterChainProxy$VirtualFilterChain.doFilter(FilterChainProxy.java:334)
	at org.springframework.security.web.session.SessionManagementFilter.doFilter(SessionManagementFilter.java:137)
	at org.springframework.security.web.FilterChainProxy$VirtualFilterChain.doFilter(FilterChainProxy.java:334)
	at org.springframework.security.web.authentication.AnonymousAuthenticationFilter.doFilter(AnonymousAuthenticationFilter.java:111)
	at org.springframework.security.web.FilterChainProxy$VirtualFilterChain.doFilter(FilterChainProxy.java:334)
	at org.springframework.security.web.servletapi.SecurityContextHolderAwareRequestFilter.doFilter(SecurityContextHolderAwareRequestFilter.java:170)
	at org.springframework.security.web.FilterChainProxy$VirtualFilterChain.doFilter(FilterChainProxy.java:334)
	at org.springframework.security.web.savedrequest.RequestCacheAwareFilter.doFilter(RequestCacheAwareFilter.java:63)
	at org.springframework.security.web.FilterChainProxy$VirtualFilterChain.doFilter(FilterChainProxy.java:334)
	at com.ec.common.JWTUtils.JwtRequestFilter.doFilterInternal(JwtRequestFilter.java:60)
	at org.springframework.web.filter.OncePerRequestFilter.doFilter(OncePerRequestFilter.java:107)
	at org.springframework.security.web.FilterChainProxy$VirtualFilterChain.doFilter(FilterChainProxy.java:334)
	at org.springframework.security.web.authentication.logout.LogoutFilter.doFilter(LogoutFilter.java:116)
	at org.springframework.security.web.FilterChainProxy$VirtualFilterChain.doFilter(FilterChainProxy.java:334)
	at org.springframework.web.filter.CorsFilter.doFilterInternal(CorsFilter.java:96)
	at org.springframework.web.filter.OncePerRequestFilter.doFilter(OncePerRequestFilter.java:107)
	at org.springframework.security.web.FilterChainProxy$VirtualFilterChain.doFilter(FilterChainProxy.java:334)
	at org.springframework.security.web.header.HeaderWriterFilter.doFilterInternal(HeaderWriterFilter.java:66)
	at org.springframework.web.filter.OncePerRequestFilter.doFilter(OncePerRequestFilter.java:107)
	at org.springframework.security.web.FilterChainProxy$VirtualFilterChain.doFilter(FilterChainProxy.java:334)
	at org.springframework.security.web.context.SecurityContextPersistenceFilter.doFilter(SecurityContextPersistenceFilter.java:105)
	at org.springframework.security.web.FilterChainProxy$VirtualFilterChain.doFilter(FilterChainProxy.java:334)
	at org.springframework.security.web.context.request.async.WebAsyncManagerIntegrationFilter.doFilterInternal(WebAsyncManagerIntegrationFilter.java:56)
	at org.springframework.web.filter.OncePerRequestFilter.doFilter(OncePerRequestFilter.java:107)
	at org.springframework.security.web.FilterChainProxy$VirtualFilterChain.doFilter(FilterChainProxy.java:334)
	at org.springframework.security.web.FilterChainProxy.doFilterInternal(FilterChainProxy.java:215)
	at org.springframework.security.web.FilterChainProxy.doFilter(FilterChainProxy.java:178)
	at org.springframework.web.filter.DelegatingFilterProxy.invokeDelegate(DelegatingFilterProxy.java:357)
	at org.springframework.web.filter.DelegatingFilterProxy.doFilter(DelegatingFilterProxy.java:270)
	at org.apache.catalina.core.ApplicationFilterChain.internalDoFilter(ApplicationFilterChain.java:193)
	at org.apache.catalina.core.ApplicationFilterChain.doFilter(ApplicationFilterChain.java:166)
	at org.springframework.boot.actuate.metrics.web.servlet.WebMvcMetricsFilter.filterAndRecordMetrics(WebMvcMetricsFilter.java:155)
	at org.springframework.boot.actuate.metrics.web.servlet.WebMvcMetricsFilter.filterAndRecordMetrics(WebMvcMetricsFilter.java:123)
	at org.springframework.boot.actuate.metrics.web.servlet.WebMvcMetricsFilter.doFilterInternal(WebMvcMetricsFilter.java:108)
	at org.springframework.web.filter.OncePerRequestFilter.doFilter(OncePerRequestFilter.java:107)
	at org.apache.catalina.core.ApplicationFilterChain.internalDoFilter(ApplicationFilterChain.java:193)
	at org.apache.catalina.core.ApplicationFilterChain.doFilter(ApplicationFilterChain.java:166)
	at org.springframework.web.filter.CharacterEncodingFilter.doFilterInternal(CharacterEncodingFilter.java:200)
	at org.springframework.web.filter.OncePerRequestFilter.doFilter(OncePerRequestFilter.java:107)
	at org.apache.catalina.core.ApplicationFilterChain.internalDoFilter(ApplicationFilterChain.java:193)
	at org.apache.catalina.core.ApplicationFilterChain.doFilter(ApplicationFilterChain.java:166)
	at org.apache.catalina.core.StandardWrapperValve.invoke(StandardWrapperValve.java:198)
	at org.apache.catalina.core.StandardContextValve.invoke(StandardContextValve.java:96)
	at org.apache.catalina.authenticator.AuthenticatorBase.invoke(AuthenticatorBase.java:493)
	at org.apache.catalina.core.StandardHostValve.invoke(StandardHostValve.java:140)
	at org.apache.catalina.valves.ErrorReportValve.invoke(ErrorReportValve.java:81)
	at org.apache.catalina.core.StandardEngineValve.invoke(StandardEngineValve.java:87)
	at org.apache.catalina.connector.CoyoteAdapter.service(CoyoteAdapter.java:342)
	at org.apache.coyote.http11.Http11Processor.service(Http11Processor.java:800)
	at org.apache.coyote.AbstractProcessorLight.process(AbstractProcessorLight.java:66)
	at org.apache.coyote.AbstractProtocol$ConnectionHandler.process(AbstractProtocol.java:806)
	at org.apache.tomcat.util.net.NioEndpoint$SocketProcessor.doRun(NioEndpoint.java:1498)
	at org.apache.tomcat.util.net.SocketProcessorBase.run(SocketProcessorBase.java:49)
	at java.util.concurrent.ThreadPoolExecutor.runWorker(ThreadPoolExecutor.java:1149)
	at java.util.concurrent.ThreadPoolExecutor$Worker.run(ThreadPoolExecutor.java:624)
	at org.apache.tomcat.util.threads.TaskThread$WrappingRunnable.run(TaskThread.java:61)
	at java.lang.Thread.run(Thread.java:748)
Caused by: com.google.api.client.http.HttpResponseException: 404 Not Found
POST https://fcm.googleapis.com/v1/projects/evergreencity-6ff7c/messages:send
{
  "error": {
    "code": 404,
    "message": "Requested entity was not found.",
    "status": "NOT_FOUND",
    "details": [
      {
        "@type": "type.googleapis.com/google.firebase.fcm.v1.FcmError",
        "errorCode": "UNREGISTERED"
      }
    ]
  }
}

	at com.google.api.client.http.HttpRequest.execute(HttpRequest.java:1113)
	at com.google.firebase.messaging.FirebaseMessagingClientImpl.sendSingleRequest(FirebaseMessagingClientImpl.java:154)
	at com.google.firebase.messaging.FirebaseMessagingClientImpl.send(FirebaseMessagingClientImpl.java:126)
	... 106 common frames omitted
2020-11-12 18:59:11,355 DEBUG org.apache.commons.logging.impl.Jdk14Logger [http-nio-8080-exec-5] After request [uri=/lanotification/token;client=0:0:0:0:0:0:0:1;user=sridhar;payload={
    "target": "fg0vkrfbTLuYmE7va1XDHu:APA91bEK-y2qmENQdC_4AIeLr6iU8lQ64ipcL1_bQmUcofguGAoVTSmCPc4PMHnS9d4qbQAP-DwEoRg3TzfXZrQGRXfHwZiu9DcrfpIyn_QSWDWixV-RMtK8-cgdWsFrTITvLKsfAlFM",
    "title":"dasdas",
    "body":"sadasd"
}]
2020-11-12 18:59:11,374 DEBUG org.apache.commons.logging.impl.Jdk14Logger [http-nio-8080-exec-5] REQUEST DATA : uri=/lanotification/token;payload={
    "target": "fg0vkrfbTLuYmE7va1XDHu:APA91bEK-y2qmENQdC_4AIeLr6iU8lQ64ipcL1_bQmUcofguGAoVTSmCPc4PMHnS9d4qbQAP-DwEoRg3TzfXZrQGRXfHwZiu9DcrfpIyn_QSWDWixV-RMtK8-cgdWsFrTITvLKsfAlFM",
    "title":"dasdas",
    "body":"sadasd"
}]
2020-11-12 21:17:27,705 WARN com.zaxxer.hikari.pool.HikariPool$HouseKeeper [HikariPool-1 housekeeper] HikariPool-1 - Thread starvation or clock leap detected (housekeeper delta=2h14m48s244ms).
2020-11-12 21:26:00,662 INFO org.apache.commons.logging.impl.Jdk14Logger [RMI TCP Connection(464)-127.0.0.1] Application shutdown requested.
2020-11-12 21:26:00,725 INFO org.apache.commons.logging.impl.Jdk14Logger [RMI TCP Connection(464)-127.0.0.1] Closing org.springframework.boot.web.servlet.context.AnnotationConfigServletWebServerApplicationContext@2796aeae: startup date [Wed Nov 11 22:24:44 IST 2020]; parent: org.springframework.context.annotation.AnnotationConfigApplicationContext@4e3958e7
2020-11-12 21:26:01,327 INFO org.apache.commons.logging.impl.Jdk14Logger [RMI TCP Connection(464)-127.0.0.1] Stopping filter initializer
2020-11-12 21:26:01,457 INFO org.apache.commons.logging.impl.Jdk14Logger [RMI TCP Connection(464)-127.0.0.1] Unregistering JMX-exposed beans on shutdown
2020-11-12 21:26:01,473 INFO org.apache.commons.logging.impl.Jdk14Logger [RMI TCP Connection(464)-127.0.0.1] Unregistering JMX-exposed beans
2020-11-12 21:26:02,083 INFO org.apache.commons.logging.impl.Jdk14Logger [RMI TCP Connection(464)-127.0.0.1] Closing JPA EntityManagerFactory for persistence unit 'default'
2020-11-12 21:26:02,277 INFO com.zaxxer.hikari.HikariDataSource [RMI TCP Connection(464)-127.0.0.1] HikariPool-1 - Shutdown initiated...
2020-11-12 21:26:02,344 INFO com.zaxxer.hikari.HikariDataSource [RMI TCP Connection(464)-127.0.0.1] HikariPool-1 - Shutdown completed.
2020-11-12 21:26:02,382 INFO org.apache.juli.logging.DirectJDKLog [RMI TCP Connection(464)-127.0.0.1] Pausing ProtocolHandler ["http-nio-8080"]
2020-11-12 21:26:02,469 INFO org.apache.juli.logging.DirectJDKLog [RMI TCP Connection(464)-127.0.0.1] Stopping service [Tomcat]
2020-11-12 21:26:02,556 INFO org.apache.juli.logging.DirectJDKLog [localhost-startStop-2] Destroying Spring FrameworkServlet 'dispatcherServlet'
2020-11-12 21:26:02,613 WARN org.apache.juli.logging.DirectJDKLog [localhost-startStop-2] The web application [ROOT] appears to have started a thread named [RxIoScheduler-1 (Evictor)] but has failed to stop it. This is very likely to create a memory leak. Stack trace of thread:
 sun.misc.Unsafe.park(Native Method)
 java.util.concurrent.locks.LockSupport.parkNanos(LockSupport.java:215)
 java.util.concurrent.locks.AbstractQueuedSynchronizer$ConditionObject.awaitNanos(AbstractQueuedSynchronizer.java:2078)
 java.util.concurrent.ScheduledThreadPoolExecutor$DelayedWorkQueue.take(ScheduledThreadPoolExecutor.java:1093)
 java.util.concurrent.ScheduledThreadPoolExecutor$DelayedWorkQueue.take(ScheduledThreadPoolExecutor.java:809)
 java.util.concurrent.ThreadPoolExecutor.getTask(ThreadPoolExecutor.java:1074)
 java.util.concurrent.ThreadPoolExecutor.runWorker(ThreadPoolExecutor.java:1134)
 java.util.concurrent.ThreadPoolExecutor$Worker.run(ThreadPoolExecutor.java:624)
 java.lang.Thread.run(Thread.java:748)
2020-11-12 21:26:02,616 WARN org.apache.juli.logging.DirectJDKLog [localhost-startStop-2] The web application [ROOT] appears to have started a thread named [expiringMap-0] but has failed to stop it. This is very likely to create a memory leak. Stack trace of thread:
 sun.misc.Unsafe.park(Native Method)
 java.util.concurrent.locks.LockSupport.parkNanos(LockSupport.java:215)
 java.util.concurrent.locks.AbstractQueuedSynchronizer$ConditionObject.awaitNanos(AbstractQueuedSynchronizer.java:2078)
 java.util.concurrent.ScheduledThreadPoolExecutor$DelayedWorkQueue.take(ScheduledThreadPoolExecutor.java:1093)
 java.util.concurrent.ScheduledThreadPoolExecutor$DelayedWorkQueue.take(ScheduledThreadPoolExecutor.java:809)
 java.util.concurrent.ThreadPoolExecutor.getTask(ThreadPoolExecutor.java:1074)
 java.util.concurrent.ThreadPoolExecutor.runWorker(ThreadPoolExecutor.java:1134)
 java.util.concurrent.ThreadPoolExecutor$Worker.run(ThreadPoolExecutor.java:624)
 java.lang.Thread.run(Thread.java:748)
2020-11-12 21:26:02,708 INFO org.apache.juli.logging.DirectJDKLog [RMI TCP Connection(464)-127.0.0.1] Stopping ProtocolHandler ["http-nio-8080"]
2020-11-12 21:26:02,760 INFO org.apache.juli.logging.DirectJDKLog [RMI TCP Connection(464)-127.0.0.1] Destroying ProtocolHandler ["http-nio-8080"]
2020-11-12 21:26:21,855 INFO org.apache.commons.logging.impl.Jdk14Logger [main] Refreshing org.springframework.context.annotation.AnnotationConfigApplicationContext@394df057: startup date [Thu Nov 12 21:26:21 IST 2020]; root of context hierarchy
2020-11-12 21:26:22,308 INFO org.apache.commons.logging.impl.Jdk14Logger [main] JSR-330 'javax.inject.Inject' annotation found and supported for autowiring
2020-11-12 21:26:22,382 INFO org.apache.commons.logging.impl.Jdk14Logger [main] Bean 'configurationPropertiesRebinderAutoConfiguration' of type [org.springframework.cloud.autoconfigure.ConfigurationPropertiesRebinderAutoConfiguration$$EnhancerBySpringCGLIB$$a4da85c8] is not eligible for getting processed by all BeanPostProcessors (for example: not eligible for auto-proxying)
2020-11-12 21:26:32,820 INFO org.apache.commons.logging.impl.Jdk14Logger [main] No active profile set, falling back to default profiles: default
2020-11-12 21:26:32,880 INFO org.apache.commons.logging.impl.Jdk14Logger [main] Refreshing org.springframework.boot.web.servlet.context.AnnotationConfigServletWebServerApplicationContext@7d446ed1: startup date [Thu Nov 12 21:26:32 IST 2020]; parent: org.springframework.context.annotation.AnnotationConfigApplicationContext@394df057
2020-11-12 21:26:36,047 INFO org.apache.commons.logging.impl.Jdk14Logger [main] Overriding bean definition for bean 'counterFactory' with a different definition: replacing [Root bean: class [null]; scope=; abstract=false; lazyInit=false; autowireMode=3; dependencyCheck=0; autowireCandidate=true; primary=false; factoryBeanName=org.springframework.cloud.netflix.zuul.ZuulServerAutoConfiguration$ZuulMetricsConfiguration; factoryMethodName=counterFactory; initMethodName=null; destroyMethodName=(inferred); defined in class path resource [org/springframework/cloud/netflix/zuul/ZuulServerAutoConfiguration$ZuulMetricsConfiguration.class]] with [Root bean: class [null]; scope=; abstract=false; lazyInit=false; autowireMode=3; dependencyCheck=0; autowireCandidate=true; primary=false; factoryBeanName=org.springframework.cloud.netflix.zuul.ZuulServerAutoConfiguration$ZuulCounterFactoryConfiguration; factoryMethodName=counterFactory; initMethodName=null; destroyMethodName=(inferred); defined in class path resource [org/springframework/cloud/netflix/zuul/ZuulServerAutoConfiguration$ZuulCounterFactoryConfiguration.class]]
2020-11-12 21:26:36,201 INFO org.apache.commons.logging.impl.Jdk14Logger [main] Overriding bean definition for bean 'dataSource' with a different definition: replacing [Root bean: class [null]; scope=refresh; abstract=false; lazyInit=false; autowireMode=3; dependencyCheck=0; autowireCandidate=false; primary=false; factoryBeanName=org.springframework.boot.autoconfigure.jdbc.DataSourceConfiguration$Hikari; factoryMethodName=dataSource; initMethodName=null; destroyMethodName=(inferred); defined in class path resource [org/springframework/boot/autoconfigure/jdbc/DataSourceConfiguration$Hikari.class]] with [Root bean: class [org.springframework.aop.scope.ScopedProxyFactoryBean]; scope=; abstract=false; lazyInit=false; autowireMode=0; dependencyCheck=0; autowireCandidate=true; primary=false; factoryBeanName=null; factoryMethodName=null; initMethodName=null; destroyMethodName=null; defined in BeanDefinition defined in class path resource [org/springframework/boot/autoconfigure/jdbc/DataSourceConfiguration$Hikari.class]]
2020-11-12 21:26:36,526 INFO org.apache.commons.logging.impl.Jdk14Logger [main] BeanFactory id=d9584f2f-316a-3d06-a470-48069670a8f9
2020-11-12 21:26:36,581 INFO org.apache.commons.logging.impl.Jdk14Logger [main] JSR-330 'javax.inject.Inject' annotation found and supported for autowiring
2020-11-12 21:26:36,781 INFO org.apache.commons.logging.impl.Jdk14Logger [main] Bean 'org.springframework.ws.config.annotation.DelegatingWsConfiguration' of type [org.springframework.ws.config.annotation.DelegatingWsConfiguration$$EnhancerBySpringCGLIB$$2d5847ca] is not eligible for getting processed by all BeanPostProcessors (for example: not eligible for auto-proxying)
2020-11-12 21:26:36,876 INFO org.apache.commons.logging.impl.Jdk14Logger [main] Supporting [WS-Addressing August 2004, WS-Addressing 1.0]
2020-11-12 21:26:37,210 INFO org.apache.commons.logging.impl.Jdk14Logger [main] Bean 'org.springframework.transaction.annotation.ProxyTransactionManagementConfiguration' of type [org.springframework.transaction.annotation.ProxyTransactionManagementConfiguration$$EnhancerBySpringCGLIB$$88c082cb] is not eligible for getting processed by all BeanPostProcessors (for example: not eligible for auto-proxying)
2020-11-12 21:26:37,796 INFO org.apache.commons.logging.impl.Jdk14Logger [main] Bean 'org.springframework.security.config.annotation.configuration.ObjectPostProcessorConfiguration' of type [org.springframework.security.config.annotation.configuration.ObjectPostProcessorConfiguration$$EnhancerBySpringCGLIB$$216e4b05] is not eligible for getting processed by all BeanPostProcessors (for example: not eligible for auto-proxying)
2020-11-12 21:26:37,816 INFO org.apache.commons.logging.impl.Jdk14Logger [main] Bean 'objectPostProcessor' of type [org.springframework.security.config.annotation.configuration.AutowireBeanFactoryObjectPostProcessor] is not eligible for getting processed by all BeanPostProcessors (for example: not eligible for auto-proxying)
2020-11-12 21:26:37,823 INFO org.apache.commons.logging.impl.Jdk14Logger [main] Bean 'org.springframework.security.access.expression.method.DefaultMethodSecurityExpressionHandler@767f6ee7' of type [org.springframework.security.access.expression.method.DefaultMethodSecurityExpressionHandler] is not eligible for getting processed by all BeanPostProcessors (for example: not eligible for auto-proxying)
2020-11-12 21:26:37,841 INFO org.apache.commons.logging.impl.Jdk14Logger [main] Bean 'org.springframework.security.config.annotation.method.configuration.GlobalMethodSecurityConfiguration' of type [org.springframework.security.config.annotation.method.configuration.GlobalMethodSecurityConfiguration$$EnhancerBySpringCGLIB$$4642edb7] is not eligible for getting processed by all BeanPostProcessors (for example: not eligible for auto-proxying)
2020-11-12 21:26:37,865 INFO org.apache.commons.logging.impl.Jdk14Logger [main] Bean 'methodSecurityMetadataSource' of type [org.springframework.security.access.method.DelegatingMethodSecurityMetadataSource] is not eligible for getting processed by all BeanPostProcessors (for example: not eligible for auto-proxying)
2020-11-12 21:26:37,975 INFO org.apache.commons.logging.impl.Jdk14Logger [main] Bean 'org.springframework.cloud.autoconfigure.ConfigurationPropertiesRebinderAutoConfiguration' of type [org.springframework.cloud.autoconfigure.ConfigurationPropertiesRebinderAutoConfiguration$$EnhancerBySpringCGLIB$$a4da85c8] is not eligible for getting processed by all BeanPostProcessors (for example: not eligible for auto-proxying)
2020-11-12 21:26:38,932 INFO org.apache.commons.logging.impl.Jdk14Logger [main] Tomcat initialized with port(s): 8080 (http)
2020-11-12 21:26:38,965 INFO org.apache.juli.logging.DirectJDKLog [main] Initializing ProtocolHandler ["http-nio-8080"]
2020-11-12 21:26:38,985 INFO org.apache.juli.logging.DirectJDKLog [main] Starting service [Tomcat]
2020-11-12 21:26:38,986 INFO org.apache.juli.logging.DirectJDKLog [main] Starting Servlet Engine: Apache Tomcat/8.5.34
2020-11-12 21:26:38,996 INFO org.apache.juli.logging.DirectJDKLog [localhost-startStop-1] The APR based Apache Tomcat Native library which allows optimal performance in production environments was not found on the java.library.path: [/Users/bsridharpatnaik/Library/Java/Extensions:/Library/Java/Extensions:/Network/Library/Java/Extensions:/System/Library/Java/Extensions:/usr/lib/java:.]
2020-11-12 21:26:39,214 INFO org.apache.juli.logging.DirectJDKLog [localhost-startStop-1] Initializing Spring embedded WebApplicationContext
2020-11-12 21:26:39,215 INFO org.apache.commons.logging.impl.Jdk14Logger [localhost-startStop-1] Root WebApplicationContext: initialization completed in 6334 ms
2020-11-12 21:26:39,588 WARN com.netflix.config.sources.URLConfigurationSource [localhost-startStop-1] No URLs will be polled as dynamic configuration sources.
2020-11-12 21:26:39,588 INFO com.netflix.config.sources.URLConfigurationSource [localhost-startStop-1] To enable URLs as dynamic configuration sources, define System property archaius.configurationSource.additionalUrls or make config.properties available on classpath.
2020-11-12 21:26:39,611 INFO com.netflix.config.DynamicPropertyFactory [localhost-startStop-1] DynamicPropertyFactory is initialized with configuration sources: com.netflix.config.ConcurrentCompositeConfiguration@16f60c0a
2020-11-12 21:26:41,408 INFO com.zaxxer.hikari.HikariDataSource [localhost-startStop-1] HikariPool-1 - Starting...
2020-11-12 21:26:41,747 INFO com.zaxxer.hikari.HikariDataSource [localhost-startStop-1] HikariPool-1 - Start completed.
2020-11-12 21:26:41,831 INFO org.apache.commons.logging.impl.Jdk14Logger [localhost-startStop-1] Building JPA container EntityManagerFactory for persistence unit 'default'
2020-11-12 21:26:41,860 INFO org.hibernate.jpa.internal.util.LogHelper [localhost-startStop-1] HHH000204: Processing PersistenceUnitInfo [
	name: default
	...]
2020-11-12 21:26:42,173 INFO org.hibernate.Version [localhost-startStop-1] HHH000412: Hibernate Core {5.2.17.Final}
2020-11-12 21:26:42,177 INFO org.hibernate.cfg.Environment [localhost-startStop-1] HHH000206: hibernate.properties not found
2020-11-12 21:26:42,340 INFO org.hibernate.annotations.common.reflection.java.JavaReflectionManager [localhost-startStop-1] HCANN000001: Hibernate Commons Annotations {5.0.1.Final}
2020-11-12 21:26:42,757 INFO org.hibernate.dialect.Dialect [localhost-startStop-1] HHH000400: Using dialect: org.hibernate.dialect.MySQL5InnoDBDialect
2020-11-12 21:26:42,951 INFO org.hibernate.envers.boot.internal.EnversServiceImpl [localhost-startStop-1] Envers integration enabled? : true
2020-11-12 21:26:45,865 INFO org.apache.commons.logging.impl.Jdk14Logger [localhost-startStop-1] Initialized JPA EntityManagerFactory for persistence unit 'default'
2020-11-12 21:26:46,673 INFO org.apache.commons.logging.impl.Jdk14Logger [localhost-startStop-1] Mapping filter: 'characterEncodingFilter' to: [/*]
2020-11-12 21:26:46,675 INFO org.apache.commons.logging.impl.Jdk14Logger [localhost-startStop-1] Mapping filter: 'webMvcMetricsFilter' to: [/*]
2020-11-12 21:26:46,676 INFO org.apache.commons.logging.impl.Jdk14Logger [localhost-startStop-1] Mapping filter: 'springSecurityFilterChain' to: [/*]
2020-11-12 21:26:46,677 INFO org.apache.commons.logging.impl.Jdk14Logger [localhost-startStop-1] Mapping filter: 'httpTraceFilter' to: [/*]
2020-11-12 21:26:46,677 INFO org.apache.commons.logging.impl.Jdk14Logger [localhost-startStop-1] Mapping filter: 'jwtRequestFilter' to: [/*]
2020-11-12 21:26:46,678 INFO org.apache.commons.logging.impl.Jdk14Logger [localhost-startStop-1] Mapping filter: 'logFilter' to: [/*]
2020-11-12 21:26:46,678 INFO org.apache.commons.logging.impl.Jdk14Logger [localhost-startStop-1] Mapping filter: 'requestLoggingFilter' to: [/*]
2020-11-12 21:26:46,678 INFO org.apache.commons.logging.impl.Jdk14Logger [localhost-startStop-1] Servlet dispatcherServlet mapped to [/]
2020-11-12 21:26:46,682 INFO org.apache.commons.logging.impl.Jdk14Logger [localhost-startStop-1] Servlet messageDispatcherServlet mapped to [/services/*]
2020-11-12 21:26:46,682 INFO org.apache.commons.logging.impl.Jdk14Logger [localhost-startStop-1] Servlet zuulServlet mapped to [/zuul/*]
2020-11-12 21:26:46,719 DEBUG org.apache.commons.logging.impl.Jdk14Logger [localhost-startStop-1] Initializing filter 'requestLoggingFilter'
2020-11-12 21:26:46,719 DEBUG org.apache.commons.logging.impl.Jdk14Logger [localhost-startStop-1] Filter 'requestLoggingFilter' configured successfully
2020-11-12 21:26:46,720 DEBUG org.apache.commons.logging.impl.Jdk14Logger [localhost-startStop-1] Initializing filter 'logFilter'
2020-11-12 21:26:46,721 DEBUG org.apache.commons.logging.impl.Jdk14Logger [localhost-startStop-1] Filter 'logFilter' configured successfully
2020-11-12 21:26:47,169 INFO org.hibernate.hql.internal.QueryTranslatorFactoryInitiator [main] HHH000397: Using ASTQueryTranslatorFactory
2020-11-12 21:26:48,320 WARN org.apache.commons.logging.impl.Jdk14Logger [main] spring.jpa.open-in-view is enabled by default. Therefore, database queries may be performed during view rendering. Explicitly configure spring.jpa.open-in-view to disable this warning
2020-11-12 21:26:48,451 INFO org.apache.commons.logging.impl.Jdk14Logger [main] Mapped "{[/contact],methods=[GET],produces=[application/json || text/json]}" onto public com.ec.common.Data.ContactsWithTypeAhead com.ec.common.Controller.ContactController.returnAllContacts(java.lang.Integer,org.springframework.data.domain.Pageable)
2020-11-12 21:26:48,455 INFO org.apache.commons.logging.impl.Jdk14Logger [main] Mapped "{[/contact],methods=[POST],produces=[application/json || text/json]}" onto public com.ec.common.Data.ContactsWithTypeAhead com.ec.common.Controller.ContactController.returnFilteredContacts(com.ec.common.Filters.FilterDataList,org.springframework.data.domain.Pageable)
2020-11-12 21:26:48,456 INFO org.apache.commons.logging.impl.Jdk14Logger [main] Mapped "{[/contact/{id}],methods=[GET],produces=[application/json || text/json]}" onto public com.ec.common.Model.ContactAllInfo com.ec.common.Controller.ContactController.findContactbyvehicleNoContacts(long) throws java.lang.Exception
2020-11-12 21:26:48,457 INFO org.apache.commons.logging.impl.Jdk14Logger [main] Mapped "{[/contact/{id}],methods=[DELETE],produces=[application/json || text/json]}" onto public org.springframework.http.ResponseEntity<?> com.ec.common.Controller.ContactController.deleteContact(java.lang.Long) throws java.lang.Exception
2020-11-12 21:26:48,458 INFO org.apache.commons.logging.impl.Jdk14Logger [main] Mapped "{[/contact/create],methods=[POST],produces=[application/json || text/json]}" onto public com.ec.common.Model.ContactAllInfo com.ec.common.Controller.ContactController.createContact(com.ec.common.Model.ContactAllInfo) throws java.lang.Exception
2020-11-12 21:26:48,459 INFO org.apache.commons.logging.impl.Jdk14Logger [main] Mapped "{[/contact/{id}],methods=[PUT],produces=[application/json || text/json]}" onto public com.ec.common.Model.ContactAllInfo com.ec.common.Controller.ContactController.updateContact(java.lang.Long,com.ec.common.Model.ContactAllInfo) throws java.lang.Exception
2020-11-12 21:26:48,460 INFO org.apache.commons.logging.impl.Jdk14Logger [main] Mapped "{[/contact/iscontactused/{id}],methods=[GET],produces=[application/json || text/json]}" onto public java.lang.Boolean com.ec.common.Controller.ContactController.checkIfContactUsed(long) throws java.lang.Exception
2020-11-12 21:26:48,461 INFO org.apache.commons.logging.impl.Jdk14Logger [main] Mapped "{[/emailconfig],methods=[GET],produces=[application/json || text/json]}" onto public com.ec.common.Data.EmailConfigData com.ec.common.Controller.EmailController.returnEmailConfig()
2020-11-12 21:26:48,463 INFO org.apache.commons.logging.impl.Jdk14Logger [main] Mapped "{[/lanotification/token],methods=[POST]}" onto public java.lang.String com.ec.common.Controller.LeadActivityNotificationController.sendPnsToDevice(com.ec.common.Data.LANotificationRequestDto)
2020-11-12 21:26:48,464 INFO org.apache.commons.logging.impl.Jdk14Logger [main] Mapped "{[/ec/login],methods=[POST],produces=[application/json || text/json]}" onto public org.springframework.http.ResponseEntity<?> com.ec.common.Controller.LoginController.login(com.ec.common.Data.UserSignInData) throws java.lang.Exception
2020-11-12 21:26:48,467 INFO org.apache.commons.logging.impl.Jdk14Logger [main] Mapped "{[/role],methods=[GET],produces=[application/json || text/json]}" onto public org.springframework.data.domain.Page<com.ec.common.Model.Role> com.ec.common.Controller.RoleController.returnAllRoles(org.springframework.data.domain.Pageable)
2020-11-12 21:26:48,470 INFO org.apache.commons.logging.impl.Jdk14Logger [main] Mapped "{[/role/create],methods=[POST],produces=[application/json || text/json]}" onto public com.ec.common.Model.Role com.ec.common.Controller.RoleController.createRole(com.ec.common.Model.Role) throws java.lang.Exception
2020-11-12 21:26:48,472 INFO org.apache.commons.logging.impl.Jdk14Logger [main] Mapped "{[/token],methods=[PUT],produces=[application/json || text/json]}" onto public void com.ec.common.Controller.TokenController.updateTokenForUser(com.ec.common.Data.TokenData) throws java.lang.Exception
2020-11-12 21:26:48,473 INFO org.apache.commons.logging.impl.Jdk14Logger [main] Mapped "{[/token],methods=[GET],produces=[application/json || text/json]}" onto public java.util.List<com.ec.common.Data.AndroidTokenDetailsDTO> com.ec.common.Controller.TokenController.getAllTokens()
2020-11-12 21:26:48,473 INFO org.apache.commons.logging.impl.Jdk14Logger [main] Mapped "{[/token],methods=[DELETE],produces=[application/json || text/json]}" onto public void com.ec.common.Controller.TokenController.DeleteToken() throws java.lang.Exception
2020-11-12 21:26:48,479 INFO org.apache.commons.logging.impl.Jdk14Logger [main] Mapped "{[/user],methods=[POST],produces=[application/json || text/json]}" onto public com.ec.common.Data.UserListWithTypeAheadData com.ec.common.Controller.UserController.returnFilteredContacts(com.ec.common.Filters.FilterDataList,org.springframework.data.domain.Pageable)
2020-11-12 21:26:48,480 INFO org.apache.commons.logging.impl.Jdk14Logger [main] Mapped "{[/user],methods=[GET],produces=[application/json || text/json]}" onto public com.ec.common.Data.UserListWithTypeAheadData com.ec.common.Controller.UserController.returnAllUsers(org.springframework.data.domain.Pageable)
2020-11-12 21:26:48,481 INFO org.apache.commons.logging.impl.Jdk14Logger [main] Mapped "{[/user/create],methods=[POST],produces=[application/json || text/json]}" onto public com.ec.common.Model.User com.ec.common.Controller.UserController.createUser(com.ec.common.Data.CreateUserData) throws java.lang.Exception
2020-11-12 21:26:48,483 INFO org.apache.commons.logging.impl.Jdk14Logger [main] Mapped "{[/user/{id}],methods=[PUT],produces=[application/json || text/json]}" onto public com.ec.common.Model.User com.ec.common.Controller.UserController.updateUser(java.lang.Long,com.ec.common.Data.CreateUserData) throws java.lang.Exception
2020-11-12 21:26:48,484 INFO org.apache.commons.logging.impl.Jdk14Logger [main] Mapped "{[/user/updatepassword],methods=[POST],produces=[application/json || text/json]}" onto public com.ec.common.Model.User com.ec.common.Controller.UserController.updateUser(com.ec.common.Data.ResetPasswordData) throws java.lang.Exception
2020-11-12 21:26:48,486 INFO org.apache.commons.logging.impl.Jdk14Logger [main] Mapped "{[/user/{id}],methods=[GET],produces=[application/json || text/json]}" onto public com.ec.common.Model.User com.ec.common.Controller.UserController.findUserByID(long) throws java.lang.Exception
2020-11-12 21:26:48,488 INFO org.apache.commons.logging.impl.Jdk14Logger [main] Mapped "{[/user/list],methods=[GET],produces=[application/json || text/json]}" onto public java.util.List<com.ec.common.Data.UserReturnData> com.ec.common.Controller.UserController.findLimitedDetailsForUserByID() throws java.lang.Exception
2020-11-12 21:26:48,489 INFO org.apache.commons.logging.impl.Jdk14Logger [main] Mapped "{[/user/byid/{id}],methods=[GET],produces=[application/json || text/json]}" onto public com.ec.common.Data.UserReturnData com.ec.common.Controller.UserController.findLimitedDetailsForUserByID(long) throws java.lang.Exception
2020-11-12 21:26:48,489 INFO org.apache.commons.logging.impl.Jdk14Logger [main] Mapped "{[/user/byname/{name}],methods=[GET],produces=[application/json || text/json]}" onto public com.ec.common.Data.UserReturnData com.ec.common.Controller.UserController.findLimitedDetailsForUserByID(java.lang.String) throws java.lang.Exception
2020-11-12 21:26:48,490 INFO org.apache.commons.logging.impl.Jdk14Logger [main] Mapped "{[/user/updateroles],methods=[POST],produces=[application/json || text/json]}" onto public com.ec.common.Model.User com.ec.common.Controller.UserController.updateRolesForUser(com.ec.common.Data.UpdateRolesForUserData) throws java.lang.Exception
2020-11-12 21:26:48,491 INFO org.apache.commons.logging.impl.Jdk14Logger [main] Mapped "{[/user/me],methods=[GET],produces=[application/json]}" onto public com.ec.common.Data.UserReturnData com.ec.common.Controller.UserController.returnUserName()
2020-11-12 21:26:48,494 INFO org.apache.commons.logging.impl.Jdk14Logger [main] Mapped "{[/error]}" onto public org.springframework.http.ResponseEntity<java.util.Map<java.lang.String, java.lang.Object>> org.springframework.boot.autoconfigure.web.servlet.error.BasicErrorController.error(javax.servlet.http.HttpServletRequest)
2020-11-12 21:26:48,495 INFO org.apache.commons.logging.impl.Jdk14Logger [main] Mapped "{[/error],produces=[text/html]}" onto public org.springframework.web.servlet.ModelAndView org.springframework.boot.autoconfigure.web.servlet.error.BasicErrorController.errorHtml(javax.servlet.http.HttpServletRequest,javax.servlet.http.HttpServletResponse)
2020-11-12 21:26:48,585 INFO org.apache.commons.logging.impl.Jdk14Logger [main] Mapped URL path [/eureka/**] onto handler of type [class org.springframework.web.servlet.resource.ResourceHttpRequestHandler]
2020-11-12 21:26:48,960 INFO org.apache.commons.logging.impl.Jdk14Logger [main] Looking for @ControllerAdvice: org.springframework.boot.web.servlet.context.AnnotationConfigServletWebServerApplicationContext@7d446ed1: startup date [Thu Nov 12 21:26:32 IST 2020]; parent: org.springframework.context.annotation.AnnotationConfigApplicationContext@394df057
2020-11-12 21:26:49,313 INFO org.apache.commons.logging.impl.Jdk14Logger [main] Creating filter chain: Ant [pattern='/*/'], []
2020-11-12 21:26:49,313 INFO org.apache.commons.logging.impl.Jdk14Logger [main] Creating filter chain: Ant [pattern='/eureka/**.**'], []
2020-11-12 21:26:49,314 INFO org.apache.commons.logging.impl.Jdk14Logger [main] Creating filter chain: Ant [pattern='/eureka/**'], []
2020-11-12 21:26:49,315 INFO org.apache.commons.logging.impl.Jdk14Logger [main] Creating filter chain: Ant [pattern='**/scripts/**.js'], []
2020-11-12 21:26:49,315 INFO org.apache.commons.logging.impl.Jdk14Logger [main] Creating filter chain: Ant [pattern='/**.jpg'], []
2020-11-12 21:26:49,315 INFO org.apache.commons.logging.impl.Jdk14Logger [main] Creating filter chain: Ant [pattern='/**.ico'], []
2020-11-12 21:26:49,316 INFO org.apache.commons.logging.impl.Jdk14Logger [main] Creating filter chain: Ant [pattern='/**.html'], []
2020-11-12 21:26:49,316 INFO org.apache.commons.logging.impl.Jdk14Logger [main] Creating filter chain: Ant [pattern='/header.html'], []
2020-11-12 21:26:49,316 INFO org.apache.commons.logging.impl.Jdk14Logger [main] Creating filter chain: Ant [pattern='**.html'], []
2020-11-12 21:26:49,316 INFO org.apache.commons.logging.impl.Jdk14Logger [main] Creating filter chain: Ant [pattern='/**.css'], []
2020-11-12 21:26:49,317 INFO org.apache.commons.logging.impl.Jdk14Logger [main] Creating filter chain: Ant [pattern='/**.js'], []
2020-11-12 21:26:49,317 INFO org.apache.commons.logging.impl.Jdk14Logger [main] Creating filter chain: Ant [pattern='/eureka/**/**'], []
2020-11-12 21:26:49,318 INFO org.apache.commons.logging.impl.Jdk14Logger [main] Creating filter chain: Ant [pattern='/**', OPTIONS], []
2020-11-12 21:26:49,454 INFO org.apache.commons.logging.impl.Jdk14Logger [main] Creating filter chain: org.springframework.security.web.util.matcher.AnyRequestMatcher@1, [org.springframework.security.web.context.request.async.WebAsyncManagerIntegrationFilter@8c43966, org.springframework.security.web.context.SecurityContextPersistenceFilter@361cd35c, org.springframework.security.web.header.HeaderWriterFilter@5ec6fede, org.springframework.web.filter.CorsFilter@1efac5b9, org.springframework.security.web.authentication.logout.LogoutFilter@53a50b0a, com.ec.common.JWTUtils.JwtRequestFilter@aa01a93, org.springframework.security.web.savedrequest.RequestCacheAwareFilter@5eed6dfb, org.springframework.security.web.servletapi.SecurityContextHolderAwareRequestFilter@44bc2449, org.springframework.security.web.authentication.AnonymousAuthenticationFilter@11a3a45f, org.springframework.security.web.session.SessionManagementFilter@8fcc534, org.springframework.security.web.access.ExceptionTranslationFilter@273fa9e, org.springframework.security.web.access.intercept.FilterSecurityInterceptor@5a4dda2]
2020-11-12 21:26:49,562 WARN com.netflix.config.sources.URLConfigurationSource [main] No URLs will be polled as dynamic configuration sources.
2020-11-12 21:26:49,562 INFO com.netflix.config.sources.URLConfigurationSource [main] To enable URLs as dynamic configuration sources, define System property archaius.configurationSource.additionalUrls or make config.properties available on classpath.
2020-11-12 21:26:50,548 INFO org.apache.commons.logging.impl.Jdk14Logger [main] Exposing 2 endpoint(s) beneath base path '/actuator'
2020-11-12 21:26:50,569 INFO org.apache.commons.logging.impl.Jdk14Logger [main] Mapped "{[/actuator/health],methods=[GET],produces=[application/vnd.spring-boot.actuator.v2+json || application/json]}" onto public java.lang.Object org.springframework.boot.actuate.endpoint.web.servlet.AbstractWebMvcEndpointHandlerMapping$OperationHandler.handle(javax.servlet.http.HttpServletRequest,java.util.Map<java.lang.String, java.lang.String>)
2020-11-12 21:26:50,571 INFO org.apache.commons.logging.impl.Jdk14Logger [main] Mapped "{[/actuator/info],methods=[GET],produces=[application/vnd.spring-boot.actuator.v2+json || application/json]}" onto public java.lang.Object org.springframework.boot.actuate.endpoint.web.servlet.AbstractWebMvcEndpointHandlerMapping$OperationHandler.handle(javax.servlet.http.HttpServletRequest,java.util.Map<java.lang.String, java.lang.String>)
2020-11-12 21:26:50,573 INFO org.apache.commons.logging.impl.Jdk14Logger [main] Mapped "{[/actuator],methods=[GET],produces=[application/vnd.spring-boot.actuator.v2+json || application/json]}" onto protected java.util.Map<java.lang.String, java.util.Map<java.lang.String, org.springframework.boot.actuate.endpoint.web.Link>> org.springframework.boot.actuate.endpoint.web.servlet.WebMvcEndpointHandlerMapping.links(javax.servlet.http.HttpServletRequest,javax.servlet.http.HttpServletResponse)
2020-11-12 21:26:51,752 INFO org.apache.commons.logging.impl.Jdk14Logger [main] Starting filter initializer
2020-11-12 21:26:51,860 INFO org.apache.commons.logging.impl.Jdk14Logger [main] Registering beans for JMX exposure on startup
2020-11-12 21:26:51,863 INFO org.apache.commons.logging.impl.Jdk14Logger [main] Bean with name 'dataSource' has been autodetected for JMX exposure
2020-11-12 21:26:51,883 INFO org.apache.commons.logging.impl.Jdk14Logger [main] Bean with name 'environmentManager' has been autodetected for JMX exposure
2020-11-12 21:26:51,884 INFO org.apache.commons.logging.impl.Jdk14Logger [main] Bean with name 'refreshScope' has been autodetected for JMX exposure
2020-11-12 21:26:51,891 INFO org.apache.commons.logging.impl.Jdk14Logger [main] Bean with name 'configurationPropertiesRebinder' has been autodetected for JMX exposure
2020-11-12 21:26:51,897 INFO org.apache.commons.logging.impl.Jdk14Logger [main] Located managed bean 'environmentManager': registering with JMX server as MBean [gateway:name=environmentManager,type=EnvironmentManager]
2020-11-12 21:26:51,916 INFO org.apache.commons.logging.impl.Jdk14Logger [main] Located managed bean 'refreshScope': registering with JMX server as MBean [gateway:name=refreshScope,type=RefreshScope]
2020-11-12 21:26:51,947 INFO org.apache.commons.logging.impl.Jdk14Logger [main] Located managed bean 'configurationPropertiesRebinder': registering with JMX server as MBean [gateway:name=configurationPropertiesRebinder,context=7d446ed1,type=ConfigurationPropertiesRebinder]
2020-11-12 21:26:51,964 INFO org.apache.commons.logging.impl.Jdk14Logger [main] Located MBean 'dataSource': registering with JMX server as MBean [gateway:name=dataSource,type=HikariDataSource]
2020-11-12 21:26:52,012 INFO org.apache.juli.logging.DirectJDKLog [main] Starting ProtocolHandler ["http-nio-8080"]
2020-11-12 21:26:52,043 INFO org.apache.juli.logging.DirectJDKLog [main] Using a shared selector for servlet write/read
2020-11-12 21:26:52,088 INFO org.apache.commons.logging.impl.Jdk14Logger [main] Tomcat started on port(s): 8080 (http) with context path ''
2020-11-12 21:26:52,093 INFO org.apache.commons.logging.impl.Jdk14Logger [main] Started GatewayApplication in 41.412 seconds (JVM running for 47.446)
2020-11-12 21:26:57,073 INFO org.apache.juli.logging.DirectJDKLog [http-nio-8080-exec-2] Initializing Spring FrameworkServlet 'dispatcherServlet'
2020-11-12 21:26:57,076 INFO org.apache.commons.logging.impl.Jdk14Logger [http-nio-8080-exec-2] FrameworkServlet 'dispatcherServlet': initialization started
2020-11-12 21:26:57,269 INFO org.apache.commons.logging.impl.Jdk14Logger [http-nio-8080-exec-2] FrameworkServlet 'dispatcherServlet': initialization completed in 191 ms
2020-11-12 21:26:57,316 INFO org.apache.commons.logging.impl.Jdk14Logger [http-nio-8080-exec-2] Mapped URL path [/api/inventory/**] onto handler of type [class org.springframework.cloud.netflix.zuul.web.ZuulController]
2020-11-12 21:26:57,317 INFO org.apache.commons.logging.impl.Jdk14Logger [http-nio-8080-exec-2] Mapped URL path [/api/crm/**] onto handler of type [class org.springframework.cloud.netflix.zuul.web.ZuulController]
2020-11-12 21:26:58,648 DEBUG org.apache.commons.logging.impl.Jdk14Logger [http-nio-8080-exec-2] Before request [uri=/lanotification/token]
2020-11-12 21:26:58,649 DEBUG org.apache.commons.logging.impl.Jdk14Logger [http-nio-8080-exec-2] Before request [uri=/lanotification/token;client=0:0:0:0:0:0:0:1;user=sridhar]
2020-11-12 21:27:00,355 DEBUG org.apache.commons.logging.impl.Jdk14Logger [http-nio-8080-exec-2] After request [uri=/lanotification/token;client=0:0:0:0:0:0:0:1;user=sridhar;payload={
    "target": "fg0vkrfbTLuYmE7va1XDHu:APA91bEK-y2qmENQdC_4AIeLr6iU8lQ64ipcL1_bQmUcofguGAoVTSmCPc4PMHnS9d4qbQAP-DwEoRg3TzfXZrQGRXfHwZiu9DcrfpIyn_QSWDWixV-RMtK8-cgdWsFrTITvLKsfAlFM",
    "title":"dasdas",
    "body":"sadasd"
}]
2020-11-12 21:27:00,364 DEBUG org.apache.commons.logging.impl.Jdk14Logger [http-nio-8080-exec-2] REQUEST DATA : uri=/lanotification/token;payload={
    "target": "fg0vkrfbTLuYmE7va1XDHu:APA91bEK-y2qmENQdC_4AIeLr6iU8lQ64ipcL1_bQmUcofguGAoVTSmCPc4PMHnS9d4qbQAP-DwEoRg3TzfXZrQGRXfHwZiu9DcrfpIyn_QSWDWixV-RMtK8-cgdWsFrTITvLKsfAlFM",
    "title":"dasdas",
    "body":"sadasd"
}]
2020-11-12 21:29:05,543 INFO org.apache.commons.logging.impl.Jdk14Logger [RMI TCP Connection(5)-127.0.0.1] Application shutdown requested.
2020-11-12 21:29:05,545 INFO org.apache.commons.logging.impl.Jdk14Logger [RMI TCP Connection(5)-127.0.0.1] Closing org.springframework.boot.web.servlet.context.AnnotationConfigServletWebServerApplicationContext@7d446ed1: startup date [Thu Nov 12 21:26:32 IST 2020]; parent: org.springframework.context.annotation.AnnotationConfigApplicationContext@394df057
2020-11-12 21:29:05,551 INFO org.apache.commons.logging.impl.Jdk14Logger [RMI TCP Connection(5)-127.0.0.1] Stopping filter initializer
2020-11-12 21:29:05,556 INFO org.apache.commons.logging.impl.Jdk14Logger [RMI TCP Connection(5)-127.0.0.1] Unregistering JMX-exposed beans on shutdown
2020-11-12 21:29:05,557 INFO org.apache.commons.logging.impl.Jdk14Logger [RMI TCP Connection(5)-127.0.0.1] Unregistering JMX-exposed beans
2020-11-12 21:29:05,574 INFO org.apache.commons.logging.impl.Jdk14Logger [RMI TCP Connection(5)-127.0.0.1] Closing JPA EntityManagerFactory for persistence unit 'default'
2020-11-12 21:29:05,578 INFO com.zaxxer.hikari.HikariDataSource [RMI TCP Connection(5)-127.0.0.1] HikariPool-1 - Shutdown initiated...
2020-11-12 21:29:05,594 INFO com.zaxxer.hikari.HikariDataSource [RMI TCP Connection(5)-127.0.0.1] HikariPool-1 - Shutdown completed.
2020-11-12 21:29:05,595 INFO org.apache.juli.logging.DirectJDKLog [RMI TCP Connection(5)-127.0.0.1] Pausing ProtocolHandler ["http-nio-8080"]
2020-11-12 21:29:05,650 INFO org.apache.juli.logging.DirectJDKLog [RMI TCP Connection(5)-127.0.0.1] Stopping service [Tomcat]
2020-11-12 21:29:05,656 INFO org.apache.juli.logging.DirectJDKLog [localhost-startStop-2] Destroying Spring FrameworkServlet 'dispatcherServlet'
2020-11-12 21:29:05,665 WARN org.apache.juli.logging.DirectJDKLog [localhost-startStop-2] The web application [ROOT] appears to have started a thread named [RxIoScheduler-1 (Evictor)] but has failed to stop it. This is very likely to create a memory leak. Stack trace of thread:
 sun.misc.Unsafe.park(Native Method)
 java.util.concurrent.locks.LockSupport.parkNanos(LockSupport.java:215)
 java.util.concurrent.locks.AbstractQueuedSynchronizer$ConditionObject.awaitNanos(AbstractQueuedSynchronizer.java:2078)
 java.util.concurrent.ScheduledThreadPoolExecutor$DelayedWorkQueue.take(ScheduledThreadPoolExecutor.java:1093)
 java.util.concurrent.ScheduledThreadPoolExecutor$DelayedWorkQueue.take(ScheduledThreadPoolExecutor.java:809)
 java.util.concurrent.ThreadPoolExecutor.getTask(ThreadPoolExecutor.java:1074)
 java.util.concurrent.ThreadPoolExecutor.runWorker(ThreadPoolExecutor.java:1134)
 java.util.concurrent.ThreadPoolExecutor$Worker.run(ThreadPoolExecutor.java:624)
 java.lang.Thread.run(Thread.java:748)
2020-11-12 21:29:05,671 INFO org.apache.juli.logging.DirectJDKLog [RMI TCP Connection(5)-127.0.0.1] Stopping ProtocolHandler ["http-nio-8080"]
2020-11-12 21:29:05,677 INFO org.apache.juli.logging.DirectJDKLog [RMI TCP Connection(5)-127.0.0.1] Destroying ProtocolHandler ["http-nio-8080"]
2020-11-12 21:29:39,211 INFO org.apache.commons.logging.impl.Jdk14Logger [main] Refreshing org.springframework.context.annotation.AnnotationConfigApplicationContext@41e68d87: startup date [Thu Nov 12 21:29:39 IST 2020]; root of context hierarchy
2020-11-12 21:29:39,451 INFO org.apache.commons.logging.impl.Jdk14Logger [main] JSR-330 'javax.inject.Inject' annotation found and supported for autowiring
2020-11-12 21:29:39,521 INFO org.apache.commons.logging.impl.Jdk14Logger [main] Bean 'configurationPropertiesRebinderAutoConfiguration' of type [org.springframework.cloud.autoconfigure.ConfigurationPropertiesRebinderAutoConfiguration$$EnhancerBySpringCGLIB$$27e2a29b] is not eligible for getting processed by all BeanPostProcessors (for example: not eligible for auto-proxying)
2020-11-12 21:29:49,782 INFO org.apache.commons.logging.impl.Jdk14Logger [main] No active profile set, falling back to default profiles: default
2020-11-12 21:29:49,803 INFO org.apache.commons.logging.impl.Jdk14Logger [main] Refreshing org.springframework.boot.web.servlet.context.AnnotationConfigServletWebServerApplicationContext@70eecdc2: startup date [Thu Nov 12 21:29:49 IST 2020]; parent: org.springframework.context.annotation.AnnotationConfigApplicationContext@41e68d87
2020-11-12 21:29:51,693 INFO org.apache.commons.logging.impl.Jdk14Logger [main] Overriding bean definition for bean 'counterFactory' with a different definition: replacing [Root bean: class [null]; scope=; abstract=false; lazyInit=false; autowireMode=3; dependencyCheck=0; autowireCandidate=true; primary=false; factoryBeanName=org.springframework.cloud.netflix.zuul.ZuulServerAutoConfiguration$ZuulMetricsConfiguration; factoryMethodName=counterFactory; initMethodName=null; destroyMethodName=(inferred); defined in class path resource [org/springframework/cloud/netflix/zuul/ZuulServerAutoConfiguration$ZuulMetricsConfiguration.class]] with [Root bean: class [null]; scope=; abstract=false; lazyInit=false; autowireMode=3; dependencyCheck=0; autowireCandidate=true; primary=false; factoryBeanName=org.springframework.cloud.netflix.zuul.ZuulServerAutoConfiguration$ZuulCounterFactoryConfiguration; factoryMethodName=counterFactory; initMethodName=null; destroyMethodName=(inferred); defined in class path resource [org/springframework/cloud/netflix/zuul/ZuulServerAutoConfiguration$ZuulCounterFactoryConfiguration.class]]
2020-11-12 21:29:51,825 INFO org.apache.commons.logging.impl.Jdk14Logger [main] Overriding bean definition for bean 'dataSource' with a different definition: replacing [Root bean: class [null]; scope=refresh; abstract=false; lazyInit=false; autowireMode=3; dependencyCheck=0; autowireCandidate=false; primary=false; factoryBeanName=org.springframework.boot.autoconfigure.jdbc.DataSourceConfiguration$Hikari; factoryMethodName=dataSource; initMethodName=null; destroyMethodName=(inferred); defined in class path resource [org/springframework/boot/autoconfigure/jdbc/DataSourceConfiguration$Hikari.class]] with [Root bean: class [org.springframework.aop.scope.ScopedProxyFactoryBean]; scope=; abstract=false; lazyInit=false; autowireMode=0; dependencyCheck=0; autowireCandidate=true; primary=false; factoryBeanName=null; factoryMethodName=null; initMethodName=null; destroyMethodName=null; defined in BeanDefinition defined in class path resource [org/springframework/boot/autoconfigure/jdbc/DataSourceConfiguration$Hikari.class]]
2020-11-12 21:29:52,172 INFO org.apache.commons.logging.impl.Jdk14Logger [main] BeanFactory id=d9584f2f-316a-3d06-a470-48069670a8f9
2020-11-12 21:29:52,215 INFO org.apache.commons.logging.impl.Jdk14Logger [main] JSR-330 'javax.inject.Inject' annotation found and supported for autowiring
2020-11-12 21:29:52,432 INFO org.apache.commons.logging.impl.Jdk14Logger [main] Bean 'org.springframework.ws.config.annotation.DelegatingWsConfiguration' of type [org.springframework.ws.config.annotation.DelegatingWsConfiguration$$EnhancerBySpringCGLIB$$b060649d] is not eligible for getting processed by all BeanPostProcessors (for example: not eligible for auto-proxying)
2020-11-12 21:29:52,492 INFO org.apache.commons.logging.impl.Jdk14Logger [main] Supporting [WS-Addressing August 2004, WS-Addressing 1.0]
2020-11-12 21:29:52,625 INFO org.apache.commons.logging.impl.Jdk14Logger [main] Bean 'org.springframework.transaction.annotation.ProxyTransactionManagementConfiguration' of type [org.springframework.transaction.annotation.ProxyTransactionManagementConfiguration$$EnhancerBySpringCGLIB$$bc89f9e] is not eligible for getting processed by all BeanPostProcessors (for example: not eligible for auto-proxying)
2020-11-12 21:29:53,174 INFO org.apache.commons.logging.impl.Jdk14Logger [main] Bean 'org.springframework.security.config.annotation.configuration.ObjectPostProcessorConfiguration' of type [org.springframework.security.config.annotation.configuration.ObjectPostProcessorConfiguration$$EnhancerBySpringCGLIB$$a47667d8] is not eligible for getting processed by all BeanPostProcessors (for example: not eligible for auto-proxying)
2020-11-12 21:29:53,204 INFO org.apache.commons.logging.impl.Jdk14Logger [main] Bean 'objectPostProcessor' of type [org.springframework.security.config.annotation.configuration.AutowireBeanFactoryObjectPostProcessor] is not eligible for getting processed by all BeanPostProcessors (for example: not eligible for auto-proxying)
2020-11-12 21:29:53,210 INFO org.apache.commons.logging.impl.Jdk14Logger [main] Bean 'org.springframework.security.access.expression.method.DefaultMethodSecurityExpressionHandler@70b2fa10' of type [org.springframework.security.access.expression.method.DefaultMethodSecurityExpressionHandler] is not eligible for getting processed by all BeanPostProcessors (for example: not eligible for auto-proxying)
2020-11-12 21:29:53,223 INFO org.apache.commons.logging.impl.Jdk14Logger [main] Bean 'org.springframework.security.config.annotation.method.configuration.GlobalMethodSecurityConfiguration' of type [org.springframework.security.config.annotation.method.configuration.GlobalMethodSecurityConfiguration$$EnhancerBySpringCGLIB$$c94b0a8a] is not eligible for getting processed by all BeanPostProcessors (for example: not eligible for auto-proxying)
2020-11-12 21:29:53,245 INFO org.apache.commons.logging.impl.Jdk14Logger [main] Bean 'methodSecurityMetadataSource' of type [org.springframework.security.access.method.DelegatingMethodSecurityMetadataSource] is not eligible for getting processed by all BeanPostProcessors (for example: not eligible for auto-proxying)
2020-11-12 21:29:53,307 INFO org.apache.commons.logging.impl.Jdk14Logger [main] Bean 'org.springframework.cloud.autoconfigure.ConfigurationPropertiesRebinderAutoConfiguration' of type [org.springframework.cloud.autoconfigure.ConfigurationPropertiesRebinderAutoConfiguration$$EnhancerBySpringCGLIB$$27e2a29b] is not eligible for getting processed by all BeanPostProcessors (for example: not eligible for auto-proxying)
2020-11-12 21:29:54,246 INFO org.apache.commons.logging.impl.Jdk14Logger [main] Tomcat initialized with port(s): 8080 (http)
2020-11-12 21:29:54,265 INFO org.apache.juli.logging.DirectJDKLog [main] Initializing ProtocolHandler ["http-nio-8080"]
2020-11-12 21:29:54,279 INFO org.apache.juli.logging.DirectJDKLog [main] Starting service [Tomcat]
2020-11-12 21:29:54,279 INFO org.apache.juli.logging.DirectJDKLog [main] Starting Servlet Engine: Apache Tomcat/8.5.34
2020-11-12 21:29:54,286 INFO org.apache.juli.logging.DirectJDKLog [localhost-startStop-1] The APR based Apache Tomcat Native library which allows optimal performance in production environments was not found on the java.library.path: [/Users/bsridharpatnaik/Library/Java/Extensions:/Library/Java/Extensions:/Network/Library/Java/Extensions:/System/Library/Java/Extensions:/usr/lib/java:.]
2020-11-12 21:29:54,463 INFO org.apache.juli.logging.DirectJDKLog [localhost-startStop-1] Initializing Spring embedded WebApplicationContext
2020-11-12 21:29:54,464 INFO org.apache.commons.logging.impl.Jdk14Logger [localhost-startStop-1] Root WebApplicationContext: initialization completed in 4660 ms
2020-11-12 21:29:54,789 WARN com.netflix.config.sources.URLConfigurationSource [localhost-startStop-1] No URLs will be polled as dynamic configuration sources.
2020-11-12 21:29:54,789 INFO com.netflix.config.sources.URLConfigurationSource [localhost-startStop-1] To enable URLs as dynamic configuration sources, define System property archaius.configurationSource.additionalUrls or make config.properties available on classpath.
2020-11-12 21:29:54,806 INFO com.netflix.config.DynamicPropertyFactory [localhost-startStop-1] DynamicPropertyFactory is initialized with configuration sources: com.netflix.config.ConcurrentCompositeConfiguration@2342c4ae
2020-11-12 21:29:56,765 INFO com.zaxxer.hikari.HikariDataSource [localhost-startStop-1] HikariPool-1 - Starting...
2020-11-12 21:29:57,104 INFO com.zaxxer.hikari.HikariDataSource [localhost-startStop-1] HikariPool-1 - Start completed.
2020-11-12 21:29:57,183 INFO org.apache.commons.logging.impl.Jdk14Logger [localhost-startStop-1] Building JPA container EntityManagerFactory for persistence unit 'default'
2020-11-12 21:29:57,201 INFO org.hibernate.jpa.internal.util.LogHelper [localhost-startStop-1] HHH000204: Processing PersistenceUnitInfo [
	name: default
	...]
2020-11-12 21:29:57,442 INFO org.hibernate.Version [localhost-startStop-1] HHH000412: Hibernate Core {5.2.17.Final}
2020-11-12 21:29:57,449 INFO org.hibernate.cfg.Environment [localhost-startStop-1] HHH000206: hibernate.properties not found
2020-11-12 21:29:57,546 INFO org.hibernate.annotations.common.reflection.java.JavaReflectionManager [localhost-startStop-1] HCANN000001: Hibernate Commons Annotations {5.0.1.Final}
2020-11-12 21:29:57,799 INFO org.hibernate.dialect.Dialect [localhost-startStop-1] HHH000400: Using dialect: org.hibernate.dialect.MySQL5InnoDBDialect
2020-11-12 21:29:57,884 INFO org.hibernate.envers.boot.internal.EnversServiceImpl [localhost-startStop-1] Envers integration enabled? : true
2020-11-12 21:29:59,127 INFO org.apache.commons.logging.impl.Jdk14Logger [localhost-startStop-1] Initialized JPA EntityManagerFactory for persistence unit 'default'
2020-11-12 21:29:59,852 INFO org.apache.commons.logging.impl.Jdk14Logger [localhost-startStop-1] Mapping filter: 'characterEncodingFilter' to: [/*]
2020-11-12 21:29:59,854 INFO org.apache.commons.logging.impl.Jdk14Logger [localhost-startStop-1] Mapping filter: 'webMvcMetricsFilter' to: [/*]
2020-11-12 21:29:59,856 INFO org.apache.commons.logging.impl.Jdk14Logger [localhost-startStop-1] Mapping filter: 'springSecurityFilterChain' to: [/*]
2020-11-12 21:29:59,857 INFO org.apache.commons.logging.impl.Jdk14Logger [localhost-startStop-1] Mapping filter: 'httpTraceFilter' to: [/*]
2020-11-12 21:29:59,857 INFO org.apache.commons.logging.impl.Jdk14Logger [localhost-startStop-1] Mapping filter: 'jwtRequestFilter' to: [/*]
2020-11-12 21:29:59,858 INFO org.apache.commons.logging.impl.Jdk14Logger [localhost-startStop-1] Mapping filter: 'logFilter' to: [/*]
2020-11-12 21:29:59,858 INFO org.apache.commons.logging.impl.Jdk14Logger [localhost-startStop-1] Mapping filter: 'requestLoggingFilter' to: [/*]
2020-11-12 21:29:59,860 INFO org.apache.commons.logging.impl.Jdk14Logger [localhost-startStop-1] Servlet dispatcherServlet mapped to [/]
2020-11-12 21:29:59,863 INFO org.apache.commons.logging.impl.Jdk14Logger [localhost-startStop-1] Servlet messageDispatcherServlet mapped to [/services/*]
2020-11-12 21:29:59,865 INFO org.apache.commons.logging.impl.Jdk14Logger [localhost-startStop-1] Servlet zuulServlet mapped to [/zuul/*]
2020-11-12 21:29:59,900 DEBUG org.apache.commons.logging.impl.Jdk14Logger [localhost-startStop-1] Initializing filter 'requestLoggingFilter'
2020-11-12 21:29:59,900 DEBUG org.apache.commons.logging.impl.Jdk14Logger [localhost-startStop-1] Filter 'requestLoggingFilter' configured successfully
2020-11-12 21:29:59,903 DEBUG org.apache.commons.logging.impl.Jdk14Logger [localhost-startStop-1] Initializing filter 'logFilter'
2020-11-12 21:29:59,903 DEBUG org.apache.commons.logging.impl.Jdk14Logger [localhost-startStop-1] Filter 'logFilter' configured successfully
2020-11-12 21:30:01,379 INFO org.hibernate.hql.internal.QueryTranslatorFactoryInitiator [main] HHH000397: Using ASTQueryTranslatorFactory
2020-11-12 21:30:02,126 WARN org.apache.commons.logging.impl.Jdk14Logger [main] spring.jpa.open-in-view is enabled by default. Therefore, database queries may be performed during view rendering. Explicitly configure spring.jpa.open-in-view to disable this warning
2020-11-12 21:30:02,233 INFO org.apache.commons.logging.impl.Jdk14Logger [main] Mapped "{[/contact],methods=[GET],produces=[application/json || text/json]}" onto public com.ec.common.Data.ContactsWithTypeAhead com.ec.common.Controller.ContactController.returnAllContacts(java.lang.Integer,org.springframework.data.domain.Pageable)
2020-11-12 21:30:02,237 INFO org.apache.commons.logging.impl.Jdk14Logger [main] Mapped "{[/contact],methods=[POST],produces=[application/json || text/json]}" onto public com.ec.common.Data.ContactsWithTypeAhead com.ec.common.Controller.ContactController.returnFilteredContacts(com.ec.common.Filters.FilterDataList,org.springframework.data.domain.Pageable)
2020-11-12 21:30:02,238 INFO org.apache.commons.logging.impl.Jdk14Logger [main] Mapped "{[/contact/{id}],methods=[GET],produces=[application/json || text/json]}" onto public com.ec.common.Model.ContactAllInfo com.ec.common.Controller.ContactController.findContactbyvehicleNoContacts(long) throws java.lang.Exception
2020-11-12 21:30:02,239 INFO org.apache.commons.logging.impl.Jdk14Logger [main] Mapped "{[/contact/{id}],methods=[DELETE],produces=[application/json || text/json]}" onto public org.springframework.http.ResponseEntity<?> com.ec.common.Controller.ContactController.deleteContact(java.lang.Long) throws java.lang.Exception
2020-11-12 21:30:02,240 INFO org.apache.commons.logging.impl.Jdk14Logger [main] Mapped "{[/contact/create],methods=[POST],produces=[application/json || text/json]}" onto public com.ec.common.Model.ContactAllInfo com.ec.common.Controller.ContactController.createContact(com.ec.common.Model.ContactAllInfo) throws java.lang.Exception
2020-11-12 21:30:02,241 INFO org.apache.commons.logging.impl.Jdk14Logger [main] Mapped "{[/contact/{id}],methods=[PUT],produces=[application/json || text/json]}" onto public com.ec.common.Model.ContactAllInfo com.ec.common.Controller.ContactController.updateContact(java.lang.Long,com.ec.common.Model.ContactAllInfo) throws java.lang.Exception
2020-11-12 21:30:02,245 INFO org.apache.commons.logging.impl.Jdk14Logger [main] Mapped "{[/contact/iscontactused/{id}],methods=[GET],produces=[application/json || text/json]}" onto public java.lang.Boolean com.ec.common.Controller.ContactController.checkIfContactUsed(long) throws java.lang.Exception
2020-11-12 21:30:02,248 INFO org.apache.commons.logging.impl.Jdk14Logger [main] Mapped "{[/emailconfig],methods=[GET],produces=[application/json || text/json]}" onto public com.ec.common.Data.EmailConfigData com.ec.common.Controller.EmailController.returnEmailConfig()
2020-11-12 21:30:02,255 INFO org.apache.commons.logging.impl.Jdk14Logger [main] Mapped "{[/lanotification/token],methods=[POST]}" onto public java.lang.String com.ec.common.Controller.LeadActivityNotificationController.sendPnsToDevice(com.ec.common.Data.LANotificationRequestDto)
2020-11-12 21:30:02,256 INFO org.apache.commons.logging.impl.Jdk14Logger [main] Mapped "{[/ec/login],methods=[POST],produces=[application/json || text/json]}" onto public org.springframework.http.ResponseEntity<?> com.ec.common.Controller.LoginController.login(com.ec.common.Data.UserSignInData) throws java.lang.Exception
2020-11-12 21:30:02,260 INFO org.apache.commons.logging.impl.Jdk14Logger [main] Mapped "{[/role],methods=[GET],produces=[application/json || text/json]}" onto public org.springframework.data.domain.Page<com.ec.common.Model.Role> com.ec.common.Controller.RoleController.returnAllRoles(org.springframework.data.domain.Pageable)
2020-11-12 21:30:02,261 INFO org.apache.commons.logging.impl.Jdk14Logger [main] Mapped "{[/role/create],methods=[POST],produces=[application/json || text/json]}" onto public com.ec.common.Model.Role com.ec.common.Controller.RoleController.createRole(com.ec.common.Model.Role) throws java.lang.Exception
2020-11-12 21:30:02,263 INFO org.apache.commons.logging.impl.Jdk14Logger [main] Mapped "{[/token],methods=[PUT],produces=[application/json || text/json]}" onto public void com.ec.common.Controller.TokenController.updateTokenForUser(com.ec.common.Data.TokenData) throws java.lang.Exception
2020-11-12 21:30:02,264 INFO org.apache.commons.logging.impl.Jdk14Logger [main] Mapped "{[/token],methods=[GET],produces=[application/json || text/json]}" onto public java.util.List<com.ec.common.Data.AndroidTokenDetailsDTO> com.ec.common.Controller.TokenController.getAllTokens()
2020-11-12 21:30:02,264 INFO org.apache.commons.logging.impl.Jdk14Logger [main] Mapped "{[/token],methods=[DELETE],produces=[application/json || text/json]}" onto public void com.ec.common.Controller.TokenController.DeleteToken() throws java.lang.Exception
2020-11-12 21:30:02,277 INFO org.apache.commons.logging.impl.Jdk14Logger [main] Mapped "{[/user],methods=[POST],produces=[application/json || text/json]}" onto public com.ec.common.Data.UserListWithTypeAheadData com.ec.common.Controller.UserController.returnFilteredContacts(com.ec.common.Filters.FilterDataList,org.springframework.data.domain.Pageable)
2020-11-12 21:30:02,277 INFO org.apache.commons.logging.impl.Jdk14Logger [main] Mapped "{[/user],methods=[GET],produces=[application/json || text/json]}" onto public com.ec.common.Data.UserListWithTypeAheadData com.ec.common.Controller.UserController.returnAllUsers(org.springframework.data.domain.Pageable)
2020-11-12 21:30:02,278 INFO org.apache.commons.logging.impl.Jdk14Logger [main] Mapped "{[/user/create],methods=[POST],produces=[application/json || text/json]}" onto public com.ec.common.Model.User com.ec.common.Controller.UserController.createUser(com.ec.common.Data.CreateUserData) throws java.lang.Exception
2020-11-12 21:30:02,280 INFO org.apache.commons.logging.impl.Jdk14Logger [main] Mapped "{[/user/{id}],methods=[PUT],produces=[application/json || text/json]}" onto public com.ec.common.Model.User com.ec.common.Controller.UserController.updateUser(java.lang.Long,com.ec.common.Data.CreateUserData) throws java.lang.Exception
2020-11-12 21:30:02,280 INFO org.apache.commons.logging.impl.Jdk14Logger [main] Mapped "{[/user/updatepassword],methods=[POST],produces=[application/json || text/json]}" onto public com.ec.common.Model.User com.ec.common.Controller.UserController.updateUser(com.ec.common.Data.ResetPasswordData) throws java.lang.Exception
2020-11-12 21:30:02,281 INFO org.apache.commons.logging.impl.Jdk14Logger [main] Mapped "{[/user/{id}],methods=[GET],produces=[application/json || text/json]}" onto public com.ec.common.Model.User com.ec.common.Controller.UserController.findUserByID(long) throws java.lang.Exception
2020-11-12 21:30:02,286 INFO org.apache.commons.logging.impl.Jdk14Logger [main] Mapped "{[/user/list],methods=[GET],produces=[application/json || text/json]}" onto public java.util.List<com.ec.common.Data.UserReturnData> com.ec.common.Controller.UserController.findLimitedDetailsForUserByID() throws java.lang.Exception
2020-11-12 21:30:02,287 INFO org.apache.commons.logging.impl.Jdk14Logger [main] Mapped "{[/user/byid/{id}],methods=[GET],produces=[application/json || text/json]}" onto public com.ec.common.Data.UserReturnData com.ec.common.Controller.UserController.findLimitedDetailsForUserByID(long) throws java.lang.Exception
2020-11-12 21:30:02,287 INFO org.apache.commons.logging.impl.Jdk14Logger [main] Mapped "{[/user/byname/{name}],methods=[GET],produces=[application/json || text/json]}" onto public com.ec.common.Data.UserReturnData com.ec.common.Controller.UserController.findLimitedDetailsForUserByID(java.lang.String) throws java.lang.Exception
2020-11-12 21:30:02,288 INFO org.apache.commons.logging.impl.Jdk14Logger [main] Mapped "{[/user/updateroles],methods=[POST],produces=[application/json || text/json]}" onto public com.ec.common.Model.User com.ec.common.Controller.UserController.updateRolesForUser(com.ec.common.Data.UpdateRolesForUserData) throws java.lang.Exception
2020-11-12 21:30:02,289 INFO org.apache.commons.logging.impl.Jdk14Logger [main] Mapped "{[/user/me],methods=[GET],produces=[application/json]}" onto public com.ec.common.Data.UserReturnData com.ec.common.Controller.UserController.returnUserName()
2020-11-12 21:30:02,310 INFO org.apache.commons.logging.impl.Jdk14Logger [main] Mapped "{[/error]}" onto public org.springframework.http.ResponseEntity<java.util.Map<java.lang.String, java.lang.Object>> org.springframework.boot.autoconfigure.web.servlet.error.BasicErrorController.error(javax.servlet.http.HttpServletRequest)
2020-11-12 21:30:02,312 INFO org.apache.commons.logging.impl.Jdk14Logger [main] Mapped "{[/error],produces=[text/html]}" onto public org.springframework.web.servlet.ModelAndView org.springframework.boot.autoconfigure.web.servlet.error.BasicErrorController.errorHtml(javax.servlet.http.HttpServletRequest,javax.servlet.http.HttpServletResponse)
2020-11-12 21:30:02,426 INFO org.apache.commons.logging.impl.Jdk14Logger [main] Mapped URL path [/eureka/**] onto handler of type [class org.springframework.web.servlet.resource.ResourceHttpRequestHandler]
2020-11-12 21:30:02,807 INFO org.apache.commons.logging.impl.Jdk14Logger [main] Looking for @ControllerAdvice: org.springframework.boot.web.servlet.context.AnnotationConfigServletWebServerApplicationContext@70eecdc2: startup date [Thu Nov 12 21:29:49 IST 2020]; parent: org.springframework.context.annotation.AnnotationConfigApplicationContext@41e68d87
2020-11-12 21:30:03,050 INFO org.apache.commons.logging.impl.Jdk14Logger [main] Creating filter chain: Ant [pattern='/*/'], []
2020-11-12 21:30:03,056 INFO org.apache.commons.logging.impl.Jdk14Logger [main] Creating filter chain: Ant [pattern='/eureka/**.**'], []
2020-11-12 21:30:03,056 INFO org.apache.commons.logging.impl.Jdk14Logger [main] Creating filter chain: Ant [pattern='/eureka/**'], []
2020-11-12 21:30:03,057 INFO org.apache.commons.logging.impl.Jdk14Logger [main] Creating filter chain: Ant [pattern='**/scripts/**.js'], []
2020-11-12 21:30:03,058 INFO org.apache.commons.logging.impl.Jdk14Logger [main] Creating filter chain: Ant [pattern='/**.jpg'], []
2020-11-12 21:30:03,059 INFO org.apache.commons.logging.impl.Jdk14Logger [main] Creating filter chain: Ant [pattern='/**.ico'], []
2020-11-12 21:30:03,060 INFO org.apache.commons.logging.impl.Jdk14Logger [main] Creating filter chain: Ant [pattern='/**.html'], []
2020-11-12 21:30:03,061 INFO org.apache.commons.logging.impl.Jdk14Logger [main] Creating filter chain: Ant [pattern='/header.html'], []
2020-11-12 21:30:03,061 INFO org.apache.commons.logging.impl.Jdk14Logger [main] Creating filter chain: Ant [pattern='**.html'], []
2020-11-12 21:30:03,062 INFO org.apache.commons.logging.impl.Jdk14Logger [main] Creating filter chain: Ant [pattern='/**.css'], []
2020-11-12 21:30:03,062 INFO org.apache.commons.logging.impl.Jdk14Logger [main] Creating filter chain: Ant [pattern='/**.js'], []
2020-11-12 21:30:03,062 INFO org.apache.commons.logging.impl.Jdk14Logger [main] Creating filter chain: Ant [pattern='/eureka/**/**'], []
2020-11-12 21:30:03,063 INFO org.apache.commons.logging.impl.Jdk14Logger [main] Creating filter chain: Ant [pattern='/**', OPTIONS], []
2020-11-12 21:30:03,265 INFO org.apache.commons.logging.impl.Jdk14Logger [main] Creating filter chain: org.springframework.security.web.util.matcher.AnyRequestMatcher@1, [org.springframework.security.web.context.request.async.WebAsyncManagerIntegrationFilter@6df2a206, org.springframework.security.web.context.SecurityContextPersistenceFilter@789dd6bf, org.springframework.security.web.header.HeaderWriterFilter@213012a0, org.springframework.web.filter.CorsFilter@61993d18, org.springframework.security.web.authentication.logout.LogoutFilter@40a8a26f, com.ec.common.JWTUtils.JwtRequestFilter@3f716ac6, org.springframework.security.web.savedrequest.RequestCacheAwareFilter@965bcbc, org.springframework.security.web.servletapi.SecurityContextHolderAwareRequestFilter@6cc8da1c, org.springframework.security.web.authentication.AnonymousAuthenticationFilter@6f240187, org.springframework.security.web.session.SessionManagementFilter@1b60d324, org.springframework.security.web.access.ExceptionTranslationFilter@433d93e7, org.springframework.security.web.access.intercept.FilterSecurityInterceptor@26865b57]
2020-11-12 21:30:03,341 WARN com.netflix.config.sources.URLConfigurationSource [main] No URLs will be polled as dynamic configuration sources.
2020-11-12 21:30:03,342 INFO com.netflix.config.sources.URLConfigurationSource [main] To enable URLs as dynamic configuration sources, define System property archaius.configurationSource.additionalUrls or make config.properties available on classpath.
2020-11-12 21:30:04,460 INFO org.apache.commons.logging.impl.Jdk14Logger [main] Exposing 2 endpoint(s) beneath base path '/actuator'
2020-11-12 21:30:04,493 INFO org.apache.commons.logging.impl.Jdk14Logger [main] Mapped "{[/actuator/health],methods=[GET],produces=[application/vnd.spring-boot.actuator.v2+json || application/json]}" onto public java.lang.Object org.springframework.boot.actuate.endpoint.web.servlet.AbstractWebMvcEndpointHandlerMapping$OperationHandler.handle(javax.servlet.http.HttpServletRequest,java.util.Map<java.lang.String, java.lang.String>)
2020-11-12 21:30:04,495 INFO org.apache.commons.logging.impl.Jdk14Logger [main] Mapped "{[/actuator/info],methods=[GET],produces=[application/vnd.spring-boot.actuator.v2+json || application/json]}" onto public java.lang.Object org.springframework.boot.actuate.endpoint.web.servlet.AbstractWebMvcEndpointHandlerMapping$OperationHandler.handle(javax.servlet.http.HttpServletRequest,java.util.Map<java.lang.String, java.lang.String>)
2020-11-12 21:30:04,496 INFO org.apache.commons.logging.impl.Jdk14Logger [main] Mapped "{[/actuator],methods=[GET],produces=[application/vnd.spring-boot.actuator.v2+json || application/json]}" onto protected java.util.Map<java.lang.String, java.util.Map<java.lang.String, org.springframework.boot.actuate.endpoint.web.Link>> org.springframework.boot.actuate.endpoint.web.servlet.WebMvcEndpointHandlerMapping.links(javax.servlet.http.HttpServletRequest,javax.servlet.http.HttpServletResponse)
2020-11-12 21:30:05,689 INFO org.apache.commons.logging.impl.Jdk14Logger [main] Starting filter initializer
2020-11-12 21:30:05,789 INFO org.apache.commons.logging.impl.Jdk14Logger [main] Registering beans for JMX exposure on startup
2020-11-12 21:30:05,794 INFO org.apache.commons.logging.impl.Jdk14Logger [main] Bean with name 'dataSource' has been autodetected for JMX exposure
2020-11-12 21:30:05,825 INFO org.apache.commons.logging.impl.Jdk14Logger [main] Bean with name 'environmentManager' has been autodetected for JMX exposure
2020-11-12 21:30:05,828 INFO org.apache.commons.logging.impl.Jdk14Logger [main] Bean with name 'refreshScope' has been autodetected for JMX exposure
2020-11-12 21:30:05,836 INFO org.apache.commons.logging.impl.Jdk14Logger [main] Bean with name 'configurationPropertiesRebinder' has been autodetected for JMX exposure
2020-11-12 21:30:05,844 INFO org.apache.commons.logging.impl.Jdk14Logger [main] Located managed bean 'environmentManager': registering with JMX server as MBean [gateway:name=environmentManager,type=EnvironmentManager]
2020-11-12 21:30:05,871 INFO org.apache.commons.logging.impl.Jdk14Logger [main] Located managed bean 'refreshScope': registering with JMX server as MBean [gateway:name=refreshScope,type=RefreshScope]
2020-11-12 21:30:05,892 INFO org.apache.commons.logging.impl.Jdk14Logger [main] Located managed bean 'configurationPropertiesRebinder': registering with JMX server as MBean [gateway:name=configurationPropertiesRebinder,context=70eecdc2,type=ConfigurationPropertiesRebinder]
2020-11-12 21:30:05,907 INFO org.apache.commons.logging.impl.Jdk14Logger [main] Located MBean 'dataSource': registering with JMX server as MBean [gateway:name=dataSource,type=HikariDataSource]
2020-11-12 21:30:05,944 INFO org.apache.juli.logging.DirectJDKLog [main] Starting ProtocolHandler ["http-nio-8080"]
2020-11-12 21:30:05,962 INFO org.apache.juli.logging.DirectJDKLog [main] Using a shared selector for servlet write/read
2020-11-12 21:30:06,034 INFO org.apache.commons.logging.impl.Jdk14Logger [main] Tomcat started on port(s): 8080 (http) with context path ''
2020-11-12 21:30:06,042 INFO org.apache.commons.logging.impl.Jdk14Logger [main] Started GatewayApplication in 38.517 seconds (JVM running for 44.798)
2020-11-12 21:30:41,974 INFO org.apache.juli.logging.DirectJDKLog [http-nio-8080-exec-1] Initializing Spring FrameworkServlet 'dispatcherServlet'
2020-11-12 21:30:41,977 INFO org.apache.commons.logging.impl.Jdk14Logger [http-nio-8080-exec-1] FrameworkServlet 'dispatcherServlet': initialization started
2020-11-12 21:30:42,127 INFO org.apache.commons.logging.impl.Jdk14Logger [http-nio-8080-exec-1] FrameworkServlet 'dispatcherServlet': initialization completed in 149 ms
2020-11-12 21:30:42,213 INFO org.apache.commons.logging.impl.Jdk14Logger [http-nio-8080-exec-1] Mapped URL path [/api/inventory/**] onto handler of type [class org.springframework.cloud.netflix.zuul.web.ZuulController]
2020-11-12 21:30:42,214 INFO org.apache.commons.logging.impl.Jdk14Logger [http-nio-8080-exec-1] Mapped URL path [/api/crm/**] onto handler of type [class org.springframework.cloud.netflix.zuul.web.ZuulController]
2020-11-12 21:30:43,178 DEBUG org.apache.commons.logging.impl.Jdk14Logger [http-nio-8080-exec-1] Before request [uri=/lanotification/token]
2020-11-12 21:30:43,179 DEBUG org.apache.commons.logging.impl.Jdk14Logger [http-nio-8080-exec-1] Before request [uri=/lanotification/token;client=0:0:0:0:0:0:0:1;user=sridhar]
2020-11-12 21:31:27,358 DEBUG org.apache.commons.logging.impl.Jdk14Logger [http-nio-8080-exec-1] After request [uri=/lanotification/token;client=0:0:0:0:0:0:0:1;user=sridhar;payload={
    "target": "fg0vkrfbTLuYmE7va1XDHu:APA91bGQGwilPNj7UQyRg_7m9BaMtHirWXtyXI_RKfDdkPjqvqMdA7QZZEYEXlm4wbYM_FOJrSLHDTxtRrUxRlgPWm5oylBzcV-7H4M-VufYdqdLvlcMWW9SpfXMbBptCEK3cVh2gxuw",
    "title":"dasdas",
    "body":"sadasd"
}]
2020-11-12 21:31:27,360 DEBUG org.apache.commons.logging.impl.Jdk14Logger [http-nio-8080-exec-1] REQUEST DATA : uri=/lanotification/token;payload={
    "target": "fg0vkrfbTLuYmE7va1XDHu:APA91bGQGwilPNj7UQyRg_7m9BaMtHirWXtyXI_RKfDdkPjqvqMdA7QZZEYEXlm4wbYM_FOJrSLHDTxtRrUxRlgPWm5oylBzcV-7H4M-VufYdqdLvlcMWW9SpfXMbBptCEK3cVh2gxuw",
    "title":"dasdas",
    "body":"sadasd"
}]
2020-11-12 21:31:42,583 DEBUG org.apache.commons.logging.impl.Jdk14Logger [http-nio-8080-exec-3] Before request [uri=/lanotification/token]
2020-11-12 21:31:42,588 DEBUG org.apache.commons.logging.impl.Jdk14Logger [http-nio-8080-exec-3] Before request [uri=/lanotification/token;client=0:0:0:0:0:0:0:1;user=sridhar]
2020-11-12 21:31:48,464 DEBUG org.apache.commons.logging.impl.Jdk14Logger [http-nio-8080-exec-3] After request [uri=/lanotification/token;client=0:0:0:0:0:0:0:1;user=sridhar;payload={
    "target": "fg0vkrfbTLuYmE7va1XDHu:APA91bGQGwilPNj7UQyRg_7m9BaMtHirWXtyXI_RKfDdkPjqvqMdA7QZZEYEXlm4wbYM_FOJrSLHDTxtRrUxRlgPWm5oylBzcV-7H4M-VufYdqdLvlcMWW9SpfXMbBptCEK3cVh2gxuw",
    "title":"dasdas",
    "body":"sadasd"
}]
2020-11-12 21:31:48,468 DEBUG org.apache.commons.logging.impl.Jdk14Logger [http-nio-8080-exec-3] REQUEST DATA : uri=/lanotification/token;payload={
    "target": "fg0vkrfbTLuYmE7va1XDHu:APA91bGQGwilPNj7UQyRg_7m9BaMtHirWXtyXI_RKfDdkPjqvqMdA7QZZEYEXlm4wbYM_FOJrSLHDTxtRrUxRlgPWm5oylBzcV-7H4M-VufYdqdLvlcMWW9SpfXMbBptCEK3cVh2gxuw",
    "title":"dasdas",
    "body":"sadasd"
}]
2020-11-12 21:32:17,512 DEBUG org.apache.commons.logging.impl.Jdk14Logger [http-nio-8080-exec-4] Before request [uri=/lanotification/token]
2020-11-12 21:32:17,514 DEBUG org.apache.commons.logging.impl.Jdk14Logger [http-nio-8080-exec-4] Before request [uri=/lanotification/token;client=0:0:0:0:0:0:0:1;user=sridhar]
2020-11-12 21:32:30,575 DEBUG org.apache.commons.logging.impl.Jdk14Logger [http-nio-8080-exec-4] After request [uri=/lanotification/token;client=0:0:0:0:0:0:0:1;user=sridhar;payload={
    "target": "fg0vkrfbTLuYmE7va1XDHu:APA91bGQGwilPNj7UQyRg_7m9BaMtHirWXtyXI_RKfDdkPjqvqMdA7QZZEYEXlm4wbYM_FOJrSLHDTxtRrUxRlgPWm5oylBzcV-7H4M-VufYdqdLvlcMWW9SpfXMbBptCEK3cVh2gxuw",
    "title":"dasdas",
    "body":"sadasd"
}]
2020-11-12 21:32:30,576 DEBUG org.apache.commons.logging.impl.Jdk14Logger [http-nio-8080-exec-4] REQUEST DATA : uri=/lanotification/token;payload={
    "target": "fg0vkrfbTLuYmE7va1XDHu:APA91bGQGwilPNj7UQyRg_7m9BaMtHirWXtyXI_RKfDdkPjqvqMdA7QZZEYEXlm4wbYM_FOJrSLHDTxtRrUxRlgPWm5oylBzcV-7H4M-VufYdqdLvlcMWW9SpfXMbBptCEK3cVh2gxuw",
    "title":"dasdas",
    "body":"sadasd"
}]
2020-11-12 21:32:52,278 DEBUG org.apache.commons.logging.impl.Jdk14Logger [http-nio-8080-exec-5] Before request [uri=/lanotification/token]
2020-11-12 21:32:52,279 DEBUG org.apache.commons.logging.impl.Jdk14Logger [http-nio-8080-exec-5] Before request [uri=/lanotification/token;client=0:0:0:0:0:0:0:1;user=sridhar]
2020-11-12 21:32:52,538 DEBUG org.apache.commons.logging.impl.Jdk14Logger [http-nio-8080-exec-5] After request [uri=/lanotification/token;client=0:0:0:0:0:0:0:1;user=sridhar;payload={
    "target": "fg0vkrfbTLuYmE7va1XDHu:APA91bGQGwilPNj7UQyRg_7m9BaMtHirWXtyXI_RKfDdkPjqvqMdA7QZZEYEXlm4wbYM_FOJrSLHDTxtRrUxRlgPWm5oylBzcV-7H4M-VufYdqdLvlcMWW9SpfXMbBptCEK3cVh2gxuw",
    "title":"dasdas",
    "body":"sadasd"
}]
2020-11-12 21:32:52,539 DEBUG org.apache.commons.logging.impl.Jdk14Logger [http-nio-8080-exec-5] REQUEST DATA : uri=/lanotification/token;payload={
    "target": "fg0vkrfbTLuYmE7va1XDHu:APA91bGQGwilPNj7UQyRg_7m9BaMtHirWXtyXI_RKfDdkPjqvqMdA7QZZEYEXlm4wbYM_FOJrSLHDTxtRrUxRlgPWm5oylBzcV-7H4M-VufYdqdLvlcMWW9SpfXMbBptCEK3cVh2gxuw",
    "title":"dasdas",
    "body":"sadasd"
}]
2020-11-12 22:55:51,578 WARN com.zaxxer.hikari.pool.HikariPool$HouseKeeper [HikariPool-1 housekeeper] HikariPool-1 - Thread starvation or clock leap detected (housekeeper delta=31m23s861ms).
2020-11-12 22:58:22,393 DEBUG org.apache.commons.logging.impl.Jdk14Logger [http-nio-8080-exec-8] Before request [uri=/lanotification/token]
2020-11-12 22:58:22,410 DEBUG org.apache.commons.logging.impl.Jdk14Logger [http-nio-8080-exec-8] Before request [uri=/lanotification/token;client=0:0:0:0:0:0:0:1;user=sridhar]
2020-11-12 22:58:22,945 DEBUG org.apache.commons.logging.impl.Jdk14Logger [http-nio-8080-exec-8] After request [uri=/lanotification/token;client=0:0:0:0:0:0:0:1;user=sridhar;payload={
    "target": "fg0vkrfbTLuYmE7va1XDHu:APA91bGQGwilPNj7UQyRg_7m9BaMtHirWXtyXI_RKfDdkPjqvqMdA7QZZEYEXlm4wbYM_FOJrSLHDTxtRrUxRlgPWm5oylBzcV-7H4M-VufYdqdLvlcMWW9SpfXMbBptCEK3cVh2gxuw",
    "body":"sadasd"
}]
2020-11-12 22:58:22,945 DEBUG org.apache.commons.logging.impl.Jdk14Logger [http-nio-8080-exec-8] REQUEST DATA : uri=/lanotification/token;payload={
    "target": "fg0vkrfbTLuYmE7va1XDHu:APA91bGQGwilPNj7UQyRg_7m9BaMtHirWXtyXI_RKfDdkPjqvqMdA7QZZEYEXlm4wbYM_FOJrSLHDTxtRrUxRlgPWm5oylBzcV-7H4M-VufYdqdLvlcMWW9SpfXMbBptCEK3cVh2gxuw",
    "body":"sadasd"
}]
2020-11-12 22:58:23,178 ERROR org.apache.juli.logging.DirectJDKLog [http-nio-8080-exec-8] Servlet.service() for servlet [dispatcherServlet] in context with path [] threw exception [Request processing failed; nested exception is java.lang.NullPointerException: null value in entry: content=null] with root cause
java.lang.NullPointerException: null value in entry: content=null
	at com.google.common.collect.CollectPreconditions.checkEntryNotNull(CollectPreconditions.java:32)
	at com.google.common.collect.ImmutableMap$Builder.put(ImmutableMap.java:249)
	at com.google.common.collect.ImmutableMap$Builder.put(ImmutableMap.java:264)
	at com.google.common.collect.ImmutableMap$Builder.putAll(ImmutableMap.java:292)
	at com.google.common.collect.ImmutableMap.copyOf(ImmutableMap.java:401)
	at com.google.common.collect.ImmutableMap.copyOf(ImmutableMap.java:382)
	at com.google.firebase.messaging.Message.<init>(Message.java:70)
	at com.google.firebase.messaging.Message.<init>(Message.java:40)
	at com.google.firebase.messaging.Message$Builder.build(Message.java:295)
	at com.ec.common.Service.LeadActivityNotificationService.sendPnsToDevice(LeadActivityNotificationService.java:60)
	at com.ec.common.Controller.LeadActivityNotificationController.sendPnsToDevice(LeadActivityNotificationController.java:22)
	at sun.reflect.NativeMethodAccessorImpl.invoke0(Native Method)
	at sun.reflect.NativeMethodAccessorImpl.invoke(NativeMethodAccessorImpl.java:62)
	at sun.reflect.DelegatingMethodAccessorImpl.invoke(DelegatingMethodAccessorImpl.java:43)
	at java.lang.reflect.Method.invoke(Method.java:498)
	at org.springframework.web.method.support.InvocableHandlerMethod.doInvoke(InvocableHandlerMethod.java:209)
	at org.springframework.web.method.support.InvocableHandlerMethod.invokeForRequest(InvocableHandlerMethod.java:136)
	at org.springframework.web.servlet.mvc.method.annotation.ServletInvocableHandlerMethod.invokeAndHandle(ServletInvocableHandlerMethod.java:102)
	at org.springframework.web.servlet.mvc.method.annotation.RequestMappingHandlerAdapter.invokeHandlerMethod(RequestMappingHandlerAdapter.java:891)
	at org.springframework.web.servlet.mvc.method.annotation.RequestMappingHandlerAdapter.handleInternal(RequestMappingHandlerAdapter.java:797)
	at org.springframework.web.servlet.mvc.method.AbstractHandlerMethodAdapter.handle(AbstractHandlerMethodAdapter.java:87)
	at org.springframework.web.servlet.DispatcherServlet.doDispatch(DispatcherServlet.java:991)
	at org.springframework.web.servlet.DispatcherServlet.doService(DispatcherServlet.java:925)
	at org.springframework.web.servlet.FrameworkServlet.processRequest(FrameworkServlet.java:974)
	at org.springframework.web.servlet.FrameworkServlet.doPost(FrameworkServlet.java:877)
	at javax.servlet.http.HttpServlet.service(HttpServlet.java:661)
	at org.springframework.web.servlet.FrameworkServlet.service(FrameworkServlet.java:851)
	at javax.servlet.http.HttpServlet.service(HttpServlet.java:742)
	at org.apache.catalina.core.ApplicationFilterChain.internalDoFilter(ApplicationFilterChain.java:231)
	at org.apache.catalina.core.ApplicationFilterChain.doFilter(ApplicationFilterChain.java:166)
	at org.apache.tomcat.websocket.server.WsFilter.doFilter(WsFilter.java:52)
	at org.apache.catalina.core.ApplicationFilterChain.internalDoFilter(ApplicationFilterChain.java:193)
	at org.apache.catalina.core.ApplicationFilterChain.doFilter(ApplicationFilterChain.java:166)
	at org.springframework.web.filter.AbstractRequestLoggingFilter.doFilterInternal(AbstractRequestLoggingFilter.java:246)
	at org.springframework.web.filter.OncePerRequestFilter.doFilter(OncePerRequestFilter.java:107)
	at org.apache.catalina.core.ApplicationFilterChain.internalDoFilter(ApplicationFilterChain.java:193)
	at org.apache.catalina.core.ApplicationFilterChain.doFilter(ApplicationFilterChain.java:166)
	at org.springframework.web.filter.AbstractRequestLoggingFilter.doFilterInternal(AbstractRequestLoggingFilter.java:246)
	at org.springframework.web.filter.OncePerRequestFilter.doFilter(OncePerRequestFilter.java:107)
	at org.apache.catalina.core.ApplicationFilterChain.internalDoFilter(ApplicationFilterChain.java:193)
	at org.apache.catalina.core.ApplicationFilterChain.doFilter(ApplicationFilterChain.java:166)
	at org.springframework.web.filter.OncePerRequestFilter.doFilter(OncePerRequestFilter.java:101)
	at org.apache.catalina.core.ApplicationFilterChain.internalDoFilter(ApplicationFilterChain.java:193)
	at org.apache.catalina.core.ApplicationFilterChain.doFilter(ApplicationFilterChain.java:166)
	at org.springframework.boot.actuate.web.trace.servlet.HttpTraceFilter.doFilterInternal(HttpTraceFilter.java:90)
	at org.springframework.web.filter.OncePerRequestFilter.doFilter(OncePerRequestFilter.java:107)
	at org.apache.catalina.core.ApplicationFilterChain.internalDoFilter(ApplicationFilterChain.java:193)
	at org.apache.catalina.core.ApplicationFilterChain.doFilter(ApplicationFilterChain.java:166)
	at org.springframework.security.web.FilterChainProxy$VirtualFilterChain.doFilter(FilterChainProxy.java:320)
	at org.springframework.security.web.access.intercept.FilterSecurityInterceptor.invoke(FilterSecurityInterceptor.java:127)
	at org.springframework.security.web.access.intercept.FilterSecurityInterceptor.doFilter(FilterSecurityInterceptor.java:91)
	at org.springframework.security.web.FilterChainProxy$VirtualFilterChain.doFilter(FilterChainProxy.java:334)
	at org.springframework.security.web.access.ExceptionTranslationFilter.doFilter(ExceptionTranslationFilter.java:119)
	at org.springframework.security.web.FilterChainProxy$VirtualFilterChain.doFilter(FilterChainProxy.java:334)
	at org.springframework.security.web.session.SessionManagementFilter.doFilter(SessionManagementFilter.java:137)
	at org.springframework.security.web.FilterChainProxy$VirtualFilterChain.doFilter(FilterChainProxy.java:334)
	at org.springframework.security.web.authentication.AnonymousAuthenticationFilter.doFilter(AnonymousAuthenticationFilter.java:111)
	at org.springframework.security.web.FilterChainProxy$VirtualFilterChain.doFilter(FilterChainProxy.java:334)
	at org.springframework.security.web.servletapi.SecurityContextHolderAwareRequestFilter.doFilter(SecurityContextHolderAwareRequestFilter.java:170)
	at org.springframework.security.web.FilterChainProxy$VirtualFilterChain.doFilter(FilterChainProxy.java:334)
	at org.springframework.security.web.savedrequest.RequestCacheAwareFilter.doFilter(RequestCacheAwareFilter.java:63)
	at org.springframework.security.web.FilterChainProxy$VirtualFilterChain.doFilter(FilterChainProxy.java:334)
	at com.ec.common.JWTUtils.JwtRequestFilter.doFilterInternal(JwtRequestFilter.java:60)
	at org.springframework.web.filter.OncePerRequestFilter.doFilter(OncePerRequestFilter.java:107)
	at org.springframework.security.web.FilterChainProxy$VirtualFilterChain.doFilter(FilterChainProxy.java:334)
	at org.springframework.security.web.authentication.logout.LogoutFilter.doFilter(LogoutFilter.java:116)
	at org.springframework.security.web.FilterChainProxy$VirtualFilterChain.doFilter(FilterChainProxy.java:334)
	at org.springframework.web.filter.CorsFilter.doFilterInternal(CorsFilter.java:96)
	at org.springframework.web.filter.OncePerRequestFilter.doFilter(OncePerRequestFilter.java:107)
	at org.springframework.security.web.FilterChainProxy$VirtualFilterChain.doFilter(FilterChainProxy.java:334)
	at org.springframework.security.web.header.HeaderWriterFilter.doFilterInternal(HeaderWriterFilter.java:66)
	at org.springframework.web.filter.OncePerRequestFilter.doFilter(OncePerRequestFilter.java:107)
	at org.springframework.security.web.FilterChainProxy$VirtualFilterChain.doFilter(FilterChainProxy.java:334)
	at org.springframework.security.web.context.SecurityContextPersistenceFilter.doFilter(SecurityContextPersistenceFilter.java:105)
	at org.springframework.security.web.FilterChainProxy$VirtualFilterChain.doFilter(FilterChainProxy.java:334)
	at org.springframework.security.web.context.request.async.WebAsyncManagerIntegrationFilter.doFilterInternal(WebAsyncManagerIntegrationFilter.java:56)
	at org.springframework.web.filter.OncePerRequestFilter.doFilter(OncePerRequestFilter.java:107)
	at org.springframework.security.web.FilterChainProxy$VirtualFilterChain.doFilter(FilterChainProxy.java:334)
	at org.springframework.security.web.FilterChainProxy.doFilterInternal(FilterChainProxy.java:215)
	at org.springframework.security.web.FilterChainProxy.doFilter(FilterChainProxy.java:178)
	at org.springframework.web.filter.DelegatingFilterProxy.invokeDelegate(DelegatingFilterProxy.java:357)
	at org.springframework.web.filter.DelegatingFilterProxy.doFilter(DelegatingFilterProxy.java:270)
	at org.apache.catalina.core.ApplicationFilterChain.internalDoFilter(ApplicationFilterChain.java:193)
	at org.apache.catalina.core.ApplicationFilterChain.doFilter(ApplicationFilterChain.java:166)
	at org.springframework.boot.actuate.metrics.web.servlet.WebMvcMetricsFilter.filterAndRecordMetrics(WebMvcMetricsFilter.java:155)
	at org.springframework.boot.actuate.metrics.web.servlet.WebMvcMetricsFilter.filterAndRecordMetrics(WebMvcMetricsFilter.java:123)
	at org.springframework.boot.actuate.metrics.web.servlet.WebMvcMetricsFilter.doFilterInternal(WebMvcMetricsFilter.java:108)
	at org.springframework.web.filter.OncePerRequestFilter.doFilter(OncePerRequestFilter.java:107)
	at org.apache.catalina.core.ApplicationFilterChain.internalDoFilter(ApplicationFilterChain.java:193)
	at org.apache.catalina.core.ApplicationFilterChain.doFilter(ApplicationFilterChain.java:166)
	at org.springframework.web.filter.CharacterEncodingFilter.doFilterInternal(CharacterEncodingFilter.java:200)
	at org.springframework.web.filter.OncePerRequestFilter.doFilter(OncePerRequestFilter.java:107)
	at org.apache.catalina.core.ApplicationFilterChain.internalDoFilter(ApplicationFilterChain.java:193)
	at org.apache.catalina.core.ApplicationFilterChain.doFilter(ApplicationFilterChain.java:166)
	at org.apache.catalina.core.StandardWrapperValve.invoke(StandardWrapperValve.java:198)
	at org.apache.catalina.core.StandardContextValve.invoke(StandardContextValve.java:96)
	at org.apache.catalina.authenticator.AuthenticatorBase.invoke(AuthenticatorBase.java:493)
	at org.apache.catalina.core.StandardHostValve.invoke(StandardHostValve.java:140)
	at org.apache.catalina.valves.ErrorReportValve.invoke(ErrorReportValve.java:81)
	at org.apache.catalina.core.StandardEngineValve.invoke(StandardEngineValve.java:87)
	at org.apache.catalina.connector.CoyoteAdapter.service(CoyoteAdapter.java:342)
	at org.apache.coyote.http11.Http11Processor.service(Http11Processor.java:800)
	at org.apache.coyote.AbstractProcessorLight.process(AbstractProcessorLight.java:66)
	at org.apache.coyote.AbstractProtocol$ConnectionHandler.process(AbstractProtocol.java:806)
	at org.apache.tomcat.util.net.NioEndpoint$SocketProcessor.doRun(NioEndpoint.java:1498)
	at org.apache.tomcat.util.net.SocketProcessorBase.run(SocketProcessorBase.java:49)
	at java.util.concurrent.ThreadPoolExecutor.runWorker(ThreadPoolExecutor.java:1149)
	at java.util.concurrent.ThreadPoolExecutor$Worker.run(ThreadPoolExecutor.java:624)
	at org.apache.tomcat.util.threads.TaskThread$WrappingRunnable.run(TaskThread.java:61)
	at java.lang.Thread.run(Thread.java:748)
2020-11-12 22:58:43,554 DEBUG org.apache.commons.logging.impl.Jdk14Logger [http-nio-8080-exec-10] Before request [uri=/lanotification/token]
2020-11-12 22:58:43,555 DEBUG org.apache.commons.logging.impl.Jdk14Logger [http-nio-8080-exec-10] Before request [uri=/lanotification/token;client=0:0:0:0:0:0:0:1;user=sridhar]
2020-11-12 22:58:44,526 DEBUG org.apache.commons.logging.impl.Jdk14Logger [http-nio-8080-exec-10] After request [uri=/lanotification/token;client=0:0:0:0:0:0:0:1;user=sridhar;payload={
    "target": "fg0vkrfbTLuYmE7va1XDHu:APA91bGQGwilPNj7UQyRg_7m9BaMtHirWXtyXI_RKfDdkPjqvqMdA7QZZEYEXlm4wbYM_FOJrSLHDTxtRrUxRlgPWm5oylBzcV-7H4M-VufYdqdLvlcMWW9SpfXMbBptCEK3cVh2gxuw",
    "title":"dasdas",
    "body":"sadasd"
}]
2020-11-12 22:58:44,527 DEBUG org.apache.commons.logging.impl.Jdk14Logger [http-nio-8080-exec-10] REQUEST DATA : uri=/lanotification/token;payload={
    "target": "fg0vkrfbTLuYmE7va1XDHu:APA91bGQGwilPNj7UQyRg_7m9BaMtHirWXtyXI_RKfDdkPjqvqMdA7QZZEYEXlm4wbYM_FOJrSLHDTxtRrUxRlgPWm5oylBzcV-7H4M-VufYdqdLvlcMWW9SpfXMbBptCEK3cVh2gxuw",
    "title":"dasdas",
    "body":"sadasd"
}]
2020-11-12 23:02:56,089 DEBUG org.apache.commons.logging.impl.Jdk14Logger [http-nio-8080-exec-3] Before request [uri=/lanotification/token]
2020-11-12 23:02:56,092 DEBUG org.apache.commons.logging.impl.Jdk14Logger [http-nio-8080-exec-3] Before request [uri=/lanotification/token;client=0:0:0:0:0:0:0:1;user=sridhar]
2020-11-12 23:02:56,294 DEBUG org.apache.commons.logging.impl.Jdk14Logger [http-nio-8080-exec-3] After request [uri=/lanotification/token;client=0:0:0:0:0:0:0:1;user=sridhar;payload={
    "target": "fg0vkrfbTLuYmE7va1XDHu:APA91bGQGwilPNj7UQyRg_7m9BaMtHirWXtyXI_RKfDdkPjqvqMdA7QZZEYEXlm4wbYM_FOJrSLHDTxtRrUxRlgPWm5oylBzcV-7H4M-VufYdqdLvlcMWW9SpfXMbBptCEK3cVh2gxuw",
    "title":"bhai",
    "body":"sadasd"
}]
2020-11-12 23:02:56,302 DEBUG org.apache.commons.logging.impl.Jdk14Logger [http-nio-8080-exec-3] REQUEST DATA : uri=/lanotification/token;payload={
    "target": "fg0vkrfbTLuYmE7va1XDHu:APA91bGQGwilPNj7UQyRg_7m9BaMtHirWXtyXI_RKfDdkPjqvqMdA7QZZEYEXlm4wbYM_FOJrSLHDTxtRrUxRlgPWm5oylBzcV-7H4M-VufYdqdLvlcMWW9SpfXMbBptCEK3cVh2gxuw",
    "title":"bhai",
    "body":"sadasd"
}]
2020-11-12 23:12:55,555 WARN com.zaxxer.hikari.pool.HikariPool$HouseKeeper [HikariPool-1 housekeeper] HikariPool-1 - Thread starvation or clock leap detected (housekeeper delta=4m33s771ms).
2020-11-12 23:18:45,556 INFO org.apache.commons.logging.impl.Jdk14Logger [main] Refreshing org.springframework.context.annotation.AnnotationConfigApplicationContext@39fcbef6: startup date [Thu Nov 12 23:18:45 IST 2020]; root of context hierarchy
2020-11-12 23:18:46,150 INFO org.apache.commons.logging.impl.Jdk14Logger [main] JSR-330 'javax.inject.Inject' annotation found and supported for autowiring
2020-11-12 23:18:46,257 INFO org.apache.commons.logging.impl.Jdk14Logger [main] Bean 'configurationPropertiesRebinderAutoConfiguration' of type [org.springframework.cloud.autoconfigure.ConfigurationPropertiesRebinderAutoConfiguration$$EnhancerBySpringCGLIB$$bd3a8300] is not eligible for getting processed by all BeanPostProcessors (for example: not eligible for auto-proxying)
2020-11-12 23:18:56,609 INFO org.apache.commons.logging.impl.Jdk14Logger [main] No active profile set, falling back to default profiles: default
2020-11-12 23:18:56,642 INFO org.apache.commons.logging.impl.Jdk14Logger [main] Refreshing org.springframework.boot.web.servlet.context.AnnotationConfigServletWebServerApplicationContext@632aa1a3: startup date [Thu Nov 12 23:18:56 IST 2020]; parent: org.springframework.context.annotation.AnnotationConfigApplicationContext@39fcbef6
2020-11-12 23:18:59,375 INFO org.apache.commons.logging.impl.Jdk14Logger [main] Overriding bean definition for bean 'counterFactory' with a different definition: replacing [Root bean: class [null]; scope=; abstract=false; lazyInit=false; autowireMode=3; dependencyCheck=0; autowireCandidate=true; primary=false; factoryBeanName=org.springframework.cloud.netflix.zuul.ZuulServerAutoConfiguration$ZuulMetricsConfiguration; factoryMethodName=counterFactory; initMethodName=null; destroyMethodName=(inferred); defined in class path resource [org/springframework/cloud/netflix/zuul/ZuulServerAutoConfiguration$ZuulMetricsConfiguration.class]] with [Root bean: class [null]; scope=; abstract=false; lazyInit=false; autowireMode=3; dependencyCheck=0; autowireCandidate=true; primary=false; factoryBeanName=org.springframework.cloud.netflix.zuul.ZuulServerAutoConfiguration$ZuulCounterFactoryConfiguration; factoryMethodName=counterFactory; initMethodName=null; destroyMethodName=(inferred); defined in class path resource [org/springframework/cloud/netflix/zuul/ZuulServerAutoConfiguration$ZuulCounterFactoryConfiguration.class]]
2020-11-12 23:18:59,555 INFO org.apache.commons.logging.impl.Jdk14Logger [main] Overriding bean definition for bean 'dataSource' with a different definition: replacing [Root bean: class [null]; scope=refresh; abstract=false; lazyInit=false; autowireMode=3; dependencyCheck=0; autowireCandidate=false; primary=false; factoryBeanName=org.springframework.boot.autoconfigure.jdbc.DataSourceConfiguration$Hikari; factoryMethodName=dataSource; initMethodName=null; destroyMethodName=(inferred); defined in class path resource [org/springframework/boot/autoconfigure/jdbc/DataSourceConfiguration$Hikari.class]] with [Root bean: class [org.springframework.aop.scope.ScopedProxyFactoryBean]; scope=; abstract=false; lazyInit=false; autowireMode=0; dependencyCheck=0; autowireCandidate=true; primary=false; factoryBeanName=null; factoryMethodName=null; initMethodName=null; destroyMethodName=null; defined in BeanDefinition defined in class path resource [org/springframework/boot/autoconfigure/jdbc/DataSourceConfiguration$Hikari.class]]
2020-11-12 23:18:59,915 INFO org.apache.commons.logging.impl.Jdk14Logger [main] BeanFactory id=d9584f2f-316a-3d06-a470-48069670a8f9
2020-11-12 23:18:59,975 INFO org.apache.commons.logging.impl.Jdk14Logger [main] JSR-330 'javax.inject.Inject' annotation found and supported for autowiring
2020-11-12 23:19:00,203 INFO org.apache.commons.logging.impl.Jdk14Logger [main] Bean 'org.springframework.ws.config.annotation.DelegatingWsConfiguration' of type [org.springframework.ws.config.annotation.DelegatingWsConfiguration$$EnhancerBySpringCGLIB$$45b84502] is not eligible for getting processed by all BeanPostProcessors (for example: not eligible for auto-proxying)
2020-11-12 23:19:00,326 INFO org.apache.commons.logging.impl.Jdk14Logger [main] Supporting [WS-Addressing August 2004, WS-Addressing 1.0]
2020-11-12 23:19:00,505 INFO org.apache.commons.logging.impl.Jdk14Logger [main] Bean 'org.springframework.transaction.annotation.ProxyTransactionManagementConfiguration' of type [org.springframework.transaction.annotation.ProxyTransactionManagementConfiguration$$EnhancerBySpringCGLIB$$a1208003] is not eligible for getting processed by all BeanPostProcessors (for example: not eligible for auto-proxying)
2020-11-12 23:19:00,953 INFO org.apache.commons.logging.impl.Jdk14Logger [main] Bean 'org.springframework.security.config.annotation.configuration.ObjectPostProcessorConfiguration' of type [org.springframework.security.config.annotation.configuration.ObjectPostProcessorConfiguration$$EnhancerBySpringCGLIB$$39ce483d] is not eligible for getting processed by all BeanPostProcessors (for example: not eligible for auto-proxying)
2020-11-12 23:19:00,965 INFO org.apache.commons.logging.impl.Jdk14Logger [main] Bean 'objectPostProcessor' of type [org.springframework.security.config.annotation.configuration.AutowireBeanFactoryObjectPostProcessor] is not eligible for getting processed by all BeanPostProcessors (for example: not eligible for auto-proxying)
2020-11-12 23:19:00,971 INFO org.apache.commons.logging.impl.Jdk14Logger [main] Bean 'org.springframework.security.access.expression.method.DefaultMethodSecurityExpressionHandler@3709748f' of type [org.springframework.security.access.expression.method.DefaultMethodSecurityExpressionHandler] is not eligible for getting processed by all BeanPostProcessors (for example: not eligible for auto-proxying)
2020-11-12 23:19:00,989 INFO org.apache.commons.logging.impl.Jdk14Logger [main] Bean 'org.springframework.security.config.annotation.method.configuration.GlobalMethodSecurityConfiguration' of type [org.springframework.security.config.annotation.method.configuration.GlobalMethodSecurityConfiguration$$EnhancerBySpringCGLIB$$5ea2eaef] is not eligible for getting processed by all BeanPostProcessors (for example: not eligible for auto-proxying)
2020-11-12 23:19:01,007 INFO org.apache.commons.logging.impl.Jdk14Logger [main] Bean 'methodSecurityMetadataSource' of type [org.springframework.security.access.method.DelegatingMethodSecurityMetadataSource] is not eligible for getting processed by all BeanPostProcessors (for example: not eligible for auto-proxying)
2020-11-12 23:19:01,061 INFO org.apache.commons.logging.impl.Jdk14Logger [main] Bean 'org.springframework.cloud.autoconfigure.ConfigurationPropertiesRebinderAutoConfiguration' of type [org.springframework.cloud.autoconfigure.ConfigurationPropertiesRebinderAutoConfiguration$$EnhancerBySpringCGLIB$$bd3a8300] is not eligible for getting processed by all BeanPostProcessors (for example: not eligible for auto-proxying)
2020-11-12 23:19:02,043 INFO org.apache.commons.logging.impl.Jdk14Logger [main] Tomcat initialized with port(s): 8080 (http)
2020-11-12 23:19:02,085 INFO org.apache.juli.logging.DirectJDKLog [main] Initializing ProtocolHandler ["http-nio-8080"]
2020-11-12 23:19:02,108 INFO org.apache.juli.logging.DirectJDKLog [main] Starting service [Tomcat]
2020-11-12 23:19:02,109 INFO org.apache.juli.logging.DirectJDKLog [main] Starting Servlet Engine: Apache Tomcat/8.5.34
2020-11-12 23:19:02,119 INFO org.apache.juli.logging.DirectJDKLog [localhost-startStop-1] The APR based Apache Tomcat Native library which allows optimal performance in production environments was not found on the java.library.path: [/Users/bsridharpatnaik/Library/Java/Extensions:/Library/Java/Extensions:/Network/Library/Java/Extensions:/System/Library/Java/Extensions:/usr/lib/java:.]
2020-11-12 23:19:02,361 INFO org.apache.juli.logging.DirectJDKLog [localhost-startStop-1] Initializing Spring embedded WebApplicationContext
2020-11-12 23:19:02,362 INFO org.apache.commons.logging.impl.Jdk14Logger [localhost-startStop-1] Root WebApplicationContext: initialization completed in 5719 ms
2020-11-12 23:19:02,809 WARN com.netflix.config.sources.URLConfigurationSource [localhost-startStop-1] No URLs will be polled as dynamic configuration sources.
2020-11-12 23:19:02,810 INFO com.netflix.config.sources.URLConfigurationSource [localhost-startStop-1] To enable URLs as dynamic configuration sources, define System property archaius.configurationSource.additionalUrls or make config.properties available on classpath.
2020-11-12 23:19:02,838 INFO com.netflix.config.DynamicPropertyFactory [localhost-startStop-1] DynamicPropertyFactory is initialized with configuration sources: com.netflix.config.ConcurrentCompositeConfiguration@5512f332
2020-11-12 23:19:04,898 INFO com.zaxxer.hikari.HikariDataSource [localhost-startStop-1] HikariPool-1 - Starting...
2020-11-12 23:19:05,329 INFO com.zaxxer.hikari.HikariDataSource [localhost-startStop-1] HikariPool-1 - Start completed.
2020-11-12 23:19:05,443 INFO org.apache.commons.logging.impl.Jdk14Logger [localhost-startStop-1] Building JPA container EntityManagerFactory for persistence unit 'default'
2020-11-12 23:19:05,485 INFO org.hibernate.jpa.internal.util.LogHelper [localhost-startStop-1] HHH000204: Processing PersistenceUnitInfo [
	name: default
	...]
2020-11-12 23:19:05,860 INFO org.hibernate.Version [localhost-startStop-1] HHH000412: Hibernate Core {5.2.17.Final}
2020-11-12 23:19:05,867 INFO org.hibernate.cfg.Environment [localhost-startStop-1] HHH000206: hibernate.properties not found
2020-11-12 23:19:06,027 INFO org.hibernate.annotations.common.reflection.java.JavaReflectionManager [localhost-startStop-1] HCANN000001: Hibernate Commons Annotations {5.0.1.Final}
2020-11-12 23:19:06,470 INFO org.hibernate.dialect.Dialect [localhost-startStop-1] HHH000400: Using dialect: org.hibernate.dialect.MySQL5InnoDBDialect
2020-11-12 23:19:06,589 INFO org.hibernate.envers.boot.internal.EnversServiceImpl [localhost-startStop-1] Envers integration enabled? : true
2020-11-12 23:19:08,984 INFO org.apache.commons.logging.impl.Jdk14Logger [localhost-startStop-1] Initialized JPA EntityManagerFactory for persistence unit 'default'
2020-11-12 23:19:11,913 INFO org.apache.commons.logging.impl.Jdk14Logger [localhost-startStop-1] Mapping filter: 'characterEncodingFilter' to: [/*]
2020-11-12 23:19:11,917 INFO org.apache.commons.logging.impl.Jdk14Logger [localhost-startStop-1] Mapping filter: 'webMvcMetricsFilter' to: [/*]
2020-11-12 23:19:11,919 INFO org.apache.commons.logging.impl.Jdk14Logger [localhost-startStop-1] Mapping filter: 'springSecurityFilterChain' to: [/*]
2020-11-12 23:19:11,919 INFO org.apache.commons.logging.impl.Jdk14Logger [localhost-startStop-1] Mapping filter: 'httpTraceFilter' to: [/*]
2020-11-12 23:19:11,920 INFO org.apache.commons.logging.impl.Jdk14Logger [localhost-startStop-1] Mapping filter: 'jwtRequestFilter' to: [/*]
2020-11-12 23:19:11,920 INFO org.apache.commons.logging.impl.Jdk14Logger [localhost-startStop-1] Mapping filter: 'logFilter' to: [/*]
2020-11-12 23:19:11,920 INFO org.apache.commons.logging.impl.Jdk14Logger [localhost-startStop-1] Mapping filter: 'requestLoggingFilter' to: [/*]
2020-11-12 23:19:11,921 INFO org.apache.commons.logging.impl.Jdk14Logger [localhost-startStop-1] Servlet dispatcherServlet mapped to [/]
2020-11-12 23:19:11,924 INFO org.apache.commons.logging.impl.Jdk14Logger [localhost-startStop-1] Servlet messageDispatcherServlet mapped to [/services/*]
2020-11-12 23:19:11,925 INFO org.apache.commons.logging.impl.Jdk14Logger [localhost-startStop-1] Servlet zuulServlet mapped to [/zuul/*]
2020-11-12 23:19:11,983 DEBUG org.apache.commons.logging.impl.Jdk14Logger [localhost-startStop-1] Initializing filter 'requestLoggingFilter'
2020-11-12 23:19:11,984 DEBUG org.apache.commons.logging.impl.Jdk14Logger [localhost-startStop-1] Filter 'requestLoggingFilter' configured successfully
2020-11-12 23:19:11,985 DEBUG org.apache.commons.logging.impl.Jdk14Logger [localhost-startStop-1] Initializing filter 'logFilter'
2020-11-12 23:19:11,985 DEBUG org.apache.commons.logging.impl.Jdk14Logger [localhost-startStop-1] Filter 'logFilter' configured successfully
2020-11-12 23:19:12,936 INFO org.hibernate.hql.internal.QueryTranslatorFactoryInitiator [main] HHH000397: Using ASTQueryTranslatorFactory
2020-11-12 23:19:14,962 WARN org.apache.commons.logging.impl.Jdk14Logger [main] spring.jpa.open-in-view is enabled by default. Therefore, database queries may be performed during view rendering. Explicitly configure spring.jpa.open-in-view to disable this warning
2020-11-12 23:19:15,146 INFO org.apache.commons.logging.impl.Jdk14Logger [main] Mapped "{[/contact],methods=[GET],produces=[application/json || text/json]}" onto public com.ec.common.Data.ContactsWithTypeAhead com.ec.common.Controller.ContactController.returnAllContacts(java.lang.Integer,org.springframework.data.domain.Pageable)
2020-11-12 23:19:15,149 INFO org.apache.commons.logging.impl.Jdk14Logger [main] Mapped "{[/contact],methods=[POST],produces=[application/json || text/json]}" onto public com.ec.common.Data.ContactsWithTypeAhead com.ec.common.Controller.ContactController.returnFilteredContacts(com.ec.common.Filters.FilterDataList,org.springframework.data.domain.Pageable)
2020-11-12 23:19:15,150 INFO org.apache.commons.logging.impl.Jdk14Logger [main] Mapped "{[/contact/{id}],methods=[GET],produces=[application/json || text/json]}" onto public com.ec.common.Model.ContactAllInfo com.ec.common.Controller.ContactController.findContactbyvehicleNoContacts(long) throws java.lang.Exception
2020-11-12 23:19:15,151 INFO org.apache.commons.logging.impl.Jdk14Logger [main] Mapped "{[/contact/{id}],methods=[DELETE],produces=[application/json || text/json]}" onto public org.springframework.http.ResponseEntity<?> com.ec.common.Controller.ContactController.deleteContact(java.lang.Long) throws java.lang.Exception
2020-11-12 23:19:15,152 INFO org.apache.commons.logging.impl.Jdk14Logger [main] Mapped "{[/contact/create],methods=[POST],produces=[application/json || text/json]}" onto public com.ec.common.Model.ContactAllInfo com.ec.common.Controller.ContactController.createContact(com.ec.common.Model.ContactAllInfo) throws java.lang.Exception
2020-11-12 23:19:15,155 INFO org.apache.commons.logging.impl.Jdk14Logger [main] Mapped "{[/contact/{id}],methods=[PUT],produces=[application/json || text/json]}" onto public com.ec.common.Model.ContactAllInfo com.ec.common.Controller.ContactController.updateContact(java.lang.Long,com.ec.common.Model.ContactAllInfo) throws java.lang.Exception
2020-11-12 23:19:15,158 INFO org.apache.commons.logging.impl.Jdk14Logger [main] Mapped "{[/contact/iscontactused/{id}],methods=[GET],produces=[application/json || text/json]}" onto public java.lang.Boolean com.ec.common.Controller.ContactController.checkIfContactUsed(long) throws java.lang.Exception
2020-11-12 23:19:15,163 INFO org.apache.commons.logging.impl.Jdk14Logger [main] Mapped "{[/emailconfig],methods=[GET],produces=[application/json || text/json]}" onto public com.ec.common.Data.EmailConfigData com.ec.common.Controller.EmailController.returnEmailConfig()
2020-11-12 23:19:15,168 INFO org.apache.commons.logging.impl.Jdk14Logger [main] Mapped "{[/lanotification/token],methods=[POST]}" onto public java.lang.String com.ec.common.Controller.LeadActivityNotificationController.sendPnsToDevice(com.ec.common.Data.LANotificationRequestDto)
2020-11-12 23:19:15,171 INFO org.apache.commons.logging.impl.Jdk14Logger [main] Mapped "{[/ec/login],methods=[POST],produces=[application/json || text/json]}" onto public org.springframework.http.ResponseEntity<?> com.ec.common.Controller.LoginController.login(com.ec.common.Data.UserSignInData) throws java.lang.Exception
2020-11-12 23:19:15,172 INFO org.apache.commons.logging.impl.Jdk14Logger [main] Mapped "{[/role],methods=[GET],produces=[application/json || text/json]}" onto public org.springframework.data.domain.Page<com.ec.common.Model.Role> com.ec.common.Controller.RoleController.returnAllRoles(org.springframework.data.domain.Pageable)
2020-11-12 23:19:15,174 INFO org.apache.commons.logging.impl.Jdk14Logger [main] Mapped "{[/role/create],methods=[POST],produces=[application/json || text/json]}" onto public com.ec.common.Model.Role com.ec.common.Controller.RoleController.createRole(com.ec.common.Model.Role) throws java.lang.Exception
2020-11-12 23:19:15,176 INFO org.apache.commons.logging.impl.Jdk14Logger [main] Mapped "{[/token],methods=[GET],produces=[application/json || text/json]}" onto public java.util.List<com.ec.common.Data.AndroidTokenDetailsDTO> com.ec.common.Controller.TokenController.getAllTokens()
2020-11-12 23:19:15,178 INFO org.apache.commons.logging.impl.Jdk14Logger [main] Mapped "{[/token],methods=[DELETE],produces=[application/json || text/json]}" onto public void com.ec.common.Controller.TokenController.DeleteToken() throws java.lang.Exception
2020-11-12 23:19:15,179 INFO org.apache.commons.logging.impl.Jdk14Logger [main] Mapped "{[/token],methods=[PUT],produces=[application/json || text/json]}" onto public void com.ec.common.Controller.TokenController.updateTokenForUser(com.ec.common.Data.TokenData) throws java.lang.Exception
2020-11-12 23:19:15,196 INFO org.apache.commons.logging.impl.Jdk14Logger [main] Mapped "{[/user],methods=[POST],produces=[application/json || text/json]}" onto public com.ec.common.Data.UserListWithTypeAheadData com.ec.common.Controller.UserController.returnFilteredContacts(com.ec.common.Filters.FilterDataList,org.springframework.data.domain.Pageable)
2020-11-12 23:19:15,199 INFO org.apache.commons.logging.impl.Jdk14Logger [main] Mapped "{[/user],methods=[GET],produces=[application/json || text/json]}" onto public com.ec.common.Data.UserListWithTypeAheadData com.ec.common.Controller.UserController.returnAllUsers(org.springframework.data.domain.Pageable)
2020-11-12 23:19:15,204 INFO org.apache.commons.logging.impl.Jdk14Logger [main] Mapped "{[/user/create],methods=[POST],produces=[application/json || text/json]}" onto public com.ec.common.Model.User com.ec.common.Controller.UserController.createUser(com.ec.common.Data.CreateUserData) throws java.lang.Exception
2020-11-12 23:19:15,205 INFO org.apache.commons.logging.impl.Jdk14Logger [main] Mapped "{[/user/{id}],methods=[PUT],produces=[application/json || text/json]}" onto public com.ec.common.Model.User com.ec.common.Controller.UserController.updateUser(java.lang.Long,com.ec.common.Data.CreateUserData) throws java.lang.Exception
2020-11-12 23:19:15,211 INFO org.apache.commons.logging.impl.Jdk14Logger [main] Mapped "{[/user/updatepassword],methods=[POST],produces=[application/json || text/json]}" onto public com.ec.common.Model.User com.ec.common.Controller.UserController.updateUser(com.ec.common.Data.ResetPasswordData) throws java.lang.Exception
2020-11-12 23:19:15,212 INFO org.apache.commons.logging.impl.Jdk14Logger [main] Mapped "{[/user/{id}],methods=[GET],produces=[application/json || text/json]}" onto public com.ec.common.Model.User com.ec.common.Controller.UserController.findUserByID(long) throws java.lang.Exception
2020-11-12 23:19:15,214 INFO org.apache.commons.logging.impl.Jdk14Logger [main] Mapped "{[/user/list],methods=[GET],produces=[application/json || text/json]}" onto public java.util.List<com.ec.common.Data.UserReturnData> com.ec.common.Controller.UserController.findLimitedDetailsForUserByID() throws java.lang.Exception
2020-11-12 23:19:15,215 INFO org.apache.commons.logging.impl.Jdk14Logger [main] Mapped "{[/user/byid/{id}],methods=[GET],produces=[application/json || text/json]}" onto public com.ec.common.Data.UserReturnData com.ec.common.Controller.UserController.findLimitedDetailsForUserByID(long) throws java.lang.Exception
2020-11-12 23:19:15,216 INFO org.apache.commons.logging.impl.Jdk14Logger [main] Mapped "{[/user/byname/{name}],methods=[GET],produces=[application/json || text/json]}" onto public com.ec.common.Data.UserReturnData com.ec.common.Controller.UserController.findLimitedDetailsForUserByID(java.lang.String) throws java.lang.Exception
2020-11-12 23:19:15,217 INFO org.apache.commons.logging.impl.Jdk14Logger [main] Mapped "{[/user/updateroles],methods=[POST],produces=[application/json || text/json]}" onto public com.ec.common.Model.User com.ec.common.Controller.UserController.updateRolesForUser(com.ec.common.Data.UpdateRolesForUserData) throws java.lang.Exception
2020-11-12 23:19:15,218 INFO org.apache.commons.logging.impl.Jdk14Logger [main] Mapped "{[/user/me],methods=[GET],produces=[application/json]}" onto public com.ec.common.Data.UserReturnData com.ec.common.Controller.UserController.returnUserName()
2020-11-12 23:19:15,228 INFO org.apache.commons.logging.impl.Jdk14Logger [main] Mapped "{[/error]}" onto public org.springframework.http.ResponseEntity<java.util.Map<java.lang.String, java.lang.Object>> org.springframework.boot.autoconfigure.web.servlet.error.BasicErrorController.error(javax.servlet.http.HttpServletRequest)
2020-11-12 23:19:15,229 INFO org.apache.commons.logging.impl.Jdk14Logger [main] Mapped "{[/error],produces=[text/html]}" onto public org.springframework.web.servlet.ModelAndView org.springframework.boot.autoconfigure.web.servlet.error.BasicErrorController.errorHtml(javax.servlet.http.HttpServletRequest,javax.servlet.http.HttpServletResponse)
2020-11-12 23:19:15,678 INFO org.apache.commons.logging.impl.Jdk14Logger [main] Mapped URL path [/eureka/**] onto handler of type [class org.springframework.web.servlet.resource.ResourceHttpRequestHandler]
2020-11-12 23:19:16,310 INFO org.apache.commons.logging.impl.Jdk14Logger [main] Looking for @ControllerAdvice: org.springframework.boot.web.servlet.context.AnnotationConfigServletWebServerApplicationContext@632aa1a3: startup date [Thu Nov 12 23:18:56 IST 2020]; parent: org.springframework.context.annotation.AnnotationConfigApplicationContext@39fcbef6
2020-11-12 23:19:16,750 INFO org.apache.commons.logging.impl.Jdk14Logger [main] Creating filter chain: Ant [pattern='/*/'], []
2020-11-12 23:19:16,752 INFO org.apache.commons.logging.impl.Jdk14Logger [main] Creating filter chain: Ant [pattern='/eureka/**.**'], []
2020-11-12 23:19:16,753 INFO org.apache.commons.logging.impl.Jdk14Logger [main] Creating filter chain: Ant [pattern='/eureka/**'], []
2020-11-12 23:19:16,753 INFO org.apache.commons.logging.impl.Jdk14Logger [main] Creating filter chain: Ant [pattern='**/scripts/**.js'], []
2020-11-12 23:19:16,753 INFO org.apache.commons.logging.impl.Jdk14Logger [main] Creating filter chain: Ant [pattern='/**.jpg'], []
2020-11-12 23:19:16,754 INFO org.apache.commons.logging.impl.Jdk14Logger [main] Creating filter chain: Ant [pattern='/**.ico'], []
2020-11-12 23:19:16,754 INFO org.apache.commons.logging.impl.Jdk14Logger [main] Creating filter chain: Ant [pattern='/**.html'], []
2020-11-12 23:19:16,754 INFO org.apache.commons.logging.impl.Jdk14Logger [main] Creating filter chain: Ant [pattern='/header.html'], []
2020-11-12 23:19:16,755 INFO org.apache.commons.logging.impl.Jdk14Logger [main] Creating filter chain: Ant [pattern='**.html'], []
2020-11-12 23:19:16,755 INFO org.apache.commons.logging.impl.Jdk14Logger [main] Creating filter chain: Ant [pattern='/**.css'], []
2020-11-12 23:19:16,755 INFO org.apache.commons.logging.impl.Jdk14Logger [main] Creating filter chain: Ant [pattern='/**.js'], []
2020-11-12 23:19:16,756 INFO org.apache.commons.logging.impl.Jdk14Logger [main] Creating filter chain: Ant [pattern='/eureka/**/**'], []
2020-11-12 23:19:16,756 INFO org.apache.commons.logging.impl.Jdk14Logger [main] Creating filter chain: Ant [pattern='/**', OPTIONS], []
2020-11-12 23:19:17,046 INFO org.apache.commons.logging.impl.Jdk14Logger [main] Creating filter chain: org.springframework.security.web.util.matcher.AnyRequestMatcher@1, [org.springframework.security.web.context.request.async.WebAsyncManagerIntegrationFilter@3add5e17, org.springframework.security.web.context.SecurityContextPersistenceFilter@aee05f4, org.springframework.security.web.header.HeaderWriterFilter@60844992, org.springframework.web.filter.CorsFilter@1c58d7be, org.springframework.security.web.authentication.logout.LogoutFilter@1dbeedff, com.ec.common.JWTUtils.JwtRequestFilter@3486775e, org.springframework.security.web.savedrequest.RequestCacheAwareFilter@3ec082a1, org.springframework.security.web.servletapi.SecurityContextHolderAwareRequestFilter@628b503a, org.springframework.security.web.authentication.AnonymousAuthenticationFilter@61b8c9de, org.springframework.security.web.session.SessionManagementFilter@208e5b23, org.springframework.security.web.access.ExceptionTranslationFilter@42503099, org.springframework.security.web.access.intercept.FilterSecurityInterceptor@4ec427]
2020-11-12 23:19:17,277 WARN com.netflix.config.sources.URLConfigurationSource [main] No URLs will be polled as dynamic configuration sources.
2020-11-12 23:19:17,277 INFO com.netflix.config.sources.URLConfigurationSource [main] To enable URLs as dynamic configuration sources, define System property archaius.configurationSource.additionalUrls or make config.properties available on classpath.
2020-11-12 23:19:19,201 INFO org.apache.commons.logging.impl.Jdk14Logger [main] Exposing 2 endpoint(s) beneath base path '/actuator'
2020-11-12 23:19:19,227 INFO org.apache.commons.logging.impl.Jdk14Logger [main] Mapped "{[/actuator/health],methods=[GET],produces=[application/vnd.spring-boot.actuator.v2+json || application/json]}" onto public java.lang.Object org.springframework.boot.actuate.endpoint.web.servlet.AbstractWebMvcEndpointHandlerMapping$OperationHandler.handle(javax.servlet.http.HttpServletRequest,java.util.Map<java.lang.String, java.lang.String>)
2020-11-12 23:19:19,229 INFO org.apache.commons.logging.impl.Jdk14Logger [main] Mapped "{[/actuator/info],methods=[GET],produces=[application/vnd.spring-boot.actuator.v2+json || application/json]}" onto public java.lang.Object org.springframework.boot.actuate.endpoint.web.servlet.AbstractWebMvcEndpointHandlerMapping$OperationHandler.handle(javax.servlet.http.HttpServletRequest,java.util.Map<java.lang.String, java.lang.String>)
2020-11-12 23:19:19,231 INFO org.apache.commons.logging.impl.Jdk14Logger [main] Mapped "{[/actuator],methods=[GET],produces=[application/vnd.spring-boot.actuator.v2+json || application/json]}" onto protected java.util.Map<java.lang.String, java.util.Map<java.lang.String, org.springframework.boot.actuate.endpoint.web.Link>> org.springframework.boot.actuate.endpoint.web.servlet.WebMvcEndpointHandlerMapping.links(javax.servlet.http.HttpServletRequest,javax.servlet.http.HttpServletResponse)
2020-11-12 23:19:21,457 INFO org.apache.commons.logging.impl.Jdk14Logger [main] Starting filter initializer
2020-11-12 23:19:21,578 INFO org.apache.commons.logging.impl.Jdk14Logger [main] Registering beans for JMX exposure on startup
2020-11-12 23:19:21,583 INFO org.apache.commons.logging.impl.Jdk14Logger [main] Bean with name 'dataSource' has been autodetected for JMX exposure
2020-11-12 23:19:21,597 INFO org.apache.commons.logging.impl.Jdk14Logger [main] Bean with name 'environmentManager' has been autodetected for JMX exposure
2020-11-12 23:19:21,600 INFO org.apache.commons.logging.impl.Jdk14Logger [main] Bean with name 'refreshScope' has been autodetected for JMX exposure
2020-11-12 23:19:21,608 INFO org.apache.commons.logging.impl.Jdk14Logger [main] Bean with name 'configurationPropertiesRebinder' has been autodetected for JMX exposure
2020-11-12 23:19:21,613 INFO org.apache.commons.logging.impl.Jdk14Logger [main] Located managed bean 'environmentManager': registering with JMX server as MBean [gateway:name=environmentManager,type=EnvironmentManager]
2020-11-12 23:19:21,626 INFO org.apache.commons.logging.impl.Jdk14Logger [main] Located managed bean 'refreshScope': registering with JMX server as MBean [gateway:name=refreshScope,type=RefreshScope]
2020-11-12 23:19:21,670 INFO org.apache.commons.logging.impl.Jdk14Logger [main] Located managed bean 'configurationPropertiesRebinder': registering with JMX server as MBean [gateway:name=configurationPropertiesRebinder,context=632aa1a3,type=ConfigurationPropertiesRebinder]
2020-11-12 23:19:21,684 INFO org.apache.commons.logging.impl.Jdk14Logger [main] Located MBean 'dataSource': registering with JMX server as MBean [gateway:name=dataSource,type=HikariDataSource]
2020-11-12 23:19:21,717 INFO org.apache.juli.logging.DirectJDKLog [main] Starting ProtocolHandler ["http-nio-8080"]
2020-11-12 23:19:21,760 INFO org.apache.juli.logging.DirectJDKLog [main] Using a shared selector for servlet write/read
2020-11-12 23:19:21,819 INFO org.apache.commons.logging.impl.Jdk14Logger [main] Tomcat started on port(s): 8080 (http) with context path ''
2020-11-12 23:19:21,823 INFO org.apache.commons.logging.impl.Jdk14Logger [main] Started GatewayApplication in 48.628 seconds (JVM running for 55.023)
2020-11-12 23:19:58,096 INFO org.apache.juli.logging.DirectJDKLog [http-nio-8080-exec-2] Initializing Spring FrameworkServlet 'dispatcherServlet'
2020-11-12 23:19:58,098 INFO org.apache.commons.logging.impl.Jdk14Logger [http-nio-8080-exec-2] FrameworkServlet 'dispatcherServlet': initialization started
2020-11-12 23:19:58,183 INFO org.apache.commons.logging.impl.Jdk14Logger [http-nio-8080-exec-2] FrameworkServlet 'dispatcherServlet': initialization completed in 82 ms
2020-11-12 23:19:58,215 INFO org.apache.commons.logging.impl.Jdk14Logger [http-nio-8080-exec-2] Mapped URL path [/api/inventory/**] onto handler of type [class org.springframework.cloud.netflix.zuul.web.ZuulController]
2020-11-12 23:19:58,216 INFO org.apache.commons.logging.impl.Jdk14Logger [http-nio-8080-exec-2] Mapped URL path [/api/crm/**] onto handler of type [class org.springframework.cloud.netflix.zuul.web.ZuulController]
2020-11-12 23:19:58,280 WARN org.apache.commons.logging.impl.Jdk14Logger [http-nio-8080-exec-2] JWT Token does not begin with 	Bearer String
2020-11-12 23:19:58,331 DEBUG org.apache.commons.logging.impl.Jdk14Logger [http-nio-8080-exec-2] Before request [uri=/ec/login]
2020-11-12 23:19:58,332 DEBUG org.apache.commons.logging.impl.Jdk14Logger [http-nio-8080-exec-2] Before request [uri=/ec/login;client=0:0:0:0:0:0:0:1]
2020-11-12 23:19:59,567 DEBUG org.apache.commons.logging.impl.Jdk14Logger [http-nio-8080-exec-2] After request [uri=/ec/login;client=0:0:0:0:0:0:0:1;payload={
	"userName":"sridhar",
	"password":"Test@123"
}]
2020-11-12 23:19:59,568 DEBUG org.apache.commons.logging.impl.Jdk14Logger [http-nio-8080-exec-2] REQUEST DATA : uri=/ec/login;payload={
	"userName":"sridhar",
	"password":"Test@123"
}]
2020-11-12 23:20:25,510 WARN org.apache.commons.logging.impl.Jdk14Logger [http-nio-8080-exec-3] JWT Token does not begin with 	Bearer String
2020-11-12 23:20:25,518 DEBUG org.apache.commons.logging.impl.Jdk14Logger [http-nio-8080-exec-3] Before request [uri=/ec/login]
2020-11-12 23:20:25,519 DEBUG org.apache.commons.logging.impl.Jdk14Logger [http-nio-8080-exec-3] Before request [uri=/ec/login;client=0:0:0:0:0:0:0:1]
2020-11-12 23:20:27,275 DEBUG org.apache.commons.logging.impl.Jdk14Logger [http-nio-8080-exec-3] After request [uri=/ec/login;client=0:0:0:0:0:0:0:1;payload={
	"userName":"sridhar",
	"password":"Anshu!123"
}]
2020-11-12 23:20:27,276 DEBUG org.apache.commons.logging.impl.Jdk14Logger [http-nio-8080-exec-3] REQUEST DATA : uri=/ec/login;payload={
	"userName":"sridhar",
	"password":"Anshu!123"
}]
