2020-11-30 20:14:39,636 INFO org.apache.commons.logging.impl.Jdk14Logger [main] Refreshing org.springframework.context.annotation.AnnotationConfigApplicationContext@687e99d8: startup date [Mon Nov 30 20:14:39 IST 2020]; root of context hierarchy
2020-11-30 20:14:40,101 INFO org.apache.commons.logging.impl.Jdk14Logger [main] JSR-330 'javax.inject.Inject' annotation found and supported for autowiring
2020-11-30 20:14:40,208 INFO org.apache.commons.logging.impl.Jdk14Logger [main] Bean 'configurationPropertiesRebinderAutoConfiguration' of type [org.springframework.cloud.autoconfigure.ConfigurationPropertiesRebinderAutoConfiguration$$EnhancerBySpringCGLIB$$f42a42c8] is not eligible for getting processed by all BeanPostProcessors (for example: not eligible for auto-proxying)
2020-11-30 20:14:50,713 INFO org.apache.commons.logging.impl.Jdk14Logger [main] No active profile set, falling back to default profiles: default
2020-11-30 20:14:50,737 INFO org.apache.commons.logging.impl.Jdk14Logger [main] Refreshing org.springframework.boot.web.servlet.context.AnnotationConfigServletWebServerApplicationContext@3f91b517: startup date [Mon Nov 30 20:14:50 IST 2020]; parent: org.springframework.context.annotation.AnnotationConfigApplicationContext@687e99d8
2020-11-30 20:14:53,281 INFO org.apache.commons.logging.impl.Jdk14Logger [main] Overriding bean definition for bean 'counterFactory' with a different definition: replacing [Root bean: class [null]; scope=; abstract=false; lazyInit=false; autowireMode=3; dependencyCheck=0; autowireCandidate=true; primary=false; factoryBeanName=org.springframework.cloud.netflix.zuul.ZuulServerAutoConfiguration$ZuulMetricsConfiguration; factoryMethodName=counterFactory; initMethodName=null; destroyMethodName=(inferred); defined in class path resource [org/springframework/cloud/netflix/zuul/ZuulServerAutoConfiguration$ZuulMetricsConfiguration.class]] with [Root bean: class [null]; scope=; abstract=false; lazyInit=false; autowireMode=3; dependencyCheck=0; autowireCandidate=true; primary=false; factoryBeanName=org.springframework.cloud.netflix.zuul.ZuulServerAutoConfiguration$ZuulCounterFactoryConfiguration; factoryMethodName=counterFactory; initMethodName=null; destroyMethodName=(inferred); defined in class path resource [org/springframework/cloud/netflix/zuul/ZuulServerAutoConfiguration$ZuulCounterFactoryConfiguration.class]]
2020-11-30 20:14:53,419 INFO org.apache.commons.logging.impl.Jdk14Logger [main] Overriding bean definition for bean 'dataSource' with a different definition: replacing [Root bean: class [null]; scope=refresh; abstract=false; lazyInit=false; autowireMode=3; dependencyCheck=0; autowireCandidate=false; primary=false; factoryBeanName=org.springframework.boot.autoconfigure.jdbc.DataSourceConfiguration$Hikari; factoryMethodName=dataSource; initMethodName=null; destroyMethodName=(inferred); defined in class path resource [org/springframework/boot/autoconfigure/jdbc/DataSourceConfiguration$Hikari.class]] with [Root bean: class [org.springframework.aop.scope.ScopedProxyFactoryBean]; scope=; abstract=false; lazyInit=false; autowireMode=0; dependencyCheck=0; autowireCandidate=true; primary=false; factoryBeanName=null; factoryMethodName=null; initMethodName=null; destroyMethodName=null; defined in BeanDefinition defined in class path resource [org/springframework/boot/autoconfigure/jdbc/DataSourceConfiguration$Hikari.class]]
2020-11-30 20:14:53,707 INFO org.apache.commons.logging.impl.Jdk14Logger [main] BeanFactory id=d9584f2f-316a-3d06-a470-48069670a8f9
2020-11-30 20:14:53,742 INFO org.apache.commons.logging.impl.Jdk14Logger [main] JSR-330 'javax.inject.Inject' annotation found and supported for autowiring
2020-11-30 20:14:53,914 INFO org.apache.commons.logging.impl.Jdk14Logger [main] Bean 'org.springframework.ws.config.annotation.DelegatingWsConfiguration' of type [org.springframework.ws.config.annotation.DelegatingWsConfiguration$$EnhancerBySpringCGLIB$$7ca804ca] is not eligible for getting processed by all BeanPostProcessors (for example: not eligible for auto-proxying)
2020-11-30 20:14:54,047 INFO org.apache.commons.logging.impl.Jdk14Logger [main] Supporting [WS-Addressing August 2004, WS-Addressing 1.0]
2020-11-30 20:14:54,197 INFO org.apache.commons.logging.impl.Jdk14Logger [main] Bean 'org.springframework.transaction.annotation.ProxyTransactionManagementConfiguration' of type [org.springframework.transaction.annotation.ProxyTransactionManagementConfiguration$$EnhancerBySpringCGLIB$$d8103fcb] is not eligible for getting processed by all BeanPostProcessors (for example: not eligible for auto-proxying)
2020-11-30 20:14:54,582 INFO org.apache.commons.logging.impl.Jdk14Logger [main] Bean 'org.springframework.security.config.annotation.configuration.ObjectPostProcessorConfiguration' of type [org.springframework.security.config.annotation.configuration.ObjectPostProcessorConfiguration$$EnhancerBySpringCGLIB$$70be0805] is not eligible for getting processed by all BeanPostProcessors (for example: not eligible for auto-proxying)
2020-11-30 20:14:54,598 INFO org.apache.commons.logging.impl.Jdk14Logger [main] Bean 'objectPostProcessor' of type [org.springframework.security.config.annotation.configuration.AutowireBeanFactoryObjectPostProcessor] is not eligible for getting processed by all BeanPostProcessors (for example: not eligible for auto-proxying)
2020-11-30 20:14:54,603 INFO org.apache.commons.logging.impl.Jdk14Logger [main] Bean 'org.springframework.security.access.expression.method.DefaultMethodSecurityExpressionHandler@59b65dce' of type [org.springframework.security.access.expression.method.DefaultMethodSecurityExpressionHandler] is not eligible for getting processed by all BeanPostProcessors (for example: not eligible for auto-proxying)
2020-11-30 20:14:54,615 INFO org.apache.commons.logging.impl.Jdk14Logger [main] Bean 'org.springframework.security.config.annotation.method.configuration.GlobalMethodSecurityConfiguration' of type [org.springframework.security.config.annotation.method.configuration.GlobalMethodSecurityConfiguration$$EnhancerBySpringCGLIB$$9592aab7] is not eligible for getting processed by all BeanPostProcessors (for example: not eligible for auto-proxying)
2020-11-30 20:14:54,635 INFO org.apache.commons.logging.impl.Jdk14Logger [main] Bean 'methodSecurityMetadataSource' of type [org.springframework.security.access.method.DelegatingMethodSecurityMetadataSource] is not eligible for getting processed by all BeanPostProcessors (for example: not eligible for auto-proxying)
2020-11-30 20:14:54,735 INFO org.apache.commons.logging.impl.Jdk14Logger [main] Bean 'org.springframework.cloud.autoconfigure.ConfigurationPropertiesRebinderAutoConfiguration' of type [org.springframework.cloud.autoconfigure.ConfigurationPropertiesRebinderAutoConfiguration$$EnhancerBySpringCGLIB$$f42a42c8] is not eligible for getting processed by all BeanPostProcessors (for example: not eligible for auto-proxying)
2020-11-30 20:14:55,710 INFO org.apache.commons.logging.impl.Jdk14Logger [main] Tomcat initialized with port(s): 8080 (http)
2020-11-30 20:14:55,738 INFO org.apache.juli.logging.DirectJDKLog [main] Initializing ProtocolHandler ["http-nio-8080"]
2020-11-30 20:14:55,757 INFO org.apache.juli.logging.DirectJDKLog [main] Starting service [Tomcat]
2020-11-30 20:14:55,758 INFO org.apache.juli.logging.DirectJDKLog [main] Starting Servlet Engine: Apache Tomcat/8.5.34
2020-11-30 20:14:55,769 INFO org.apache.juli.logging.DirectJDKLog [localhost-startStop-1] The APR based Apache Tomcat Native library which allows optimal performance in production environments was not found on the java.library.path: [/Users/bsridharpatnaik/Library/Java/Extensions:/Library/Java/Extensions:/Network/Library/Java/Extensions:/System/Library/Java/Extensions:/usr/lib/java:.]
2020-11-30 20:14:55,985 INFO org.apache.juli.logging.DirectJDKLog [localhost-startStop-1] Initializing Spring embedded WebApplicationContext
2020-11-30 20:14:55,986 INFO org.apache.commons.logging.impl.Jdk14Logger [localhost-startStop-1] Root WebApplicationContext: initialization completed in 5248 ms
2020-11-30 20:14:56,415 WARN com.netflix.config.sources.URLConfigurationSource [localhost-startStop-1] No URLs will be polled as dynamic configuration sources.
2020-11-30 20:14:56,415 INFO com.netflix.config.sources.URLConfigurationSource [localhost-startStop-1] To enable URLs as dynamic configuration sources, define System property archaius.configurationSource.additionalUrls or make config.properties available on classpath.
2020-11-30 20:14:56,441 INFO com.netflix.config.DynamicPropertyFactory [localhost-startStop-1] DynamicPropertyFactory is initialized with configuration sources: com.netflix.config.ConcurrentCompositeConfiguration@3b043394
2020-11-30 20:14:58,336 INFO com.zaxxer.hikari.HikariDataSource [localhost-startStop-1] HikariPool-1 - Starting...
2020-11-30 20:15:04,218 ERROR com.zaxxer.hikari.pool.HikariPool [localhost-startStop-1] HikariPool-1 - Exception during pool initialization.
com.mysql.jdbc.exceptions.jdbc4.MySQLNonTransientConnectionException: Could not create connection to database server. Attempted reconnect 3 times. Giving up.
	at sun.reflect.NativeConstructorAccessorImpl.newInstance0(Native Method)
	at sun.reflect.NativeConstructorAccessorImpl.newInstance(NativeConstructorAccessorImpl.java:62)
	at sun.reflect.DelegatingConstructorAccessorImpl.newInstance(DelegatingConstructorAccessorImpl.java:45)
	at java.lang.reflect.Constructor.newInstance(Constructor.java:423)
	at com.mysql.jdbc.Util.handleNewInstance(Util.java:425)
	at com.mysql.jdbc.Util.getInstance(Util.java:408)
	at com.mysql.jdbc.SQLError.createSQLException(SQLError.java:919)
	at com.mysql.jdbc.SQLError.createSQLException(SQLError.java:898)
	at com.mysql.jdbc.SQLError.createSQLException(SQLError.java:887)
	at com.mysql.jdbc.SQLError.createSQLException(SQLError.java:861)
	at com.mysql.jdbc.ConnectionImpl.connectWithRetries(ConnectionImpl.java:2105)
	at com.mysql.jdbc.ConnectionImpl.createNewIO(ConnectionImpl.java:2030)
	at com.mysql.jdbc.ConnectionImpl.<init>(ConnectionImpl.java:778)
	at com.mysql.jdbc.JDBC4Connection.<init>(JDBC4Connection.java:47)
	at sun.reflect.NativeConstructorAccessorImpl.newInstance0(Native Method)
	at sun.reflect.NativeConstructorAccessorImpl.newInstance(NativeConstructorAccessorImpl.java:62)
	at sun.reflect.DelegatingConstructorAccessorImpl.newInstance(DelegatingConstructorAccessorImpl.java:45)
	at java.lang.reflect.Constructor.newInstance(Constructor.java:423)
	at com.mysql.jdbc.Util.handleNewInstance(Util.java:425)
	at com.mysql.jdbc.ConnectionImpl.getInstance(ConnectionImpl.java:386)
	at com.mysql.jdbc.NonRegisteringDriver.connect(NonRegisteringDriver.java:330)
	at com.zaxxer.hikari.util.DriverDataSource.getConnection(DriverDataSource.java:117)
	at com.zaxxer.hikari.util.DriverDataSource.getConnection(DriverDataSource.java:123)
	at com.zaxxer.hikari.pool.PoolBase.newConnection(PoolBase.java:365)
	at com.zaxxer.hikari.pool.PoolBase.newPoolEntry(PoolBase.java:194)
	at com.zaxxer.hikari.pool.HikariPool.createPoolEntry(HikariPool.java:460)
	at com.zaxxer.hikari.pool.HikariPool.checkFailFast(HikariPool.java:534)
	at com.zaxxer.hikari.pool.HikariPool.<init>(HikariPool.java:115)
	at com.zaxxer.hikari.HikariDataSource.getConnection(HikariDataSource.java:112)
	at com.zaxxer.hikari.HikariDataSource$$FastClassBySpringCGLIB$$eeb1ae86.invoke(<generated>)
	at org.springframework.cglib.proxy.MethodProxy.invoke(MethodProxy.java:204)
	at org.springframework.aop.framework.CglibAopProxy$CglibMethodInvocation.invokeJoinpoint(CglibAopProxy.java:746)
	at org.springframework.aop.framework.ReflectiveMethodInvocation.proceed(ReflectiveMethodInvocation.java:163)
	at org.springframework.aop.support.DelegatingIntroductionInterceptor.doProceed(DelegatingIntroductionInterceptor.java:136)
	at org.springframework.aop.support.DelegatingIntroductionInterceptor.invoke(DelegatingIntroductionInterceptor.java:124)
	at org.springframework.aop.framework.ReflectiveMethodInvocation.proceed(ReflectiveMethodInvocation.java:185)
	at org.springframework.aop.framework.CglibAopProxy$DynamicAdvisedInterceptor.intercept(CglibAopProxy.java:688)
	at com.zaxxer.hikari.HikariDataSource$$EnhancerBySpringCGLIB$$e4839750.getConnection(<generated>)
	at org.springframework.jdbc.datasource.DataSourceUtils.fetchConnection(DataSourceUtils.java:151)
	at org.springframework.jdbc.datasource.DataSourceUtils.doGetConnection(DataSourceUtils.java:115)
	at org.springframework.jdbc.datasource.DataSourceUtils.getConnection(DataSourceUtils.java:78)
	at org.springframework.jdbc.support.JdbcUtils.extractDatabaseMetaData(JdbcUtils.java:319)
	at org.springframework.jdbc.support.JdbcUtils.extractDatabaseMetaData(JdbcUtils.java:356)
	at org.springframework.boot.autoconfigure.orm.jpa.DatabaseLookup.getDatabase(DatabaseLookup.java:72)
	at org.springframework.boot.autoconfigure.orm.jpa.JpaProperties.determineDatabase(JpaProperties.java:166)
	at org.springframework.boot.autoconfigure.orm.jpa.JpaBaseConfiguration.jpaVendorAdapter(JpaBaseConfiguration.java:111)
	at org.springframework.boot.autoconfigure.orm.jpa.HibernateJpaConfiguration$$EnhancerBySpringCGLIB$$f6e7023a.CGLIB$jpaVendorAdapter$9(<generated>)
	at org.springframework.boot.autoconfigure.orm.jpa.HibernateJpaConfiguration$$EnhancerBySpringCGLIB$$f6e7023a$$FastClassBySpringCGLIB$$ba1e8dc1.invoke(<generated>)
	at org.springframework.cglib.proxy.MethodProxy.invokeSuper(MethodProxy.java:228)
	at org.springframework.context.annotation.ConfigurationClassEnhancer$BeanMethodInterceptor.intercept(ConfigurationClassEnhancer.java:365)
	at org.springframework.boot.autoconfigure.orm.jpa.HibernateJpaConfiguration$$EnhancerBySpringCGLIB$$f6e7023a.jpaVendorAdapter(<generated>)
	at sun.reflect.NativeMethodAccessorImpl.invoke0(Native Method)
	at sun.reflect.NativeMethodAccessorImpl.invoke(NativeMethodAccessorImpl.java:62)
	at sun.reflect.DelegatingMethodAccessorImpl.invoke(DelegatingMethodAccessorImpl.java:43)
	at java.lang.reflect.Method.invoke(Method.java:498)
	at org.springframework.beans.factory.support.SimpleInstantiationStrategy.instantiate(SimpleInstantiationStrategy.java:154)
	at org.springframework.beans.factory.support.ConstructorResolver.instantiateUsingFactoryMethod(ConstructorResolver.java:582)
	at org.springframework.beans.factory.support.AbstractAutowireCapableBeanFactory.instantiateUsingFactoryMethod(AbstractAutowireCapableBeanFactory.java:1247)
	at org.springframework.beans.factory.support.AbstractAutowireCapableBeanFactory.createBeanInstance(AbstractAutowireCapableBeanFactory.java:1096)
	at org.springframework.beans.factory.support.AbstractAutowireCapableBeanFactory.doCreateBean(AbstractAutowireCapableBeanFactory.java:535)
	at org.springframework.beans.factory.support.AbstractAutowireCapableBeanFactory.createBean(AbstractAutowireCapableBeanFactory.java:495)
	at org.springframework.beans.factory.support.AbstractBeanFactory.lambda$doGetBean$0(AbstractBeanFactory.java:317)
	at org.springframework.beans.factory.support.DefaultSingletonBeanRegistry.getSingleton(DefaultSingletonBeanRegistry.java:222)
	at org.springframework.beans.factory.support.AbstractBeanFactory.doGetBean(AbstractBeanFactory.java:315)
	at org.springframework.beans.factory.support.AbstractBeanFactory.getBean(AbstractBeanFactory.java:199)
	at org.springframework.beans.factory.config.DependencyDescriptor.resolveCandidate(DependencyDescriptor.java:251)
	at org.springframework.beans.factory.support.DefaultListableBeanFactory.doResolveDependency(DefaultListableBeanFactory.java:1135)
	at org.springframework.beans.factory.support.DefaultListableBeanFactory.resolveDependency(DefaultListableBeanFactory.java:1062)
	at org.springframework.beans.factory.support.ConstructorResolver.resolveAutowiredArgument(ConstructorResolver.java:818)
	at org.springframework.beans.factory.support.ConstructorResolver.createArgumentArray(ConstructorResolver.java:724)
	at org.springframework.beans.factory.support.ConstructorResolver.instantiateUsingFactoryMethod(ConstructorResolver.java:474)
	at org.springframework.beans.factory.support.AbstractAutowireCapableBeanFactory.instantiateUsingFactoryMethod(AbstractAutowireCapableBeanFactory.java:1247)
	at org.springframework.beans.factory.support.AbstractAutowireCapableBeanFactory.createBeanInstance(AbstractAutowireCapableBeanFactory.java:1096)
	at org.springframework.beans.factory.support.AbstractAutowireCapableBeanFactory.doCreateBean(AbstractAutowireCapableBeanFactory.java:535)
	at org.springframework.beans.factory.support.AbstractAutowireCapableBeanFactory.createBean(AbstractAutowireCapableBeanFactory.java:495)
	at org.springframework.beans.factory.support.AbstractBeanFactory.lambda$doGetBean$0(AbstractBeanFactory.java:317)
	at org.springframework.beans.factory.support.DefaultSingletonBeanRegistry.getSingleton(DefaultSingletonBeanRegistry.java:222)
	at org.springframework.beans.factory.support.AbstractBeanFactory.doGetBean(AbstractBeanFactory.java:315)
	at org.springframework.beans.factory.support.AbstractBeanFactory.getBean(AbstractBeanFactory.java:199)
	at org.springframework.beans.factory.config.DependencyDescriptor.resolveCandidate(DependencyDescriptor.java:251)
	at org.springframework.beans.factory.support.DefaultListableBeanFactory.doResolveDependency(DefaultListableBeanFactory.java:1135)
	at org.springframework.beans.factory.support.DefaultListableBeanFactory.resolveDependency(DefaultListableBeanFactory.java:1062)
	at org.springframework.beans.factory.support.ConstructorResolver.resolveAutowiredArgument(ConstructorResolver.java:818)
	at org.springframework.beans.factory.support.ConstructorResolver.createArgumentArray(ConstructorResolver.java:724)
	at org.springframework.beans.factory.support.ConstructorResolver.instantiateUsingFactoryMethod(ConstructorResolver.java:474)
	at org.springframework.beans.factory.support.AbstractAutowireCapableBeanFactory.instantiateUsingFactoryMethod(AbstractAutowireCapableBeanFactory.java:1247)
	at org.springframework.beans.factory.support.AbstractAutowireCapableBeanFactory.createBeanInstance(AbstractAutowireCapableBeanFactory.java:1096)
	at org.springframework.beans.factory.support.AbstractAutowireCapableBeanFactory.doCreateBean(AbstractAutowireCapableBeanFactory.java:535)
	at org.springframework.beans.factory.support.AbstractAutowireCapableBeanFactory.createBean(AbstractAutowireCapableBeanFactory.java:495)
	at org.springframework.beans.factory.support.AbstractBeanFactory.lambda$doGetBean$0(AbstractBeanFactory.java:317)
	at org.springframework.beans.factory.support.DefaultSingletonBeanRegistry.getSingleton(DefaultSingletonBeanRegistry.java:222)
	at org.springframework.beans.factory.support.AbstractBeanFactory.doGetBean(AbstractBeanFactory.java:315)
	at org.springframework.beans.factory.support.AbstractBeanFactory.getBean(AbstractBeanFactory.java:199)
	at org.springframework.beans.factory.support.BeanDefinitionValueResolver.resolveReference(BeanDefinitionValueResolver.java:367)
	at org.springframework.beans.factory.support.BeanDefinitionValueResolver.resolveValueIfNecessary(BeanDefinitionValueResolver.java:110)
	at org.springframework.beans.factory.support.ConstructorResolver.resolveConstructorArguments(ConstructorResolver.java:625)
	at org.springframework.beans.factory.support.ConstructorResolver.instantiateUsingFactoryMethod(ConstructorResolver.java:444)
	at org.springframework.beans.factory.support.AbstractAutowireCapableBeanFactory.instantiateUsingFactoryMethod(AbstractAutowireCapableBeanFactory.java:1247)
	at org.springframework.beans.factory.support.AbstractAutowireCapableBeanFactory.createBeanInstance(AbstractAutowireCapableBeanFactory.java:1096)
	at org.springframework.beans.factory.support.AbstractAutowireCapableBeanFactory.doCreateBean(AbstractAutowireCapableBeanFactory.java:535)
	at org.springframework.beans.factory.support.AbstractAutowireCapableBeanFactory.createBean(AbstractAutowireCapableBeanFactory.java:495)
	at org.springframework.beans.factory.support.BeanDefinitionValueResolver.resolveInnerBean(BeanDefinitionValueResolver.java:312)
	at org.springframework.beans.factory.support.BeanDefinitionValueResolver.resolveValueIfNecessary(BeanDefinitionValueResolver.java:131)
	at org.springframework.beans.factory.support.AbstractAutowireCapableBeanFactory.applyPropertyValues(AbstractAutowireCapableBeanFactory.java:1602)
	at org.springframework.beans.factory.support.AbstractAutowireCapableBeanFactory.populateBean(AbstractAutowireCapableBeanFactory.java:1354)
	at org.springframework.beans.factory.support.AbstractAutowireCapableBeanFactory.doCreateBean(AbstractAutowireCapableBeanFactory.java:572)
	at org.springframework.beans.factory.support.AbstractAutowireCapableBeanFactory.createBean(AbstractAutowireCapableBeanFactory.java:495)
	at org.springframework.beans.factory.support.AbstractBeanFactory.lambda$doGetBean$0(AbstractBeanFactory.java:317)
	at org.springframework.beans.factory.support.DefaultSingletonBeanRegistry.getSingleton(DefaultSingletonBeanRegistry.java:222)
	at org.springframework.beans.factory.support.AbstractBeanFactory.doGetBean(AbstractBeanFactory.java:315)
	at org.springframework.beans.factory.support.AbstractBeanFactory.getBean(AbstractBeanFactory.java:199)
	at org.springframework.beans.factory.config.DependencyDescriptor.resolveCandidate(DependencyDescriptor.java:251)
	at org.springframework.beans.factory.support.DefaultListableBeanFactory.doResolveDependency(DefaultListableBeanFactory.java:1135)
	at org.springframework.beans.factory.support.DefaultListableBeanFactory.resolveDependency(DefaultListableBeanFactory.java:1062)
	at org.springframework.beans.factory.annotation.AutowiredAnnotationBeanPostProcessor$AutowiredFieldElement.inject(AutowiredAnnotationBeanPostProcessor.java:583)
	at org.springframework.beans.factory.annotation.InjectionMetadata.inject(InjectionMetadata.java:90)
	at org.springframework.beans.factory.annotation.AutowiredAnnotationBeanPostProcessor.postProcessPropertyValues(AutowiredAnnotationBeanPostProcessor.java:372)
	at org.springframework.beans.factory.support.AbstractAutowireCapableBeanFactory.populateBean(AbstractAutowireCapableBeanFactory.java:1341)
	at org.springframework.beans.factory.support.AbstractAutowireCapableBeanFactory.doCreateBean(AbstractAutowireCapableBeanFactory.java:572)
	at org.springframework.beans.factory.support.AbstractAutowireCapableBeanFactory.createBean(AbstractAutowireCapableBeanFactory.java:495)
	at org.springframework.beans.factory.support.AbstractBeanFactory.lambda$doGetBean$0(AbstractBeanFactory.java:317)
	at org.springframework.beans.factory.support.DefaultSingletonBeanRegistry.getSingleton(DefaultSingletonBeanRegistry.java:222)
	at org.springframework.beans.factory.support.AbstractBeanFactory.doGetBean(AbstractBeanFactory.java:315)
	at org.springframework.beans.factory.support.AbstractBeanFactory.getBean(AbstractBeanFactory.java:199)
	at org.springframework.beans.factory.config.DependencyDescriptor.resolveCandidate(DependencyDescriptor.java:251)
	at org.springframework.beans.factory.support.DefaultListableBeanFactory.doResolveDependency(DefaultListableBeanFactory.java:1135)
	at org.springframework.beans.factory.support.DefaultListableBeanFactory.resolveDependency(DefaultListableBeanFactory.java:1062)
	at org.springframework.beans.factory.annotation.AutowiredAnnotationBeanPostProcessor$AutowiredFieldElement.inject(AutowiredAnnotationBeanPostProcessor.java:583)
	at org.springframework.beans.factory.annotation.InjectionMetadata.inject(InjectionMetadata.java:90)
	at org.springframework.beans.factory.annotation.AutowiredAnnotationBeanPostProcessor.postProcessPropertyValues(AutowiredAnnotationBeanPostProcessor.java:372)
	at org.springframework.beans.factory.support.AbstractAutowireCapableBeanFactory.populateBean(AbstractAutowireCapableBeanFactory.java:1341)
	at org.springframework.beans.factory.support.AbstractAutowireCapableBeanFactory.doCreateBean(AbstractAutowireCapableBeanFactory.java:572)
	at org.springframework.beans.factory.support.AbstractAutowireCapableBeanFactory.createBean(AbstractAutowireCapableBeanFactory.java:495)
	at org.springframework.beans.factory.support.AbstractBeanFactory.lambda$doGetBean$0(AbstractBeanFactory.java:317)
	at org.springframework.beans.factory.support.DefaultSingletonBeanRegistry.getSingleton(DefaultSingletonBeanRegistry.java:222)
	at org.springframework.beans.factory.support.AbstractBeanFactory.doGetBean(AbstractBeanFactory.java:315)
	at org.springframework.beans.factory.support.AbstractBeanFactory.getBean(AbstractBeanFactory.java:204)
	at org.springframework.boot.web.servlet.ServletContextInitializerBeans.getOrderedBeansOfType(ServletContextInitializerBeans.java:226)
	at org.springframework.boot.web.servlet.ServletContextInitializerBeans.addAsRegistrationBean(ServletContextInitializerBeans.java:182)
	at org.springframework.boot.web.servlet.ServletContextInitializerBeans.addAsRegistrationBean(ServletContextInitializerBeans.java:177)
	at org.springframework.boot.web.servlet.ServletContextInitializerBeans.addAdaptableBeans(ServletContextInitializerBeans.java:159)
	at org.springframework.boot.web.servlet.ServletContextInitializerBeans.<init>(ServletContextInitializerBeans.java:81)
	at org.springframework.boot.web.servlet.context.ServletWebServerApplicationContext.getServletContextInitializerBeans(ServletWebServerApplicationContext.java:250)
	at org.springframework.boot.web.servlet.context.ServletWebServerApplicationContext.selfInitialize(ServletWebServerApplicationContext.java:237)
	at org.springframework.boot.web.embedded.tomcat.TomcatStarter.onStartup(TomcatStarter.java:54)
	at org.apache.catalina.core.StandardContext.startInternal(StandardContext.java:5245)
	at org.apache.catalina.util.LifecycleBase.start(LifecycleBase.java:150)
	at org.apache.catalina.core.ContainerBase$StartChild.call(ContainerBase.java:1420)
	at org.apache.catalina.core.ContainerBase$StartChild.call(ContainerBase.java:1410)
	at java.util.concurrent.FutureTask.run(FutureTask.java:266)
	at java.util.concurrent.ThreadPoolExecutor.runWorker(ThreadPoolExecutor.java:1149)
	at java.util.concurrent.ThreadPoolExecutor$Worker.run(ThreadPoolExecutor.java:624)
	at java.lang.Thread.run(Thread.java:748)
Caused by: java.sql.SQLException: Access denied for user 'root'@'localhost' (using password: YES)
	at com.mysql.jdbc.SQLError.createSQLException(SQLError.java:965)
	at com.mysql.jdbc.MysqlIO.checkErrorPacket(MysqlIO.java:3978)
	at com.mysql.jdbc.MysqlIO.checkErrorPacket(MysqlIO.java:3914)
	at com.mysql.jdbc.MysqlIO.checkErrorPacket(MysqlIO.java:871)
	at com.mysql.jdbc.MysqlIO.proceedHandshakeWithPluggableAuthentication(MysqlIO.java:1714)
	at com.mysql.jdbc.MysqlIO.doHandshake(MysqlIO.java:1224)
	at com.mysql.jdbc.ConnectionImpl.coreConnect(ConnectionImpl.java:2199)
	at com.mysql.jdbc.ConnectionImpl.connectWithRetries(ConnectionImpl.java:2046)
	... 142 common frames omitted
2020-11-30 20:15:04,226 WARN org.apache.commons.logging.impl.Jdk14Logger [localhost-startStop-1] Unable to determine jdbc url from datasource
org.springframework.jdbc.support.MetaDataAccessException: Could not get Connection for extracting meta-data; nested exception is org.springframework.jdbc.CannotGetJdbcConnectionException: Failed to obtain JDBC Connection; nested exception is com.mysql.jdbc.exceptions.jdbc4.MySQLNonTransientConnectionException: Could not create connection to database server. Attempted reconnect 3 times. Giving up.
	at org.springframework.jdbc.support.JdbcUtils.extractDatabaseMetaData(JdbcUtils.java:328)
	at org.springframework.jdbc.support.JdbcUtils.extractDatabaseMetaData(JdbcUtils.java:356)
	at org.springframework.boot.autoconfigure.orm.jpa.DatabaseLookup.getDatabase(DatabaseLookup.java:72)
	at org.springframework.boot.autoconfigure.orm.jpa.JpaProperties.determineDatabase(JpaProperties.java:166)
	at org.springframework.boot.autoconfigure.orm.jpa.JpaBaseConfiguration.jpaVendorAdapter(JpaBaseConfiguration.java:111)
	at org.springframework.boot.autoconfigure.orm.jpa.HibernateJpaConfiguration$$EnhancerBySpringCGLIB$$f6e7023a.CGLIB$jpaVendorAdapter$9(<generated>)
	at org.springframework.boot.autoconfigure.orm.jpa.HibernateJpaConfiguration$$EnhancerBySpringCGLIB$$f6e7023a$$FastClassBySpringCGLIB$$ba1e8dc1.invoke(<generated>)
	at org.springframework.cglib.proxy.MethodProxy.invokeSuper(MethodProxy.java:228)
	at org.springframework.context.annotation.ConfigurationClassEnhancer$BeanMethodInterceptor.intercept(ConfigurationClassEnhancer.java:365)
	at org.springframework.boot.autoconfigure.orm.jpa.HibernateJpaConfiguration$$EnhancerBySpringCGLIB$$f6e7023a.jpaVendorAdapter(<generated>)
	at sun.reflect.NativeMethodAccessorImpl.invoke0(Native Method)
	at sun.reflect.NativeMethodAccessorImpl.invoke(NativeMethodAccessorImpl.java:62)
	at sun.reflect.DelegatingMethodAccessorImpl.invoke(DelegatingMethodAccessorImpl.java:43)
	at java.lang.reflect.Method.invoke(Method.java:498)
	at org.springframework.beans.factory.support.SimpleInstantiationStrategy.instantiate(SimpleInstantiationStrategy.java:154)
	at org.springframework.beans.factory.support.ConstructorResolver.instantiateUsingFactoryMethod(ConstructorResolver.java:582)
	at org.springframework.beans.factory.support.AbstractAutowireCapableBeanFactory.instantiateUsingFactoryMethod(AbstractAutowireCapableBeanFactory.java:1247)
	at org.springframework.beans.factory.support.AbstractAutowireCapableBeanFactory.createBeanInstance(AbstractAutowireCapableBeanFactory.java:1096)
	at org.springframework.beans.factory.support.AbstractAutowireCapableBeanFactory.doCreateBean(AbstractAutowireCapableBeanFactory.java:535)
	at org.springframework.beans.factory.support.AbstractAutowireCapableBeanFactory.createBean(AbstractAutowireCapableBeanFactory.java:495)
	at org.springframework.beans.factory.support.AbstractBeanFactory.lambda$doGetBean$0(AbstractBeanFactory.java:317)
	at org.springframework.beans.factory.support.DefaultSingletonBeanRegistry.getSingleton(DefaultSingletonBeanRegistry.java:222)
	at org.springframework.beans.factory.support.AbstractBeanFactory.doGetBean(AbstractBeanFactory.java:315)
	at org.springframework.beans.factory.support.AbstractBeanFactory.getBean(AbstractBeanFactory.java:199)
	at org.springframework.beans.factory.config.DependencyDescriptor.resolveCandidate(DependencyDescriptor.java:251)
	at org.springframework.beans.factory.support.DefaultListableBeanFactory.doResolveDependency(DefaultListableBeanFactory.java:1135)
	at org.springframework.beans.factory.support.DefaultListableBeanFactory.resolveDependency(DefaultListableBeanFactory.java:1062)
	at org.springframework.beans.factory.support.ConstructorResolver.resolveAutowiredArgument(ConstructorResolver.java:818)
	at org.springframework.beans.factory.support.ConstructorResolver.createArgumentArray(ConstructorResolver.java:724)
	at org.springframework.beans.factory.support.ConstructorResolver.instantiateUsingFactoryMethod(ConstructorResolver.java:474)
	at org.springframework.beans.factory.support.AbstractAutowireCapableBeanFactory.instantiateUsingFactoryMethod(AbstractAutowireCapableBeanFactory.java:1247)
	at org.springframework.beans.factory.support.AbstractAutowireCapableBeanFactory.createBeanInstance(AbstractAutowireCapableBeanFactory.java:1096)
	at org.springframework.beans.factory.support.AbstractAutowireCapableBeanFactory.doCreateBean(AbstractAutowireCapableBeanFactory.java:535)
	at org.springframework.beans.factory.support.AbstractAutowireCapableBeanFactory.createBean(AbstractAutowireCapableBeanFactory.java:495)
	at org.springframework.beans.factory.support.AbstractBeanFactory.lambda$doGetBean$0(AbstractBeanFactory.java:317)
	at org.springframework.beans.factory.support.DefaultSingletonBeanRegistry.getSingleton(DefaultSingletonBeanRegistry.java:222)
	at org.springframework.beans.factory.support.AbstractBeanFactory.doGetBean(AbstractBeanFactory.java:315)
	at org.springframework.beans.factory.support.AbstractBeanFactory.getBean(AbstractBeanFactory.java:199)
	at org.springframework.beans.factory.config.DependencyDescriptor.resolveCandidate(DependencyDescriptor.java:251)
	at org.springframework.beans.factory.support.DefaultListableBeanFactory.doResolveDependency(DefaultListableBeanFactory.java:1135)
	at org.springframework.beans.factory.support.DefaultListableBeanFactory.resolveDependency(DefaultListableBeanFactory.java:1062)
	at org.springframework.beans.factory.support.ConstructorResolver.resolveAutowiredArgument(ConstructorResolver.java:818)
	at org.springframework.beans.factory.support.ConstructorResolver.createArgumentArray(ConstructorResolver.java:724)
	at org.springframework.beans.factory.support.ConstructorResolver.instantiateUsingFactoryMethod(ConstructorResolver.java:474)
	at org.springframework.beans.factory.support.AbstractAutowireCapableBeanFactory.instantiateUsingFactoryMethod(AbstractAutowireCapableBeanFactory.java:1247)
	at org.springframework.beans.factory.support.AbstractAutowireCapableBeanFactory.createBeanInstance(AbstractAutowireCapableBeanFactory.java:1096)
	at org.springframework.beans.factory.support.AbstractAutowireCapableBeanFactory.doCreateBean(AbstractAutowireCapableBeanFactory.java:535)
	at org.springframework.beans.factory.support.AbstractAutowireCapableBeanFactory.createBean(AbstractAutowireCapableBeanFactory.java:495)
	at org.springframework.beans.factory.support.AbstractBeanFactory.lambda$doGetBean$0(AbstractBeanFactory.java:317)
	at org.springframework.beans.factory.support.DefaultSingletonBeanRegistry.getSingleton(DefaultSingletonBeanRegistry.java:222)
	at org.springframework.beans.factory.support.AbstractBeanFactory.doGetBean(AbstractBeanFactory.java:315)
	at org.springframework.beans.factory.support.AbstractBeanFactory.getBean(AbstractBeanFactory.java:199)
	at org.springframework.beans.factory.support.BeanDefinitionValueResolver.resolveReference(BeanDefinitionValueResolver.java:367)
	at org.springframework.beans.factory.support.BeanDefinitionValueResolver.resolveValueIfNecessary(BeanDefinitionValueResolver.java:110)
	at org.springframework.beans.factory.support.ConstructorResolver.resolveConstructorArguments(ConstructorResolver.java:625)
	at org.springframework.beans.factory.support.ConstructorResolver.instantiateUsingFactoryMethod(ConstructorResolver.java:444)
	at org.springframework.beans.factory.support.AbstractAutowireCapableBeanFactory.instantiateUsingFactoryMethod(AbstractAutowireCapableBeanFactory.java:1247)
	at org.springframework.beans.factory.support.AbstractAutowireCapableBeanFactory.createBeanInstance(AbstractAutowireCapableBeanFactory.java:1096)
	at org.springframework.beans.factory.support.AbstractAutowireCapableBeanFactory.doCreateBean(AbstractAutowireCapableBeanFactory.java:535)
	at org.springframework.beans.factory.support.AbstractAutowireCapableBeanFactory.createBean(AbstractAutowireCapableBeanFactory.java:495)
	at org.springframework.beans.factory.support.BeanDefinitionValueResolver.resolveInnerBean(BeanDefinitionValueResolver.java:312)
	at org.springframework.beans.factory.support.BeanDefinitionValueResolver.resolveValueIfNecessary(BeanDefinitionValueResolver.java:131)
	at org.springframework.beans.factory.support.AbstractAutowireCapableBeanFactory.applyPropertyValues(AbstractAutowireCapableBeanFactory.java:1602)
	at org.springframework.beans.factory.support.AbstractAutowireCapableBeanFactory.populateBean(AbstractAutowireCapableBeanFactory.java:1354)
	at org.springframework.beans.factory.support.AbstractAutowireCapableBeanFactory.doCreateBean(AbstractAutowireCapableBeanFactory.java:572)
	at org.springframework.beans.factory.support.AbstractAutowireCapableBeanFactory.createBean(AbstractAutowireCapableBeanFactory.java:495)
	at org.springframework.beans.factory.support.AbstractBeanFactory.lambda$doGetBean$0(AbstractBeanFactory.java:317)
	at org.springframework.beans.factory.support.DefaultSingletonBeanRegistry.getSingleton(DefaultSingletonBeanRegistry.java:222)
	at org.springframework.beans.factory.support.AbstractBeanFactory.doGetBean(AbstractBeanFactory.java:315)
	at org.springframework.beans.factory.support.AbstractBeanFactory.getBean(AbstractBeanFactory.java:199)
	at org.springframework.beans.factory.config.DependencyDescriptor.resolveCandidate(DependencyDescriptor.java:251)
	at org.springframework.beans.factory.support.DefaultListableBeanFactory.doResolveDependency(DefaultListableBeanFactory.java:1135)
	at org.springframework.beans.factory.support.DefaultListableBeanFactory.resolveDependency(DefaultListableBeanFactory.java:1062)
	at org.springframework.beans.factory.annotation.AutowiredAnnotationBeanPostProcessor$AutowiredFieldElement.inject(AutowiredAnnotationBeanPostProcessor.java:583)
	at org.springframework.beans.factory.annotation.InjectionMetadata.inject(InjectionMetadata.java:90)
	at org.springframework.beans.factory.annotation.AutowiredAnnotationBeanPostProcessor.postProcessPropertyValues(AutowiredAnnotationBeanPostProcessor.java:372)
	at org.springframework.beans.factory.support.AbstractAutowireCapableBeanFactory.populateBean(AbstractAutowireCapableBeanFactory.java:1341)
	at org.springframework.beans.factory.support.AbstractAutowireCapableBeanFactory.doCreateBean(AbstractAutowireCapableBeanFactory.java:572)
	at org.springframework.beans.factory.support.AbstractAutowireCapableBeanFactory.createBean(AbstractAutowireCapableBeanFactory.java:495)
	at org.springframework.beans.factory.support.AbstractBeanFactory.lambda$doGetBean$0(AbstractBeanFactory.java:317)
	at org.springframework.beans.factory.support.DefaultSingletonBeanRegistry.getSingleton(DefaultSingletonBeanRegistry.java:222)
	at org.springframework.beans.factory.support.AbstractBeanFactory.doGetBean(AbstractBeanFactory.java:315)
	at org.springframework.beans.factory.support.AbstractBeanFactory.getBean(AbstractBeanFactory.java:199)
	at org.springframework.beans.factory.config.DependencyDescriptor.resolveCandidate(DependencyDescriptor.java:251)
	at org.springframework.beans.factory.support.DefaultListableBeanFactory.doResolveDependency(DefaultListableBeanFactory.java:1135)
	at org.springframework.beans.factory.support.DefaultListableBeanFactory.resolveDependency(DefaultListableBeanFactory.java:1062)
	at org.springframework.beans.factory.annotation.AutowiredAnnotationBeanPostProcessor$AutowiredFieldElement.inject(AutowiredAnnotationBeanPostProcessor.java:583)
	at org.springframework.beans.factory.annotation.InjectionMetadata.inject(InjectionMetadata.java:90)
	at org.springframework.beans.factory.annotation.AutowiredAnnotationBeanPostProcessor.postProcessPropertyValues(AutowiredAnnotationBeanPostProcessor.java:372)
	at org.springframework.beans.factory.support.AbstractAutowireCapableBeanFactory.populateBean(AbstractAutowireCapableBeanFactory.java:1341)
	at org.springframework.beans.factory.support.AbstractAutowireCapableBeanFactory.doCreateBean(AbstractAutowireCapableBeanFactory.java:572)
	at org.springframework.beans.factory.support.AbstractAutowireCapableBeanFactory.createBean(AbstractAutowireCapableBeanFactory.java:495)
	at org.springframework.beans.factory.support.AbstractBeanFactory.lambda$doGetBean$0(AbstractBeanFactory.java:317)
	at org.springframework.beans.factory.support.DefaultSingletonBeanRegistry.getSingleton(DefaultSingletonBeanRegistry.java:222)
	at org.springframework.beans.factory.support.AbstractBeanFactory.doGetBean(AbstractBeanFactory.java:315)
	at org.springframework.beans.factory.support.AbstractBeanFactory.getBean(AbstractBeanFactory.java:204)
	at org.springframework.boot.web.servlet.ServletContextInitializerBeans.getOrderedBeansOfType(ServletContextInitializerBeans.java:226)
	at org.springframework.boot.web.servlet.ServletContextInitializerBeans.addAsRegistrationBean(ServletContextInitializerBeans.java:182)
	at org.springframework.boot.web.servlet.ServletContextInitializerBeans.addAsRegistrationBean(ServletContextInitializerBeans.java:177)
	at org.springframework.boot.web.servlet.ServletContextInitializerBeans.addAdaptableBeans(ServletContextInitializerBeans.java:159)
	at org.springframework.boot.web.servlet.ServletContextInitializerBeans.<init>(ServletContextInitializerBeans.java:81)
	at org.springframework.boot.web.servlet.context.ServletWebServerApplicationContext.getServletContextInitializerBeans(ServletWebServerApplicationContext.java:250)
	at org.springframework.boot.web.servlet.context.ServletWebServerApplicationContext.selfInitialize(ServletWebServerApplicationContext.java:237)
	at org.springframework.boot.web.embedded.tomcat.TomcatStarter.onStartup(TomcatStarter.java:54)
	at org.apache.catalina.core.StandardContext.startInternal(StandardContext.java:5245)
	at org.apache.catalina.util.LifecycleBase.start(LifecycleBase.java:150)
	at org.apache.catalina.core.ContainerBase$StartChild.call(ContainerBase.java:1420)
	at org.apache.catalina.core.ContainerBase$StartChild.call(ContainerBase.java:1410)
	at java.util.concurrent.FutureTask.run(FutureTask.java:266)
	at java.util.concurrent.ThreadPoolExecutor.runWorker(ThreadPoolExecutor.java:1149)
	at java.util.concurrent.ThreadPoolExecutor$Worker.run(ThreadPoolExecutor.java:624)
	at java.lang.Thread.run(Thread.java:748)
Caused by: org.springframework.jdbc.CannotGetJdbcConnectionException: Failed to obtain JDBC Connection; nested exception is com.mysql.jdbc.exceptions.jdbc4.MySQLNonTransientConnectionException: Could not create connection to database server. Attempted reconnect 3 times. Giving up.
	at org.springframework.jdbc.datasource.DataSourceUtils.getConnection(DataSourceUtils.java:81)
	at org.springframework.jdbc.support.JdbcUtils.extractDatabaseMetaData(JdbcUtils.java:319)
	... 111 common frames omitted
Caused by: com.mysql.jdbc.exceptions.jdbc4.MySQLNonTransientConnectionException: Could not create connection to database server. Attempted reconnect 3 times. Giving up.
	at sun.reflect.NativeConstructorAccessorImpl.newInstance0(Native Method)
	at sun.reflect.NativeConstructorAccessorImpl.newInstance(NativeConstructorAccessorImpl.java:62)
	at sun.reflect.DelegatingConstructorAccessorImpl.newInstance(DelegatingConstructorAccessorImpl.java:45)
	at java.lang.reflect.Constructor.newInstance(Constructor.java:423)
	at com.mysql.jdbc.Util.handleNewInstance(Util.java:425)
	at com.mysql.jdbc.Util.getInstance(Util.java:408)
	at com.mysql.jdbc.SQLError.createSQLException(SQLError.java:919)
	at com.mysql.jdbc.SQLError.createSQLException(SQLError.java:898)
	at com.mysql.jdbc.SQLError.createSQLException(SQLError.java:887)
	at com.mysql.jdbc.SQLError.createSQLException(SQLError.java:861)
	at com.mysql.jdbc.ConnectionImpl.connectWithRetries(ConnectionImpl.java:2105)
	at com.mysql.jdbc.ConnectionImpl.createNewIO(ConnectionImpl.java:2030)
	at com.mysql.jdbc.ConnectionImpl.<init>(ConnectionImpl.java:778)
	at com.mysql.jdbc.JDBC4Connection.<init>(JDBC4Connection.java:47)
	at sun.reflect.NativeConstructorAccessorImpl.newInstance0(Native Method)
	at sun.reflect.NativeConstructorAccessorImpl.newInstance(NativeConstructorAccessorImpl.java:62)
	at sun.reflect.DelegatingConstructorAccessorImpl.newInstance(DelegatingConstructorAccessorImpl.java:45)
	at java.lang.reflect.Constructor.newInstance(Constructor.java:423)
	at com.mysql.jdbc.Util.handleNewInstance(Util.java:425)
	at com.mysql.jdbc.ConnectionImpl.getInstance(ConnectionImpl.java:386)
	at com.mysql.jdbc.NonRegisteringDriver.connect(NonRegisteringDriver.java:330)
	at com.zaxxer.hikari.util.DriverDataSource.getConnection(DriverDataSource.java:117)
	at com.zaxxer.hikari.util.DriverDataSource.getConnection(DriverDataSource.java:123)
	at com.zaxxer.hikari.pool.PoolBase.newConnection(PoolBase.java:365)
	at com.zaxxer.hikari.pool.PoolBase.newPoolEntry(PoolBase.java:194)
	at com.zaxxer.hikari.pool.HikariPool.createPoolEntry(HikariPool.java:460)
	at com.zaxxer.hikari.pool.HikariPool.checkFailFast(HikariPool.java:534)
	at com.zaxxer.hikari.pool.HikariPool.<init>(HikariPool.java:115)
	at com.zaxxer.hikari.HikariDataSource.getConnection(HikariDataSource.java:112)
	at com.zaxxer.hikari.HikariDataSource$$FastClassBySpringCGLIB$$eeb1ae86.invoke(<generated>)
	at org.springframework.cglib.proxy.MethodProxy.invoke(MethodProxy.java:204)
	at org.springframework.aop.framework.CglibAopProxy$CglibMethodInvocation.invokeJoinpoint(CglibAopProxy.java:746)
	at org.springframework.aop.framework.ReflectiveMethodInvocation.proceed(ReflectiveMethodInvocation.java:163)
	at org.springframework.aop.support.DelegatingIntroductionInterceptor.doProceed(DelegatingIntroductionInterceptor.java:136)
	at org.springframework.aop.support.DelegatingIntroductionInterceptor.invoke(DelegatingIntroductionInterceptor.java:124)
	at org.springframework.aop.framework.ReflectiveMethodInvocation.proceed(ReflectiveMethodInvocation.java:185)
	at org.springframework.aop.framework.CglibAopProxy$DynamicAdvisedInterceptor.intercept(CglibAopProxy.java:688)
	at com.zaxxer.hikari.HikariDataSource$$EnhancerBySpringCGLIB$$e4839750.getConnection(<generated>)
	at org.springframework.jdbc.datasource.DataSourceUtils.fetchConnection(DataSourceUtils.java:151)
	at org.springframework.jdbc.datasource.DataSourceUtils.doGetConnection(DataSourceUtils.java:115)
	at org.springframework.jdbc.datasource.DataSourceUtils.getConnection(DataSourceUtils.java:78)
	... 112 common frames omitted
Caused by: java.sql.SQLException: Access denied for user 'root'@'localhost' (using password: YES)
	at com.mysql.jdbc.SQLError.createSQLException(SQLError.java:965)
	at com.mysql.jdbc.MysqlIO.checkErrorPacket(MysqlIO.java:3978)
	at com.mysql.jdbc.MysqlIO.checkErrorPacket(MysqlIO.java:3914)
	at com.mysql.jdbc.MysqlIO.checkErrorPacket(MysqlIO.java:871)
	at com.mysql.jdbc.MysqlIO.proceedHandshakeWithPluggableAuthentication(MysqlIO.java:1714)
	at com.mysql.jdbc.MysqlIO.doHandshake(MysqlIO.java:1224)
	at com.mysql.jdbc.ConnectionImpl.coreConnect(ConnectionImpl.java:2199)
	at com.mysql.jdbc.ConnectionImpl.connectWithRetries(ConnectionImpl.java:2046)
	... 142 common frames omitted
2020-11-30 20:15:04,313 INFO org.apache.commons.logging.impl.Jdk14Logger [localhost-startStop-1] Building JPA container EntityManagerFactory for persistence unit 'default'
2020-11-30 20:15:04,341 INFO org.hibernate.jpa.internal.util.LogHelper [localhost-startStop-1] HHH000204: Processing PersistenceUnitInfo [name: default]
2020-11-30 20:15:04,584 INFO org.hibernate.Version [localhost-startStop-1] HHH000412: Hibernate ORM core version 5.4.22.Final
2020-11-30 20:15:05,045 INFO org.hibernate.annotations.common.reflection.java.JavaReflectionManager [localhost-startStop-1] HCANN000001: Hibernate Commons Annotations {5.1.0.Final}
2020-11-30 20:15:05,611 INFO com.zaxxer.hikari.HikariDataSource [localhost-startStop-1] HikariPool-1 - Starting...
2020-11-30 20:15:10,666 ERROR com.zaxxer.hikari.pool.HikariPool [localhost-startStop-1] HikariPool-1 - Exception during pool initialization.
com.mysql.jdbc.exceptions.jdbc4.MySQLNonTransientConnectionException: Could not create connection to database server. Attempted reconnect 3 times. Giving up.
	at sun.reflect.NativeConstructorAccessorImpl.newInstance0(Native Method)
	at sun.reflect.NativeConstructorAccessorImpl.newInstance(NativeConstructorAccessorImpl.java:62)
	at sun.reflect.DelegatingConstructorAccessorImpl.newInstance(DelegatingConstructorAccessorImpl.java:45)
	at java.lang.reflect.Constructor.newInstance(Constructor.java:423)
	at com.mysql.jdbc.Util.handleNewInstance(Util.java:425)
	at com.mysql.jdbc.Util.getInstance(Util.java:408)
	at com.mysql.jdbc.SQLError.createSQLException(SQLError.java:919)
	at com.mysql.jdbc.SQLError.createSQLException(SQLError.java:898)
	at com.mysql.jdbc.SQLError.createSQLException(SQLError.java:887)
	at com.mysql.jdbc.SQLError.createSQLException(SQLError.java:861)
	at com.mysql.jdbc.ConnectionImpl.connectWithRetries(ConnectionImpl.java:2105)
	at com.mysql.jdbc.ConnectionImpl.createNewIO(ConnectionImpl.java:2030)
	at com.mysql.jdbc.ConnectionImpl.<init>(ConnectionImpl.java:778)
	at com.mysql.jdbc.JDBC4Connection.<init>(JDBC4Connection.java:47)
	at sun.reflect.NativeConstructorAccessorImpl.newInstance0(Native Method)
	at sun.reflect.NativeConstructorAccessorImpl.newInstance(NativeConstructorAccessorImpl.java:62)
	at sun.reflect.DelegatingConstructorAccessorImpl.newInstance(DelegatingConstructorAccessorImpl.java:45)
	at java.lang.reflect.Constructor.newInstance(Constructor.java:423)
	at com.mysql.jdbc.Util.handleNewInstance(Util.java:425)
	at com.mysql.jdbc.ConnectionImpl.getInstance(ConnectionImpl.java:386)
	at com.mysql.jdbc.NonRegisteringDriver.connect(NonRegisteringDriver.java:330)
	at com.zaxxer.hikari.util.DriverDataSource.getConnection(DriverDataSource.java:117)
	at com.zaxxer.hikari.util.DriverDataSource.getConnection(DriverDataSource.java:123)
	at com.zaxxer.hikari.pool.PoolBase.newConnection(PoolBase.java:365)
	at com.zaxxer.hikari.pool.PoolBase.newPoolEntry(PoolBase.java:194)
	at com.zaxxer.hikari.pool.HikariPool.createPoolEntry(HikariPool.java:460)
	at com.zaxxer.hikari.pool.HikariPool.checkFailFast(HikariPool.java:534)
	at com.zaxxer.hikari.pool.HikariPool.<init>(HikariPool.java:115)
	at com.zaxxer.hikari.HikariDataSource.getConnection(HikariDataSource.java:112)
	at com.zaxxer.hikari.HikariDataSource$$FastClassBySpringCGLIB$$eeb1ae86.invoke(<generated>)
	at org.springframework.cglib.proxy.MethodProxy.invoke(MethodProxy.java:204)
	at org.springframework.aop.framework.CglibAopProxy$CglibMethodInvocation.invokeJoinpoint(CglibAopProxy.java:746)
	at org.springframework.aop.framework.ReflectiveMethodInvocation.proceed(ReflectiveMethodInvocation.java:163)
	at org.springframework.aop.support.DelegatingIntroductionInterceptor.doProceed(DelegatingIntroductionInterceptor.java:136)
	at org.springframework.aop.support.DelegatingIntroductionInterceptor.invoke(DelegatingIntroductionInterceptor.java:124)
	at org.springframework.aop.framework.ReflectiveMethodInvocation.proceed(ReflectiveMethodInvocation.java:185)
	at org.springframework.aop.framework.CglibAopProxy$DynamicAdvisedInterceptor.intercept(CglibAopProxy.java:688)
	at com.zaxxer.hikari.HikariDataSource$$EnhancerBySpringCGLIB$$e4839750.getConnection(<generated>)
	at org.hibernate.engine.jdbc.connections.internal.DatasourceConnectionProviderImpl.getConnection(DatasourceConnectionProviderImpl.java:122)
	at org.hibernate.engine.jdbc.env.internal.JdbcEnvironmentInitiator$ConnectionProviderJdbcConnectionAccess.obtainConnection(JdbcEnvironmentInitiator.java:180)
	at org.hibernate.engine.jdbc.env.internal.JdbcEnvironmentInitiator.initiateService(JdbcEnvironmentInitiator.java:68)
	at org.hibernate.engine.jdbc.env.internal.JdbcEnvironmentInitiator.initiateService(JdbcEnvironmentInitiator.java:35)
	at org.hibernate.boot.registry.internal.StandardServiceRegistryImpl.initiateService(StandardServiceRegistryImpl.java:101)
	at org.hibernate.service.internal.AbstractServiceRegistryImpl.createService(AbstractServiceRegistryImpl.java:263)
	at org.hibernate.service.internal.AbstractServiceRegistryImpl.initializeService(AbstractServiceRegistryImpl.java:237)
	at org.hibernate.service.internal.AbstractServiceRegistryImpl.getService(AbstractServiceRegistryImpl.java:214)
	at org.hibernate.id.factory.internal.DefaultIdentifierGeneratorFactory.injectServices(DefaultIdentifierGeneratorFactory.java:152)
	at org.hibernate.service.internal.AbstractServiceRegistryImpl.injectDependencies(AbstractServiceRegistryImpl.java:286)
	at org.hibernate.service.internal.AbstractServiceRegistryImpl.initializeService(AbstractServiceRegistryImpl.java:243)
	at org.hibernate.service.internal.AbstractServiceRegistryImpl.getService(AbstractServiceRegistryImpl.java:214)
	at org.hibernate.boot.internal.InFlightMetadataCollectorImpl.<init>(InFlightMetadataCollectorImpl.java:176)
	at org.hibernate.boot.model.process.spi.MetadataBuildingProcess.complete(MetadataBuildingProcess.java:118)
	at org.hibernate.jpa.boot.internal.EntityManagerFactoryBuilderImpl.metadata(EntityManagerFactoryBuilderImpl.java:1224)
	at org.hibernate.jpa.boot.internal.EntityManagerFactoryBuilderImpl.build(EntityManagerFactoryBuilderImpl.java:1255)
	at org.springframework.orm.jpa.vendor.SpringHibernateJpaPersistenceProvider.createContainerEntityManagerFactory(SpringHibernateJpaPersistenceProvider.java:57)
	at org.springframework.orm.jpa.LocalContainerEntityManagerFactoryBean.createNativeEntityManagerFactory(LocalContainerEntityManagerFactoryBean.java:365)
	at org.springframework.orm.jpa.AbstractEntityManagerFactoryBean.buildNativeEntityManagerFactory(AbstractEntityManagerFactoryBean.java:390)
	at org.springframework.orm.jpa.AbstractEntityManagerFactoryBean.afterPropertiesSet(AbstractEntityManagerFactoryBean.java:377)
	at org.springframework.orm.jpa.LocalContainerEntityManagerFactoryBean.afterPropertiesSet(LocalContainerEntityManagerFactoryBean.java:341)
	at org.springframework.beans.factory.support.AbstractAutowireCapableBeanFactory.invokeInitMethods(AbstractAutowireCapableBeanFactory.java:1758)
	at org.springframework.beans.factory.support.AbstractAutowireCapableBeanFactory.initializeBean(AbstractAutowireCapableBeanFactory.java:1695)
	at org.springframework.beans.factory.support.AbstractAutowireCapableBeanFactory.doCreateBean(AbstractAutowireCapableBeanFactory.java:573)
	at org.springframework.beans.factory.support.AbstractAutowireCapableBeanFactory.createBean(AbstractAutowireCapableBeanFactory.java:495)
	at org.springframework.beans.factory.support.AbstractBeanFactory.lambda$doGetBean$0(AbstractBeanFactory.java:317)
	at org.springframework.beans.factory.support.DefaultSingletonBeanRegistry.getSingleton(DefaultSingletonBeanRegistry.java:222)
	at org.springframework.beans.factory.support.AbstractBeanFactory.doGetBean(AbstractBeanFactory.java:315)
	at org.springframework.beans.factory.support.AbstractBeanFactory.getBean(AbstractBeanFactory.java:199)
	at org.springframework.beans.factory.support.BeanDefinitionValueResolver.resolveReference(BeanDefinitionValueResolver.java:367)
	at org.springframework.beans.factory.support.BeanDefinitionValueResolver.resolveValueIfNecessary(BeanDefinitionValueResolver.java:110)
	at org.springframework.beans.factory.support.ConstructorResolver.resolveConstructorArguments(ConstructorResolver.java:625)
	at org.springframework.beans.factory.support.ConstructorResolver.instantiateUsingFactoryMethod(ConstructorResolver.java:444)
	at org.springframework.beans.factory.support.AbstractAutowireCapableBeanFactory.instantiateUsingFactoryMethod(AbstractAutowireCapableBeanFactory.java:1247)
	at org.springframework.beans.factory.support.AbstractAutowireCapableBeanFactory.createBeanInstance(AbstractAutowireCapableBeanFactory.java:1096)
	at org.springframework.beans.factory.support.AbstractAutowireCapableBeanFactory.doCreateBean(AbstractAutowireCapableBeanFactory.java:535)
	at org.springframework.beans.factory.support.AbstractAutowireCapableBeanFactory.createBean(AbstractAutowireCapableBeanFactory.java:495)
	at org.springframework.beans.factory.support.BeanDefinitionValueResolver.resolveInnerBean(BeanDefinitionValueResolver.java:312)
	at org.springframework.beans.factory.support.BeanDefinitionValueResolver.resolveValueIfNecessary(BeanDefinitionValueResolver.java:131)
	at org.springframework.beans.factory.support.AbstractAutowireCapableBeanFactory.applyPropertyValues(AbstractAutowireCapableBeanFactory.java:1602)
	at org.springframework.beans.factory.support.AbstractAutowireCapableBeanFactory.populateBean(AbstractAutowireCapableBeanFactory.java:1354)
	at org.springframework.beans.factory.support.AbstractAutowireCapableBeanFactory.doCreateBean(AbstractAutowireCapableBeanFactory.java:572)
	at org.springframework.beans.factory.support.AbstractAutowireCapableBeanFactory.createBean(AbstractAutowireCapableBeanFactory.java:495)
	at org.springframework.beans.factory.support.AbstractBeanFactory.lambda$doGetBean$0(AbstractBeanFactory.java:317)
	at org.springframework.beans.factory.support.DefaultSingletonBeanRegistry.getSingleton(DefaultSingletonBeanRegistry.java:222)
	at org.springframework.beans.factory.support.AbstractBeanFactory.doGetBean(AbstractBeanFactory.java:315)
	at org.springframework.beans.factory.support.AbstractBeanFactory.getBean(AbstractBeanFactory.java:199)
	at org.springframework.beans.factory.config.DependencyDescriptor.resolveCandidate(DependencyDescriptor.java:251)
	at org.springframework.beans.factory.support.DefaultListableBeanFactory.doResolveDependency(DefaultListableBeanFactory.java:1135)
	at org.springframework.beans.factory.support.DefaultListableBeanFactory.resolveDependency(DefaultListableBeanFactory.java:1062)
	at org.springframework.beans.factory.annotation.AutowiredAnnotationBeanPostProcessor$AutowiredFieldElement.inject(AutowiredAnnotationBeanPostProcessor.java:583)
	at org.springframework.beans.factory.annotation.InjectionMetadata.inject(InjectionMetadata.java:90)
	at org.springframework.beans.factory.annotation.AutowiredAnnotationBeanPostProcessor.postProcessPropertyValues(AutowiredAnnotationBeanPostProcessor.java:372)
	at org.springframework.beans.factory.support.AbstractAutowireCapableBeanFactory.populateBean(AbstractAutowireCapableBeanFactory.java:1341)
	at org.springframework.beans.factory.support.AbstractAutowireCapableBeanFactory.doCreateBean(AbstractAutowireCapableBeanFactory.java:572)
	at org.springframework.beans.factory.support.AbstractAutowireCapableBeanFactory.createBean(AbstractAutowireCapableBeanFactory.java:495)
	at org.springframework.beans.factory.support.AbstractBeanFactory.lambda$doGetBean$0(AbstractBeanFactory.java:317)
	at org.springframework.beans.factory.support.DefaultSingletonBeanRegistry.getSingleton(DefaultSingletonBeanRegistry.java:222)
	at org.springframework.beans.factory.support.AbstractBeanFactory.doGetBean(AbstractBeanFactory.java:315)
	at org.springframework.beans.factory.support.AbstractBeanFactory.getBean(AbstractBeanFactory.java:199)
	at org.springframework.beans.factory.config.DependencyDescriptor.resolveCandidate(DependencyDescriptor.java:251)
	at org.springframework.beans.factory.support.DefaultListableBeanFactory.doResolveDependency(DefaultListableBeanFactory.java:1135)
	at org.springframework.beans.factory.support.DefaultListableBeanFactory.resolveDependency(DefaultListableBeanFactory.java:1062)
	at org.springframework.beans.factory.annotation.AutowiredAnnotationBeanPostProcessor$AutowiredFieldElement.inject(AutowiredAnnotationBeanPostProcessor.java:583)
	at org.springframework.beans.factory.annotation.InjectionMetadata.inject(InjectionMetadata.java:90)
	at org.springframework.beans.factory.annotation.AutowiredAnnotationBeanPostProcessor.postProcessPropertyValues(AutowiredAnnotationBeanPostProcessor.java:372)
	at org.springframework.beans.factory.support.AbstractAutowireCapableBeanFactory.populateBean(AbstractAutowireCapableBeanFactory.java:1341)
	at org.springframework.beans.factory.support.AbstractAutowireCapableBeanFactory.doCreateBean(AbstractAutowireCapableBeanFactory.java:572)
	at org.springframework.beans.factory.support.AbstractAutowireCapableBeanFactory.createBean(AbstractAutowireCapableBeanFactory.java:495)
	at org.springframework.beans.factory.support.AbstractBeanFactory.lambda$doGetBean$0(AbstractBeanFactory.java:317)
	at org.springframework.beans.factory.support.DefaultSingletonBeanRegistry.getSingleton(DefaultSingletonBeanRegistry.java:222)
	at org.springframework.beans.factory.support.AbstractBeanFactory.doGetBean(AbstractBeanFactory.java:315)
	at org.springframework.beans.factory.support.AbstractBeanFactory.getBean(AbstractBeanFactory.java:204)
	at org.springframework.boot.web.servlet.ServletContextInitializerBeans.getOrderedBeansOfType(ServletContextInitializerBeans.java:226)
	at org.springframework.boot.web.servlet.ServletContextInitializerBeans.addAsRegistrationBean(ServletContextInitializerBeans.java:182)
	at org.springframework.boot.web.servlet.ServletContextInitializerBeans.addAsRegistrationBean(ServletContextInitializerBeans.java:177)
	at org.springframework.boot.web.servlet.ServletContextInitializerBeans.addAdaptableBeans(ServletContextInitializerBeans.java:159)
	at org.springframework.boot.web.servlet.ServletContextInitializerBeans.<init>(ServletContextInitializerBeans.java:81)
	at org.springframework.boot.web.servlet.context.ServletWebServerApplicationContext.getServletContextInitializerBeans(ServletWebServerApplicationContext.java:250)
	at org.springframework.boot.web.servlet.context.ServletWebServerApplicationContext.selfInitialize(ServletWebServerApplicationContext.java:237)
	at org.springframework.boot.web.embedded.tomcat.TomcatStarter.onStartup(TomcatStarter.java:54)
	at org.apache.catalina.core.StandardContext.startInternal(StandardContext.java:5245)
	at org.apache.catalina.util.LifecycleBase.start(LifecycleBase.java:150)
	at org.apache.catalina.core.ContainerBase$StartChild.call(ContainerBase.java:1420)
	at org.apache.catalina.core.ContainerBase$StartChild.call(ContainerBase.java:1410)
	at java.util.concurrent.FutureTask.run(FutureTask.java:266)
	at java.util.concurrent.ThreadPoolExecutor.runWorker(ThreadPoolExecutor.java:1149)
	at java.util.concurrent.ThreadPoolExecutor$Worker.run(ThreadPoolExecutor.java:624)
	at java.lang.Thread.run(Thread.java:748)
Caused by: java.sql.SQLException: Access denied for user 'root'@'localhost' (using password: YES)
	at com.mysql.jdbc.SQLError.createSQLException(SQLError.java:965)
	at com.mysql.jdbc.MysqlIO.checkErrorPacket(MysqlIO.java:3978)
	at com.mysql.jdbc.MysqlIO.checkErrorPacket(MysqlIO.java:3914)
	at com.mysql.jdbc.MysqlIO.checkErrorPacket(MysqlIO.java:871)
	at com.mysql.jdbc.MysqlIO.proceedHandshakeWithPluggableAuthentication(MysqlIO.java:1714)
	at com.mysql.jdbc.MysqlIO.doHandshake(MysqlIO.java:1224)
	at com.mysql.jdbc.ConnectionImpl.coreConnect(ConnectionImpl.java:2199)
	at com.mysql.jdbc.ConnectionImpl.connectWithRetries(ConnectionImpl.java:2046)
	... 116 common frames omitted
2020-11-30 20:15:10,668 WARN org.hibernate.engine.jdbc.env.internal.JdbcEnvironmentInitiator [localhost-startStop-1] HHH000342: Could not obtain connection to query metadata : Could not create connection to database server. Attempted reconnect 3 times. Giving up.
2020-11-30 20:15:10,705 INFO org.hibernate.dialect.Dialect [localhost-startStop-1] HHH000400: Using dialect: org.hibernate.dialect.MySQL5InnoDBDialect
2020-11-30 20:15:10,798 INFO org.hibernate.envers.boot.internal.EnversServiceImpl [localhost-startStop-1] Envers integration enabled? : true
2020-11-30 20:15:12,868 INFO com.zaxxer.hikari.HikariDataSource [localhost-startStop-1] HikariPool-1 - Starting...
2020-11-30 20:15:17,915 ERROR com.zaxxer.hikari.pool.HikariPool [localhost-startStop-1] HikariPool-1 - Exception during pool initialization.
com.mysql.jdbc.exceptions.jdbc4.MySQLNonTransientConnectionException: Could not create connection to database server. Attempted reconnect 3 times. Giving up.
	at sun.reflect.NativeConstructorAccessorImpl.newInstance0(Native Method)
	at sun.reflect.NativeConstructorAccessorImpl.newInstance(NativeConstructorAccessorImpl.java:62)
	at sun.reflect.DelegatingConstructorAccessorImpl.newInstance(DelegatingConstructorAccessorImpl.java:45)
	at java.lang.reflect.Constructor.newInstance(Constructor.java:423)
	at com.mysql.jdbc.Util.handleNewInstance(Util.java:425)
	at com.mysql.jdbc.Util.getInstance(Util.java:408)
	at com.mysql.jdbc.SQLError.createSQLException(SQLError.java:919)
	at com.mysql.jdbc.SQLError.createSQLException(SQLError.java:898)
	at com.mysql.jdbc.SQLError.createSQLException(SQLError.java:887)
	at com.mysql.jdbc.SQLError.createSQLException(SQLError.java:861)
	at com.mysql.jdbc.ConnectionImpl.connectWithRetries(ConnectionImpl.java:2105)
	at com.mysql.jdbc.ConnectionImpl.createNewIO(ConnectionImpl.java:2030)
	at com.mysql.jdbc.ConnectionImpl.<init>(ConnectionImpl.java:778)
	at com.mysql.jdbc.JDBC4Connection.<init>(JDBC4Connection.java:47)
	at sun.reflect.NativeConstructorAccessorImpl.newInstance0(Native Method)
	at sun.reflect.NativeConstructorAccessorImpl.newInstance(NativeConstructorAccessorImpl.java:62)
	at sun.reflect.DelegatingConstructorAccessorImpl.newInstance(DelegatingConstructorAccessorImpl.java:45)
	at java.lang.reflect.Constructor.newInstance(Constructor.java:423)
	at com.mysql.jdbc.Util.handleNewInstance(Util.java:425)
	at com.mysql.jdbc.ConnectionImpl.getInstance(ConnectionImpl.java:386)
	at com.mysql.jdbc.NonRegisteringDriver.connect(NonRegisteringDriver.java:330)
	at com.zaxxer.hikari.util.DriverDataSource.getConnection(DriverDataSource.java:117)
	at com.zaxxer.hikari.util.DriverDataSource.getConnection(DriverDataSource.java:123)
	at com.zaxxer.hikari.pool.PoolBase.newConnection(PoolBase.java:365)
	at com.zaxxer.hikari.pool.PoolBase.newPoolEntry(PoolBase.java:194)
	at com.zaxxer.hikari.pool.HikariPool.createPoolEntry(HikariPool.java:460)
	at com.zaxxer.hikari.pool.HikariPool.checkFailFast(HikariPool.java:534)
	at com.zaxxer.hikari.pool.HikariPool.<init>(HikariPool.java:115)
	at com.zaxxer.hikari.HikariDataSource.getConnection(HikariDataSource.java:112)
	at com.zaxxer.hikari.HikariDataSource$$FastClassBySpringCGLIB$$eeb1ae86.invoke(<generated>)
	at org.springframework.cglib.proxy.MethodProxy.invoke(MethodProxy.java:204)
	at org.springframework.aop.framework.CglibAopProxy$CglibMethodInvocation.invokeJoinpoint(CglibAopProxy.java:746)
	at org.springframework.aop.framework.ReflectiveMethodInvocation.proceed(ReflectiveMethodInvocation.java:163)
	at org.springframework.aop.support.DelegatingIntroductionInterceptor.doProceed(DelegatingIntroductionInterceptor.java:136)
	at org.springframework.aop.support.DelegatingIntroductionInterceptor.invoke(DelegatingIntroductionInterceptor.java:124)
	at org.springframework.aop.framework.ReflectiveMethodInvocation.proceed(ReflectiveMethodInvocation.java:185)
	at org.springframework.aop.framework.CglibAopProxy$DynamicAdvisedInterceptor.intercept(CglibAopProxy.java:688)
	at com.zaxxer.hikari.HikariDataSource$$EnhancerBySpringCGLIB$$e4839750.getConnection(<generated>)
	at org.hibernate.engine.jdbc.connections.internal.DatasourceConnectionProviderImpl.getConnection(DatasourceConnectionProviderImpl.java:122)
	at org.hibernate.engine.jdbc.env.internal.JdbcEnvironmentInitiator$ConnectionProviderJdbcConnectionAccess.obtainConnection(JdbcEnvironmentInitiator.java:180)
	at org.hibernate.resource.transaction.backend.jdbc.internal.DdlTransactionIsolatorNonJtaImpl.getIsolatedConnection(DdlTransactionIsolatorNonJtaImpl.java:43)
	at org.hibernate.tool.schema.internal.exec.ImprovedExtractionContextImpl.getJdbcConnection(ImprovedExtractionContextImpl.java:60)
	at org.hibernate.tool.schema.internal.exec.ImprovedExtractionContextImpl.getJdbcDatabaseMetaData(ImprovedExtractionContextImpl.java:67)
	at org.hibernate.tool.schema.extract.internal.InformationExtractorJdbcDatabaseMetaDataImpl.getTables(InformationExtractorJdbcDatabaseMetaDataImpl.java:333)
	at org.hibernate.tool.schema.extract.internal.DatabaseInformationImpl.getTablesInformation(DatabaseInformationImpl.java:120)
	at org.hibernate.tool.schema.internal.GroupedSchemaMigratorImpl.performTablesMigration(GroupedSchemaMigratorImpl.java:65)
	at org.hibernate.tool.schema.internal.AbstractSchemaMigrator.performMigration(AbstractSchemaMigrator.java:207)
	at org.hibernate.tool.schema.internal.AbstractSchemaMigrator.doMigration(AbstractSchemaMigrator.java:114)
	at org.hibernate.tool.schema.spi.SchemaManagementToolCoordinator.performDatabaseAction(SchemaManagementToolCoordinator.java:184)
	at org.hibernate.tool.schema.spi.SchemaManagementToolCoordinator.process(SchemaManagementToolCoordinator.java:73)
	at org.hibernate.internal.SessionFactoryImpl.<init>(SessionFactoryImpl.java:316)
	at org.hibernate.boot.internal.SessionFactoryBuilderImpl.build(SessionFactoryBuilderImpl.java:469)
	at org.hibernate.jpa.boot.internal.EntityManagerFactoryBuilderImpl.build(EntityManagerFactoryBuilderImpl.java:1259)
	at org.springframework.orm.jpa.vendor.SpringHibernateJpaPersistenceProvider.createContainerEntityManagerFactory(SpringHibernateJpaPersistenceProvider.java:57)
	at org.springframework.orm.jpa.LocalContainerEntityManagerFactoryBean.createNativeEntityManagerFactory(LocalContainerEntityManagerFactoryBean.java:365)
	at org.springframework.orm.jpa.AbstractEntityManagerFactoryBean.buildNativeEntityManagerFactory(AbstractEntityManagerFactoryBean.java:390)
	at org.springframework.orm.jpa.AbstractEntityManagerFactoryBean.afterPropertiesSet(AbstractEntityManagerFactoryBean.java:377)
	at org.springframework.orm.jpa.LocalContainerEntityManagerFactoryBean.afterPropertiesSet(LocalContainerEntityManagerFactoryBean.java:341)
	at org.springframework.beans.factory.support.AbstractAutowireCapableBeanFactory.invokeInitMethods(AbstractAutowireCapableBeanFactory.java:1758)
	at org.springframework.beans.factory.support.AbstractAutowireCapableBeanFactory.initializeBean(AbstractAutowireCapableBeanFactory.java:1695)
	at org.springframework.beans.factory.support.AbstractAutowireCapableBeanFactory.doCreateBean(AbstractAutowireCapableBeanFactory.java:573)
	at org.springframework.beans.factory.support.AbstractAutowireCapableBeanFactory.createBean(AbstractAutowireCapableBeanFactory.java:495)
	at org.springframework.beans.factory.support.AbstractBeanFactory.lambda$doGetBean$0(AbstractBeanFactory.java:317)
	at org.springframework.beans.factory.support.DefaultSingletonBeanRegistry.getSingleton(DefaultSingletonBeanRegistry.java:222)
	at org.springframework.beans.factory.support.AbstractBeanFactory.doGetBean(AbstractBeanFactory.java:315)
	at org.springframework.beans.factory.support.AbstractBeanFactory.getBean(AbstractBeanFactory.java:199)
	at org.springframework.beans.factory.support.BeanDefinitionValueResolver.resolveReference(BeanDefinitionValueResolver.java:367)
	at org.springframework.beans.factory.support.BeanDefinitionValueResolver.resolveValueIfNecessary(BeanDefinitionValueResolver.java:110)
	at org.springframework.beans.factory.support.ConstructorResolver.resolveConstructorArguments(ConstructorResolver.java:625)
	at org.springframework.beans.factory.support.ConstructorResolver.instantiateUsingFactoryMethod(ConstructorResolver.java:444)
	at org.springframework.beans.factory.support.AbstractAutowireCapableBeanFactory.instantiateUsingFactoryMethod(AbstractAutowireCapableBeanFactory.java:1247)
	at org.springframework.beans.factory.support.AbstractAutowireCapableBeanFactory.createBeanInstance(AbstractAutowireCapableBeanFactory.java:1096)
	at org.springframework.beans.factory.support.AbstractAutowireCapableBeanFactory.doCreateBean(AbstractAutowireCapableBeanFactory.java:535)
	at org.springframework.beans.factory.support.AbstractAutowireCapableBeanFactory.createBean(AbstractAutowireCapableBeanFactory.java:495)
	at org.springframework.beans.factory.support.BeanDefinitionValueResolver.resolveInnerBean(BeanDefinitionValueResolver.java:312)
	at org.springframework.beans.factory.support.BeanDefinitionValueResolver.resolveValueIfNecessary(BeanDefinitionValueResolver.java:131)
	at org.springframework.beans.factory.support.AbstractAutowireCapableBeanFactory.applyPropertyValues(AbstractAutowireCapableBeanFactory.java:1602)
	at org.springframework.beans.factory.support.AbstractAutowireCapableBeanFactory.populateBean(AbstractAutowireCapableBeanFactory.java:1354)
	at org.springframework.beans.factory.support.AbstractAutowireCapableBeanFactory.doCreateBean(AbstractAutowireCapableBeanFactory.java:572)
	at org.springframework.beans.factory.support.AbstractAutowireCapableBeanFactory.createBean(AbstractAutowireCapableBeanFactory.java:495)
	at org.springframework.beans.factory.support.AbstractBeanFactory.lambda$doGetBean$0(AbstractBeanFactory.java:317)
	at org.springframework.beans.factory.support.DefaultSingletonBeanRegistry.getSingleton(DefaultSingletonBeanRegistry.java:222)
	at org.springframework.beans.factory.support.AbstractBeanFactory.doGetBean(AbstractBeanFactory.java:315)
	at org.springframework.beans.factory.support.AbstractBeanFactory.getBean(AbstractBeanFactory.java:199)
	at org.springframework.beans.factory.config.DependencyDescriptor.resolveCandidate(DependencyDescriptor.java:251)
	at org.springframework.beans.factory.support.DefaultListableBeanFactory.doResolveDependency(DefaultListableBeanFactory.java:1135)
	at org.springframework.beans.factory.support.DefaultListableBeanFactory.resolveDependency(DefaultListableBeanFactory.java:1062)
	at org.springframework.beans.factory.annotation.AutowiredAnnotationBeanPostProcessor$AutowiredFieldElement.inject(AutowiredAnnotationBeanPostProcessor.java:583)
	at org.springframework.beans.factory.annotation.InjectionMetadata.inject(InjectionMetadata.java:90)
	at org.springframework.beans.factory.annotation.AutowiredAnnotationBeanPostProcessor.postProcessPropertyValues(AutowiredAnnotationBeanPostProcessor.java:372)
	at org.springframework.beans.factory.support.AbstractAutowireCapableBeanFactory.populateBean(AbstractAutowireCapableBeanFactory.java:1341)
	at org.springframework.beans.factory.support.AbstractAutowireCapableBeanFactory.doCreateBean(AbstractAutowireCapableBeanFactory.java:572)
	at org.springframework.beans.factory.support.AbstractAutowireCapableBeanFactory.createBean(AbstractAutowireCapableBeanFactory.java:495)
	at org.springframework.beans.factory.support.AbstractBeanFactory.lambda$doGetBean$0(AbstractBeanFactory.java:317)
	at org.springframework.beans.factory.support.DefaultSingletonBeanRegistry.getSingleton(DefaultSingletonBeanRegistry.java:222)
	at org.springframework.beans.factory.support.AbstractBeanFactory.doGetBean(AbstractBeanFactory.java:315)
	at org.springframework.beans.factory.support.AbstractBeanFactory.getBean(AbstractBeanFactory.java:199)
	at org.springframework.beans.factory.config.DependencyDescriptor.resolveCandidate(DependencyDescriptor.java:251)
	at org.springframework.beans.factory.support.DefaultListableBeanFactory.doResolveDependency(DefaultListableBeanFactory.java:1135)
	at org.springframework.beans.factory.support.DefaultListableBeanFactory.resolveDependency(DefaultListableBeanFactory.java:1062)
	at org.springframework.beans.factory.annotation.AutowiredAnnotationBeanPostProcessor$AutowiredFieldElement.inject(AutowiredAnnotationBeanPostProcessor.java:583)
	at org.springframework.beans.factory.annotation.InjectionMetadata.inject(InjectionMetadata.java:90)
	at org.springframework.beans.factory.annotation.AutowiredAnnotationBeanPostProcessor.postProcessPropertyValues(AutowiredAnnotationBeanPostProcessor.java:372)
	at org.springframework.beans.factory.support.AbstractAutowireCapableBeanFactory.populateBean(AbstractAutowireCapableBeanFactory.java:1341)
	at org.springframework.beans.factory.support.AbstractAutowireCapableBeanFactory.doCreateBean(AbstractAutowireCapableBeanFactory.java:572)
	at org.springframework.beans.factory.support.AbstractAutowireCapableBeanFactory.createBean(AbstractAutowireCapableBeanFactory.java:495)
	at org.springframework.beans.factory.support.AbstractBeanFactory.lambda$doGetBean$0(AbstractBeanFactory.java:317)
	at org.springframework.beans.factory.support.DefaultSingletonBeanRegistry.getSingleton(DefaultSingletonBeanRegistry.java:222)
	at org.springframework.beans.factory.support.AbstractBeanFactory.doGetBean(AbstractBeanFactory.java:315)
	at org.springframework.beans.factory.support.AbstractBeanFactory.getBean(AbstractBeanFactory.java:204)
	at org.springframework.boot.web.servlet.ServletContextInitializerBeans.getOrderedBeansOfType(ServletContextInitializerBeans.java:226)
	at org.springframework.boot.web.servlet.ServletContextInitializerBeans.addAsRegistrationBean(ServletContextInitializerBeans.java:182)
	at org.springframework.boot.web.servlet.ServletContextInitializerBeans.addAsRegistrationBean(ServletContextInitializerBeans.java:177)
	at org.springframework.boot.web.servlet.ServletContextInitializerBeans.addAdaptableBeans(ServletContextInitializerBeans.java:159)
	at org.springframework.boot.web.servlet.ServletContextInitializerBeans.<init>(ServletContextInitializerBeans.java:81)
	at org.springframework.boot.web.servlet.context.ServletWebServerApplicationContext.getServletContextInitializerBeans(ServletWebServerApplicationContext.java:250)
	at org.springframework.boot.web.servlet.context.ServletWebServerApplicationContext.selfInitialize(ServletWebServerApplicationContext.java:237)
	at org.springframework.boot.web.embedded.tomcat.TomcatStarter.onStartup(TomcatStarter.java:54)
	at org.apache.catalina.core.StandardContext.startInternal(StandardContext.java:5245)
	at org.apache.catalina.util.LifecycleBase.start(LifecycleBase.java:150)
	at org.apache.catalina.core.ContainerBase$StartChild.call(ContainerBase.java:1420)
	at org.apache.catalina.core.ContainerBase$StartChild.call(ContainerBase.java:1410)
	at java.util.concurrent.FutureTask.run(FutureTask.java:266)
	at java.util.concurrent.ThreadPoolExecutor.runWorker(ThreadPoolExecutor.java:1149)
	at java.util.concurrent.ThreadPoolExecutor$Worker.run(ThreadPoolExecutor.java:624)
	at java.lang.Thread.run(Thread.java:748)
Caused by: java.sql.SQLException: Access denied for user 'root'@'localhost' (using password: YES)
	at com.mysql.jdbc.SQLError.createSQLException(SQLError.java:965)
	at com.mysql.jdbc.MysqlIO.checkErrorPacket(MysqlIO.java:3978)
	at com.mysql.jdbc.MysqlIO.checkErrorPacket(MysqlIO.java:3914)
	at com.mysql.jdbc.MysqlIO.checkErrorPacket(MysqlIO.java:871)
	at com.mysql.jdbc.MysqlIO.proceedHandshakeWithPluggableAuthentication(MysqlIO.java:1714)
	at com.mysql.jdbc.MysqlIO.doHandshake(MysqlIO.java:1224)
	at com.mysql.jdbc.ConnectionImpl.coreConnect(ConnectionImpl.java:2199)
	at com.mysql.jdbc.ConnectionImpl.connectWithRetries(ConnectionImpl.java:2046)
	... 115 common frames omitted
2020-11-30 20:15:17,917 WARN org.hibernate.engine.jdbc.spi.SqlExceptionHelper [localhost-startStop-1] SQL Error: 0, SQLState: 08001
2020-11-30 20:15:17,918 ERROR org.hibernate.engine.jdbc.spi.SqlExceptionHelper [localhost-startStop-1] Could not create connection to database server. Attempted reconnect 3 times. Giving up.
2020-11-30 20:15:17,932 ERROR org.apache.commons.logging.impl.Jdk14Logger [localhost-startStop-1] Error starting Tomcat context. Exception: org.springframework.beans.factory.UnsatisfiedDependencyException. Message: Error creating bean with name 'jwtRequestFilter': Unsatisfied dependency expressed through field 'jwtUserDetailsService'; nested exception is org.springframework.beans.factory.UnsatisfiedDependencyException: Error creating bean with name 'jwtUserDetailsService': Unsatisfied dependency expressed through field 'userRepo'; nested exception is org.springframework.beans.factory.BeanCreationException: Error creating bean with name 'userRepository': Cannot create inner bean '(inner bean)#23898b85' of type [org.springframework.orm.jpa.SharedEntityManagerCreator] while setting bean property 'entityManager'; nested exception is org.springframework.beans.factory.BeanCreationException: Error creating bean with name '(inner bean)#23898b85': Cannot resolve reference to bean 'entityManagerFactory' while setting constructor argument; nested exception is org.springframework.beans.factory.BeanCreationException: Error creating bean with name 'entityManagerFactory' defined in class path resource [org/springframework/boot/autoconfigure/orm/jpa/HibernateJpaConfiguration.class]: Invocation of init method failed; nested exception is javax.persistence.PersistenceException: [PersistenceUnit: default] Unable to build Hibernate SessionFactory; nested exception is org.hibernate.exception.JDBCConnectionException: Unable to open JDBC Connection for DDL execution
2020-11-30 20:15:17,981 INFO org.apache.juli.logging.DirectJDKLog [main] Stopping service [Tomcat]
2020-11-30 20:15:17,988 WARN org.apache.juli.logging.DirectJDKLog [localhost-startStop-1] The web application [ROOT] appears to have started a thread named [spring.cloud.inetutils] but has failed to stop it. This is very likely to create a memory leak. Stack trace of thread:
 sun.misc.Unsafe.park(Native Method)
 java.util.concurrent.locks.LockSupport.park(LockSupport.java:175)
 java.util.concurrent.locks.AbstractQueuedSynchronizer$ConditionObject.await(AbstractQueuedSynchronizer.java:2039)
 java.util.concurrent.LinkedBlockingQueue.take(LinkedBlockingQueue.java:442)
 java.util.concurrent.ThreadPoolExecutor.getTask(ThreadPoolExecutor.java:1074)
 java.util.concurrent.ThreadPoolExecutor.runWorker(ThreadPoolExecutor.java:1134)
 java.util.concurrent.ThreadPoolExecutor$Worker.run(ThreadPoolExecutor.java:624)
 java.lang.Thread.run(Thread.java:748)
2020-11-30 20:15:17,989 WARN org.apache.juli.logging.DirectJDKLog [localhost-startStop-1] The web application [ROOT] appears to have started a thread named [RxIoScheduler-1 (Evictor)] but has failed to stop it. This is very likely to create a memory leak. Stack trace of thread:
 sun.misc.Unsafe.park(Native Method)
 java.util.concurrent.locks.LockSupport.parkNanos(LockSupport.java:215)
 java.util.concurrent.locks.AbstractQueuedSynchronizer$ConditionObject.awaitNanos(AbstractQueuedSynchronizer.java:2078)
 java.util.concurrent.ScheduledThreadPoolExecutor$DelayedWorkQueue.take(ScheduledThreadPoolExecutor.java:1093)
 java.util.concurrent.ScheduledThreadPoolExecutor$DelayedWorkQueue.take(ScheduledThreadPoolExecutor.java:809)
 java.util.concurrent.ThreadPoolExecutor.getTask(ThreadPoolExecutor.java:1074)
 java.util.concurrent.ThreadPoolExecutor.runWorker(ThreadPoolExecutor.java:1134)
 java.util.concurrent.ThreadPoolExecutor$Worker.run(ThreadPoolExecutor.java:624)
 java.lang.Thread.run(Thread.java:748)
2020-11-30 20:15:18,001 WARN org.apache.commons.logging.impl.Jdk14Logger [main] Exception encountered during context initialization - cancelling refresh attempt: org.springframework.context.ApplicationContextException: Unable to start web server; nested exception is org.springframework.boot.web.server.WebServerException: Unable to start embedded Tomcat
2020-11-30 20:16:02,791 INFO org.apache.commons.logging.impl.Jdk14Logger [main] Refreshing org.springframework.context.annotation.AnnotationConfigApplicationContext@7530ad9c: startup date [Mon Nov 30 20:16:02 IST 2020]; root of context hierarchy
2020-11-30 20:16:03,110 INFO org.apache.commons.logging.impl.Jdk14Logger [main] JSR-330 'javax.inject.Inject' annotation found and supported for autowiring
2020-11-30 20:16:03,224 INFO org.apache.commons.logging.impl.Jdk14Logger [main] Bean 'configurationPropertiesRebinderAutoConfiguration' of type [org.springframework.cloud.autoconfigure.ConfigurationPropertiesRebinderAutoConfiguration$$EnhancerBySpringCGLIB$$4e824d73] is not eligible for getting processed by all BeanPostProcessors (for example: not eligible for auto-proxying)
2020-11-30 20:16:13,542 INFO org.apache.commons.logging.impl.Jdk14Logger [main] No active profile set, falling back to default profiles: default
2020-11-30 20:16:13,566 INFO org.apache.commons.logging.impl.Jdk14Logger [main] Refreshing org.springframework.boot.web.servlet.context.AnnotationConfigServletWebServerApplicationContext@2e48362c: startup date [Mon Nov 30 20:16:13 IST 2020]; parent: org.springframework.context.annotation.AnnotationConfigApplicationContext@7530ad9c
2020-11-30 20:16:15,649 INFO org.apache.commons.logging.impl.Jdk14Logger [main] Overriding bean definition for bean 'counterFactory' with a different definition: replacing [Root bean: class [null]; scope=; abstract=false; lazyInit=false; autowireMode=3; dependencyCheck=0; autowireCandidate=true; primary=false; factoryBeanName=org.springframework.cloud.netflix.zuul.ZuulServerAutoConfiguration$ZuulMetricsConfiguration; factoryMethodName=counterFactory; initMethodName=null; destroyMethodName=(inferred); defined in class path resource [org/springframework/cloud/netflix/zuul/ZuulServerAutoConfiguration$ZuulMetricsConfiguration.class]] with [Root bean: class [null]; scope=; abstract=false; lazyInit=false; autowireMode=3; dependencyCheck=0; autowireCandidate=true; primary=false; factoryBeanName=org.springframework.cloud.netflix.zuul.ZuulServerAutoConfiguration$ZuulCounterFactoryConfiguration; factoryMethodName=counterFactory; initMethodName=null; destroyMethodName=(inferred); defined in class path resource [org/springframework/cloud/netflix/zuul/ZuulServerAutoConfiguration$ZuulCounterFactoryConfiguration.class]]
2020-11-30 20:16:15,861 INFO org.apache.commons.logging.impl.Jdk14Logger [main] Overriding bean definition for bean 'dataSource' with a different definition: replacing [Root bean: class [null]; scope=refresh; abstract=false; lazyInit=false; autowireMode=3; dependencyCheck=0; autowireCandidate=false; primary=false; factoryBeanName=org.springframework.boot.autoconfigure.jdbc.DataSourceConfiguration$Hikari; factoryMethodName=dataSource; initMethodName=null; destroyMethodName=(inferred); defined in class path resource [org/springframework/boot/autoconfigure/jdbc/DataSourceConfiguration$Hikari.class]] with [Root bean: class [org.springframework.aop.scope.ScopedProxyFactoryBean]; scope=; abstract=false; lazyInit=false; autowireMode=0; dependencyCheck=0; autowireCandidate=true; primary=false; factoryBeanName=null; factoryMethodName=null; initMethodName=null; destroyMethodName=null; defined in BeanDefinition defined in class path resource [org/springframework/boot/autoconfigure/jdbc/DataSourceConfiguration$Hikari.class]]
2020-11-30 20:16:16,184 INFO org.apache.commons.logging.impl.Jdk14Logger [main] BeanFactory id=d9584f2f-316a-3d06-a470-48069670a8f9
2020-11-30 20:16:16,230 INFO org.apache.commons.logging.impl.Jdk14Logger [main] JSR-330 'javax.inject.Inject' annotation found and supported for autowiring
2020-11-30 20:16:16,415 INFO org.apache.commons.logging.impl.Jdk14Logger [main] Bean 'org.springframework.ws.config.annotation.DelegatingWsConfiguration' of type [org.springframework.ws.config.annotation.DelegatingWsConfiguration$$EnhancerBySpringCGLIB$$d7000f75] is not eligible for getting processed by all BeanPostProcessors (for example: not eligible for auto-proxying)
2020-11-30 20:16:16,460 INFO org.apache.commons.logging.impl.Jdk14Logger [main] Supporting [WS-Addressing August 2004, WS-Addressing 1.0]
2020-11-30 20:16:16,641 INFO org.apache.commons.logging.impl.Jdk14Logger [main] Bean 'org.springframework.transaction.annotation.ProxyTransactionManagementConfiguration' of type [org.springframework.transaction.annotation.ProxyTransactionManagementConfiguration$$EnhancerBySpringCGLIB$$32684a76] is not eligible for getting processed by all BeanPostProcessors (for example: not eligible for auto-proxying)
2020-11-30 20:16:16,962 INFO org.apache.commons.logging.impl.Jdk14Logger [main] Bean 'org.springframework.security.config.annotation.configuration.ObjectPostProcessorConfiguration' of type [org.springframework.security.config.annotation.configuration.ObjectPostProcessorConfiguration$$EnhancerBySpringCGLIB$$cb1612b0] is not eligible for getting processed by all BeanPostProcessors (for example: not eligible for auto-proxying)
2020-11-30 20:16:16,980 INFO org.apache.commons.logging.impl.Jdk14Logger [main] Bean 'objectPostProcessor' of type [org.springframework.security.config.annotation.configuration.AutowireBeanFactoryObjectPostProcessor] is not eligible for getting processed by all BeanPostProcessors (for example: not eligible for auto-proxying)
2020-11-30 20:16:16,987 INFO org.apache.commons.logging.impl.Jdk14Logger [main] Bean 'org.springframework.security.access.expression.method.DefaultMethodSecurityExpressionHandler@34aeacd1' of type [org.springframework.security.access.expression.method.DefaultMethodSecurityExpressionHandler] is not eligible for getting processed by all BeanPostProcessors (for example: not eligible for auto-proxying)
2020-11-30 20:16:16,999 INFO org.apache.commons.logging.impl.Jdk14Logger [main] Bean 'org.springframework.security.config.annotation.method.configuration.GlobalMethodSecurityConfiguration' of type [org.springframework.security.config.annotation.method.configuration.GlobalMethodSecurityConfiguration$$EnhancerBySpringCGLIB$$efeab562] is not eligible for getting processed by all BeanPostProcessors (for example: not eligible for auto-proxying)
2020-11-30 20:16:17,023 INFO org.apache.commons.logging.impl.Jdk14Logger [main] Bean 'methodSecurityMetadataSource' of type [org.springframework.security.access.method.DelegatingMethodSecurityMetadataSource] is not eligible for getting processed by all BeanPostProcessors (for example: not eligible for auto-proxying)
2020-11-30 20:16:17,085 INFO org.apache.commons.logging.impl.Jdk14Logger [main] Bean 'org.springframework.cloud.autoconfigure.ConfigurationPropertiesRebinderAutoConfiguration' of type [org.springframework.cloud.autoconfigure.ConfigurationPropertiesRebinderAutoConfiguration$$EnhancerBySpringCGLIB$$4e824d73] is not eligible for getting processed by all BeanPostProcessors (for example: not eligible for auto-proxying)
2020-11-30 20:16:18,011 INFO org.apache.commons.logging.impl.Jdk14Logger [main] Tomcat initialized with port(s): 8080 (http)
2020-11-30 20:16:18,030 INFO org.apache.juli.logging.DirectJDKLog [main] Initializing ProtocolHandler ["http-nio-8080"]
2020-11-30 20:16:18,044 INFO org.apache.juli.logging.DirectJDKLog [main] Starting service [Tomcat]
2020-11-30 20:16:18,045 INFO org.apache.juli.logging.DirectJDKLog [main] Starting Servlet Engine: Apache Tomcat/8.5.34
2020-11-30 20:16:18,050 INFO org.apache.juli.logging.DirectJDKLog [localhost-startStop-1] The APR based Apache Tomcat Native library which allows optimal performance in production environments was not found on the java.library.path: [/Users/bsridharpatnaik/Library/Java/Extensions:/Library/Java/Extensions:/Network/Library/Java/Extensions:/System/Library/Java/Extensions:/usr/lib/java:.]
2020-11-30 20:16:18,222 INFO org.apache.juli.logging.DirectJDKLog [localhost-startStop-1] Initializing Spring embedded WebApplicationContext
2020-11-30 20:16:18,223 INFO org.apache.commons.logging.impl.Jdk14Logger [localhost-startStop-1] Root WebApplicationContext: initialization completed in 4657 ms
2020-11-30 20:16:18,601 WARN com.netflix.config.sources.URLConfigurationSource [localhost-startStop-1] No URLs will be polled as dynamic configuration sources.
2020-11-30 20:16:18,601 INFO com.netflix.config.sources.URLConfigurationSource [localhost-startStop-1] To enable URLs as dynamic configuration sources, define System property archaius.configurationSource.additionalUrls or make config.properties available on classpath.
2020-11-30 20:16:18,616 INFO com.netflix.config.DynamicPropertyFactory [localhost-startStop-1] DynamicPropertyFactory is initialized with configuration sources: com.netflix.config.ConcurrentCompositeConfiguration@26fa8c58
2020-11-30 20:16:20,441 INFO com.zaxxer.hikari.HikariDataSource [localhost-startStop-1] HikariPool-1 - Starting...
2020-11-30 20:16:25,927 ERROR com.zaxxer.hikari.pool.HikariPool [localhost-startStop-1] HikariPool-1 - Exception during pool initialization.
com.mysql.jdbc.exceptions.jdbc4.MySQLNonTransientConnectionException: Could not create connection to database server. Attempted reconnect 3 times. Giving up.
	at sun.reflect.NativeConstructorAccessorImpl.newInstance0(Native Method)
	at sun.reflect.NativeConstructorAccessorImpl.newInstance(NativeConstructorAccessorImpl.java:62)
	at sun.reflect.DelegatingConstructorAccessorImpl.newInstance(DelegatingConstructorAccessorImpl.java:45)
	at java.lang.reflect.Constructor.newInstance(Constructor.java:423)
	at com.mysql.jdbc.Util.handleNewInstance(Util.java:425)
	at com.mysql.jdbc.Util.getInstance(Util.java:408)
	at com.mysql.jdbc.SQLError.createSQLException(SQLError.java:919)
	at com.mysql.jdbc.SQLError.createSQLException(SQLError.java:898)
	at com.mysql.jdbc.SQLError.createSQLException(SQLError.java:887)
	at com.mysql.jdbc.SQLError.createSQLException(SQLError.java:861)
	at com.mysql.jdbc.ConnectionImpl.connectWithRetries(ConnectionImpl.java:2105)
	at com.mysql.jdbc.ConnectionImpl.createNewIO(ConnectionImpl.java:2030)
	at com.mysql.jdbc.ConnectionImpl.<init>(ConnectionImpl.java:778)
	at com.mysql.jdbc.JDBC4Connection.<init>(JDBC4Connection.java:47)
	at sun.reflect.NativeConstructorAccessorImpl.newInstance0(Native Method)
	at sun.reflect.NativeConstructorAccessorImpl.newInstance(NativeConstructorAccessorImpl.java:62)
	at sun.reflect.DelegatingConstructorAccessorImpl.newInstance(DelegatingConstructorAccessorImpl.java:45)
	at java.lang.reflect.Constructor.newInstance(Constructor.java:423)
	at com.mysql.jdbc.Util.handleNewInstance(Util.java:425)
	at com.mysql.jdbc.ConnectionImpl.getInstance(ConnectionImpl.java:386)
	at com.mysql.jdbc.NonRegisteringDriver.connect(NonRegisteringDriver.java:330)
	at com.zaxxer.hikari.util.DriverDataSource.getConnection(DriverDataSource.java:117)
	at com.zaxxer.hikari.util.DriverDataSource.getConnection(DriverDataSource.java:123)
	at com.zaxxer.hikari.pool.PoolBase.newConnection(PoolBase.java:365)
	at com.zaxxer.hikari.pool.PoolBase.newPoolEntry(PoolBase.java:194)
	at com.zaxxer.hikari.pool.HikariPool.createPoolEntry(HikariPool.java:460)
	at com.zaxxer.hikari.pool.HikariPool.checkFailFast(HikariPool.java:534)
	at com.zaxxer.hikari.pool.HikariPool.<init>(HikariPool.java:115)
	at com.zaxxer.hikari.HikariDataSource.getConnection(HikariDataSource.java:112)
	at com.zaxxer.hikari.HikariDataSource$$FastClassBySpringCGLIB$$eeb1ae86.invoke(<generated>)
	at org.springframework.cglib.proxy.MethodProxy.invoke(MethodProxy.java:204)
	at org.springframework.aop.framework.CglibAopProxy$CglibMethodInvocation.invokeJoinpoint(CglibAopProxy.java:746)
	at org.springframework.aop.framework.ReflectiveMethodInvocation.proceed(ReflectiveMethodInvocation.java:163)
	at org.springframework.aop.support.DelegatingIntroductionInterceptor.doProceed(DelegatingIntroductionInterceptor.java:136)
	at org.springframework.aop.support.DelegatingIntroductionInterceptor.invoke(DelegatingIntroductionInterceptor.java:124)
	at org.springframework.aop.framework.ReflectiveMethodInvocation.proceed(ReflectiveMethodInvocation.java:185)
	at org.springframework.aop.framework.CglibAopProxy$DynamicAdvisedInterceptor.intercept(CglibAopProxy.java:688)
	at com.zaxxer.hikari.HikariDataSource$$EnhancerBySpringCGLIB$$f294cb07.getConnection(<generated>)
	at org.springframework.jdbc.datasource.DataSourceUtils.fetchConnection(DataSourceUtils.java:151)
	at org.springframework.jdbc.datasource.DataSourceUtils.doGetConnection(DataSourceUtils.java:115)
	at org.springframework.jdbc.datasource.DataSourceUtils.getConnection(DataSourceUtils.java:78)
	at org.springframework.jdbc.support.JdbcUtils.extractDatabaseMetaData(JdbcUtils.java:319)
	at org.springframework.jdbc.support.JdbcUtils.extractDatabaseMetaData(JdbcUtils.java:356)
	at org.springframework.boot.autoconfigure.orm.jpa.DatabaseLookup.getDatabase(DatabaseLookup.java:72)
	at org.springframework.boot.autoconfigure.orm.jpa.JpaProperties.determineDatabase(JpaProperties.java:166)
	at org.springframework.boot.autoconfigure.orm.jpa.JpaBaseConfiguration.jpaVendorAdapter(JpaBaseConfiguration.java:111)
	at org.springframework.boot.autoconfigure.orm.jpa.HibernateJpaConfiguration$$EnhancerBySpringCGLIB$$513f0ce5.CGLIB$jpaVendorAdapter$9(<generated>)
	at org.springframework.boot.autoconfigure.orm.jpa.HibernateJpaConfiguration$$EnhancerBySpringCGLIB$$513f0ce5$$FastClassBySpringCGLIB$$7cca8e41.invoke(<generated>)
	at org.springframework.cglib.proxy.MethodProxy.invokeSuper(MethodProxy.java:228)
	at org.springframework.context.annotation.ConfigurationClassEnhancer$BeanMethodInterceptor.intercept(ConfigurationClassEnhancer.java:365)
	at org.springframework.boot.autoconfigure.orm.jpa.HibernateJpaConfiguration$$EnhancerBySpringCGLIB$$513f0ce5.jpaVendorAdapter(<generated>)
	at sun.reflect.NativeMethodAccessorImpl.invoke0(Native Method)
	at sun.reflect.NativeMethodAccessorImpl.invoke(NativeMethodAccessorImpl.java:62)
	at sun.reflect.DelegatingMethodAccessorImpl.invoke(DelegatingMethodAccessorImpl.java:43)
	at java.lang.reflect.Method.invoke(Method.java:498)
	at org.springframework.beans.factory.support.SimpleInstantiationStrategy.instantiate(SimpleInstantiationStrategy.java:154)
	at org.springframework.beans.factory.support.ConstructorResolver.instantiateUsingFactoryMethod(ConstructorResolver.java:582)
	at org.springframework.beans.factory.support.AbstractAutowireCapableBeanFactory.instantiateUsingFactoryMethod(AbstractAutowireCapableBeanFactory.java:1247)
	at org.springframework.beans.factory.support.AbstractAutowireCapableBeanFactory.createBeanInstance(AbstractAutowireCapableBeanFactory.java:1096)
	at org.springframework.beans.factory.support.AbstractAutowireCapableBeanFactory.doCreateBean(AbstractAutowireCapableBeanFactory.java:535)
	at org.springframework.beans.factory.support.AbstractAutowireCapableBeanFactory.createBean(AbstractAutowireCapableBeanFactory.java:495)
	at org.springframework.beans.factory.support.AbstractBeanFactory.lambda$doGetBean$0(AbstractBeanFactory.java:317)
	at org.springframework.beans.factory.support.DefaultSingletonBeanRegistry.getSingleton(DefaultSingletonBeanRegistry.java:222)
	at org.springframework.beans.factory.support.AbstractBeanFactory.doGetBean(AbstractBeanFactory.java:315)
	at org.springframework.beans.factory.support.AbstractBeanFactory.getBean(AbstractBeanFactory.java:199)
	at org.springframework.beans.factory.config.DependencyDescriptor.resolveCandidate(DependencyDescriptor.java:251)
	at org.springframework.beans.factory.support.DefaultListableBeanFactory.doResolveDependency(DefaultListableBeanFactory.java:1135)
	at org.springframework.beans.factory.support.DefaultListableBeanFactory.resolveDependency(DefaultListableBeanFactory.java:1062)
	at org.springframework.beans.factory.support.ConstructorResolver.resolveAutowiredArgument(ConstructorResolver.java:818)
	at org.springframework.beans.factory.support.ConstructorResolver.createArgumentArray(ConstructorResolver.java:724)
	at org.springframework.beans.factory.support.ConstructorResolver.instantiateUsingFactoryMethod(ConstructorResolver.java:474)
	at org.springframework.beans.factory.support.AbstractAutowireCapableBeanFactory.instantiateUsingFactoryMethod(AbstractAutowireCapableBeanFactory.java:1247)
	at org.springframework.beans.factory.support.AbstractAutowireCapableBeanFactory.createBeanInstance(AbstractAutowireCapableBeanFactory.java:1096)
	at org.springframework.beans.factory.support.AbstractAutowireCapableBeanFactory.doCreateBean(AbstractAutowireCapableBeanFactory.java:535)
	at org.springframework.beans.factory.support.AbstractAutowireCapableBeanFactory.createBean(AbstractAutowireCapableBeanFactory.java:495)
	at org.springframework.beans.factory.support.AbstractBeanFactory.lambda$doGetBean$0(AbstractBeanFactory.java:317)
	at org.springframework.beans.factory.support.DefaultSingletonBeanRegistry.getSingleton(DefaultSingletonBeanRegistry.java:222)
	at org.springframework.beans.factory.support.AbstractBeanFactory.doGetBean(AbstractBeanFactory.java:315)
	at org.springframework.beans.factory.support.AbstractBeanFactory.getBean(AbstractBeanFactory.java:199)
	at org.springframework.beans.factory.config.DependencyDescriptor.resolveCandidate(DependencyDescriptor.java:251)
	at org.springframework.beans.factory.support.DefaultListableBeanFactory.doResolveDependency(DefaultListableBeanFactory.java:1135)
	at org.springframework.beans.factory.support.DefaultListableBeanFactory.resolveDependency(DefaultListableBeanFactory.java:1062)
	at org.springframework.beans.factory.support.ConstructorResolver.resolveAutowiredArgument(ConstructorResolver.java:818)
	at org.springframework.beans.factory.support.ConstructorResolver.createArgumentArray(ConstructorResolver.java:724)
	at org.springframework.beans.factory.support.ConstructorResolver.instantiateUsingFactoryMethod(ConstructorResolver.java:474)
	at org.springframework.beans.factory.support.AbstractAutowireCapableBeanFactory.instantiateUsingFactoryMethod(AbstractAutowireCapableBeanFactory.java:1247)
	at org.springframework.beans.factory.support.AbstractAutowireCapableBeanFactory.createBeanInstance(AbstractAutowireCapableBeanFactory.java:1096)
	at org.springframework.beans.factory.support.AbstractAutowireCapableBeanFactory.doCreateBean(AbstractAutowireCapableBeanFactory.java:535)
	at org.springframework.beans.factory.support.AbstractAutowireCapableBeanFactory.createBean(AbstractAutowireCapableBeanFactory.java:495)
	at org.springframework.beans.factory.support.AbstractBeanFactory.lambda$doGetBean$0(AbstractBeanFactory.java:317)
	at org.springframework.beans.factory.support.DefaultSingletonBeanRegistry.getSingleton(DefaultSingletonBeanRegistry.java:222)
	at org.springframework.beans.factory.support.AbstractBeanFactory.doGetBean(AbstractBeanFactory.java:315)
	at org.springframework.beans.factory.support.AbstractBeanFactory.getBean(AbstractBeanFactory.java:199)
	at org.springframework.beans.factory.support.BeanDefinitionValueResolver.resolveReference(BeanDefinitionValueResolver.java:367)
	at org.springframework.beans.factory.support.BeanDefinitionValueResolver.resolveValueIfNecessary(BeanDefinitionValueResolver.java:110)
	at org.springframework.beans.factory.support.ConstructorResolver.resolveConstructorArguments(ConstructorResolver.java:625)
	at org.springframework.beans.factory.support.ConstructorResolver.instantiateUsingFactoryMethod(ConstructorResolver.java:444)
	at org.springframework.beans.factory.support.AbstractAutowireCapableBeanFactory.instantiateUsingFactoryMethod(AbstractAutowireCapableBeanFactory.java:1247)
	at org.springframework.beans.factory.support.AbstractAutowireCapableBeanFactory.createBeanInstance(AbstractAutowireCapableBeanFactory.java:1096)
	at org.springframework.beans.factory.support.AbstractAutowireCapableBeanFactory.doCreateBean(AbstractAutowireCapableBeanFactory.java:535)
	at org.springframework.beans.factory.support.AbstractAutowireCapableBeanFactory.createBean(AbstractAutowireCapableBeanFactory.java:495)
	at org.springframework.beans.factory.support.BeanDefinitionValueResolver.resolveInnerBean(BeanDefinitionValueResolver.java:312)
	at org.springframework.beans.factory.support.BeanDefinitionValueResolver.resolveValueIfNecessary(BeanDefinitionValueResolver.java:131)
	at org.springframework.beans.factory.support.AbstractAutowireCapableBeanFactory.applyPropertyValues(AbstractAutowireCapableBeanFactory.java:1602)
	at org.springframework.beans.factory.support.AbstractAutowireCapableBeanFactory.populateBean(AbstractAutowireCapableBeanFactory.java:1354)
	at org.springframework.beans.factory.support.AbstractAutowireCapableBeanFactory.doCreateBean(AbstractAutowireCapableBeanFactory.java:572)
	at org.springframework.beans.factory.support.AbstractAutowireCapableBeanFactory.createBean(AbstractAutowireCapableBeanFactory.java:495)
	at org.springframework.beans.factory.support.AbstractBeanFactory.lambda$doGetBean$0(AbstractBeanFactory.java:317)
	at org.springframework.beans.factory.support.DefaultSingletonBeanRegistry.getSingleton(DefaultSingletonBeanRegistry.java:222)
	at org.springframework.beans.factory.support.AbstractBeanFactory.doGetBean(AbstractBeanFactory.java:315)
	at org.springframework.beans.factory.support.AbstractBeanFactory.getBean(AbstractBeanFactory.java:199)
	at org.springframework.beans.factory.config.DependencyDescriptor.resolveCandidate(DependencyDescriptor.java:251)
	at org.springframework.beans.factory.support.DefaultListableBeanFactory.doResolveDependency(DefaultListableBeanFactory.java:1135)
	at org.springframework.beans.factory.support.DefaultListableBeanFactory.resolveDependency(DefaultListableBeanFactory.java:1062)
	at org.springframework.beans.factory.annotation.AutowiredAnnotationBeanPostProcessor$AutowiredFieldElement.inject(AutowiredAnnotationBeanPostProcessor.java:583)
	at org.springframework.beans.factory.annotation.InjectionMetadata.inject(InjectionMetadata.java:90)
	at org.springframework.beans.factory.annotation.AutowiredAnnotationBeanPostProcessor.postProcessPropertyValues(AutowiredAnnotationBeanPostProcessor.java:372)
	at org.springframework.beans.factory.support.AbstractAutowireCapableBeanFactory.populateBean(AbstractAutowireCapableBeanFactory.java:1341)
	at org.springframework.beans.factory.support.AbstractAutowireCapableBeanFactory.doCreateBean(AbstractAutowireCapableBeanFactory.java:572)
	at org.springframework.beans.factory.support.AbstractAutowireCapableBeanFactory.createBean(AbstractAutowireCapableBeanFactory.java:495)
	at org.springframework.beans.factory.support.AbstractBeanFactory.lambda$doGetBean$0(AbstractBeanFactory.java:317)
	at org.springframework.beans.factory.support.DefaultSingletonBeanRegistry.getSingleton(DefaultSingletonBeanRegistry.java:222)
	at org.springframework.beans.factory.support.AbstractBeanFactory.doGetBean(AbstractBeanFactory.java:315)
	at org.springframework.beans.factory.support.AbstractBeanFactory.getBean(AbstractBeanFactory.java:199)
	at org.springframework.beans.factory.config.DependencyDescriptor.resolveCandidate(DependencyDescriptor.java:251)
	at org.springframework.beans.factory.support.DefaultListableBeanFactory.doResolveDependency(DefaultListableBeanFactory.java:1135)
	at org.springframework.beans.factory.support.DefaultListableBeanFactory.resolveDependency(DefaultListableBeanFactory.java:1062)
	at org.springframework.beans.factory.annotation.AutowiredAnnotationBeanPostProcessor$AutowiredFieldElement.inject(AutowiredAnnotationBeanPostProcessor.java:583)
	at org.springframework.beans.factory.annotation.InjectionMetadata.inject(InjectionMetadata.java:90)
	at org.springframework.beans.factory.annotation.AutowiredAnnotationBeanPostProcessor.postProcessPropertyValues(AutowiredAnnotationBeanPostProcessor.java:372)
	at org.springframework.beans.factory.support.AbstractAutowireCapableBeanFactory.populateBean(AbstractAutowireCapableBeanFactory.java:1341)
	at org.springframework.beans.factory.support.AbstractAutowireCapableBeanFactory.doCreateBean(AbstractAutowireCapableBeanFactory.java:572)
	at org.springframework.beans.factory.support.AbstractAutowireCapableBeanFactory.createBean(AbstractAutowireCapableBeanFactory.java:495)
	at org.springframework.beans.factory.support.AbstractBeanFactory.lambda$doGetBean$0(AbstractBeanFactory.java:317)
	at org.springframework.beans.factory.support.DefaultSingletonBeanRegistry.getSingleton(DefaultSingletonBeanRegistry.java:222)
	at org.springframework.beans.factory.support.AbstractBeanFactory.doGetBean(AbstractBeanFactory.java:315)
	at org.springframework.beans.factory.support.AbstractBeanFactory.getBean(AbstractBeanFactory.java:204)
	at org.springframework.boot.web.servlet.ServletContextInitializerBeans.getOrderedBeansOfType(ServletContextInitializerBeans.java:226)
	at org.springframework.boot.web.servlet.ServletContextInitializerBeans.addAsRegistrationBean(ServletContextInitializerBeans.java:182)
	at org.springframework.boot.web.servlet.ServletContextInitializerBeans.addAsRegistrationBean(ServletContextInitializerBeans.java:177)
	at org.springframework.boot.web.servlet.ServletContextInitializerBeans.addAdaptableBeans(ServletContextInitializerBeans.java:159)
	at org.springframework.boot.web.servlet.ServletContextInitializerBeans.<init>(ServletContextInitializerBeans.java:81)
	at org.springframework.boot.web.servlet.context.ServletWebServerApplicationContext.getServletContextInitializerBeans(ServletWebServerApplicationContext.java:250)
	at org.springframework.boot.web.servlet.context.ServletWebServerApplicationContext.selfInitialize(ServletWebServerApplicationContext.java:237)
	at org.springframework.boot.web.embedded.tomcat.TomcatStarter.onStartup(TomcatStarter.java:54)
	at org.apache.catalina.core.StandardContext.startInternal(StandardContext.java:5245)
	at org.apache.catalina.util.LifecycleBase.start(LifecycleBase.java:150)
	at org.apache.catalina.core.ContainerBase$StartChild.call(ContainerBase.java:1420)
	at org.apache.catalina.core.ContainerBase$StartChild.call(ContainerBase.java:1410)
	at java.util.concurrent.FutureTask.run(FutureTask.java:266)
	at java.util.concurrent.ThreadPoolExecutor.runWorker(ThreadPoolExecutor.java:1149)
	at java.util.concurrent.ThreadPoolExecutor$Worker.run(ThreadPoolExecutor.java:624)
	at java.lang.Thread.run(Thread.java:748)
Caused by: java.sql.SQLException: Access denied for user 'root'@'localhost' (using password: YES)
	at com.mysql.jdbc.SQLError.createSQLException(SQLError.java:965)
	at com.mysql.jdbc.MysqlIO.checkErrorPacket(MysqlIO.java:3978)
	at com.mysql.jdbc.MysqlIO.checkErrorPacket(MysqlIO.java:3914)
	at com.mysql.jdbc.MysqlIO.checkErrorPacket(MysqlIO.java:871)
	at com.mysql.jdbc.MysqlIO.proceedHandshakeWithPluggableAuthentication(MysqlIO.java:1714)
	at com.mysql.jdbc.MysqlIO.doHandshake(MysqlIO.java:1224)
	at com.mysql.jdbc.ConnectionImpl.coreConnect(ConnectionImpl.java:2199)
	at com.mysql.jdbc.ConnectionImpl.connectWithRetries(ConnectionImpl.java:2046)
	... 142 common frames omitted
2020-11-30 20:16:25,938 WARN org.apache.commons.logging.impl.Jdk14Logger [localhost-startStop-1] Unable to determine jdbc url from datasource
org.springframework.jdbc.support.MetaDataAccessException: Could not get Connection for extracting meta-data; nested exception is org.springframework.jdbc.CannotGetJdbcConnectionException: Failed to obtain JDBC Connection; nested exception is com.mysql.jdbc.exceptions.jdbc4.MySQLNonTransientConnectionException: Could not create connection to database server. Attempted reconnect 3 times. Giving up.
	at org.springframework.jdbc.support.JdbcUtils.extractDatabaseMetaData(JdbcUtils.java:328)
	at org.springframework.jdbc.support.JdbcUtils.extractDatabaseMetaData(JdbcUtils.java:356)
	at org.springframework.boot.autoconfigure.orm.jpa.DatabaseLookup.getDatabase(DatabaseLookup.java:72)
	at org.springframework.boot.autoconfigure.orm.jpa.JpaProperties.determineDatabase(JpaProperties.java:166)
	at org.springframework.boot.autoconfigure.orm.jpa.JpaBaseConfiguration.jpaVendorAdapter(JpaBaseConfiguration.java:111)
	at org.springframework.boot.autoconfigure.orm.jpa.HibernateJpaConfiguration$$EnhancerBySpringCGLIB$$513f0ce5.CGLIB$jpaVendorAdapter$9(<generated>)
	at org.springframework.boot.autoconfigure.orm.jpa.HibernateJpaConfiguration$$EnhancerBySpringCGLIB$$513f0ce5$$FastClassBySpringCGLIB$$7cca8e41.invoke(<generated>)
	at org.springframework.cglib.proxy.MethodProxy.invokeSuper(MethodProxy.java:228)
	at org.springframework.context.annotation.ConfigurationClassEnhancer$BeanMethodInterceptor.intercept(ConfigurationClassEnhancer.java:365)
	at org.springframework.boot.autoconfigure.orm.jpa.HibernateJpaConfiguration$$EnhancerBySpringCGLIB$$513f0ce5.jpaVendorAdapter(<generated>)
	at sun.reflect.NativeMethodAccessorImpl.invoke0(Native Method)
	at sun.reflect.NativeMethodAccessorImpl.invoke(NativeMethodAccessorImpl.java:62)
	at sun.reflect.DelegatingMethodAccessorImpl.invoke(DelegatingMethodAccessorImpl.java:43)
	at java.lang.reflect.Method.invoke(Method.java:498)
	at org.springframework.beans.factory.support.SimpleInstantiationStrategy.instantiate(SimpleInstantiationStrategy.java:154)
	at org.springframework.beans.factory.support.ConstructorResolver.instantiateUsingFactoryMethod(ConstructorResolver.java:582)
	at org.springframework.beans.factory.support.AbstractAutowireCapableBeanFactory.instantiateUsingFactoryMethod(AbstractAutowireCapableBeanFactory.java:1247)
	at org.springframework.beans.factory.support.AbstractAutowireCapableBeanFactory.createBeanInstance(AbstractAutowireCapableBeanFactory.java:1096)
	at org.springframework.beans.factory.support.AbstractAutowireCapableBeanFactory.doCreateBean(AbstractAutowireCapableBeanFactory.java:535)
	at org.springframework.beans.factory.support.AbstractAutowireCapableBeanFactory.createBean(AbstractAutowireCapableBeanFactory.java:495)
	at org.springframework.beans.factory.support.AbstractBeanFactory.lambda$doGetBean$0(AbstractBeanFactory.java:317)
	at org.springframework.beans.factory.support.DefaultSingletonBeanRegistry.getSingleton(DefaultSingletonBeanRegistry.java:222)
	at org.springframework.beans.factory.support.AbstractBeanFactory.doGetBean(AbstractBeanFactory.java:315)
	at org.springframework.beans.factory.support.AbstractBeanFactory.getBean(AbstractBeanFactory.java:199)
	at org.springframework.beans.factory.config.DependencyDescriptor.resolveCandidate(DependencyDescriptor.java:251)
	at org.springframework.beans.factory.support.DefaultListableBeanFactory.doResolveDependency(DefaultListableBeanFactory.java:1135)
	at org.springframework.beans.factory.support.DefaultListableBeanFactory.resolveDependency(DefaultListableBeanFactory.java:1062)
	at org.springframework.beans.factory.support.ConstructorResolver.resolveAutowiredArgument(ConstructorResolver.java:818)
	at org.springframework.beans.factory.support.ConstructorResolver.createArgumentArray(ConstructorResolver.java:724)
	at org.springframework.beans.factory.support.ConstructorResolver.instantiateUsingFactoryMethod(ConstructorResolver.java:474)
	at org.springframework.beans.factory.support.AbstractAutowireCapableBeanFactory.instantiateUsingFactoryMethod(AbstractAutowireCapableBeanFactory.java:1247)
	at org.springframework.beans.factory.support.AbstractAutowireCapableBeanFactory.createBeanInstance(AbstractAutowireCapableBeanFactory.java:1096)
	at org.springframework.beans.factory.support.AbstractAutowireCapableBeanFactory.doCreateBean(AbstractAutowireCapableBeanFactory.java:535)
	at org.springframework.beans.factory.support.AbstractAutowireCapableBeanFactory.createBean(AbstractAutowireCapableBeanFactory.java:495)
	at org.springframework.beans.factory.support.AbstractBeanFactory.lambda$doGetBean$0(AbstractBeanFactory.java:317)
	at org.springframework.beans.factory.support.DefaultSingletonBeanRegistry.getSingleton(DefaultSingletonBeanRegistry.java:222)
	at org.springframework.beans.factory.support.AbstractBeanFactory.doGetBean(AbstractBeanFactory.java:315)
	at org.springframework.beans.factory.support.AbstractBeanFactory.getBean(AbstractBeanFactory.java:199)
	at org.springframework.beans.factory.config.DependencyDescriptor.resolveCandidate(DependencyDescriptor.java:251)
	at org.springframework.beans.factory.support.DefaultListableBeanFactory.doResolveDependency(DefaultListableBeanFactory.java:1135)
	at org.springframework.beans.factory.support.DefaultListableBeanFactory.resolveDependency(DefaultListableBeanFactory.java:1062)
	at org.springframework.beans.factory.support.ConstructorResolver.resolveAutowiredArgument(ConstructorResolver.java:818)
	at org.springframework.beans.factory.support.ConstructorResolver.createArgumentArray(ConstructorResolver.java:724)
	at org.springframework.beans.factory.support.ConstructorResolver.instantiateUsingFactoryMethod(ConstructorResolver.java:474)
	at org.springframework.beans.factory.support.AbstractAutowireCapableBeanFactory.instantiateUsingFactoryMethod(AbstractAutowireCapableBeanFactory.java:1247)
	at org.springframework.beans.factory.support.AbstractAutowireCapableBeanFactory.createBeanInstance(AbstractAutowireCapableBeanFactory.java:1096)
	at org.springframework.beans.factory.support.AbstractAutowireCapableBeanFactory.doCreateBean(AbstractAutowireCapableBeanFactory.java:535)
	at org.springframework.beans.factory.support.AbstractAutowireCapableBeanFactory.createBean(AbstractAutowireCapableBeanFactory.java:495)
	at org.springframework.beans.factory.support.AbstractBeanFactory.lambda$doGetBean$0(AbstractBeanFactory.java:317)
	at org.springframework.beans.factory.support.DefaultSingletonBeanRegistry.getSingleton(DefaultSingletonBeanRegistry.java:222)
	at org.springframework.beans.factory.support.AbstractBeanFactory.doGetBean(AbstractBeanFactory.java:315)
	at org.springframework.beans.factory.support.AbstractBeanFactory.getBean(AbstractBeanFactory.java:199)
	at org.springframework.beans.factory.support.BeanDefinitionValueResolver.resolveReference(BeanDefinitionValueResolver.java:367)
	at org.springframework.beans.factory.support.BeanDefinitionValueResolver.resolveValueIfNecessary(BeanDefinitionValueResolver.java:110)
	at org.springframework.beans.factory.support.ConstructorResolver.resolveConstructorArguments(ConstructorResolver.java:625)
	at org.springframework.beans.factory.support.ConstructorResolver.instantiateUsingFactoryMethod(ConstructorResolver.java:444)
	at org.springframework.beans.factory.support.AbstractAutowireCapableBeanFactory.instantiateUsingFactoryMethod(AbstractAutowireCapableBeanFactory.java:1247)
	at org.springframework.beans.factory.support.AbstractAutowireCapableBeanFactory.createBeanInstance(AbstractAutowireCapableBeanFactory.java:1096)
	at org.springframework.beans.factory.support.AbstractAutowireCapableBeanFactory.doCreateBean(AbstractAutowireCapableBeanFactory.java:535)
	at org.springframework.beans.factory.support.AbstractAutowireCapableBeanFactory.createBean(AbstractAutowireCapableBeanFactory.java:495)
	at org.springframework.beans.factory.support.BeanDefinitionValueResolver.resolveInnerBean(BeanDefinitionValueResolver.java:312)
	at org.springframework.beans.factory.support.BeanDefinitionValueResolver.resolveValueIfNecessary(BeanDefinitionValueResolver.java:131)
	at org.springframework.beans.factory.support.AbstractAutowireCapableBeanFactory.applyPropertyValues(AbstractAutowireCapableBeanFactory.java:1602)
	at org.springframework.beans.factory.support.AbstractAutowireCapableBeanFactory.populateBean(AbstractAutowireCapableBeanFactory.java:1354)
	at org.springframework.beans.factory.support.AbstractAutowireCapableBeanFactory.doCreateBean(AbstractAutowireCapableBeanFactory.java:572)
	at org.springframework.beans.factory.support.AbstractAutowireCapableBeanFactory.createBean(AbstractAutowireCapableBeanFactory.java:495)
	at org.springframework.beans.factory.support.AbstractBeanFactory.lambda$doGetBean$0(AbstractBeanFactory.java:317)
	at org.springframework.beans.factory.support.DefaultSingletonBeanRegistry.getSingleton(DefaultSingletonBeanRegistry.java:222)
	at org.springframework.beans.factory.support.AbstractBeanFactory.doGetBean(AbstractBeanFactory.java:315)
	at org.springframework.beans.factory.support.AbstractBeanFactory.getBean(AbstractBeanFactory.java:199)
	at org.springframework.beans.factory.config.DependencyDescriptor.resolveCandidate(DependencyDescriptor.java:251)
	at org.springframework.beans.factory.support.DefaultListableBeanFactory.doResolveDependency(DefaultListableBeanFactory.java:1135)
	at org.springframework.beans.factory.support.DefaultListableBeanFactory.resolveDependency(DefaultListableBeanFactory.java:1062)
	at org.springframework.beans.factory.annotation.AutowiredAnnotationBeanPostProcessor$AutowiredFieldElement.inject(AutowiredAnnotationBeanPostProcessor.java:583)
	at org.springframework.beans.factory.annotation.InjectionMetadata.inject(InjectionMetadata.java:90)
	at org.springframework.beans.factory.annotation.AutowiredAnnotationBeanPostProcessor.postProcessPropertyValues(AutowiredAnnotationBeanPostProcessor.java:372)
	at org.springframework.beans.factory.support.AbstractAutowireCapableBeanFactory.populateBean(AbstractAutowireCapableBeanFactory.java:1341)
	at org.springframework.beans.factory.support.AbstractAutowireCapableBeanFactory.doCreateBean(AbstractAutowireCapableBeanFactory.java:572)
	at org.springframework.beans.factory.support.AbstractAutowireCapableBeanFactory.createBean(AbstractAutowireCapableBeanFactory.java:495)
	at org.springframework.beans.factory.support.AbstractBeanFactory.lambda$doGetBean$0(AbstractBeanFactory.java:317)
	at org.springframework.beans.factory.support.DefaultSingletonBeanRegistry.getSingleton(DefaultSingletonBeanRegistry.java:222)
	at org.springframework.beans.factory.support.AbstractBeanFactory.doGetBean(AbstractBeanFactory.java:315)
	at org.springframework.beans.factory.support.AbstractBeanFactory.getBean(AbstractBeanFactory.java:199)
	at org.springframework.beans.factory.config.DependencyDescriptor.resolveCandidate(DependencyDescriptor.java:251)
	at org.springframework.beans.factory.support.DefaultListableBeanFactory.doResolveDependency(DefaultListableBeanFactory.java:1135)
	at org.springframework.beans.factory.support.DefaultListableBeanFactory.resolveDependency(DefaultListableBeanFactory.java:1062)
	at org.springframework.beans.factory.annotation.AutowiredAnnotationBeanPostProcessor$AutowiredFieldElement.inject(AutowiredAnnotationBeanPostProcessor.java:583)
	at org.springframework.beans.factory.annotation.InjectionMetadata.inject(InjectionMetadata.java:90)
	at org.springframework.beans.factory.annotation.AutowiredAnnotationBeanPostProcessor.postProcessPropertyValues(AutowiredAnnotationBeanPostProcessor.java:372)
	at org.springframework.beans.factory.support.AbstractAutowireCapableBeanFactory.populateBean(AbstractAutowireCapableBeanFactory.java:1341)
	at org.springframework.beans.factory.support.AbstractAutowireCapableBeanFactory.doCreateBean(AbstractAutowireCapableBeanFactory.java:572)
	at org.springframework.beans.factory.support.AbstractAutowireCapableBeanFactory.createBean(AbstractAutowireCapableBeanFactory.java:495)
	at org.springframework.beans.factory.support.AbstractBeanFactory.lambda$doGetBean$0(AbstractBeanFactory.java:317)
	at org.springframework.beans.factory.support.DefaultSingletonBeanRegistry.getSingleton(DefaultSingletonBeanRegistry.java:222)
	at org.springframework.beans.factory.support.AbstractBeanFactory.doGetBean(AbstractBeanFactory.java:315)
	at org.springframework.beans.factory.support.AbstractBeanFactory.getBean(AbstractBeanFactory.java:204)
	at org.springframework.boot.web.servlet.ServletContextInitializerBeans.getOrderedBeansOfType(ServletContextInitializerBeans.java:226)
	at org.springframework.boot.web.servlet.ServletContextInitializerBeans.addAsRegistrationBean(ServletContextInitializerBeans.java:182)
	at org.springframework.boot.web.servlet.ServletContextInitializerBeans.addAsRegistrationBean(ServletContextInitializerBeans.java:177)
	at org.springframework.boot.web.servlet.ServletContextInitializerBeans.addAdaptableBeans(ServletContextInitializerBeans.java:159)
	at org.springframework.boot.web.servlet.ServletContextInitializerBeans.<init>(ServletContextInitializerBeans.java:81)
	at org.springframework.boot.web.servlet.context.ServletWebServerApplicationContext.getServletContextInitializerBeans(ServletWebServerApplicationContext.java:250)
	at org.springframework.boot.web.servlet.context.ServletWebServerApplicationContext.selfInitialize(ServletWebServerApplicationContext.java:237)
	at org.springframework.boot.web.embedded.tomcat.TomcatStarter.onStartup(TomcatStarter.java:54)
	at org.apache.catalina.core.StandardContext.startInternal(StandardContext.java:5245)
	at org.apache.catalina.util.LifecycleBase.start(LifecycleBase.java:150)
	at org.apache.catalina.core.ContainerBase$StartChild.call(ContainerBase.java:1420)
	at org.apache.catalina.core.ContainerBase$StartChild.call(ContainerBase.java:1410)
	at java.util.concurrent.FutureTask.run(FutureTask.java:266)
	at java.util.concurrent.ThreadPoolExecutor.runWorker(ThreadPoolExecutor.java:1149)
	at java.util.concurrent.ThreadPoolExecutor$Worker.run(ThreadPoolExecutor.java:624)
	at java.lang.Thread.run(Thread.java:748)
Caused by: org.springframework.jdbc.CannotGetJdbcConnectionException: Failed to obtain JDBC Connection; nested exception is com.mysql.jdbc.exceptions.jdbc4.MySQLNonTransientConnectionException: Could not create connection to database server. Attempted reconnect 3 times. Giving up.
	at org.springframework.jdbc.datasource.DataSourceUtils.getConnection(DataSourceUtils.java:81)
	at org.springframework.jdbc.support.JdbcUtils.extractDatabaseMetaData(JdbcUtils.java:319)
	... 111 common frames omitted
Caused by: com.mysql.jdbc.exceptions.jdbc4.MySQLNonTransientConnectionException: Could not create connection to database server. Attempted reconnect 3 times. Giving up.
	at sun.reflect.NativeConstructorAccessorImpl.newInstance0(Native Method)
	at sun.reflect.NativeConstructorAccessorImpl.newInstance(NativeConstructorAccessorImpl.java:62)
	at sun.reflect.DelegatingConstructorAccessorImpl.newInstance(DelegatingConstructorAccessorImpl.java:45)
	at java.lang.reflect.Constructor.newInstance(Constructor.java:423)
	at com.mysql.jdbc.Util.handleNewInstance(Util.java:425)
	at com.mysql.jdbc.Util.getInstance(Util.java:408)
	at com.mysql.jdbc.SQLError.createSQLException(SQLError.java:919)
	at com.mysql.jdbc.SQLError.createSQLException(SQLError.java:898)
	at com.mysql.jdbc.SQLError.createSQLException(SQLError.java:887)
	at com.mysql.jdbc.SQLError.createSQLException(SQLError.java:861)
	at com.mysql.jdbc.ConnectionImpl.connectWithRetries(ConnectionImpl.java:2105)
	at com.mysql.jdbc.ConnectionImpl.createNewIO(ConnectionImpl.java:2030)
	at com.mysql.jdbc.ConnectionImpl.<init>(ConnectionImpl.java:778)
	at com.mysql.jdbc.JDBC4Connection.<init>(JDBC4Connection.java:47)
	at sun.reflect.NativeConstructorAccessorImpl.newInstance0(Native Method)
	at sun.reflect.NativeConstructorAccessorImpl.newInstance(NativeConstructorAccessorImpl.java:62)
	at sun.reflect.DelegatingConstructorAccessorImpl.newInstance(DelegatingConstructorAccessorImpl.java:45)
	at java.lang.reflect.Constructor.newInstance(Constructor.java:423)
	at com.mysql.jdbc.Util.handleNewInstance(Util.java:425)
	at com.mysql.jdbc.ConnectionImpl.getInstance(ConnectionImpl.java:386)
	at com.mysql.jdbc.NonRegisteringDriver.connect(NonRegisteringDriver.java:330)
	at com.zaxxer.hikari.util.DriverDataSource.getConnection(DriverDataSource.java:117)
	at com.zaxxer.hikari.util.DriverDataSource.getConnection(DriverDataSource.java:123)
	at com.zaxxer.hikari.pool.PoolBase.newConnection(PoolBase.java:365)
	at com.zaxxer.hikari.pool.PoolBase.newPoolEntry(PoolBase.java:194)
	at com.zaxxer.hikari.pool.HikariPool.createPoolEntry(HikariPool.java:460)
	at com.zaxxer.hikari.pool.HikariPool.checkFailFast(HikariPool.java:534)
	at com.zaxxer.hikari.pool.HikariPool.<init>(HikariPool.java:115)
	at com.zaxxer.hikari.HikariDataSource.getConnection(HikariDataSource.java:112)
	at com.zaxxer.hikari.HikariDataSource$$FastClassBySpringCGLIB$$eeb1ae86.invoke(<generated>)
	at org.springframework.cglib.proxy.MethodProxy.invoke(MethodProxy.java:204)
	at org.springframework.aop.framework.CglibAopProxy$CglibMethodInvocation.invokeJoinpoint(CglibAopProxy.java:746)
	at org.springframework.aop.framework.ReflectiveMethodInvocation.proceed(ReflectiveMethodInvocation.java:163)
	at org.springframework.aop.support.DelegatingIntroductionInterceptor.doProceed(DelegatingIntroductionInterceptor.java:136)
	at org.springframework.aop.support.DelegatingIntroductionInterceptor.invoke(DelegatingIntroductionInterceptor.java:124)
	at org.springframework.aop.framework.ReflectiveMethodInvocation.proceed(ReflectiveMethodInvocation.java:185)
	at org.springframework.aop.framework.CglibAopProxy$DynamicAdvisedInterceptor.intercept(CglibAopProxy.java:688)
	at com.zaxxer.hikari.HikariDataSource$$EnhancerBySpringCGLIB$$f294cb07.getConnection(<generated>)
	at org.springframework.jdbc.datasource.DataSourceUtils.fetchConnection(DataSourceUtils.java:151)
	at org.springframework.jdbc.datasource.DataSourceUtils.doGetConnection(DataSourceUtils.java:115)
	at org.springframework.jdbc.datasource.DataSourceUtils.getConnection(DataSourceUtils.java:78)
	... 112 common frames omitted
Caused by: java.sql.SQLException: Access denied for user 'root'@'localhost' (using password: YES)
	at com.mysql.jdbc.SQLError.createSQLException(SQLError.java:965)
	at com.mysql.jdbc.MysqlIO.checkErrorPacket(MysqlIO.java:3978)
	at com.mysql.jdbc.MysqlIO.checkErrorPacket(MysqlIO.java:3914)
	at com.mysql.jdbc.MysqlIO.checkErrorPacket(MysqlIO.java:871)
	at com.mysql.jdbc.MysqlIO.proceedHandshakeWithPluggableAuthentication(MysqlIO.java:1714)
	at com.mysql.jdbc.MysqlIO.doHandshake(MysqlIO.java:1224)
	at com.mysql.jdbc.ConnectionImpl.coreConnect(ConnectionImpl.java:2199)
	at com.mysql.jdbc.ConnectionImpl.connectWithRetries(ConnectionImpl.java:2046)
	... 142 common frames omitted
2020-11-30 20:16:26,062 INFO org.apache.commons.logging.impl.Jdk14Logger [localhost-startStop-1] Building JPA container EntityManagerFactory for persistence unit 'default'
2020-11-30 20:16:26,091 INFO org.hibernate.jpa.internal.util.LogHelper [localhost-startStop-1] HHH000204: Processing PersistenceUnitInfo [name: default]
2020-11-30 20:16:26,180 INFO org.hibernate.Version [localhost-startStop-1] HHH000412: Hibernate ORM core version 5.4.22.Final
2020-11-30 20:16:26,359 INFO org.hibernate.annotations.common.reflection.java.JavaReflectionManager [localhost-startStop-1] HCANN000001: Hibernate Commons Annotations {5.1.0.Final}
2020-11-30 20:16:26,758 INFO com.zaxxer.hikari.HikariDataSource [localhost-startStop-1] HikariPool-1 - Starting...
2020-11-30 20:16:31,805 ERROR com.zaxxer.hikari.pool.HikariPool [localhost-startStop-1] HikariPool-1 - Exception during pool initialization.
com.mysql.jdbc.exceptions.jdbc4.MySQLNonTransientConnectionException: Could not create connection to database server. Attempted reconnect 3 times. Giving up.
	at sun.reflect.NativeConstructorAccessorImpl.newInstance0(Native Method)
	at sun.reflect.NativeConstructorAccessorImpl.newInstance(NativeConstructorAccessorImpl.java:62)
	at sun.reflect.DelegatingConstructorAccessorImpl.newInstance(DelegatingConstructorAccessorImpl.java:45)
	at java.lang.reflect.Constructor.newInstance(Constructor.java:423)
	at com.mysql.jdbc.Util.handleNewInstance(Util.java:425)
	at com.mysql.jdbc.Util.getInstance(Util.java:408)
	at com.mysql.jdbc.SQLError.createSQLException(SQLError.java:919)
	at com.mysql.jdbc.SQLError.createSQLException(SQLError.java:898)
	at com.mysql.jdbc.SQLError.createSQLException(SQLError.java:887)
	at com.mysql.jdbc.SQLError.createSQLException(SQLError.java:861)
	at com.mysql.jdbc.ConnectionImpl.connectWithRetries(ConnectionImpl.java:2105)
	at com.mysql.jdbc.ConnectionImpl.createNewIO(ConnectionImpl.java:2030)
	at com.mysql.jdbc.ConnectionImpl.<init>(ConnectionImpl.java:778)
	at com.mysql.jdbc.JDBC4Connection.<init>(JDBC4Connection.java:47)
	at sun.reflect.NativeConstructorAccessorImpl.newInstance0(Native Method)
	at sun.reflect.NativeConstructorAccessorImpl.newInstance(NativeConstructorAccessorImpl.java:62)
	at sun.reflect.DelegatingConstructorAccessorImpl.newInstance(DelegatingConstructorAccessorImpl.java:45)
	at java.lang.reflect.Constructor.newInstance(Constructor.java:423)
	at com.mysql.jdbc.Util.handleNewInstance(Util.java:425)
	at com.mysql.jdbc.ConnectionImpl.getInstance(ConnectionImpl.java:386)
	at com.mysql.jdbc.NonRegisteringDriver.connect(NonRegisteringDriver.java:330)
	at com.zaxxer.hikari.util.DriverDataSource.getConnection(DriverDataSource.java:117)
	at com.zaxxer.hikari.util.DriverDataSource.getConnection(DriverDataSource.java:123)
	at com.zaxxer.hikari.pool.PoolBase.newConnection(PoolBase.java:365)
	at com.zaxxer.hikari.pool.PoolBase.newPoolEntry(PoolBase.java:194)
	at com.zaxxer.hikari.pool.HikariPool.createPoolEntry(HikariPool.java:460)
	at com.zaxxer.hikari.pool.HikariPool.checkFailFast(HikariPool.java:534)
	at com.zaxxer.hikari.pool.HikariPool.<init>(HikariPool.java:115)
	at com.zaxxer.hikari.HikariDataSource.getConnection(HikariDataSource.java:112)
	at com.zaxxer.hikari.HikariDataSource$$FastClassBySpringCGLIB$$eeb1ae86.invoke(<generated>)
	at org.springframework.cglib.proxy.MethodProxy.invoke(MethodProxy.java:204)
	at org.springframework.aop.framework.CglibAopProxy$CglibMethodInvocation.invokeJoinpoint(CglibAopProxy.java:746)
	at org.springframework.aop.framework.ReflectiveMethodInvocation.proceed(ReflectiveMethodInvocation.java:163)
	at org.springframework.aop.support.DelegatingIntroductionInterceptor.doProceed(DelegatingIntroductionInterceptor.java:136)
	at org.springframework.aop.support.DelegatingIntroductionInterceptor.invoke(DelegatingIntroductionInterceptor.java:124)
	at org.springframework.aop.framework.ReflectiveMethodInvocation.proceed(ReflectiveMethodInvocation.java:185)
	at org.springframework.aop.framework.CglibAopProxy$DynamicAdvisedInterceptor.intercept(CglibAopProxy.java:688)
	at com.zaxxer.hikari.HikariDataSource$$EnhancerBySpringCGLIB$$f294cb07.getConnection(<generated>)
	at org.hibernate.engine.jdbc.connections.internal.DatasourceConnectionProviderImpl.getConnection(DatasourceConnectionProviderImpl.java:122)
	at org.hibernate.engine.jdbc.env.internal.JdbcEnvironmentInitiator$ConnectionProviderJdbcConnectionAccess.obtainConnection(JdbcEnvironmentInitiator.java:180)
	at org.hibernate.engine.jdbc.env.internal.JdbcEnvironmentInitiator.initiateService(JdbcEnvironmentInitiator.java:68)
	at org.hibernate.engine.jdbc.env.internal.JdbcEnvironmentInitiator.initiateService(JdbcEnvironmentInitiator.java:35)
	at org.hibernate.boot.registry.internal.StandardServiceRegistryImpl.initiateService(StandardServiceRegistryImpl.java:101)
	at org.hibernate.service.internal.AbstractServiceRegistryImpl.createService(AbstractServiceRegistryImpl.java:263)
	at org.hibernate.service.internal.AbstractServiceRegistryImpl.initializeService(AbstractServiceRegistryImpl.java:237)
	at org.hibernate.service.internal.AbstractServiceRegistryImpl.getService(AbstractServiceRegistryImpl.java:214)
	at org.hibernate.id.factory.internal.DefaultIdentifierGeneratorFactory.injectServices(DefaultIdentifierGeneratorFactory.java:152)
	at org.hibernate.service.internal.AbstractServiceRegistryImpl.injectDependencies(AbstractServiceRegistryImpl.java:286)
	at org.hibernate.service.internal.AbstractServiceRegistryImpl.initializeService(AbstractServiceRegistryImpl.java:243)
	at org.hibernate.service.internal.AbstractServiceRegistryImpl.getService(AbstractServiceRegistryImpl.java:214)
	at org.hibernate.boot.internal.InFlightMetadataCollectorImpl.<init>(InFlightMetadataCollectorImpl.java:176)
	at org.hibernate.boot.model.process.spi.MetadataBuildingProcess.complete(MetadataBuildingProcess.java:118)
	at org.hibernate.jpa.boot.internal.EntityManagerFactoryBuilderImpl.metadata(EntityManagerFactoryBuilderImpl.java:1224)
	at org.hibernate.jpa.boot.internal.EntityManagerFactoryBuilderImpl.build(EntityManagerFactoryBuilderImpl.java:1255)
	at org.springframework.orm.jpa.vendor.SpringHibernateJpaPersistenceProvider.createContainerEntityManagerFactory(SpringHibernateJpaPersistenceProvider.java:57)
	at org.springframework.orm.jpa.LocalContainerEntityManagerFactoryBean.createNativeEntityManagerFactory(LocalContainerEntityManagerFactoryBean.java:365)
	at org.springframework.orm.jpa.AbstractEntityManagerFactoryBean.buildNativeEntityManagerFactory(AbstractEntityManagerFactoryBean.java:390)
	at org.springframework.orm.jpa.AbstractEntityManagerFactoryBean.afterPropertiesSet(AbstractEntityManagerFactoryBean.java:377)
	at org.springframework.orm.jpa.LocalContainerEntityManagerFactoryBean.afterPropertiesSet(LocalContainerEntityManagerFactoryBean.java:341)
	at org.springframework.beans.factory.support.AbstractAutowireCapableBeanFactory.invokeInitMethods(AbstractAutowireCapableBeanFactory.java:1758)
	at org.springframework.beans.factory.support.AbstractAutowireCapableBeanFactory.initializeBean(AbstractAutowireCapableBeanFactory.java:1695)
	at org.springframework.beans.factory.support.AbstractAutowireCapableBeanFactory.doCreateBean(AbstractAutowireCapableBeanFactory.java:573)
	at org.springframework.beans.factory.support.AbstractAutowireCapableBeanFactory.createBean(AbstractAutowireCapableBeanFactory.java:495)
	at org.springframework.beans.factory.support.AbstractBeanFactory.lambda$doGetBean$0(AbstractBeanFactory.java:317)
	at org.springframework.beans.factory.support.DefaultSingletonBeanRegistry.getSingleton(DefaultSingletonBeanRegistry.java:222)
	at org.springframework.beans.factory.support.AbstractBeanFactory.doGetBean(AbstractBeanFactory.java:315)
	at org.springframework.beans.factory.support.AbstractBeanFactory.getBean(AbstractBeanFactory.java:199)
	at org.springframework.beans.factory.support.BeanDefinitionValueResolver.resolveReference(BeanDefinitionValueResolver.java:367)
	at org.springframework.beans.factory.support.BeanDefinitionValueResolver.resolveValueIfNecessary(BeanDefinitionValueResolver.java:110)
	at org.springframework.beans.factory.support.ConstructorResolver.resolveConstructorArguments(ConstructorResolver.java:625)
	at org.springframework.beans.factory.support.ConstructorResolver.instantiateUsingFactoryMethod(ConstructorResolver.java:444)
	at org.springframework.beans.factory.support.AbstractAutowireCapableBeanFactory.instantiateUsingFactoryMethod(AbstractAutowireCapableBeanFactory.java:1247)
	at org.springframework.beans.factory.support.AbstractAutowireCapableBeanFactory.createBeanInstance(AbstractAutowireCapableBeanFactory.java:1096)
	at org.springframework.beans.factory.support.AbstractAutowireCapableBeanFactory.doCreateBean(AbstractAutowireCapableBeanFactory.java:535)
	at org.springframework.beans.factory.support.AbstractAutowireCapableBeanFactory.createBean(AbstractAutowireCapableBeanFactory.java:495)
	at org.springframework.beans.factory.support.BeanDefinitionValueResolver.resolveInnerBean(BeanDefinitionValueResolver.java:312)
	at org.springframework.beans.factory.support.BeanDefinitionValueResolver.resolveValueIfNecessary(BeanDefinitionValueResolver.java:131)
	at org.springframework.beans.factory.support.AbstractAutowireCapableBeanFactory.applyPropertyValues(AbstractAutowireCapableBeanFactory.java:1602)
	at org.springframework.beans.factory.support.AbstractAutowireCapableBeanFactory.populateBean(AbstractAutowireCapableBeanFactory.java:1354)
	at org.springframework.beans.factory.support.AbstractAutowireCapableBeanFactory.doCreateBean(AbstractAutowireCapableBeanFactory.java:572)
	at org.springframework.beans.factory.support.AbstractAutowireCapableBeanFactory.createBean(AbstractAutowireCapableBeanFactory.java:495)
	at org.springframework.beans.factory.support.AbstractBeanFactory.lambda$doGetBean$0(AbstractBeanFactory.java:317)
	at org.springframework.beans.factory.support.DefaultSingletonBeanRegistry.getSingleton(DefaultSingletonBeanRegistry.java:222)
	at org.springframework.beans.factory.support.AbstractBeanFactory.doGetBean(AbstractBeanFactory.java:315)
	at org.springframework.beans.factory.support.AbstractBeanFactory.getBean(AbstractBeanFactory.java:199)
	at org.springframework.beans.factory.config.DependencyDescriptor.resolveCandidate(DependencyDescriptor.java:251)
	at org.springframework.beans.factory.support.DefaultListableBeanFactory.doResolveDependency(DefaultListableBeanFactory.java:1135)
	at org.springframework.beans.factory.support.DefaultListableBeanFactory.resolveDependency(DefaultListableBeanFactory.java:1062)
	at org.springframework.beans.factory.annotation.AutowiredAnnotationBeanPostProcessor$AutowiredFieldElement.inject(AutowiredAnnotationBeanPostProcessor.java:583)
	at org.springframework.beans.factory.annotation.InjectionMetadata.inject(InjectionMetadata.java:90)
	at org.springframework.beans.factory.annotation.AutowiredAnnotationBeanPostProcessor.postProcessPropertyValues(AutowiredAnnotationBeanPostProcessor.java:372)
	at org.springframework.beans.factory.support.AbstractAutowireCapableBeanFactory.populateBean(AbstractAutowireCapableBeanFactory.java:1341)
	at org.springframework.beans.factory.support.AbstractAutowireCapableBeanFactory.doCreateBean(AbstractAutowireCapableBeanFactory.java:572)
	at org.springframework.beans.factory.support.AbstractAutowireCapableBeanFactory.createBean(AbstractAutowireCapableBeanFactory.java:495)
	at org.springframework.beans.factory.support.AbstractBeanFactory.lambda$doGetBean$0(AbstractBeanFactory.java:317)
	at org.springframework.beans.factory.support.DefaultSingletonBeanRegistry.getSingleton(DefaultSingletonBeanRegistry.java:222)
	at org.springframework.beans.factory.support.AbstractBeanFactory.doGetBean(AbstractBeanFactory.java:315)
	at org.springframework.beans.factory.support.AbstractBeanFactory.getBean(AbstractBeanFactory.java:199)
	at org.springframework.beans.factory.config.DependencyDescriptor.resolveCandidate(DependencyDescriptor.java:251)
	at org.springframework.beans.factory.support.DefaultListableBeanFactory.doResolveDependency(DefaultListableBeanFactory.java:1135)
	at org.springframework.beans.factory.support.DefaultListableBeanFactory.resolveDependency(DefaultListableBeanFactory.java:1062)
	at org.springframework.beans.factory.annotation.AutowiredAnnotationBeanPostProcessor$AutowiredFieldElement.inject(AutowiredAnnotationBeanPostProcessor.java:583)
	at org.springframework.beans.factory.annotation.InjectionMetadata.inject(InjectionMetadata.java:90)
	at org.springframework.beans.factory.annotation.AutowiredAnnotationBeanPostProcessor.postProcessPropertyValues(AutowiredAnnotationBeanPostProcessor.java:372)
	at org.springframework.beans.factory.support.AbstractAutowireCapableBeanFactory.populateBean(AbstractAutowireCapableBeanFactory.java:1341)
	at org.springframework.beans.factory.support.AbstractAutowireCapableBeanFactory.doCreateBean(AbstractAutowireCapableBeanFactory.java:572)
	at org.springframework.beans.factory.support.AbstractAutowireCapableBeanFactory.createBean(AbstractAutowireCapableBeanFactory.java:495)
	at org.springframework.beans.factory.support.AbstractBeanFactory.lambda$doGetBean$0(AbstractBeanFactory.java:317)
	at org.springframework.beans.factory.support.DefaultSingletonBeanRegistry.getSingleton(DefaultSingletonBeanRegistry.java:222)
	at org.springframework.beans.factory.support.AbstractBeanFactory.doGetBean(AbstractBeanFactory.java:315)
	at org.springframework.beans.factory.support.AbstractBeanFactory.getBean(AbstractBeanFactory.java:204)
	at org.springframework.boot.web.servlet.ServletContextInitializerBeans.getOrderedBeansOfType(ServletContextInitializerBeans.java:226)
	at org.springframework.boot.web.servlet.ServletContextInitializerBeans.addAsRegistrationBean(ServletContextInitializerBeans.java:182)
	at org.springframework.boot.web.servlet.ServletContextInitializerBeans.addAsRegistrationBean(ServletContextInitializerBeans.java:177)
	at org.springframework.boot.web.servlet.ServletContextInitializerBeans.addAdaptableBeans(ServletContextInitializerBeans.java:159)
	at org.springframework.boot.web.servlet.ServletContextInitializerBeans.<init>(ServletContextInitializerBeans.java:81)
	at org.springframework.boot.web.servlet.context.ServletWebServerApplicationContext.getServletContextInitializerBeans(ServletWebServerApplicationContext.java:250)
	at org.springframework.boot.web.servlet.context.ServletWebServerApplicationContext.selfInitialize(ServletWebServerApplicationContext.java:237)
	at org.springframework.boot.web.embedded.tomcat.TomcatStarter.onStartup(TomcatStarter.java:54)
	at org.apache.catalina.core.StandardContext.startInternal(StandardContext.java:5245)
	at org.apache.catalina.util.LifecycleBase.start(LifecycleBase.java:150)
	at org.apache.catalina.core.ContainerBase$StartChild.call(ContainerBase.java:1420)
	at org.apache.catalina.core.ContainerBase$StartChild.call(ContainerBase.java:1410)
	at java.util.concurrent.FutureTask.run(FutureTask.java:266)
	at java.util.concurrent.ThreadPoolExecutor.runWorker(ThreadPoolExecutor.java:1149)
	at java.util.concurrent.ThreadPoolExecutor$Worker.run(ThreadPoolExecutor.java:624)
	at java.lang.Thread.run(Thread.java:748)
Caused by: java.sql.SQLException: Access denied for user 'root'@'localhost' (using password: YES)
	at com.mysql.jdbc.SQLError.createSQLException(SQLError.java:965)
	at com.mysql.jdbc.MysqlIO.checkErrorPacket(MysqlIO.java:3978)
	at com.mysql.jdbc.MysqlIO.checkErrorPacket(MysqlIO.java:3914)
	at com.mysql.jdbc.MysqlIO.checkErrorPacket(MysqlIO.java:871)
	at com.mysql.jdbc.MysqlIO.proceedHandshakeWithPluggableAuthentication(MysqlIO.java:1714)
	at com.mysql.jdbc.MysqlIO.doHandshake(MysqlIO.java:1224)
	at com.mysql.jdbc.ConnectionImpl.coreConnect(ConnectionImpl.java:2199)
	at com.mysql.jdbc.ConnectionImpl.connectWithRetries(ConnectionImpl.java:2046)
	... 116 common frames omitted
2020-11-30 20:16:31,809 WARN org.hibernate.engine.jdbc.env.internal.JdbcEnvironmentInitiator [localhost-startStop-1] HHH000342: Could not obtain connection to query metadata : Could not create connection to database server. Attempted reconnect 3 times. Giving up.
2020-11-30 20:16:31,840 INFO org.hibernate.dialect.Dialect [localhost-startStop-1] HHH000400: Using dialect: org.hibernate.dialect.MySQL5InnoDBDialect
2020-11-30 20:16:31,896 INFO org.hibernate.envers.boot.internal.EnversServiceImpl [localhost-startStop-1] Envers integration enabled? : true
2020-11-30 20:16:33,928 INFO com.zaxxer.hikari.HikariDataSource [localhost-startStop-1] HikariPool-1 - Starting...
2020-11-30 20:16:38,971 ERROR com.zaxxer.hikari.pool.HikariPool [localhost-startStop-1] HikariPool-1 - Exception during pool initialization.
com.mysql.jdbc.exceptions.jdbc4.MySQLNonTransientConnectionException: Could not create connection to database server. Attempted reconnect 3 times. Giving up.
	at sun.reflect.NativeConstructorAccessorImpl.newInstance0(Native Method)
	at sun.reflect.NativeConstructorAccessorImpl.newInstance(NativeConstructorAccessorImpl.java:62)
	at sun.reflect.DelegatingConstructorAccessorImpl.newInstance(DelegatingConstructorAccessorImpl.java:45)
	at java.lang.reflect.Constructor.newInstance(Constructor.java:423)
	at com.mysql.jdbc.Util.handleNewInstance(Util.java:425)
	at com.mysql.jdbc.Util.getInstance(Util.java:408)
	at com.mysql.jdbc.SQLError.createSQLException(SQLError.java:919)
	at com.mysql.jdbc.SQLError.createSQLException(SQLError.java:898)
	at com.mysql.jdbc.SQLError.createSQLException(SQLError.java:887)
	at com.mysql.jdbc.SQLError.createSQLException(SQLError.java:861)
	at com.mysql.jdbc.ConnectionImpl.connectWithRetries(ConnectionImpl.java:2105)
	at com.mysql.jdbc.ConnectionImpl.createNewIO(ConnectionImpl.java:2030)
	at com.mysql.jdbc.ConnectionImpl.<init>(ConnectionImpl.java:778)
	at com.mysql.jdbc.JDBC4Connection.<init>(JDBC4Connection.java:47)
	at sun.reflect.NativeConstructorAccessorImpl.newInstance0(Native Method)
	at sun.reflect.NativeConstructorAccessorImpl.newInstance(NativeConstructorAccessorImpl.java:62)
	at sun.reflect.DelegatingConstructorAccessorImpl.newInstance(DelegatingConstructorAccessorImpl.java:45)
	at java.lang.reflect.Constructor.newInstance(Constructor.java:423)
	at com.mysql.jdbc.Util.handleNewInstance(Util.java:425)
	at com.mysql.jdbc.ConnectionImpl.getInstance(ConnectionImpl.java:386)
	at com.mysql.jdbc.NonRegisteringDriver.connect(NonRegisteringDriver.java:330)
	at com.zaxxer.hikari.util.DriverDataSource.getConnection(DriverDataSource.java:117)
	at com.zaxxer.hikari.util.DriverDataSource.getConnection(DriverDataSource.java:123)
	at com.zaxxer.hikari.pool.PoolBase.newConnection(PoolBase.java:365)
	at com.zaxxer.hikari.pool.PoolBase.newPoolEntry(PoolBase.java:194)
	at com.zaxxer.hikari.pool.HikariPool.createPoolEntry(HikariPool.java:460)
	at com.zaxxer.hikari.pool.HikariPool.checkFailFast(HikariPool.java:534)
	at com.zaxxer.hikari.pool.HikariPool.<init>(HikariPool.java:115)
	at com.zaxxer.hikari.HikariDataSource.getConnection(HikariDataSource.java:112)
	at com.zaxxer.hikari.HikariDataSource$$FastClassBySpringCGLIB$$eeb1ae86.invoke(<generated>)
	at org.springframework.cglib.proxy.MethodProxy.invoke(MethodProxy.java:204)
	at org.springframework.aop.framework.CglibAopProxy$CglibMethodInvocation.invokeJoinpoint(CglibAopProxy.java:746)
	at org.springframework.aop.framework.ReflectiveMethodInvocation.proceed(ReflectiveMethodInvocation.java:163)
	at org.springframework.aop.support.DelegatingIntroductionInterceptor.doProceed(DelegatingIntroductionInterceptor.java:136)
	at org.springframework.aop.support.DelegatingIntroductionInterceptor.invoke(DelegatingIntroductionInterceptor.java:124)
	at org.springframework.aop.framework.ReflectiveMethodInvocation.proceed(ReflectiveMethodInvocation.java:185)
	at org.springframework.aop.framework.CglibAopProxy$DynamicAdvisedInterceptor.intercept(CglibAopProxy.java:688)
	at com.zaxxer.hikari.HikariDataSource$$EnhancerBySpringCGLIB$$f294cb07.getConnection(<generated>)
	at org.hibernate.engine.jdbc.connections.internal.DatasourceConnectionProviderImpl.getConnection(DatasourceConnectionProviderImpl.java:122)
	at org.hibernate.engine.jdbc.env.internal.JdbcEnvironmentInitiator$ConnectionProviderJdbcConnectionAccess.obtainConnection(JdbcEnvironmentInitiator.java:180)
	at org.hibernate.resource.transaction.backend.jdbc.internal.DdlTransactionIsolatorNonJtaImpl.getIsolatedConnection(DdlTransactionIsolatorNonJtaImpl.java:43)
	at org.hibernate.tool.schema.internal.exec.ImprovedExtractionContextImpl.getJdbcConnection(ImprovedExtractionContextImpl.java:60)
	at org.hibernate.tool.schema.internal.exec.ImprovedExtractionContextImpl.getJdbcDatabaseMetaData(ImprovedExtractionContextImpl.java:67)
	at org.hibernate.tool.schema.extract.internal.InformationExtractorJdbcDatabaseMetaDataImpl.getTables(InformationExtractorJdbcDatabaseMetaDataImpl.java:333)
	at org.hibernate.tool.schema.extract.internal.DatabaseInformationImpl.getTablesInformation(DatabaseInformationImpl.java:120)
	at org.hibernate.tool.schema.internal.GroupedSchemaMigratorImpl.performTablesMigration(GroupedSchemaMigratorImpl.java:65)
	at org.hibernate.tool.schema.internal.AbstractSchemaMigrator.performMigration(AbstractSchemaMigrator.java:207)
	at org.hibernate.tool.schema.internal.AbstractSchemaMigrator.doMigration(AbstractSchemaMigrator.java:114)
	at org.hibernate.tool.schema.spi.SchemaManagementToolCoordinator.performDatabaseAction(SchemaManagementToolCoordinator.java:184)
	at org.hibernate.tool.schema.spi.SchemaManagementToolCoordinator.process(SchemaManagementToolCoordinator.java:73)
	at org.hibernate.internal.SessionFactoryImpl.<init>(SessionFactoryImpl.java:316)
	at org.hibernate.boot.internal.SessionFactoryBuilderImpl.build(SessionFactoryBuilderImpl.java:469)
	at org.hibernate.jpa.boot.internal.EntityManagerFactoryBuilderImpl.build(EntityManagerFactoryBuilderImpl.java:1259)
	at org.springframework.orm.jpa.vendor.SpringHibernateJpaPersistenceProvider.createContainerEntityManagerFactory(SpringHibernateJpaPersistenceProvider.java:57)
	at org.springframework.orm.jpa.LocalContainerEntityManagerFactoryBean.createNativeEntityManagerFactory(LocalContainerEntityManagerFactoryBean.java:365)
	at org.springframework.orm.jpa.AbstractEntityManagerFactoryBean.buildNativeEntityManagerFactory(AbstractEntityManagerFactoryBean.java:390)
	at org.springframework.orm.jpa.AbstractEntityManagerFactoryBean.afterPropertiesSet(AbstractEntityManagerFactoryBean.java:377)
	at org.springframework.orm.jpa.LocalContainerEntityManagerFactoryBean.afterPropertiesSet(LocalContainerEntityManagerFactoryBean.java:341)
	at org.springframework.beans.factory.support.AbstractAutowireCapableBeanFactory.invokeInitMethods(AbstractAutowireCapableBeanFactory.java:1758)
	at org.springframework.beans.factory.support.AbstractAutowireCapableBeanFactory.initializeBean(AbstractAutowireCapableBeanFactory.java:1695)
	at org.springframework.beans.factory.support.AbstractAutowireCapableBeanFactory.doCreateBean(AbstractAutowireCapableBeanFactory.java:573)
	at org.springframework.beans.factory.support.AbstractAutowireCapableBeanFactory.createBean(AbstractAutowireCapableBeanFactory.java:495)
	at org.springframework.beans.factory.support.AbstractBeanFactory.lambda$doGetBean$0(AbstractBeanFactory.java:317)
	at org.springframework.beans.factory.support.DefaultSingletonBeanRegistry.getSingleton(DefaultSingletonBeanRegistry.java:222)
	at org.springframework.beans.factory.support.AbstractBeanFactory.doGetBean(AbstractBeanFactory.java:315)
	at org.springframework.beans.factory.support.AbstractBeanFactory.getBean(AbstractBeanFactory.java:199)
	at org.springframework.beans.factory.support.BeanDefinitionValueResolver.resolveReference(BeanDefinitionValueResolver.java:367)
	at org.springframework.beans.factory.support.BeanDefinitionValueResolver.resolveValueIfNecessary(BeanDefinitionValueResolver.java:110)
	at org.springframework.beans.factory.support.ConstructorResolver.resolveConstructorArguments(ConstructorResolver.java:625)
	at org.springframework.beans.factory.support.ConstructorResolver.instantiateUsingFactoryMethod(ConstructorResolver.java:444)
	at org.springframework.beans.factory.support.AbstractAutowireCapableBeanFactory.instantiateUsingFactoryMethod(AbstractAutowireCapableBeanFactory.java:1247)
	at org.springframework.beans.factory.support.AbstractAutowireCapableBeanFactory.createBeanInstance(AbstractAutowireCapableBeanFactory.java:1096)
	at org.springframework.beans.factory.support.AbstractAutowireCapableBeanFactory.doCreateBean(AbstractAutowireCapableBeanFactory.java:535)
	at org.springframework.beans.factory.support.AbstractAutowireCapableBeanFactory.createBean(AbstractAutowireCapableBeanFactory.java:495)
	at org.springframework.beans.factory.support.BeanDefinitionValueResolver.resolveInnerBean(BeanDefinitionValueResolver.java:312)
	at org.springframework.beans.factory.support.BeanDefinitionValueResolver.resolveValueIfNecessary(BeanDefinitionValueResolver.java:131)
	at org.springframework.beans.factory.support.AbstractAutowireCapableBeanFactory.applyPropertyValues(AbstractAutowireCapableBeanFactory.java:1602)
	at org.springframework.beans.factory.support.AbstractAutowireCapableBeanFactory.populateBean(AbstractAutowireCapableBeanFactory.java:1354)
	at org.springframework.beans.factory.support.AbstractAutowireCapableBeanFactory.doCreateBean(AbstractAutowireCapableBeanFactory.java:572)
	at org.springframework.beans.factory.support.AbstractAutowireCapableBeanFactory.createBean(AbstractAutowireCapableBeanFactory.java:495)
	at org.springframework.beans.factory.support.AbstractBeanFactory.lambda$doGetBean$0(AbstractBeanFactory.java:317)
	at org.springframework.beans.factory.support.DefaultSingletonBeanRegistry.getSingleton(DefaultSingletonBeanRegistry.java:222)
	at org.springframework.beans.factory.support.AbstractBeanFactory.doGetBean(AbstractBeanFactory.java:315)
	at org.springframework.beans.factory.support.AbstractBeanFactory.getBean(AbstractBeanFactory.java:199)
	at org.springframework.beans.factory.config.DependencyDescriptor.resolveCandidate(DependencyDescriptor.java:251)
	at org.springframework.beans.factory.support.DefaultListableBeanFactory.doResolveDependency(DefaultListableBeanFactory.java:1135)
	at org.springframework.beans.factory.support.DefaultListableBeanFactory.resolveDependency(DefaultListableBeanFactory.java:1062)
	at org.springframework.beans.factory.annotation.AutowiredAnnotationBeanPostProcessor$AutowiredFieldElement.inject(AutowiredAnnotationBeanPostProcessor.java:583)
	at org.springframework.beans.factory.annotation.InjectionMetadata.inject(InjectionMetadata.java:90)
	at org.springframework.beans.factory.annotation.AutowiredAnnotationBeanPostProcessor.postProcessPropertyValues(AutowiredAnnotationBeanPostProcessor.java:372)
	at org.springframework.beans.factory.support.AbstractAutowireCapableBeanFactory.populateBean(AbstractAutowireCapableBeanFactory.java:1341)
	at org.springframework.beans.factory.support.AbstractAutowireCapableBeanFactory.doCreateBean(AbstractAutowireCapableBeanFactory.java:572)
	at org.springframework.beans.factory.support.AbstractAutowireCapableBeanFactory.createBean(AbstractAutowireCapableBeanFactory.java:495)
	at org.springframework.beans.factory.support.AbstractBeanFactory.lambda$doGetBean$0(AbstractBeanFactory.java:317)
	at org.springframework.beans.factory.support.DefaultSingletonBeanRegistry.getSingleton(DefaultSingletonBeanRegistry.java:222)
	at org.springframework.beans.factory.support.AbstractBeanFactory.doGetBean(AbstractBeanFactory.java:315)
	at org.springframework.beans.factory.support.AbstractBeanFactory.getBean(AbstractBeanFactory.java:199)
	at org.springframework.beans.factory.config.DependencyDescriptor.resolveCandidate(DependencyDescriptor.java:251)
	at org.springframework.beans.factory.support.DefaultListableBeanFactory.doResolveDependency(DefaultListableBeanFactory.java:1135)
	at org.springframework.beans.factory.support.DefaultListableBeanFactory.resolveDependency(DefaultListableBeanFactory.java:1062)
	at org.springframework.beans.factory.annotation.AutowiredAnnotationBeanPostProcessor$AutowiredFieldElement.inject(AutowiredAnnotationBeanPostProcessor.java:583)
	at org.springframework.beans.factory.annotation.InjectionMetadata.inject(InjectionMetadata.java:90)
	at org.springframework.beans.factory.annotation.AutowiredAnnotationBeanPostProcessor.postProcessPropertyValues(AutowiredAnnotationBeanPostProcessor.java:372)
	at org.springframework.beans.factory.support.AbstractAutowireCapableBeanFactory.populateBean(AbstractAutowireCapableBeanFactory.java:1341)
	at org.springframework.beans.factory.support.AbstractAutowireCapableBeanFactory.doCreateBean(AbstractAutowireCapableBeanFactory.java:572)
	at org.springframework.beans.factory.support.AbstractAutowireCapableBeanFactory.createBean(AbstractAutowireCapableBeanFactory.java:495)
	at org.springframework.beans.factory.support.AbstractBeanFactory.lambda$doGetBean$0(AbstractBeanFactory.java:317)
	at org.springframework.beans.factory.support.DefaultSingletonBeanRegistry.getSingleton(DefaultSingletonBeanRegistry.java:222)
	at org.springframework.beans.factory.support.AbstractBeanFactory.doGetBean(AbstractBeanFactory.java:315)
	at org.springframework.beans.factory.support.AbstractBeanFactory.getBean(AbstractBeanFactory.java:204)
	at org.springframework.boot.web.servlet.ServletContextInitializerBeans.getOrderedBeansOfType(ServletContextInitializerBeans.java:226)
	at org.springframework.boot.web.servlet.ServletContextInitializerBeans.addAsRegistrationBean(ServletContextInitializerBeans.java:182)
	at org.springframework.boot.web.servlet.ServletContextInitializerBeans.addAsRegistrationBean(ServletContextInitializerBeans.java:177)
	at org.springframework.boot.web.servlet.ServletContextInitializerBeans.addAdaptableBeans(ServletContextInitializerBeans.java:159)
	at org.springframework.boot.web.servlet.ServletContextInitializerBeans.<init>(ServletContextInitializerBeans.java:81)
	at org.springframework.boot.web.servlet.context.ServletWebServerApplicationContext.getServletContextInitializerBeans(ServletWebServerApplicationContext.java:250)
	at org.springframework.boot.web.servlet.context.ServletWebServerApplicationContext.selfInitialize(ServletWebServerApplicationContext.java:237)
	at org.springframework.boot.web.embedded.tomcat.TomcatStarter.onStartup(TomcatStarter.java:54)
	at org.apache.catalina.core.StandardContext.startInternal(StandardContext.java:5245)
	at org.apache.catalina.util.LifecycleBase.start(LifecycleBase.java:150)
	at org.apache.catalina.core.ContainerBase$StartChild.call(ContainerBase.java:1420)
	at org.apache.catalina.core.ContainerBase$StartChild.call(ContainerBase.java:1410)
	at java.util.concurrent.FutureTask.run(FutureTask.java:266)
	at java.util.concurrent.ThreadPoolExecutor.runWorker(ThreadPoolExecutor.java:1149)
	at java.util.concurrent.ThreadPoolExecutor$Worker.run(ThreadPoolExecutor.java:624)
	at java.lang.Thread.run(Thread.java:748)
Caused by: java.sql.SQLException: Access denied for user 'root'@'localhost' (using password: YES)
	at com.mysql.jdbc.SQLError.createSQLException(SQLError.java:965)
	at com.mysql.jdbc.MysqlIO.checkErrorPacket(MysqlIO.java:3978)
	at com.mysql.jdbc.MysqlIO.checkErrorPacket(MysqlIO.java:3914)
	at com.mysql.jdbc.MysqlIO.checkErrorPacket(MysqlIO.java:871)
	at com.mysql.jdbc.MysqlIO.proceedHandshakeWithPluggableAuthentication(MysqlIO.java:1714)
	at com.mysql.jdbc.MysqlIO.doHandshake(MysqlIO.java:1224)
	at com.mysql.jdbc.ConnectionImpl.coreConnect(ConnectionImpl.java:2199)
	at com.mysql.jdbc.ConnectionImpl.connectWithRetries(ConnectionImpl.java:2046)
	... 115 common frames omitted
2020-11-30 20:16:38,981 WARN org.hibernate.engine.jdbc.spi.SqlExceptionHelper [localhost-startStop-1] SQL Error: 0, SQLState: 08001
2020-11-30 20:16:38,983 ERROR org.hibernate.engine.jdbc.spi.SqlExceptionHelper [localhost-startStop-1] Could not create connection to database server. Attempted reconnect 3 times. Giving up.
2020-11-30 20:16:39,000 ERROR org.apache.commons.logging.impl.Jdk14Logger [localhost-startStop-1] Error starting Tomcat context. Exception: org.springframework.beans.factory.UnsatisfiedDependencyException. Message: Error creating bean with name 'jwtRequestFilter': Unsatisfied dependency expressed through field 'jwtUserDetailsService'; nested exception is org.springframework.beans.factory.UnsatisfiedDependencyException: Error creating bean with name 'jwtUserDetailsService': Unsatisfied dependency expressed through field 'userRepo'; nested exception is org.springframework.beans.factory.BeanCreationException: Error creating bean with name 'userRepository': Cannot create inner bean '(inner bean)#74457556' of type [org.springframework.orm.jpa.SharedEntityManagerCreator] while setting bean property 'entityManager'; nested exception is org.springframework.beans.factory.BeanCreationException: Error creating bean with name '(inner bean)#74457556': Cannot resolve reference to bean 'entityManagerFactory' while setting constructor argument; nested exception is org.springframework.beans.factory.BeanCreationException: Error creating bean with name 'entityManagerFactory' defined in class path resource [org/springframework/boot/autoconfigure/orm/jpa/HibernateJpaConfiguration.class]: Invocation of init method failed; nested exception is javax.persistence.PersistenceException: [PersistenceUnit: default] Unable to build Hibernate SessionFactory; nested exception is org.hibernate.exception.JDBCConnectionException: Unable to open JDBC Connection for DDL execution
2020-11-30 20:16:39,041 INFO org.apache.juli.logging.DirectJDKLog [main] Stopping service [Tomcat]
2020-11-30 20:16:39,051 WARN org.apache.juli.logging.DirectJDKLog [localhost-startStop-1] The web application [ROOT] appears to have started a thread named [spring.cloud.inetutils] but has failed to stop it. This is very likely to create a memory leak. Stack trace of thread:
 sun.misc.Unsafe.park(Native Method)
 java.util.concurrent.locks.LockSupport.park(LockSupport.java:175)
 java.util.concurrent.locks.AbstractQueuedSynchronizer$ConditionObject.await(AbstractQueuedSynchronizer.java:2039)
 java.util.concurrent.LinkedBlockingQueue.take(LinkedBlockingQueue.java:442)
 java.util.concurrent.ThreadPoolExecutor.getTask(ThreadPoolExecutor.java:1074)
 java.util.concurrent.ThreadPoolExecutor.runWorker(ThreadPoolExecutor.java:1134)
 java.util.concurrent.ThreadPoolExecutor$Worker.run(ThreadPoolExecutor.java:624)
 java.lang.Thread.run(Thread.java:748)
2020-11-30 20:16:39,052 WARN org.apache.juli.logging.DirectJDKLog [localhost-startStop-1] The web application [ROOT] appears to have started a thread named [RxIoScheduler-1 (Evictor)] but has failed to stop it. This is very likely to create a memory leak. Stack trace of thread:
 sun.misc.Unsafe.park(Native Method)
 java.util.concurrent.locks.LockSupport.parkNanos(LockSupport.java:215)
 java.util.concurrent.locks.AbstractQueuedSynchronizer$ConditionObject.awaitNanos(AbstractQueuedSynchronizer.java:2078)
 java.util.concurrent.ScheduledThreadPoolExecutor$DelayedWorkQueue.take(ScheduledThreadPoolExecutor.java:1093)
 java.util.concurrent.ScheduledThreadPoolExecutor$DelayedWorkQueue.take(ScheduledThreadPoolExecutor.java:809)
 java.util.concurrent.ThreadPoolExecutor.getTask(ThreadPoolExecutor.java:1074)
 java.util.concurrent.ThreadPoolExecutor.runWorker(ThreadPoolExecutor.java:1134)
 java.util.concurrent.ThreadPoolExecutor$Worker.run(ThreadPoolExecutor.java:624)
 java.lang.Thread.run(Thread.java:748)
2020-11-30 20:16:39,064 WARN org.apache.commons.logging.impl.Jdk14Logger [main] Exception encountered during context initialization - cancelling refresh attempt: org.springframework.context.ApplicationContextException: Unable to start web server; nested exception is org.springframework.boot.web.server.WebServerException: Unable to start embedded Tomcat
2020-11-30 20:18:33,460 INFO org.apache.commons.logging.impl.Jdk14Logger [main] Refreshing org.springframework.context.annotation.AnnotationConfigApplicationContext@79d8407f: startup date [Mon Nov 30 20:18:33 IST 2020]; root of context hierarchy
2020-11-30 20:18:33,771 INFO org.apache.commons.logging.impl.Jdk14Logger [main] JSR-330 'javax.inject.Inject' annotation found and supported for autowiring
2020-11-30 20:18:33,837 INFO org.apache.commons.logging.impl.Jdk14Logger [main] Bean 'configurationPropertiesRebinderAutoConfiguration' of type [org.springframework.cloud.autoconfigure.ConfigurationPropertiesRebinderAutoConfiguration$$EnhancerBySpringCGLIB$$3185481b] is not eligible for getting processed by all BeanPostProcessors (for example: not eligible for auto-proxying)
2020-11-30 20:18:44,127 INFO org.apache.commons.logging.impl.Jdk14Logger [main] No active profile set, falling back to default profiles: default
2020-11-30 20:18:44,155 INFO org.apache.commons.logging.impl.Jdk14Logger [main] Refreshing org.springframework.boot.web.servlet.context.AnnotationConfigServletWebServerApplicationContext@5b367418: startup date [Mon Nov 30 20:18:44 IST 2020]; parent: org.springframework.context.annotation.AnnotationConfigApplicationContext@79d8407f
2020-11-30 20:18:46,047 INFO org.apache.commons.logging.impl.Jdk14Logger [main] Overriding bean definition for bean 'counterFactory' with a different definition: replacing [Root bean: class [null]; scope=; abstract=false; lazyInit=false; autowireMode=3; dependencyCheck=0; autowireCandidate=true; primary=false; factoryBeanName=org.springframework.cloud.netflix.zuul.ZuulServerAutoConfiguration$ZuulMetricsConfiguration; factoryMethodName=counterFactory; initMethodName=null; destroyMethodName=(inferred); defined in class path resource [org/springframework/cloud/netflix/zuul/ZuulServerAutoConfiguration$ZuulMetricsConfiguration.class]] with [Root bean: class [null]; scope=; abstract=false; lazyInit=false; autowireMode=3; dependencyCheck=0; autowireCandidate=true; primary=false; factoryBeanName=org.springframework.cloud.netflix.zuul.ZuulServerAutoConfiguration$ZuulCounterFactoryConfiguration; factoryMethodName=counterFactory; initMethodName=null; destroyMethodName=(inferred); defined in class path resource [org/springframework/cloud/netflix/zuul/ZuulServerAutoConfiguration$ZuulCounterFactoryConfiguration.class]]
2020-11-30 20:18:46,155 INFO org.apache.commons.logging.impl.Jdk14Logger [main] Overriding bean definition for bean 'dataSource' with a different definition: replacing [Root bean: class [null]; scope=refresh; abstract=false; lazyInit=false; autowireMode=3; dependencyCheck=0; autowireCandidate=false; primary=false; factoryBeanName=org.springframework.boot.autoconfigure.jdbc.DataSourceConfiguration$Hikari; factoryMethodName=dataSource; initMethodName=null; destroyMethodName=(inferred); defined in class path resource [org/springframework/boot/autoconfigure/jdbc/DataSourceConfiguration$Hikari.class]] with [Root bean: class [org.springframework.aop.scope.ScopedProxyFactoryBean]; scope=; abstract=false; lazyInit=false; autowireMode=0; dependencyCheck=0; autowireCandidate=true; primary=false; factoryBeanName=null; factoryMethodName=null; initMethodName=null; destroyMethodName=null; defined in BeanDefinition defined in class path resource [org/springframework/boot/autoconfigure/jdbc/DataSourceConfiguration$Hikari.class]]
2020-11-30 20:18:46,466 INFO org.apache.commons.logging.impl.Jdk14Logger [main] BeanFactory id=d9584f2f-316a-3d06-a470-48069670a8f9
2020-11-30 20:18:46,512 INFO org.apache.commons.logging.impl.Jdk14Logger [main] JSR-330 'javax.inject.Inject' annotation found and supported for autowiring
2020-11-30 20:18:46,703 INFO org.apache.commons.logging.impl.Jdk14Logger [main] Bean 'org.springframework.ws.config.annotation.DelegatingWsConfiguration' of type [org.springframework.ws.config.annotation.DelegatingWsConfiguration$$EnhancerBySpringCGLIB$$ba030a1d] is not eligible for getting processed by all BeanPostProcessors (for example: not eligible for auto-proxying)
2020-11-30 20:18:46,755 INFO org.apache.commons.logging.impl.Jdk14Logger [main] Supporting [WS-Addressing August 2004, WS-Addressing 1.0]
2020-11-30 20:18:46,904 INFO org.apache.commons.logging.impl.Jdk14Logger [main] Bean 'org.springframework.transaction.annotation.ProxyTransactionManagementConfiguration' of type [org.springframework.transaction.annotation.ProxyTransactionManagementConfiguration$$EnhancerBySpringCGLIB$$156b451e] is not eligible for getting processed by all BeanPostProcessors (for example: not eligible for auto-proxying)
2020-11-30 20:18:47,173 INFO org.apache.commons.logging.impl.Jdk14Logger [main] Bean 'org.springframework.security.config.annotation.configuration.ObjectPostProcessorConfiguration' of type [org.springframework.security.config.annotation.configuration.ObjectPostProcessorConfiguration$$EnhancerBySpringCGLIB$$ae190d58] is not eligible for getting processed by all BeanPostProcessors (for example: not eligible for auto-proxying)
2020-11-30 20:18:47,190 INFO org.apache.commons.logging.impl.Jdk14Logger [main] Bean 'objectPostProcessor' of type [org.springframework.security.config.annotation.configuration.AutowireBeanFactoryObjectPostProcessor] is not eligible for getting processed by all BeanPostProcessors (for example: not eligible for auto-proxying)
2020-11-30 20:18:47,195 INFO org.apache.commons.logging.impl.Jdk14Logger [main] Bean 'org.springframework.security.access.expression.method.DefaultMethodSecurityExpressionHandler@48f4713c' of type [org.springframework.security.access.expression.method.DefaultMethodSecurityExpressionHandler] is not eligible for getting processed by all BeanPostProcessors (for example: not eligible for auto-proxying)
2020-11-30 20:18:47,216 INFO org.apache.commons.logging.impl.Jdk14Logger [main] Bean 'org.springframework.security.config.annotation.method.configuration.GlobalMethodSecurityConfiguration' of type [org.springframework.security.config.annotation.method.configuration.GlobalMethodSecurityConfiguration$$EnhancerBySpringCGLIB$$d2edb00a] is not eligible for getting processed by all BeanPostProcessors (for example: not eligible for auto-proxying)
2020-11-30 20:18:47,234 INFO org.apache.commons.logging.impl.Jdk14Logger [main] Bean 'methodSecurityMetadataSource' of type [org.springframework.security.access.method.DelegatingMethodSecurityMetadataSource] is not eligible for getting processed by all BeanPostProcessors (for example: not eligible for auto-proxying)
2020-11-30 20:18:47,299 INFO org.apache.commons.logging.impl.Jdk14Logger [main] Bean 'org.springframework.cloud.autoconfigure.ConfigurationPropertiesRebinderAutoConfiguration' of type [org.springframework.cloud.autoconfigure.ConfigurationPropertiesRebinderAutoConfiguration$$EnhancerBySpringCGLIB$$3185481b] is not eligible for getting processed by all BeanPostProcessors (for example: not eligible for auto-proxying)
2020-11-30 20:18:48,191 INFO org.apache.commons.logging.impl.Jdk14Logger [main] Tomcat initialized with port(s): 8080 (http)
2020-11-30 20:18:48,212 INFO org.apache.juli.logging.DirectJDKLog [main] Initializing ProtocolHandler ["http-nio-8080"]
2020-11-30 20:18:48,229 INFO org.apache.juli.logging.DirectJDKLog [main] Starting service [Tomcat]
2020-11-30 20:18:48,229 INFO org.apache.juli.logging.DirectJDKLog [main] Starting Servlet Engine: Apache Tomcat/8.5.34
2020-11-30 20:18:48,235 INFO org.apache.juli.logging.DirectJDKLog [localhost-startStop-1] The APR based Apache Tomcat Native library which allows optimal performance in production environments was not found on the java.library.path: [/Users/bsridharpatnaik/Library/Java/Extensions:/Library/Java/Extensions:/Network/Library/Java/Extensions:/System/Library/Java/Extensions:/usr/lib/java:.]
2020-11-30 20:18:48,451 INFO org.apache.juli.logging.DirectJDKLog [localhost-startStop-1] Initializing Spring embedded WebApplicationContext
2020-11-30 20:18:48,455 INFO org.apache.commons.logging.impl.Jdk14Logger [localhost-startStop-1] Root WebApplicationContext: initialization completed in 4297 ms
2020-11-30 20:18:49,074 WARN com.netflix.config.sources.URLConfigurationSource [localhost-startStop-1] No URLs will be polled as dynamic configuration sources.
2020-11-30 20:18:49,074 INFO com.netflix.config.sources.URLConfigurationSource [localhost-startStop-1] To enable URLs as dynamic configuration sources, define System property archaius.configurationSource.additionalUrls or make config.properties available on classpath.
2020-11-30 20:18:49,088 INFO com.netflix.config.DynamicPropertyFactory [localhost-startStop-1] DynamicPropertyFactory is initialized with configuration sources: com.netflix.config.ConcurrentCompositeConfiguration@605ccf5d
2020-11-30 20:18:51,027 INFO com.zaxxer.hikari.HikariDataSource [localhost-startStop-1] HikariPool-1 - Starting...
2020-11-30 20:18:52,079 INFO com.zaxxer.hikari.HikariDataSource [localhost-startStop-1] HikariPool-1 - Start completed.
2020-11-30 20:18:52,195 INFO org.apache.commons.logging.impl.Jdk14Logger [localhost-startStop-1] Building JPA container EntityManagerFactory for persistence unit 'default'
2020-11-30 20:18:52,222 INFO org.hibernate.jpa.internal.util.LogHelper [localhost-startStop-1] HHH000204: Processing PersistenceUnitInfo [name: default]
2020-11-30 20:18:52,337 INFO org.hibernate.Version [localhost-startStop-1] HHH000412: Hibernate ORM core version 5.4.22.Final
2020-11-30 20:18:52,613 INFO org.hibernate.annotations.common.reflection.java.JavaReflectionManager [localhost-startStop-1] HCANN000001: Hibernate Commons Annotations {5.1.0.Final}
2020-11-30 20:18:53,205 INFO org.hibernate.dialect.Dialect [localhost-startStop-1] HHH000400: Using dialect: org.hibernate.dialect.MySQL5InnoDBDialect
2020-11-30 20:18:53,313 INFO org.hibernate.envers.boot.internal.EnversServiceImpl [localhost-startStop-1] Envers integration enabled? : true
2020-11-30 20:19:08,718 INFO org.hibernate.engine.transaction.jta.platform.internal.JtaPlatformInitiator [localhost-startStop-1] HHH000490: Using JtaPlatform implementation: [org.hibernate.engine.transaction.jta.platform.internal.NoJtaPlatform]
2020-11-30 20:19:08,733 INFO org.apache.commons.logging.impl.Jdk14Logger [localhost-startStop-1] Initialized JPA EntityManagerFactory for persistence unit 'default'
2020-11-30 20:19:09,628 INFO org.apache.commons.logging.impl.Jdk14Logger [localhost-startStop-1] Mapping filter: 'characterEncodingFilter' to: [/*]
2020-11-30 20:19:09,629 INFO org.apache.commons.logging.impl.Jdk14Logger [localhost-startStop-1] Mapping filter: 'webMvcMetricsFilter' to: [/*]
2020-11-30 20:19:09,630 INFO org.apache.commons.logging.impl.Jdk14Logger [localhost-startStop-1] Mapping filter: 'springSecurityFilterChain' to: [/*]
2020-11-30 20:19:09,630 INFO org.apache.commons.logging.impl.Jdk14Logger [localhost-startStop-1] Mapping filter: 'httpTraceFilter' to: [/*]
2020-11-30 20:19:09,631 INFO org.apache.commons.logging.impl.Jdk14Logger [localhost-startStop-1] Mapping filter: 'jwtRequestFilter' to: [/*]
2020-11-30 20:19:09,631 INFO org.apache.commons.logging.impl.Jdk14Logger [localhost-startStop-1] Mapping filter: 'logFilter' to: [/*]
2020-11-30 20:19:09,631 INFO org.apache.commons.logging.impl.Jdk14Logger [localhost-startStop-1] Mapping filter: 'requestLoggingFilter' to: [/*]
2020-11-30 20:19:09,632 INFO org.apache.commons.logging.impl.Jdk14Logger [localhost-startStop-1] Servlet dispatcherServlet mapped to [/]
2020-11-30 20:19:09,634 INFO org.apache.commons.logging.impl.Jdk14Logger [localhost-startStop-1] Servlet messageDispatcherServlet mapped to [/services/*]
2020-11-30 20:19:09,634 INFO org.apache.commons.logging.impl.Jdk14Logger [localhost-startStop-1] Servlet zuulServlet mapped to [/zuul/*]
2020-11-30 20:19:09,655 DEBUG org.apache.commons.logging.impl.Jdk14Logger [localhost-startStop-1] Initializing filter 'requestLoggingFilter'
2020-11-30 20:19:09,655 DEBUG org.apache.commons.logging.impl.Jdk14Logger [localhost-startStop-1] Filter 'requestLoggingFilter' configured successfully
2020-11-30 20:19:09,656 DEBUG org.apache.commons.logging.impl.Jdk14Logger [localhost-startStop-1] Initializing filter 'logFilter'
2020-11-30 20:19:09,656 DEBUG org.apache.commons.logging.impl.Jdk14Logger [localhost-startStop-1] Filter 'logFilter' configured successfully
2020-11-30 20:19:10,582 WARN org.apache.commons.logging.impl.Jdk14Logger [main] spring.jpa.open-in-view is enabled by default. Therefore, database queries may be performed during view rendering. Explicitly configure spring.jpa.open-in-view to disable this warning
2020-11-30 20:19:10,679 INFO org.apache.commons.logging.impl.Jdk14Logger [main] Mapped "{[/contact],methods=[GET],produces=[application/json || text/json]}" onto public com.ec.common.Data.ContactsWithTypeAhead com.ec.common.Controller.ContactController.returnAllContacts(java.lang.Integer,org.springframework.data.domain.Pageable)
2020-11-30 20:19:10,682 INFO org.apache.commons.logging.impl.Jdk14Logger [main] Mapped "{[/contact],methods=[POST],produces=[application/json || text/json]}" onto public com.ec.common.Data.ContactsWithTypeAhead com.ec.common.Controller.ContactController.returnFilteredContacts(com.ec.common.Filters.FilterDataList,org.springframework.data.domain.Pageable)
2020-11-30 20:19:10,684 INFO org.apache.commons.logging.impl.Jdk14Logger [main] Mapped "{[/contact/{id}],methods=[GET],produces=[application/json || text/json]}" onto public com.ec.common.Model.ContactAllInfo com.ec.common.Controller.ContactController.findContactbyvehicleNoContacts(long) throws java.lang.Exception
2020-11-30 20:19:10,685 INFO org.apache.commons.logging.impl.Jdk14Logger [main] Mapped "{[/contact/{id}],methods=[DELETE],produces=[application/json || text/json]}" onto public org.springframework.http.ResponseEntity<?> com.ec.common.Controller.ContactController.deleteContact(java.lang.Long) throws java.lang.Exception
2020-11-30 20:19:10,686 INFO org.apache.commons.logging.impl.Jdk14Logger [main] Mapped "{[/contact/create],methods=[POST],produces=[application/json || text/json]}" onto public com.ec.common.Model.ContactAllInfo com.ec.common.Controller.ContactController.createContact(com.ec.common.Model.ContactAllInfo) throws java.lang.Exception
2020-11-30 20:19:10,687 INFO org.apache.commons.logging.impl.Jdk14Logger [main] Mapped "{[/contact/{id}],methods=[PUT],produces=[application/json || text/json]}" onto public com.ec.common.Model.ContactAllInfo com.ec.common.Controller.ContactController.updateContact(java.lang.Long,com.ec.common.Model.ContactAllInfo) throws java.lang.Exception
2020-11-30 20:19:10,687 INFO org.apache.commons.logging.impl.Jdk14Logger [main] Mapped "{[/contact/iscontactused/{id}],methods=[GET],produces=[application/json || text/json]}" onto public java.lang.Boolean com.ec.common.Controller.ContactController.checkIfContactUsed(long) throws java.lang.Exception
2020-11-30 20:19:10,689 INFO org.apache.commons.logging.impl.Jdk14Logger [main] Mapped "{[/emailconfig],methods=[GET],produces=[application/json || text/json]}" onto public com.ec.common.Data.EmailConfigData com.ec.common.Controller.EmailController.returnEmailConfig()
2020-11-30 20:19:10,691 INFO org.apache.commons.logging.impl.Jdk14Logger [main] Mapped "{[/lanotification/token],methods=[POST]}" onto public java.lang.String com.ec.common.Controller.LeadActivityNotificationController.sendPnsToDevice(com.ec.common.Data.LANotificationRequestDto)
2020-11-30 20:19:10,693 INFO org.apache.commons.logging.impl.Jdk14Logger [main] Mapped "{[/ec/login],methods=[POST],produces=[application/json || text/json]}" onto public org.springframework.http.ResponseEntity<?> com.ec.common.Controller.LoginController.login(com.ec.common.Data.UserSignInData) throws java.lang.Exception
2020-11-30 20:19:10,695 INFO org.apache.commons.logging.impl.Jdk14Logger [main] Mapped "{[/role],methods=[GET],produces=[application/json || text/json]}" onto public org.springframework.data.domain.Page<com.ec.common.Model.Role> com.ec.common.Controller.RoleController.returnAllRoles(org.springframework.data.domain.Pageable)
2020-11-30 20:19:10,696 INFO org.apache.commons.logging.impl.Jdk14Logger [main] Mapped "{[/role/create],methods=[POST],produces=[application/json || text/json]}" onto public com.ec.common.Model.Role com.ec.common.Controller.RoleController.createRole(com.ec.common.Model.Role) throws java.lang.Exception
2020-11-30 20:19:10,698 INFO org.apache.commons.logging.impl.Jdk14Logger [main] Mapped "{[/token],methods=[PUT],produces=[application/json || text/json]}" onto public void com.ec.common.Controller.TokenController.updateTokenForUser(com.ec.common.Data.TokenData) throws java.lang.Exception
2020-11-30 20:19:10,699 INFO org.apache.commons.logging.impl.Jdk14Logger [main] Mapped "{[/token],methods=[GET],produces=[application/json || text/json]}" onto public java.util.List<com.ec.common.Data.AndroidTokenDetailsDTO> com.ec.common.Controller.TokenController.getAllTokens()
2020-11-30 20:19:10,700 INFO org.apache.commons.logging.impl.Jdk14Logger [main] Mapped "{[/token],methods=[DELETE],produces=[application/json || text/json]}" onto public void com.ec.common.Controller.TokenController.DeleteToken() throws java.lang.Exception
2020-11-30 20:19:10,705 INFO org.apache.commons.logging.impl.Jdk14Logger [main] Mapped "{[/user],methods=[POST],produces=[application/json || text/json]}" onto public com.ec.common.Data.UserListWithTypeAheadData com.ec.common.Controller.UserController.returnFilteredContacts(com.ec.common.Filters.FilterDataList,org.springframework.data.domain.Pageable)
2020-11-30 20:19:10,705 INFO org.apache.commons.logging.impl.Jdk14Logger [main] Mapped "{[/user],methods=[GET],produces=[application/json || text/json]}" onto public com.ec.common.Data.UserListWithTypeAheadData com.ec.common.Controller.UserController.returnAllUsers(org.springframework.data.domain.Pageable)
2020-11-30 20:19:10,706 INFO org.apache.commons.logging.impl.Jdk14Logger [main] Mapped "{[/user/create],methods=[POST],produces=[application/json || text/json]}" onto public com.ec.common.Model.User com.ec.common.Controller.UserController.createUser(com.ec.common.Data.CreateUserData) throws java.lang.Exception
2020-11-30 20:19:10,707 INFO org.apache.commons.logging.impl.Jdk14Logger [main] Mapped "{[/user/{id}],methods=[PUT],produces=[application/json || text/json]}" onto public com.ec.common.Model.User com.ec.common.Controller.UserController.updateUser(java.lang.Long,com.ec.common.Data.CreateUserData) throws java.lang.Exception
2020-11-30 20:19:10,708 INFO org.apache.commons.logging.impl.Jdk14Logger [main] Mapped "{[/user/updatepassword],methods=[POST],produces=[application/json || text/json]}" onto public com.ec.common.Model.User com.ec.common.Controller.UserController.updateUser(com.ec.common.Data.ResetPasswordData) throws java.lang.Exception
2020-11-30 20:19:10,709 INFO org.apache.commons.logging.impl.Jdk14Logger [main] Mapped "{[/user/{id}],methods=[GET],produces=[application/json || text/json]}" onto public com.ec.common.Model.User com.ec.common.Controller.UserController.findUserByID(long) throws java.lang.Exception
2020-11-30 20:19:10,710 INFO org.apache.commons.logging.impl.Jdk14Logger [main] Mapped "{[/user/list],methods=[GET],produces=[application/json || text/json]}" onto public java.util.List<com.ec.common.Data.UserReturnData> com.ec.common.Controller.UserController.findLimitedDetailsForUserByID() throws java.lang.Exception
2020-11-30 20:19:10,710 INFO org.apache.commons.logging.impl.Jdk14Logger [main] Mapped "{[/user/byid/{id}],methods=[GET],produces=[application/json || text/json]}" onto public com.ec.common.Data.UserReturnData com.ec.common.Controller.UserController.findLimitedDetailsForUserByID(long) throws java.lang.Exception
2020-11-30 20:19:10,711 INFO org.apache.commons.logging.impl.Jdk14Logger [main] Mapped "{[/user/byname/{name}],methods=[GET],produces=[application/json || text/json]}" onto public com.ec.common.Data.UserReturnData com.ec.common.Controller.UserController.findLimitedDetailsForUserByID(java.lang.String) throws java.lang.Exception
2020-11-30 20:19:10,711 INFO org.apache.commons.logging.impl.Jdk14Logger [main] Mapped "{[/user/updateroles],methods=[POST],produces=[application/json || text/json]}" onto public com.ec.common.Model.User com.ec.common.Controller.UserController.updateRolesForUser(com.ec.common.Data.UpdateRolesForUserData) throws java.lang.Exception
2020-11-30 20:19:10,712 INFO org.apache.commons.logging.impl.Jdk14Logger [main] Mapped "{[/user/me],methods=[GET],produces=[application/json]}" onto public com.ec.common.Data.UserReturnData com.ec.common.Controller.UserController.returnUserName()
2020-11-30 20:19:10,717 INFO org.apache.commons.logging.impl.Jdk14Logger [main] Mapped "{[/error]}" onto public org.springframework.http.ResponseEntity<java.util.Map<java.lang.String, java.lang.Object>> org.springframework.boot.autoconfigure.web.servlet.error.BasicErrorController.error(javax.servlet.http.HttpServletRequest)
2020-11-30 20:19:10,717 INFO org.apache.commons.logging.impl.Jdk14Logger [main] Mapped "{[/error],produces=[text/html]}" onto public org.springframework.web.servlet.ModelAndView org.springframework.boot.autoconfigure.web.servlet.error.BasicErrorController.errorHtml(javax.servlet.http.HttpServletRequest,javax.servlet.http.HttpServletResponse)
2020-11-30 20:19:10,837 INFO org.apache.commons.logging.impl.Jdk14Logger [main] Mapped URL path [/eureka/**] onto handler of type [class org.springframework.web.servlet.resource.ResourceHttpRequestHandler]
2020-11-30 20:19:11,182 INFO org.apache.commons.logging.impl.Jdk14Logger [main] Looking for @ControllerAdvice: org.springframework.boot.web.servlet.context.AnnotationConfigServletWebServerApplicationContext@5b367418: startup date [Mon Nov 30 20:18:44 IST 2020]; parent: org.springframework.context.annotation.AnnotationConfigApplicationContext@79d8407f
2020-11-30 20:19:11,434 INFO org.apache.commons.logging.impl.Jdk14Logger [main] Creating filter chain: Ant [pattern='/*/'], []
2020-11-30 20:19:11,434 INFO org.apache.commons.logging.impl.Jdk14Logger [main] Creating filter chain: Ant [pattern='/eureka/**.**'], []
2020-11-30 20:19:11,435 INFO org.apache.commons.logging.impl.Jdk14Logger [main] Creating filter chain: Ant [pattern='/eureka/**'], []
2020-11-30 20:19:11,435 INFO org.apache.commons.logging.impl.Jdk14Logger [main] Creating filter chain: Ant [pattern='**/scripts/**.js'], []
2020-11-30 20:19:11,435 INFO org.apache.commons.logging.impl.Jdk14Logger [main] Creating filter chain: Ant [pattern='/**.jpg'], []
2020-11-30 20:19:11,436 INFO org.apache.commons.logging.impl.Jdk14Logger [main] Creating filter chain: Ant [pattern='/**.ico'], []
2020-11-30 20:19:11,436 INFO org.apache.commons.logging.impl.Jdk14Logger [main] Creating filter chain: Ant [pattern='/**.html'], []
2020-11-30 20:19:11,437 INFO org.apache.commons.logging.impl.Jdk14Logger [main] Creating filter chain: Ant [pattern='/header.html'], []
2020-11-30 20:19:11,437 INFO org.apache.commons.logging.impl.Jdk14Logger [main] Creating filter chain: Ant [pattern='**.html'], []
2020-11-30 20:19:11,438 INFO org.apache.commons.logging.impl.Jdk14Logger [main] Creating filter chain: Ant [pattern='/**.css'], []
2020-11-30 20:19:11,438 INFO org.apache.commons.logging.impl.Jdk14Logger [main] Creating filter chain: Ant [pattern='/**.js'], []
2020-11-30 20:19:11,439 INFO org.apache.commons.logging.impl.Jdk14Logger [main] Creating filter chain: Ant [pattern='/eureka/**/**'], []
2020-11-30 20:19:11,439 INFO org.apache.commons.logging.impl.Jdk14Logger [main] Creating filter chain: Ant [pattern='/**', OPTIONS], []
2020-11-30 20:19:11,589 INFO org.apache.commons.logging.impl.Jdk14Logger [main] Creating filter chain: org.springframework.security.web.util.matcher.AnyRequestMatcher@1, [org.springframework.security.web.context.request.async.WebAsyncManagerIntegrationFilter@69ed5ea2, org.springframework.security.web.context.SecurityContextPersistenceFilter@357c9bd9, org.springframework.security.web.header.HeaderWriterFilter@14b528b6, org.springframework.web.filter.CorsFilter@56a4abd0, org.springframework.security.web.authentication.logout.LogoutFilter@491f8831, com.ec.common.JWTUtils.JwtRequestFilter@3e863d8f, org.springframework.security.web.savedrequest.RequestCacheAwareFilter@209f3887, org.springframework.security.web.servletapi.SecurityContextHolderAwareRequestFilter@3e28d779, org.springframework.security.web.authentication.AnonymousAuthenticationFilter@5eed6dfb, org.springframework.security.web.session.SessionManagementFilter@217dc48e, org.springframework.security.web.access.ExceptionTranslationFilter@19f02280, org.springframework.security.web.access.intercept.FilterSecurityInterceptor@4a642e4b]
2020-11-30 20:19:11,724 WARN com.netflix.config.sources.URLConfigurationSource [main] No URLs will be polled as dynamic configuration sources.
2020-11-30 20:19:11,725 INFO com.netflix.config.sources.URLConfigurationSource [main] To enable URLs as dynamic configuration sources, define System property archaius.configurationSource.additionalUrls or make config.properties available on classpath.
2020-11-30 20:19:12,705 INFO org.apache.commons.logging.impl.Jdk14Logger [main] Exposing 2 endpoint(s) beneath base path '/actuator'
2020-11-30 20:19:12,724 INFO org.apache.commons.logging.impl.Jdk14Logger [main] Mapped "{[/actuator/health],methods=[GET],produces=[application/vnd.spring-boot.actuator.v2+json || application/json]}" onto public java.lang.Object org.springframework.boot.actuate.endpoint.web.servlet.AbstractWebMvcEndpointHandlerMapping$OperationHandler.handle(javax.servlet.http.HttpServletRequest,java.util.Map<java.lang.String, java.lang.String>)
2020-11-30 20:19:12,726 INFO org.apache.commons.logging.impl.Jdk14Logger [main] Mapped "{[/actuator/info],methods=[GET],produces=[application/vnd.spring-boot.actuator.v2+json || application/json]}" onto public java.lang.Object org.springframework.boot.actuate.endpoint.web.servlet.AbstractWebMvcEndpointHandlerMapping$OperationHandler.handle(javax.servlet.http.HttpServletRequest,java.util.Map<java.lang.String, java.lang.String>)
2020-11-30 20:19:12,727 INFO org.apache.commons.logging.impl.Jdk14Logger [main] Mapped "{[/actuator],methods=[GET],produces=[application/vnd.spring-boot.actuator.v2+json || application/json]}" onto protected java.util.Map<java.lang.String, java.util.Map<java.lang.String, org.springframework.boot.actuate.endpoint.web.Link>> org.springframework.boot.actuate.endpoint.web.servlet.WebMvcEndpointHandlerMapping.links(javax.servlet.http.HttpServletRequest,javax.servlet.http.HttpServletResponse)
2020-11-30 20:19:13,485 INFO org.apache.commons.logging.impl.Jdk14Logger [main] Starting filter initializer
2020-11-30 20:19:13,546 INFO org.apache.commons.logging.impl.Jdk14Logger [main] Registering beans for JMX exposure on startup
2020-11-30 20:19:13,551 INFO org.apache.commons.logging.impl.Jdk14Logger [main] Bean with name 'dataSource' has been autodetected for JMX exposure
2020-11-30 20:19:13,565 INFO org.apache.commons.logging.impl.Jdk14Logger [main] Bean with name 'environmentManager' has been autodetected for JMX exposure
2020-11-30 20:19:13,566 INFO org.apache.commons.logging.impl.Jdk14Logger [main] Bean with name 'refreshScope' has been autodetected for JMX exposure
2020-11-30 20:19:13,570 INFO org.apache.commons.logging.impl.Jdk14Logger [main] Bean with name 'configurationPropertiesRebinder' has been autodetected for JMX exposure
2020-11-30 20:19:13,575 INFO org.apache.commons.logging.impl.Jdk14Logger [main] Located managed bean 'environmentManager': registering with JMX server as MBean [gateway:name=environmentManager,type=EnvironmentManager]
2020-11-30 20:19:13,588 INFO org.apache.commons.logging.impl.Jdk14Logger [main] Located managed bean 'refreshScope': registering with JMX server as MBean [gateway:name=refreshScope,type=RefreshScope]
2020-11-30 20:19:13,613 INFO org.apache.commons.logging.impl.Jdk14Logger [main] Located managed bean 'configurationPropertiesRebinder': registering with JMX server as MBean [gateway:name=configurationPropertiesRebinder,context=5b367418,type=ConfigurationPropertiesRebinder]
2020-11-30 20:19:13,629 INFO org.apache.commons.logging.impl.Jdk14Logger [main] Located MBean 'dataSource': registering with JMX server as MBean [gateway:name=dataSource,type=HikariDataSource]
2020-11-30 20:19:13,662 INFO org.apache.juli.logging.DirectJDKLog [main] Starting ProtocolHandler ["http-nio-8080"]
2020-11-30 20:19:13,684 INFO org.apache.juli.logging.DirectJDKLog [main] Using a shared selector for servlet write/read
2020-11-30 20:19:13,715 INFO org.apache.commons.logging.impl.Jdk14Logger [main] Tomcat started on port(s): 8080 (http) with context path ''
2020-11-30 20:19:13,722 INFO org.apache.commons.logging.impl.Jdk14Logger [main] Started GatewayApplication in 51.373 seconds (JVM running for 57.431)
2020-11-30 21:47:46,524 WARN com.zaxxer.hikari.pool.HikariPool$HouseKeeper [HikariPool-1 housekeeper] HikariPool-1 - Thread starvation or clock leap detected (housekeeper delta=32m53s863ms).
2020-11-30 21:56:25,674 INFO org.apache.commons.logging.impl.Jdk14Logger [RMI TCP Connection(69)-127.0.0.1] Application shutdown requested.
2020-11-30 21:56:25,712 INFO org.apache.commons.logging.impl.Jdk14Logger [RMI TCP Connection(69)-127.0.0.1] Closing org.springframework.boot.web.servlet.context.AnnotationConfigServletWebServerApplicationContext@5b367418: startup date [Mon Nov 30 20:18:44 IST 2020]; parent: org.springframework.context.annotation.AnnotationConfigApplicationContext@79d8407f
2020-11-30 21:56:26,280 INFO org.apache.commons.logging.impl.Jdk14Logger [RMI TCP Connection(69)-127.0.0.1] Stopping filter initializer
2020-11-30 21:56:26,391 INFO org.apache.commons.logging.impl.Jdk14Logger [RMI TCP Connection(69)-127.0.0.1] Unregistering JMX-exposed beans on shutdown
2020-11-30 21:56:26,404 INFO org.apache.commons.logging.impl.Jdk14Logger [RMI TCP Connection(69)-127.0.0.1] Unregistering JMX-exposed beans
2020-11-30 21:56:26,549 INFO org.apache.commons.logging.impl.Jdk14Logger [RMI TCP Connection(69)-127.0.0.1] Closing JPA EntityManagerFactory for persistence unit 'default'
2020-11-30 21:56:26,610 INFO com.zaxxer.hikari.HikariDataSource [RMI TCP Connection(69)-127.0.0.1] HikariPool-1 - Shutdown initiated...
2020-11-30 21:56:26,637 INFO com.zaxxer.hikari.HikariDataSource [RMI TCP Connection(69)-127.0.0.1] HikariPool-1 - Shutdown completed.
2020-11-30 21:56:26,648 INFO org.apache.juli.logging.DirectJDKLog [RMI TCP Connection(69)-127.0.0.1] Pausing ProtocolHandler ["http-nio-8080"]
2020-11-30 21:56:26,713 INFO org.apache.juli.logging.DirectJDKLog [RMI TCP Connection(69)-127.0.0.1] Stopping service [Tomcat]
2020-11-30 21:56:26,763 WARN org.apache.juli.logging.DirectJDKLog [localhost-startStop-2] The web application [ROOT] appears to have started a thread named [RxIoScheduler-1 (Evictor)] but has failed to stop it. This is very likely to create a memory leak. Stack trace of thread:
 sun.misc.Unsafe.park(Native Method)
 java.util.concurrent.locks.LockSupport.parkNanos(LockSupport.java:215)
 java.util.concurrent.locks.AbstractQueuedSynchronizer$ConditionObject.awaitNanos(AbstractQueuedSynchronizer.java:2078)
 java.util.concurrent.ScheduledThreadPoolExecutor$DelayedWorkQueue.take(ScheduledThreadPoolExecutor.java:1093)
 java.util.concurrent.ScheduledThreadPoolExecutor$DelayedWorkQueue.take(ScheduledThreadPoolExecutor.java:809)
 java.util.concurrent.ThreadPoolExecutor.getTask(ThreadPoolExecutor.java:1074)
 java.util.concurrent.ThreadPoolExecutor.runWorker(ThreadPoolExecutor.java:1134)
 java.util.concurrent.ThreadPoolExecutor$Worker.run(ThreadPoolExecutor.java:624)
 java.lang.Thread.run(Thread.java:748)
2020-11-30 21:56:26,777 INFO org.apache.juli.logging.DirectJDKLog [RMI TCP Connection(69)-127.0.0.1] Stopping ProtocolHandler ["http-nio-8080"]
2020-11-30 21:56:26,825 INFO org.apache.juli.logging.DirectJDKLog [RMI TCP Connection(69)-127.0.0.1] Destroying ProtocolHandler ["http-nio-8080"]
